{
  "type": "FeatureCollection",
  "name": "Estabelecimentos Públicos de Saúde - DEMAS / CNES",
  "crs": {
    "type": "name",
    "properties": {
      "name": "urn:ogc:def:crs:OGC:1.3:CRS84"
    }
  },
  "features": [
    {
      "type": "Feature",
      "id": 9509801,
      "properties": {
        "operator": "Prefeitura Municipal de Belém",
        "operator:type": "public",
        "ref:CNES": "9509801",
        "source": "cnes;datasus;dados_abertos_saude",
        "official_name": "CAS",
        "addr:street": "Travessa Itaborai",
        "addr:housenumber": "359",
        "addr:suburb": "Cruzeiro Icoaraci",
        "addr:city": "Belém",
        "addr:state": "PA",
        "addr:country": "BR",
        "addr:postcode": "66010-000",
        "phone": "+55 91 3210-3308",
        "email": "fasepa.gabinete@gmail.com",
        "amenity": "clinic",
        "healthcare": "clinic",
        "name": "Unidade Básica de Saúde CAS",
        "short_name": "UBS CAS",
        "comment": "UBS"
      },
      "geometry": {
        "type": "Point",
        "coordinates": [
          -48.4883674,
          -1.3023426
        ]
      }
    },
    {
      "type": "Feature",
      "id": 9509992,
      "properties": {
        "operator": "Prefeitura Municipal de Belém",
        "operator:type": "public",
        "ref:CNES": "9509992",
        "source": "cnes;datasus;dados_abertos_saude",
        "official_name": "CAS II",
        "addr:street": "Rodovia Augusto Montenegro Km Dez",
        "addr:housenumber": "24",
        "addr:suburb": "Aguas Negras Icoarac",
        "addr:city": "Belém",
        "addr:state": "PA",
        "addr:country": "BR",
        "addr:postcode": "66010-000",
        "phone": "+55 91 3210-3308",
        "email": "fasepa.gabinete@gmail.com",
        "amenity": "clinic",
        "healthcare": "clinic",
        "name": "Unidade Básica de Saúde CAS II",
        "short_name": "UBS CAS II",
        "comment": "UBS"
      },
      "geometry": {
        "type": "Point",
        "coordinates": [
          -48.4522622,
          -1.3412357
        ]
      }
    },
    {
      "type": "Feature",
      "id": 9509674,
      "properties": {
        "operator": "Prefeitura Municipal de Belém",
        "operator:type": "public",
        "ref:CNES": "9509674",
        "source": "cnes;datasus;dados_abertos_saude",
        "official_name": "CASF",
        "addr:street": "Rua Manoel Barata",
        "addr:housenumber": "1323",
        "addr:suburb": "Icoaraci",
        "addr:city": "Belém",
        "addr:state": "PA",
        "addr:country": "BR",
        "addr:postcode": "66010-000",
        "phone": "+55 91 3210-3308",
        "email": "fasepa.gabinete@gmail.com",
        "amenity": "clinic",
        "healthcare": "clinic",
        "name": "Unidade Básica de Saúde Casf",
        "short_name": "UBS Casf",
        "comment": "UBS"
      },
      "geometry": {
        "type": "Point",
        "coordinates": [
          -48.4892657,
          -1.306169
        ]
      }
    },
    {
      "type": "Feature",
      "id": 9502645,
      "properties": {
        "operator": "Prefeitura Municipal de Belém",
        "operator:type": "public",
        "ref:CNES": "9502645",
        "source": "cnes;datasus;dados_abertos_saude",
        "official_name": "CIAM",
        "addr:street": "Rua Conjunto Arari Bolonha",
        "addr:suburb": "Sideral",
        "addr:city": "Belém",
        "addr:state": "PA",
        "addr:country": "BR",
        "addr:postcode": "66010-000",
        "phone": "+55 91 3210-3308",
        "email": "fasepa.gabinete@gmail.com",
        "amenity": "clinic",
        "healthcare": "clinic",
        "name": "Unidade Básica de Saúde Ciam",
        "short_name": "UBS Ciam",
        "comment": "UBS"
      },
      "geometry": {
        "type": "Point",
        "coordinates": [
          -48.481991,
          -1.4063014
        ]
      }
    },
    {
      "type": "Feature",
      "id": 9507779,
      "properties": {
        "operator": "Prefeitura Municipal de Belém",
        "operator:type": "public",
        "ref:CNES": "9507779",
        "source": "cnes;datasus;dados_abertos_saude",
        "official_name": "CSEM",
        "addr:street": "Rua Conjunto Jardim Sideral",
        "addr:suburb": "Sideral",
        "addr:city": "Belém",
        "addr:state": "PA",
        "addr:country": "BR",
        "addr:postcode": "66010-000",
        "phone": "+55 91 3210-3308",
        "email": "fasepa.gabinete@gmail.com",
        "amenity": "clinic",
        "healthcare": "clinic",
        "name": "Unidade Básica de Saúde Csem",
        "short_name": "UBS Csem",
        "comment": "UBS"
      },
      "geometry": {
        "type": "Point",
        "coordinates": [
          -48.4514634,
          -1.3561048
        ]
      }
    },
    {
      "type": "Feature",
      "id": 4739299,
      "properties": {
        "operator": "Prefeitura Municipal de Belém",
        "operator:type": "public",
        "ref:CNES": "4739299",
        "source": "cnes;datasus;dados_abertos_saude",
        "official_name": "CASA SAUDE DA FAMILIA MESTRE ALARINO",
        "addr:street": "Rua Passagem São Francisco",
        "addr:housenumber": "2655",
        "addr:suburb": "Castanheira",
        "addr:city": "Belém",
        "addr:state": "PA",
        "addr:country": "BR",
        "addr:postcode": "66645-585",
        "amenity": "clinic",
        "healthcare": "clinic",
        "name": "Unidade Básica de Saúde Casa Saude da Familia Mestre Alarino",
        "short_name": "UBS Casa Saude da Familia Mestre Alarino",
        "comment": "UBS"
      },
      "geometry": {
        "type": "Point",
        "coordinates": [
          -48.43151,
          -1.41073
        ]
      }
    },
    {
      "type": "Feature",
      "id": 9532625,
      "properties": {
        "operator": "Governo do Estado (PA)",
        "operator:type": "public",
        "ref:CNES": "9532625",
        "source": "cnes;datasus;dados_abertos_saude",
        "official_name": "CENTRO INTEGRADO DE INCLUSAO E CIDADANIA CIIC",
        "addr:street": "Avenida Governador Jose Malcher",
        "addr:housenumber": "1018",
        "addr:suburb": "Nazare",
        "addr:city": "Belém",
        "addr:state": "PA",
        "addr:country": "BR",
        "addr:postcode": "66055-260",
        "phone": "+55 91 3276-6161",
        "email": "ciic.seas.pa@gmail.com",
        "amenity": "clinic",
        "healthcare": "clinic",
        "name": "Unidade Básica de Saúde Centro Integrado de Inclusao e Cidadania Ciic",
        "short_name": "UBS Centro Integrado de Inclusao e Cidadania Ciic",
        "comment": "UBS"
      },
      "geometry": {
        "type": "Point",
        "coordinates": [
          -48.4844513,
          -1.4505823
        ]
      }
    },
    {
      "type": "Feature",
      "id": 4725662,
      "properties": {
        "operator": "Prefeitura Municipal de Belém",
        "operator:type": "public",
        "ref:CNES": "4725662",
        "source": "cnes;datasus;dados_abertos_saude",
        "official_name": "CLINICA FAMILIA MAIS SAUDAVEL DR JOAO FONSECA GOUVEIA",
        "addr:street": "Travessa Magno de Araujo",
        "addr:housenumber": "300",
        "addr:suburb": "Telegrafo",
        "addr:city": "Belém",
        "addr:state": "PA",
        "addr:country": "BR",
        "addr:postcode": "66113-050",
        "amenity": "clinic",
        "healthcare": "clinic",
        "name": "Unidade Básica de Saúde Clinica Familia Mais Saudavel Dr João Fonseca Gouveia",
        "short_name": "UBS Clinica Familia Mais Saudavel Dr João Fonseca Gouveia",
        "comment": "UBS"
      },
      "geometry": {
        "type": "Point",
        "coordinates": [
          -48.48811,
          -1.4299
        ]
      }
    },
    {
      "type": "Feature",
      "id": 9498214,
      "properties": {
        "operator": "Governo do Estado (PA)",
        "operator:type": "public",
        "ref:CNES": "9498214",
        "source": "cnes;datasus;dados_abertos_saude",
        "official_name": "COORDENACAO DE EDUCACAO ESPECIAL COEES",
        "addr:street": "Rodovia Augusto Montenegro",
        "addr:suburb": "Icoaraci",
        "addr:city": "Belém",
        "addr:state": "PA",
        "addr:country": "BR",
        "addr:postcode": "66630-505",
        "email": "coeesespecial@yahoo.com.br",
        "amenity": "clinic",
        "healthcare": "clinic",
        "name": "Unidade Básica de Saúde Coordenacao de Educacao Especial Coees",
        "short_name": "UBS Coordenacao de Educacao Especial Coees",
        "comment": "UBS"
      },
      "geometry": {
        "type": "Point",
        "coordinates": [
          -48.4523611,
          -1.3483863
        ]
      }
    },
    {
      "type": "Feature",
      "id": 2993961,
      "properties": {
        "operator": "Governo do Estado (PA)",
        "operator:type": "public",
        "ref:CNES": "2993961",
        "source": "cnes;datasus;dados_abertos_saude",
        "official_name": "SEGUP",
        "addr:street": "Rua Arcipreste Manoel Teodoro",
        "addr:housenumber": "305",
        "addr:suburb": "Batista Campos",
        "addr:city": "Belém",
        "addr:state": "PA",
        "addr:country": "BR",
        "addr:postcode": "66023-700",
        "phone": "+55 91 33184-2555",
        "email": "gab.siac@gmail.com",
        "amenity": "clinic",
        "healthcare": "clinic",
        "name": "Unidade Básica de Saúde Segup",
        "short_name": "UBS Segup",
        "comment": "UBS"
      },
      "geometry": {
        "type": "Point",
        "coordinates": [
          -48.4959067,
          -1.4627057
        ]
      }
    },
    {
      "type": "Feature",
      "id": 5609739,
      "properties": {
        "operator": "Prefeitura Municipal de Belém",
        "operator:type": "public",
        "ref:CNES": "5609739",
        "source": "cnes;datasus;dados_abertos_saude",
        "official_name": "UBS SAO BRAS",
        "addr:street": "Travessa 14 de Abril",
        "addr:housenumber": "1811",
        "addr:suburb": "São Bras",
        "addr:city": "Belém",
        "addr:state": "PA",
        "addr:country": "BR",
        "addr:postcode": "66063-005",
        "phone": "+55 91 3184-6115",
        "email": "rtsaudebucal@yahoo.com.br",
        "amenity": "clinic",
        "healthcare": "clinic",
        "name": "Unidade Básica de Saúde UBS São Bras",
        "short_name": "UBS UBS São Bras",
        "comment": "UBS"
      },
      "geometry": {
        "type": "Point",
        "coordinates": [
          -48.47242,
          -1.45584
        ]
      }
    },
    {
      "type": "Feature",
      "id": 101087,
      "properties": {
        "operator": "Prefeitura Municipal de Belém",
        "operator:type": "public",
        "ref:CNES": "101087",
        "source": "cnes;datasus;dados_abertos_saude",
        "official_name": "UNIDADE BASICA DE SAUDE CASTANHEIRA",
        "addr:street": "Rua Passagem Sol Nascente",
        "addr:suburb": "Castanheira",
        "addr:city": "Belém",
        "addr:state": "PA",
        "addr:country": "BR",
        "addr:postcode": "66645-075",
        "amenity": "clinic",
        "healthcare": "clinic",
        "name": "Unidade Básica de Saúde Unidade Básica de Saude Castanheira",
        "short_name": "UBS Unidade Básica de Saude Castanheira",
        "comment": "UBS"
      },
      "geometry": {
        "type": "Point",
        "coordinates": [
          -48.42571,
          -1.40726
        ]
      }
    },
    {
      "type": "Feature",
      "id": 2334267,
      "properties": {
        "operator": "Governo do Estado (PA)",
        "operator:type": "public",
        "ref:CNES": "2334267",
        "source": "cnes;datasus;dados_abertos_saude",
        "official_name": "UNIDADE BASICA DE SAUDE DA PEDREIRA",
        "addr:street": "Rua Av Pedro Miranda",
        "addr:suburb": "Pedreira",
        "addr:city": "Belém",
        "addr:state": "PA",
        "addr:country": "BR",
        "addr:postcode": "66085-790",
        "phone": "+55 91 3233-3464",
        "amenity": "clinic",
        "healthcare": "clinic",
        "name": "Unidade Básica de Saúde Unidade Básica de Saude da Pedreira",
        "short_name": "UBS Unidade Básica de Saude da Pedreira",
        "comment": "UBS"
      },
      "geometry": {
        "type": "Point",
        "coordinates": [
          -48.4618357,
          -1.4330748
        ]
      }
    },
    {
      "type": "Feature",
      "id": 2694808,
      "properties": {
        "operator": "Prefeitura Municipal de Belém",
        "operator:type": "public",
        "ref:CNES": "2694808",
        "source": "cnes;datasus;dados_abertos_saude",
        "official_name": "UNIDADE BASICA DE SAUDE DO JURUNAS",
        "addr:street": "Rua Av Fernando Guilhon",
        "addr:suburb": "Jurunas",
        "addr:city": "Belém",
        "addr:state": "PA",
        "addr:country": "BR",
        "addr:postcode": "66030-250",
        "phone": "+55 91 3272-4881",
        "amenity": "clinic",
        "healthcare": "clinic",
        "name": "Unidade Básica de Saúde Unidade Básica de Saude do Jurunas",
        "short_name": "UBS Unidade Básica de Saude do Jurunas",
        "comment": "UBS"
      },
      "geometry": {
        "type": "Point",
        "coordinates": [
          -48.49193,
          -1.47289
        ]
      }
    },
    {
      "type": "Feature",
      "id": 101079,
      "properties": {
        "operator": "Prefeitura Municipal de Belém",
        "operator:type": "public",
        "ref:CNES": "101079",
        "source": "cnes;datasus;dados_abertos_saude",
        "official_name": "UNIDADE BASICA DE SAUDE PORTAL DA AMAZONIA",
        "addr:street": "Rua Osvaldo de Caldas Brito",
        "addr:housenumber": "30",
        "addr:suburb": "Jurunas",
        "addr:city": "Belém",
        "addr:state": "PA",
        "addr:country": "BR",
        "addr:postcode": "66025-425",
        "amenity": "clinic",
        "healthcare": "clinic",
        "name": "Unidade Básica de Saúde Unidade Básica de Saude Portal da Amazonia",
        "short_name": "UBS Unidade Básica de Saude Portal da Amazonia",
        "comment": "UBS"
      },
      "geometry": {
        "type": "Point",
        "coordinates": [
          -48.50195,
          -1.47152
        ]
      }
    },
    {
      "type": "Feature",
      "id": 9818715,
      "properties": {
        "operator": "Prefeitura Municipal de Belém",
        "operator:type": "public",
        "ref:CNES": "9818715",
        "source": "cnes;datasus;dados_abertos_saude",
        "official_name": "UNIDADE BASICA DE SAUDE QUINTA DOS PARICAS",
        "addr:street": "Estrada do Maracacuera",
        "addr:housenumber": "2477",
        "addr:suburb": "Icoaraci",
        "addr:city": "Belém",
        "addr:state": "PA",
        "addr:country": "BR",
        "addr:postcode": "66815-140",
        "amenity": "clinic",
        "healthcare": "clinic",
        "name": "Unidade Básica de Saúde Unidade Básica de Saude Quinta dos Paricas",
        "short_name": "UBS Unidade Básica de Saude Quinta dos Paricas",
        "comment": "UBS"
      },
      "geometry": {
        "type": "Point",
        "coordinates": [
          -48.44718,
          -1.29958
        ]
      }
    },
    {
      "type": "Feature",
      "id": 2695189,
      "properties": {
        "operator": "Prefeitura Municipal de Belém",
        "operator:type": "public",
        "ref:CNES": "2695189",
        "source": "cnes;datasus;dados_abertos_saude",
        "official_name": "UNIDADE DE SAUDE DA FAMILIA AEROPORTO",
        "addr:street": "Rua do Pouso",
        "addr:suburb": "Aeroporto",
        "addr:city": "Belém",
        "addr:state": "PA",
        "addr:country": "BR",
        "addr:postcode": "66913-230",
        "amenity": "clinic",
        "healthcare": "clinic",
        "name": "Unidade Básica de Saúde Da Familia Aeroporto",
        "short_name": "UBS Da Familia Aeroporto",
        "comment": "UBS"
      },
      "geometry": {
        "type": "Point",
        "coordinates": [
          -48.45727,
          -1.12762
        ]
      }
    },
    {
      "type": "Feature",
      "id": 5274907,
      "properties": {
        "operator": "Prefeitura Municipal de Belém",
        "operator:type": "public",
        "ref:CNES": "5274907",
        "source": "cnes;datasus;dados_abertos_saude",
        "official_name": "UNIDADE DE SAUDE DA FAMILIA AGUA CRISTAL",
        "addr:street": "Rua da Mata Passagem Uniao",
        "addr:housenumber": "21",
        "addr:suburb": "Marambaia",
        "addr:city": "Belém",
        "addr:state": "PA",
        "addr:country": "BR",
        "addr:postcode": "66010-000",
        "phone": "+55 91 3238-7268",
        "amenity": "clinic",
        "healthcare": "clinic",
        "name": "Unidade Básica de Saúde Da Familia Agua Cristal",
        "short_name": "UBS Da Familia Agua Cristal",
        "comment": "UBS"
      },
      "geometry": {
        "type": "Point",
        "coordinates": [
          -48.46303,
          -1.40246
        ]
      }
    },
    {
      "type": "Feature",
      "id": 5247586,
      "properties": {
        "operator": "Prefeitura Municipal de Belém",
        "operator:type": "public",
        "ref:CNES": "5247586",
        "source": "cnes;datasus;dados_abertos_saude",
        "official_name": "UNIDADE DE SAUDE DA FAMILIA AGUAS LINDAS",
        "addr:street": "Rua Conjunto Verdejante I Ums Aguas Lndas",
        "addr:suburb": "Aguas Lindas",
        "addr:city": "Belém",
        "addr:state": "PA",
        "addr:country": "BR",
        "addr:postcode": "66010-000",
        "phone": "+55 91 3245-5710",
        "amenity": "clinic",
        "healthcare": "clinic",
        "name": "Unidade Básica de Saúde Da Familia Aguas Lindas",
        "short_name": "UBS Da Familia Aguas Lindas",
        "comment": "UBS"
      },
      "geometry": {
        "type": "Point",
        "coordinates": [
          -48.39677,
          -1.40851
        ]
      }
    },
    {
      "type": "Feature",
      "id": 7955820,
      "properties": {
        "operator": "Prefeitura Municipal de Belém",
        "operator:type": "public",
        "ref:CNES": "7955820",
        "source": "cnes;datasus;dados_abertos_saude",
        "official_name": "UNIDADE DE SAUDE DA FAMILIA AGUAS LINDAS II",
        "addr:street": "Rua Osvaldo Cruz",
        "addr:housenumber": "581",
        "addr:suburb": "Aguas Lindas",
        "addr:city": "Belém",
        "addr:state": "PA",
        "addr:country": "BR",
        "addr:postcode": "66690-640",
        "amenity": "clinic",
        "healthcare": "clinic",
        "name": "Unidade Básica de Saúde Da Familia Aguas Lindas II",
        "short_name": "UBS Da Familia Aguas Lindas II",
        "comment": "UBS"
      },
      "geometry": {
        "type": "Point",
        "coordinates": [
          -48.39793,
          -1.39333
        ]
      }
    },
    {
      "type": "Feature",
      "id": 5247608,
      "properties": {
        "operator": "Prefeitura Municipal de Belém",
        "operator:type": "public",
        "ref:CNES": "5247608",
        "source": "cnes;datasus;dados_abertos_saude",
        "official_name": "UNIDADE DE SAUDE DA FAMILIA AGULHA",
        "addr:street": "Rua 8 de Maio",
        "addr:housenumber": "209",
        "addr:suburb": "Icoaraci",
        "addr:city": "Belém",
        "addr:state": "PA",
        "addr:country": "BR",
        "addr:postcode": "66810-040",
        "phone": "+55 91 3227-6677",
        "amenity": "clinic",
        "healthcare": "clinic",
        "name": "Unidade Básica de Saúde Da Familia Agulha",
        "short_name": "UBS Da Familia Agulha",
        "comment": "UBS"
      },
      "geometry": {
        "type": "Point",
        "coordinates": [
          -48.46975,
          -1.3039
        ]
      }
    },
    {
      "type": "Feature",
      "id": 2337010,
      "properties": {
        "operator": "Prefeitura Municipal de Belém",
        "operator:type": "public",
        "ref:CNES": "2337010",
        "source": "cnes;datasus;dados_abertos_saude",
        "official_name": "UNIDADE DE SAUDE DA FAMILIA BARREIRO I",
        "addr:street": "Rua Passagem Mirandinha",
        "addr:housenumber": "01",
        "addr:suburb": "Barreiro",
        "addr:city": "Belém",
        "addr:state": "PA",
        "addr:country": "BR",
        "addr:postcode": "66035-060",
        "phone": "+55 46 91254-9000",
        "email": "sesmagab@interconect.com.br",
        "amenity": "clinic",
        "healthcare": "clinic",
        "name": "Unidade Básica de Saúde Da Familia Barreiro I",
        "short_name": "UBS Da Familia Barreiro I",
        "comment": "UBS"
      },
      "geometry": {
        "type": "Point",
        "coordinates": [
          -48.48268,
          -1.41538
        ]
      }
    },
    {
      "type": "Feature",
      "id": 3314162,
      "properties": {
        "operator": "Prefeitura Municipal de Belém",
        "operator:type": "public",
        "ref:CNES": "3314162",
        "source": "cnes;datasus;dados_abertos_saude",
        "official_name": "UNIDADE DE SAUDE DA FAMILIA BARREIRO II",
        "addr:street": "Rua São Sebastiao",
        "addr:suburb": "Barreiro",
        "addr:city": "Belém",
        "addr:state": "PA",
        "addr:country": "BR",
        "addr:postcode": "66035-060",
        "amenity": "clinic",
        "healthcare": "clinic",
        "name": "Unidade Básica de Saúde Da Familia Barreiro II",
        "short_name": "UBS Da Familia Barreiro II",
        "comment": "UBS"
      },
      "geometry": {
        "type": "Point",
        "coordinates": [
          -48.46906,
          -1.41535
        ]
      }
    },
    {
      "type": "Feature",
      "id": 2340755,
      "properties": {
        "operator": "Prefeitura Municipal de Belém",
        "operator:type": "public",
        "ref:CNES": "2340755",
        "source": "cnes;datasus;dados_abertos_saude",
        "official_name": "UNIDADE DE SAUDE DA FAMILIA CANAL DA VISCONDE",
        "addr:street": "Rua Trav Chaco",
        "addr:housenumber": "1384",
        "addr:suburb": "Pedreira",
        "addr:city": "Belém",
        "addr:state": "PA",
        "addr:country": "BR",
        "addr:postcode": "66035-060",
        "phone": "+55 46 91246-2462",
        "email": "sesmagab@interconect.com.br",
        "amenity": "clinic",
        "healthcare": "clinic",
        "name": "Unidade Básica de Saúde Da Familia Canal da Visconde",
        "short_name": "UBS Da Familia Canal da Visconde",
        "comment": "UBS"
      },
      "geometry": {
        "type": "Point",
        "coordinates": [
          -48.47276,
          -1.43643
        ]
      }
    },
    {
      "type": "Feature",
      "id": 2337096,
      "properties": {
        "operator": "Prefeitura Municipal de Belém",
        "operator:type": "public",
        "ref:CNES": "2337096",
        "source": "cnes;datasus;dados_abertos_saude",
        "official_name": "UNIDADE DE SAUDE DA FAMILIA CANAL DO GALO",
        "addr:street": "Rua Antonio Baena",
        "addr:housenumber": "11",
        "addr:suburb": "Pedreira",
        "addr:city": "Belém",
        "addr:state": "PA",
        "addr:country": "BR",
        "addr:postcode": "66085-800",
        "phone": "+55 46 91244-3407",
        "amenity": "clinic",
        "healthcare": "clinic",
        "name": "Unidade Básica de Saúde Da Familia Canal do Galo",
        "short_name": "UBS Da Familia Canal do Galo",
        "comment": "UBS"
      },
      "geometry": {
        "type": "Point",
        "coordinates": [
          -48.4808,
          -1.43128
        ]
      }
    },
    {
      "type": "Feature",
      "id": 5274915,
      "properties": {
        "operator": "Prefeitura Municipal de Belém",
        "operator:type": "public",
        "ref:CNES": "5274915",
        "source": "cnes;datasus;dados_abertos_saude",
        "official_name": "UNIDADE DE SAUDE DA FAMILIA CANAL DO GALO II",
        "addr:street": "Travessa Humaita",
        "addr:suburb": "Pedreira",
        "addr:city": "Belém",
        "addr:state": "PA",
        "addr:country": "BR",
        "addr:postcode": "66010-000",
        "phone": "+55 91 3264-5766",
        "amenity": "clinic",
        "healthcare": "clinic",
        "name": "Unidade Básica de Saúde Da Familia Canal do Galo II",
        "short_name": "UBS Da Familia Canal do Galo II",
        "comment": "UBS"
      },
      "geometry": {
        "type": "Point",
        "coordinates": [
          -48.47625,
          -1.43204
        ]
      }
    },
    {
      "type": "Feature",
      "id": 2337088,
      "properties": {
        "operator": "Prefeitura Municipal de Belém",
        "operator:type": "public",
        "ref:CNES": "2337088",
        "source": "cnes;datasus;dados_abertos_saude",
        "official_name": "UNIDADE DE SAUDE DA FAMILIA CANAL DO PIRAJA",
        "addr:street": "Rua Trv Barao do Triunfo",
        "addr:housenumber": "1015",
        "addr:suburb": "Pedreira",
        "addr:city": "Belém",
        "addr:state": "PA",
        "addr:country": "BR",
        "addr:postcode": "66083-100",
        "amenity": "clinic",
        "healthcare": "clinic",
        "name": "Unidade Básica de Saúde Da Familia Canal do Piraja",
        "short_name": "UBS Da Familia Canal do Piraja",
        "comment": "UBS"
      },
      "geometry": {
        "type": "Point",
        "coordinates": [
          -48.47623,
          -1.42329
        ]
      }
    },
    {
      "type": "Feature",
      "id": 2337037,
      "properties": {
        "operator": "Prefeitura Municipal de Belém",
        "operator:type": "public",
        "ref:CNES": "2337037",
        "source": "cnes;datasus;dados_abertos_saude",
        "official_name": "UNIDADE DE SAUDE DA FAMILIA CARANANDUBA",
        "addr:street": "Rua Magalhaes Barata",
        "addr:housenumber": "999999999",
        "addr:suburb": "Carananduba",
        "addr:city": "Belém",
        "addr:state": "PA",
        "addr:country": "BR",
        "addr:postcode": "66035-060",
        "amenity": "clinic",
        "healthcare": "clinic",
        "name": "Unidade Básica de Saúde Da Familia Carananduba",
        "short_name": "UBS Da Familia Carananduba",
        "comment": "UBS"
      },
      "geometry": {
        "type": "Point",
        "coordinates": [
          -48.41153,
          -1.09737
        ]
      }
    },
    {
      "type": "Feature",
      "id": 5246121,
      "properties": {
        "operator": "Prefeitura Municipal de Belém",
        "operator:type": "public",
        "ref:CNES": "5246121",
        "source": "cnes;datasus;dados_abertos_saude",
        "official_name": "UNIDADE DE SAUDE DA FAMILIA CARMELANDIA",
        "addr:street": "Rua Tancredo Neves",
        "addr:housenumber": "02",
        "addr:suburb": "Mangueirao",
        "addr:city": "Belém",
        "addr:state": "PA",
        "addr:country": "BR",
        "addr:postcode": "66013-090",
        "phone": "+55 91 3212-4664",
        "amenity": "clinic",
        "healthcare": "clinic",
        "name": "Unidade Básica de Saúde Da Familia Carmelandia",
        "short_name": "UBS Da Familia Carmelandia",
        "comment": "UBS"
      },
      "geometry": {
        "type": "Point",
        "coordinates": [
          -48.43583,
          -1.38133
        ]
      }
    },
    {
      "type": "Feature",
      "id": 7938551,
      "properties": {
        "operator": "Prefeitura Municipal de Belém",
        "operator:type": "public",
        "ref:CNES": "7938551",
        "source": "cnes;datasus;dados_abertos_saude",
        "official_name": "UNIDADE DE SAUDE DA FAMILIA CONDOR",
        "addr:street": "Rua Tambes",
        "addr:housenumber": "158",
        "addr:suburb": "Condor",
        "addr:city": "Belém",
        "addr:state": "PA",
        "addr:country": "BR",
        "addr:postcode": "66045-480",
        "phone": "+55 46 98172-1749",
        "amenity": "clinic",
        "healthcare": "clinic",
        "name": "Unidade Básica de Saúde Da Familia Condor",
        "short_name": "UBS Da Familia Condor",
        "comment": "UBS"
      },
      "geometry": {
        "type": "Point",
        "coordinates": [
          -48.47928,
          -1.47117
        ]
      }
    },
    {
      "type": "Feature",
      "id": 5284791,
      "properties": {
        "operator": "Prefeitura Municipal de Belém",
        "operator:type": "public",
        "ref:CNES": "5284791",
        "source": "cnes;datasus;dados_abertos_saude",
        "official_name": "UNIDADE DE SAUDE DA FAMILIA CRISTO REDENTOR",
        "addr:street": "Rua Benjamin Qd 145",
        "addr:housenumber": "135",
        "addr:suburb": "Cabanagem",
        "addr:city": "Belém",
        "addr:state": "PA",
        "addr:country": "BR",
        "addr:postcode": "66010-000",
        "amenity": "clinic",
        "healthcare": "clinic",
        "name": "Unidade Básica de Saúde Da Familia Cristo Redentor",
        "short_name": "UBS Da Familia Cristo Redentor",
        "comment": "UBS"
      },
      "geometry": {
        "type": "Point",
        "coordinates": [
          -48.42614,
          -1.36483
        ]
      }
    },
    {
      "type": "Feature",
      "id": 5246083,
      "properties": {
        "operator": "Prefeitura Municipal de Belém",
        "operator:type": "public",
        "ref:CNES": "5246083",
        "source": "cnes;datasus;dados_abertos_saude",
        "official_name": "UNIDADE DE SAUDE DA FAMILIA DA BAIA DO SOL",
        "addr:street": "Avenida Beira Mar",
        "addr:suburb": "Baia do Sol Mosque",
        "addr:city": "Belém",
        "addr:state": "PA",
        "addr:country": "BR",
        "addr:postcode": "66910-190",
        "phone": "+55 91 3773-1166",
        "amenity": "clinic",
        "healthcare": "clinic",
        "name": "Unidade Básica de Saúde Da Familia da Baia do Sol",
        "short_name": "UBS Da Familia da Baia do Sol",
        "comment": "UBS"
      },
      "geometry": {
        "type": "Point",
        "coordinates": [
          -48.47514,
          -1.25541
        ]
      }
    },
    {
      "type": "Feature",
      "id": 5244560,
      "properties": {
        "operator": "Prefeitura Municipal de Belém",
        "operator:type": "public",
        "ref:CNES": "5244560",
        "source": "cnes;datasus;dados_abertos_saude",
        "official_name": "UNIDADE DE SAUDE DA FAMILIA DA CDP",
        "addr:street": "Rua Av dos Tucanos",
        "addr:housenumber": "30",
        "addr:suburb": "Marex",
        "addr:city": "Belém",
        "addr:state": "PA",
        "addr:country": "BR",
        "addr:postcode": "66010-000",
        "phone": "+55 91 3257-3447",
        "amenity": "clinic",
        "healthcare": "clinic",
        "name": "Unidade Básica de Saúde Da Familia da Cdp",
        "short_name": "UBS Da Familia da Cdp",
        "comment": "UBS"
      },
      "geometry": {
        "type": "Point",
        "coordinates": [
          -48.48444,
          -1.39955
        ]
      }
    },
    {
      "type": "Feature",
      "id": 5247810,
      "properties": {
        "operator": "Prefeitura Municipal de Belém",
        "operator:type": "public",
        "ref:CNES": "5247810",
        "source": "cnes;datasus;dados_abertos_saude",
        "official_name": "UNIDADE DE SAUDE DA FAMILIA DA SACRAMENTA",
        "addr:street": "Rua Passagem Mucajas",
        "addr:housenumber": "271",
        "addr:suburb": "Sacramenta",
        "addr:city": "Belém",
        "addr:state": "PA",
        "addr:country": "BR",
        "addr:postcode": "66120-000",
        "phone": "+55 91 3264-7022",
        "amenity": "clinic",
        "healthcare": "clinic",
        "name": "Unidade Básica de Saúde Da Familia da Sacramenta",
        "short_name": "UBS Da Familia da Sacramenta",
        "comment": "UBS"
      },
      "geometry": {
        "type": "Point",
        "coordinates": [
          -48.46807,
          -1.41157
        ]
      }
    },
    {
      "type": "Feature",
      "id": 5871832,
      "properties": {
        "operator": "Prefeitura Municipal de Belém",
        "operator:type": "public",
        "ref:CNES": "5871832",
        "source": "cnes;datasus;dados_abertos_saude",
        "official_name": "UNIDADE DE SAUDE DA FAMILIA DE AGUAS NEGRAS",
        "addr:street": "Rua Helio Amanajas",
        "addr:housenumber": "95",
        "addr:suburb": "Aguas Negras",
        "addr:city": "Belém",
        "addr:state": "PA",
        "addr:country": "BR",
        "addr:postcode": "66615-000",
        "amenity": "clinic",
        "healthcare": "clinic",
        "name": "Unidade Básica de Saúde Da Familia de Aguas Negras",
        "short_name": "UBS Da Familia de Aguas Negras",
        "comment": "UBS"
      },
      "geometry": {
        "type": "Point",
        "coordinates": [
          -48.45945,
          -1.30318
        ]
      }
    },
    {
      "type": "Feature",
      "id": 5244552,
      "properties": {
        "operator": "Prefeitura Municipal de Belém",
        "operator:type": "public",
        "ref:CNES": "5244552",
        "source": "cnes;datasus;dados_abertos_saude",
        "official_name": "UNIDADE DE SAUDE DA FAMILIA DE COTIJUBA",
        "addr:street": "Rua Av Jarbas Passarinho",
        "addr:housenumber": "24",
        "addr:suburb": "Cotijuba",
        "addr:city": "Belém",
        "addr:state": "PA",
        "addr:country": "BR",
        "addr:postcode": "66010-000",
        "phone": "+55 91 3212-4664",
        "amenity": "clinic",
        "healthcare": "clinic",
        "name": "Unidade Básica de Saúde Da Familia de Cotijuba",
        "short_name": "UBS Da Familia de Cotijuba",
        "comment": "UBS"
      },
      "geometry": {
        "type": "Point",
        "coordinates": [
          -48.25698,
          -1.355505
        ]
      }
    },
    {
      "type": "Feature",
      "id": 5244544,
      "properties": {
        "operator": "Prefeitura Municipal de Belém",
        "operator:type": "public",
        "ref:CNES": "5244544",
        "source": "cnes;datasus;dados_abertos_saude",
        "official_name": "UNIDADE DE SAUDE DA FAMILIA DE SAO JOAQUIM",
        "addr:street": "Avenida Pedro Alvares Cabral",
        "addr:housenumber": "4777",
        "addr:suburb": "Sacramenta",
        "addr:city": "Belém",
        "addr:state": "PA",
        "addr:country": "BR",
        "addr:postcode": "66010-000",
        "phone": "+55 91 3254-9300",
        "amenity": "clinic",
        "healthcare": "clinic",
        "name": "Unidade Básica de Saúde Da Familia de São Joaquim",
        "short_name": "UBS Da Familia de São Joaquim",
        "comment": "UBS"
      },
      "geometry": {
        "type": "Point",
        "coordinates": [
          -48.4818,
          -1.41734
        ]
      }
    },
    {
      "type": "Feature",
      "id": 2336979,
      "properties": {
        "operator": "Prefeitura Municipal de Belém",
        "operator:type": "public",
        "ref:CNES": "2336979",
        "source": "cnes;datasus;dados_abertos_saude",
        "official_name": "UNIDADE DE SAUDE DA FAMILIA DO COMBU",
        "addr:street": "Rua Furo do Combu",
        "addr:housenumber": "01",
        "addr:suburb": "Combu",
        "addr:city": "Belém",
        "addr:state": "PA",
        "addr:country": "BR",
        "addr:postcode": "66060-000",
        "amenity": "clinic",
        "healthcare": "clinic",
        "name": "Unidade Básica de Saúde Da Familia do Combu",
        "short_name": "UBS Da Familia do Combu",
        "comment": "UBS"
      },
      "geometry": {
        "type": "Point",
        "coordinates": [
          -48.45379,
          -1.49704
        ]
      }
    },
    {
      "type": "Feature",
      "id": 5244536,
      "properties": {
        "operator": "Prefeitura Municipal de Belém",
        "operator:type": "public",
        "ref:CNES": "5244536",
        "source": "cnes;datasus;dados_abertos_saude",
        "official_name": "UNIDADE DE SAUDE DA FAMILIA DO PARACURI",
        "addr:street": "Rua Passagem Maura",
        "addr:housenumber": "218",
        "addr:suburb": "Paracuri",
        "addr:city": "Belém",
        "addr:state": "PA",
        "addr:country": "BR",
        "addr:postcode": "66010-000",
        "phone": "+55 91 3247-0704",
        "amenity": "clinic",
        "healthcare": "clinic",
        "name": "Unidade Básica de Saúde Da Familia do Paracuri",
        "short_name": "UBS Da Familia do Paracuri",
        "comment": "UBS"
      },
      "geometry": {
        "type": "Point",
        "coordinates": [
          -48.48448,
          -1.31102
        ]
      }
    },
    {
      "type": "Feature",
      "id": 7428499,
      "properties": {
        "operator": "Prefeitura Municipal de Belém",
        "operator:type": "public",
        "ref:CNES": "7428499",
        "source": "cnes;datasus;dados_abertos_saude",
        "official_name": "UNIDADE DE SAUDE DA FAMILIA DO PARACURI II",
        "addr:street": "Travessa Cinco Qdm",
        "addr:housenumber": "18",
        "addr:suburb": "Paracuri",
        "addr:city": "Belém",
        "addr:state": "PA",
        "addr:country": "BR",
        "addr:postcode": "66010-000",
        "amenity": "clinic",
        "healthcare": "clinic",
        "name": "Unidade Básica de Saúde Da Familia do Paracuri II",
        "short_name": "UBS Da Familia do Paracuri II",
        "comment": "UBS"
      },
      "geometry": {
        "type": "Point",
        "coordinates": [
          -48.48434,
          -1.3107
        ]
      }
    },
    {
      "type": "Feature",
      "id": 2336987,
      "properties": {
        "operator": "Prefeitura Municipal de Belém",
        "operator:type": "public",
        "ref:CNES": "2336987",
        "source": "cnes;datasus;dados_abertos_saude",
        "official_name": "UNIDADE DE SAUDE DA FAMILIA EDUARDO ANGELIN",
        "addr:street": "Rua Rod A Montenegro Conj e Angelin",
        "addr:housenumber": "01",
        "addr:suburb": "Icoaraci",
        "addr:city": "Belém",
        "addr:state": "PA",
        "addr:country": "BR",
        "addr:postcode": "66820-000",
        "phone": "+55 46 91227-1741",
        "amenity": "clinic",
        "healthcare": "clinic",
        "name": "Unidade Básica de Saúde Da Familia Eduardo Angelin",
        "short_name": "UBS Da Familia Eduardo Angelin",
        "comment": "UBS"
      },
      "geometry": {
        "type": "Point",
        "coordinates": [
          -48.46181,
          -1.31074
        ]
      }
    },
    {
      "type": "Feature",
      "id": 2336901,
      "properties": {
        "operator": "Prefeitura Municipal de Belém",
        "operator:type": "public",
        "ref:CNES": "2336901",
        "source": "cnes;datasus;dados_abertos_saude",
        "official_name": "UNIDADE DE SAUDE DA FAMILIA FAMA",
        "addr:street": "Estrada Tucunduba",
        "addr:housenumber": "02",
        "addr:suburb": "Outeiro",
        "addr:city": "Belém",
        "addr:state": "PA",
        "addr:country": "BR",
        "addr:postcode": "66035-060",
        "phone": "+55 46 91241-4066",
        "email": "sesmsagab@interconect.com.br",
        "amenity": "clinic",
        "healthcare": "clinic",
        "name": "Unidade Básica de Saúde Da Familia Fama",
        "short_name": "UBS Da Familia Fama",
        "comment": "UBS"
      },
      "geometry": {
        "type": "Point",
        "coordinates": [
          -48.45104,
          -1.44936
        ]
      }
    },
    {
      "type": "Feature",
      "id": 2337045,
      "properties": {
        "operator": "Prefeitura Municipal de Belém",
        "operator:type": "public",
        "ref:CNES": "2337045",
        "source": "cnes;datasus;dados_abertos_saude",
        "official_name": "UNIDADE DE SAUDE DA FAMILIA FIDELIS",
        "addr:street": "Rua do Pantanal",
        "addr:housenumber": "05",
        "addr:suburb": "Outeiro",
        "addr:city": "Belém",
        "addr:state": "PA",
        "addr:country": "BR",
        "addr:postcode": "66035-060",
        "phone": "+55 46 91244-5730",
        "amenity": "clinic",
        "healthcare": "clinic",
        "name": "Unidade Básica de Saúde Da Familia Fidelis",
        "short_name": "UBS Da Familia Fidelis",
        "comment": "UBS"
      },
      "geometry": {
        "type": "Point",
        "coordinates": [
          -48.37837,
          -1.33986
        ]
      }
    },
    {
      "type": "Feature",
      "id": 2336928,
      "properties": {
        "operator": "Prefeitura Municipal de Belém",
        "operator:type": "public",
        "ref:CNES": "2336928",
        "source": "cnes;datasus;dados_abertos_saude",
        "official_name": "UNIDADE DE SAUDE DA FAMILIA FURO DAS MARINHAS",
        "addr:street": "Rua Rodaugusto Meira Filho",
        "addr:suburb": "Furo das Marinhas",
        "addr:city": "Belém",
        "addr:state": "PA",
        "addr:country": "BR",
        "addr:postcode": "66035-060",
        "amenity": "clinic",
        "healthcare": "clinic",
        "name": "Unidade Básica de Saúde Da Familia Furo das Marinhas",
        "short_name": "UBS Da Familia Furo das Marinhas",
        "comment": "UBS"
      },
      "geometry": {
        "type": "Point",
        "coordinates": [
          -48.33364,
          -1.17062
        ]
      }
    },
    {
      "type": "Feature",
      "id": 2340801,
      "properties": {
        "operator": "Prefeitura Municipal de Belém",
        "operator:type": "public",
        "ref:CNES": "2340801",
        "source": "cnes;datasus;dados_abertos_saude",
        "official_name": "UNIDADE DE SAUDE DA FAMILIA MALVINAS",
        "addr:street": "Rua Av Julio Cesar",
        "addr:housenumber": "36",
        "addr:suburb": "Sacramenta",
        "addr:city": "Belém",
        "addr:state": "PA",
        "addr:country": "BR",
        "addr:postcode": "66123-290",
        "phone": "+55 46 91257-3396",
        "amenity": "clinic",
        "healthcare": "clinic",
        "name": "Unidade Básica de Saúde Da Familia Malvinas",
        "short_name": "UBS Da Familia Malvinas",
        "comment": "UBS"
      },
      "geometry": {
        "type": "Point",
        "coordinates": [
          -48.45028,
          -1.42279
        ]
      }
    },
    {
      "type": "Feature",
      "id": 2337053,
      "properties": {
        "operator": "Prefeitura Municipal de Belém",
        "operator:type": "public",
        "ref:CNES": "2337053",
        "source": "cnes;datasus;dados_abertos_saude",
        "official_name": "UNIDADE DE SAUDE DA FAMILIA MANGUEIRAO",
        "addr:street": "Rua Rod dos Trabalhadores Pass São João",
        "addr:housenumber": "01",
        "addr:suburb": "Bengui",
        "addr:city": "Belém",
        "addr:state": "PA",
        "addr:country": "BR",
        "addr:postcode": "66625-580",
        "phone": "+55 46 91279-4858",
        "email": "sesmagab@interconect.com.br",
        "amenity": "clinic",
        "healthcare": "clinic",
        "name": "Unidade Básica de Saúde Da Familia Mangueirao",
        "short_name": "UBS Da Familia Mangueirao",
        "comment": "UBS"
      },
      "geometry": {
        "type": "Point",
        "coordinates": [
          -48.4525,
          -1.3813
        ]
      }
    },
    {
      "type": "Feature",
      "id": 2337002,
      "properties": {
        "operator": "Prefeitura Municipal de Belém",
        "operator:type": "public",
        "ref:CNES": "2337002",
        "source": "cnes;datasus;dados_abertos_saude",
        "official_name": "UNIDADE DE SAUDE DA FAMILIA MARACAJA",
        "addr:street": "Rua Tv Siqueira Mendes",
        "addr:suburb": "Maracaja",
        "addr:city": "Belém",
        "addr:state": "PA",
        "addr:country": "BR",
        "addr:postcode": "66910-110",
        "phone": "+55 46 91771-2411",
        "amenity": "clinic",
        "healthcare": "clinic",
        "name": "Unidade Básica de Saúde Da Familia Maracaja",
        "short_name": "UBS Da Familia Maracaja",
        "comment": "UBS"
      },
      "geometry": {
        "type": "Point",
        "coordinates": [
          -48.42812,
          -1.36413
        ]
      }
    },
    {
      "type": "Feature",
      "id": 7844433,
      "properties": {
        "operator": "Prefeitura Municipal de Belém",
        "operator:type": "public",
        "ref:CNES": "7844433",
        "source": "cnes;datasus;dados_abertos_saude",
        "official_name": "UNIDADE DE SAUDE DA FAMILIA PANORAMA XXI",
        "addr:street": "Rua Conj Panorama XXI Qd 24 Casa 11",
        "addr:housenumber": "11",
        "addr:suburb": "Mangueirao",
        "addr:city": "Belém",
        "addr:state": "PA",
        "addr:country": "BR",
        "addr:postcode": "66822-330",
        "amenity": "clinic",
        "healthcare": "clinic",
        "name": "Unidade Básica de Saúde Da Familia Panorama XXI",
        "short_name": "UBS Da Familia Panorama XXI",
        "comment": "UBS"
      },
      "geometry": {
        "type": "Point",
        "coordinates": [
          -48.43861,
          -1.37745
        ]
      }
    },
    {
      "type": "Feature",
      "id": 2340763,
      "properties": {
        "operator": "Prefeitura Municipal de Belém",
        "operator:type": "public",
        "ref:CNES": "2340763",
        "source": "cnes;datasus;dados_abertos_saude",
        "official_name": "UNIDADE DE SAUDE DA FAMILIA PARQUE AMAZONIA",
        "addr:street": "Rua 27 de Setembro",
        "addr:housenumber": "27",
        "addr:suburb": "Terra Firme",
        "addr:city": "Belém",
        "addr:state": "PA",
        "addr:country": "BR",
        "addr:postcode": "66079-410",
        "amenity": "clinic",
        "healthcare": "clinic",
        "name": "Unidade Básica de Saúde Da Familia Parque Amazonia",
        "short_name": "UBS Da Familia Parque Amazonia",
        "comment": "UBS"
      },
      "geometry": {
        "type": "Point",
        "coordinates": [
          -48.44852,
          -1.46477
        ]
      }
    },
    {
      "type": "Feature",
      "id": 5274931,
      "properties": {
        "operator": "Prefeitura Municipal de Belém",
        "operator:type": "public",
        "ref:CNES": "5274931",
        "source": "cnes;datasus;dados_abertos_saude",
        "official_name": "UNIDADE DE SAUDE DA FAMILIA PARQUE AMAZONIA II",
        "addr:street": "Rua Celso Malcher",
        "addr:housenumber": "856",
        "addr:suburb": "Terra Firme",
        "addr:city": "Belém",
        "addr:state": "PA",
        "addr:country": "BR",
        "addr:postcode": "66010-000",
        "phone": "+55 91 3253-7509",
        "amenity": "clinic",
        "healthcare": "clinic",
        "name": "Unidade Básica de Saúde Da Familia Parque Amazonia II",
        "short_name": "UBS Da Familia Parque Amazonia II",
        "comment": "UBS"
      },
      "geometry": {
        "type": "Point",
        "coordinates": [
          -48.45069,
          -1.45701
        ]
      }
    },
    {
      "type": "Feature",
      "id": 2341123,
      "properties": {
        "operator": "Prefeitura Municipal de Belém",
        "operator:type": "public",
        "ref:CNES": "2341123",
        "source": "cnes;datasus;dados_abertos_saude",
        "official_name": "UNIDADE DE SAUDE DA FAMILIA PARQUE GUAJARA",
        "addr:street": "Rua Gouveia e Silva",
        "addr:suburb": "Tocantins",
        "addr:city": "Belém",
        "addr:state": "PA",
        "addr:country": "BR",
        "addr:postcode": "66821-310",
        "email": "sesmagab@interconect.com.br",
        "amenity": "clinic",
        "healthcare": "clinic",
        "name": "Unidade Básica de Saúde Da Familia Parque Guajara",
        "short_name": "UBS Da Familia Parque Guajara",
        "comment": "UBS"
      },
      "geometry": {
        "type": "Point",
        "coordinates": [
          -48.4541,
          -1.32716
        ]
      }
    },
    {
      "type": "Feature",
      "id": 2337061,
      "properties": {
        "operator": "Prefeitura Municipal de Belém",
        "operator:type": "public",
        "ref:CNES": "2337061",
        "source": "cnes;datasus;dados_abertos_saude",
        "official_name": "UNIDADE DE SAUDE DA FAMILIA PARQUE VERDE",
        "addr:street": "Rua Yamada",
        "addr:housenumber": "03",
        "addr:suburb": "Parque Verde",
        "addr:city": "Belém",
        "addr:state": "PA",
        "addr:country": "BR",
        "addr:postcode": "66010-000",
        "phone": "+55 46 91241-4066",
        "email": "sesmagab@interconect.com.br",
        "amenity": "clinic",
        "healthcare": "clinic",
        "name": "Unidade Básica de Saúde Da Familia Parque Verde",
        "short_name": "UBS Da Familia Parque Verde",
        "comment": "UBS"
      },
      "geometry": {
        "type": "Point",
        "coordinates": [
          -48.45874,
          -1.36681
        ]
      }
    },
    {
      "type": "Feature",
      "id": 5274869,
      "properties": {
        "operator": "Prefeitura Municipal de Belém",
        "operator:type": "public",
        "ref:CNES": "5274869",
        "source": "cnes;datasus;dados_abertos_saude",
        "official_name": "UNIDADE DE SAUDE DA FAMILIA PRATINHA I",
        "addr:street": "Rua Rod Arthur Bernardes",
        "addr:housenumber": "112",
        "addr:suburb": "Pratinha II",
        "addr:city": "Belém",
        "addr:state": "PA",
        "addr:country": "BR",
        "addr:postcode": "66010-000",
        "amenity": "clinic",
        "healthcare": "clinic",
        "name": "Unidade Básica de Saúde Da Familia Pratinha I",
        "short_name": "UBS Da Familia Pratinha I",
        "comment": "UBS"
      },
      "geometry": {
        "type": "Point",
        "coordinates": [
          -48.47473,
          -1.36957
        ]
      }
    },
    {
      "type": "Feature",
      "id": 2340771,
      "properties": {
        "operator": "Prefeitura Municipal de Belém",
        "operator:type": "public",
        "ref:CNES": "2340771",
        "source": "cnes;datasus;dados_abertos_saude",
        "official_name": "UNIDADE DE SAUDE DA FAMILIA RADIONAL II",
        "addr:street": "Rua R Bernado Sayao Cj Radional II",
        "addr:housenumber": "50",
        "addr:suburb": "Condor",
        "addr:city": "Belém",
        "addr:state": "PA",
        "addr:country": "BR",
        "addr:postcode": "66025-210",
        "phone": "+55 46 91272-6634",
        "amenity": "clinic",
        "healthcare": "clinic",
        "name": "Unidade Básica de Saúde Da Familia Radional II",
        "short_name": "UBS Da Familia Radional II",
        "comment": "UBS"
      },
      "geometry": {
        "type": "Point",
        "coordinates": [
          -48.48165,
          -1.47536
        ]
      }
    },
    {
      "type": "Feature",
      "id": 2340798,
      "properties": {
        "operator": "Prefeitura Municipal de Belém",
        "operator:type": "public",
        "ref:CNES": "2340798",
        "source": "cnes;datasus;dados_abertos_saude",
        "official_name": "UNIDADE DE SAUDE DA FAMILIA RIACHO DOCE",
        "addr:street": "Rua da Olaria",
        "addr:housenumber": "836",
        "addr:suburb": "Guama",
        "addr:city": "Belém",
        "addr:state": "PA",
        "addr:country": "BR",
        "addr:postcode": "66010-000",
        "phone": "+55 46 91249-7884",
        "amenity": "clinic",
        "healthcare": "clinic",
        "name": "Unidade Básica de Saúde Da Familia Riacho Doce",
        "short_name": "UBS Da Familia Riacho Doce",
        "comment": "UBS"
      },
      "geometry": {
        "type": "Point",
        "coordinates": [
          -48.4568,
          -1.4684
        ]
      }
    },
    {
      "type": "Feature",
      "id": 2340828,
      "properties": {
        "operator": "Prefeitura Municipal de Belém",
        "operator:type": "public",
        "ref:CNES": "2340828",
        "source": "cnes;datasus;dados_abertos_saude",
        "official_name": "UNIDADE DE SAUDE DA FAMILIA SOUZA",
        "addr:street": "Rua Av Alm Barroso Pass Getulio Vargas",
        "addr:housenumber": "31",
        "addr:suburb": "Souza",
        "addr:city": "Belém",
        "addr:state": "PA",
        "addr:country": "BR",
        "addr:postcode": "66613-070",
        "phone": "+55 46 91231-7688",
        "email": "sesmagab@iterconect.com.br",
        "amenity": "clinic",
        "healthcare": "clinic",
        "name": "Unidade Básica de Saúde Da Familia Souza",
        "short_name": "UBS Da Familia Souza",
        "comment": "UBS"
      },
      "geometry": {
        "type": "Point",
        "coordinates": [
          -48.44889,
          -1.41697
        ]
      }
    },
    {
      "type": "Feature",
      "id": 5246105,
      "properties": {
        "operator": "Prefeitura Municipal de Belém",
        "operator:type": "public",
        "ref:CNES": "5246105",
        "source": "cnes;datasus;dados_abertos_saude",
        "official_name": "UNIDADE DE SAUDE DA FAMILIA TAPANA I",
        "addr:street": "Rua Conjunto Cordeiro de Farias Alameda Perimetral",
        "addr:housenumber": "155",
        "addr:suburb": "Tapana",
        "addr:city": "Belém",
        "addr:state": "PA",
        "addr:country": "BR",
        "addr:postcode": "66010-000",
        "phone": "+55 91 3212-4964",
        "amenity": "clinic",
        "healthcare": "clinic",
        "name": "Unidade Básica de Saúde Da Familia Tapana I",
        "short_name": "UBS Da Familia Tapana I",
        "comment": "UBS"
      },
      "geometry": {
        "type": "Point",
        "coordinates": [
          -48.46406,
          -1.35045
        ]
      }
    },
    {
      "type": "Feature",
      "id": 5247616,
      "properties": {
        "operator": "Prefeitura Municipal de Belém",
        "operator:type": "public",
        "ref:CNES": "5247616",
        "source": "cnes;datasus;dados_abertos_saude",
        "official_name": "UNIDADE DE SAUDE DA FAMILIA TAPANA II",
        "addr:street": "Rua Rod do Tapana",
        "addr:housenumber": "210",
        "addr:suburb": "Tapana",
        "addr:city": "Belém",
        "addr:state": "PA",
        "addr:country": "BR",
        "addr:postcode": "66010-000",
        "phone": "+55 91 3212-4964",
        "amenity": "clinic",
        "healthcare": "clinic",
        "name": "Unidade Básica de Saúde Da Familia Tapana II",
        "short_name": "UBS Da Familia Tapana II",
        "comment": "UBS"
      },
      "geometry": {
        "type": "Point",
        "coordinates": [
          -48.47686,
          -1.32958
        ]
      }
    },
    {
      "type": "Feature",
      "id": 5274923,
      "properties": {
        "operator": "Prefeitura Municipal de Belém",
        "operator:type": "public",
        "ref:CNES": "5274923",
        "source": "cnes;datasus;dados_abertos_saude",
        "official_name": "UNIDADE DE SAUDE DA FAMILIA TELEGRAFO",
        "addr:street": "Rua do Fio",
        "addr:suburb": "Telegrafo",
        "addr:city": "Belém",
        "addr:state": "PA",
        "addr:country": "BR",
        "addr:postcode": "66010-000",
        "phone": "+55 46 3244-0471",
        "amenity": "clinic",
        "healthcare": "clinic",
        "name": "Unidade Básica de Saúde Da Familia Telegrafo",
        "short_name": "UBS Da Familia Telegrafo",
        "comment": "UBS"
      },
      "geometry": {
        "type": "Point",
        "coordinates": [
          -48.48575,
          -1.42115
        ]
      }
    },
    {
      "type": "Feature",
      "id": 7525710,
      "properties": {
        "operator": "Prefeitura Municipal de Belém",
        "operator:type": "public",
        "ref:CNES": "7525710",
        "source": "cnes;datasus;dados_abertos_saude",
        "official_name": "UNIDADE DE SAUDE DA FAMILIA TENONE",
        "addr:street": "Rua Conjunto Ipaupixuna",
        "addr:housenumber": "48",
        "addr:suburb": "Tenone",
        "addr:city": "Belém",
        "addr:state": "PA",
        "addr:country": "BR",
        "addr:postcode": "66010-000",
        "amenity": "clinic",
        "healthcare": "clinic",
        "name": "Unidade Básica de Saúde Da Familia Tenone",
        "short_name": "UBS Da Familia Tenone",
        "comment": "UBS"
      },
      "geometry": {
        "type": "Point",
        "coordinates": [
          -48.44744,
          -1.32237
        ]
      }
    },
    {
      "type": "Feature",
      "id": 7955839,
      "properties": {
        "operator": "Prefeitura Municipal de Belém",
        "operator:type": "public",
        "ref:CNES": "7955839",
        "source": "cnes;datasus;dados_abertos_saude",
        "official_name": "UNIDADE DE SAUDE DA FAMILIA TENONE II",
        "addr:street": "Rua Sexta Linha",
        "addr:suburb": "Tenone",
        "addr:city": "Belém",
        "addr:state": "PA",
        "addr:country": "BR",
        "addr:postcode": "66010-000",
        "amenity": "clinic",
        "healthcare": "clinic",
        "name": "Unidade Básica de Saúde Da Familia Tenone II",
        "short_name": "UBS Da Familia Tenone II",
        "comment": "UBS"
      },
      "geometry": {
        "type": "Point",
        "coordinates": [
          -48.43623,
          -1.31838
        ]
      }
    },
    {
      "type": "Feature",
      "id": 2336995,
      "properties": {
        "operator": "Prefeitura Municipal de Belém",
        "operator:type": "public",
        "ref:CNES": "2336995",
        "source": "cnes;datasus;dados_abertos_saude",
        "official_name": "UNIDADE DE SAUDE DA FAMILIA TERRA FIRME",
        "addr:street": "Rua São Domingos",
        "addr:housenumber": "414",
        "addr:suburb": "Terra Firme",
        "addr:city": "Belém",
        "addr:state": "PA",
        "addr:country": "BR",
        "addr:postcode": "66010-000",
        "phone": "+55 46 91274-9035",
        "amenity": "clinic",
        "healthcare": "clinic",
        "name": "Unidade Básica de Saúde Da Familia Terra Firme",
        "short_name": "UBS Da Familia Terra Firme",
        "comment": "UBS"
      },
      "geometry": {
        "type": "Point",
        "coordinates": [
          -48.45075,
          -1.45477
        ]
      }
    },
    {
      "type": "Feature",
      "id": 5274893,
      "properties": {
        "operator": "Prefeitura Municipal de Belém",
        "operator:type": "public",
        "ref:CNES": "5274893",
        "source": "cnes;datasus;dados_abertos_saude",
        "official_name": "UNIDADE DE SAUDE DA FAMILIA UNA",
        "addr:street": "Rua Passagem Jarbas Passarinho",
        "addr:housenumber": "29",
        "addr:suburb": "Bengui",
        "addr:city": "Belém",
        "addr:state": "PA",
        "addr:country": "BR",
        "addr:postcode": "66010-000",
        "amenity": "clinic",
        "healthcare": "clinic",
        "name": "Unidade Básica de Saúde Da Familia Una",
        "short_name": "UBS Da Familia Una",
        "comment": "UBS"
      },
      "geometry": {
        "type": "Point",
        "coordinates": [
          -48.428944,
          -1.378486
        ]
      }
    },
    {
      "type": "Feature",
      "id": 2337029,
      "properties": {
        "operator": "Prefeitura Municipal de Belém",
        "operator:type": "public",
        "ref:CNES": "2337029",
        "source": "cnes;datasus;dados_abertos_saude",
        "official_name": "UNIDADE DE SAUDE DA FAMILIA VILA DA BARCA",
        "addr:street": "Rua Coronel Luiz Bentes",
        "addr:housenumber": "999999",
        "addr:suburb": "Telegrafo",
        "addr:city": "Belém",
        "addr:state": "PA",
        "addr:country": "BR",
        "addr:postcode": "66113-120",
        "phone": "+55 46 91244-5730",
        "amenity": "clinic",
        "healthcare": "clinic",
        "name": "Unidade Básica de Saúde Da Familia Vila da Barca",
        "short_name": "UBS Da Familia Vila da Barca",
        "comment": "UBS"
      },
      "geometry": {
        "type": "Point",
        "coordinates": [
          -48.48924,
          -1.42654
        ]
      }
    },
    {
      "type": "Feature",
      "id": 2695227,
      "properties": {
        "operator": "Prefeitura Municipal de Belém",
        "operator:type": "public",
        "ref:CNES": "2695227",
        "source": "cnes;datasus;dados_abertos_saude",
        "official_name": "UNIDADE DE URGENCIA E EMERGENCIA BASICA DE CARANANDUBA",
        "addr:street": "Rua Praca de Carananduba",
        "addr:suburb": "Carananduba",
        "addr:city": "Belém",
        "addr:state": "PA",
        "addr:country": "BR",
        "addr:postcode": "66010-000",
        "phone": "+55 91 3772-1338",
        "email": "unidadecarananduba@hotmail.com",
        "amenity": "clinic",
        "healthcare": "clinic",
        "name": "Unidade Básica de Saúde Unidade de Urgencia e Emergencia Básica de Carananduba",
        "short_name": "UBS Unidade de Urgencia e Emergencia Básica de Carananduba",
        "comment": "UBS"
      },
      "geometry": {
        "type": "Point",
        "coordinates": [
          -48.40973,
          -1.09354
        ]
      }
    },
    {
      "type": "Feature",
      "id": 2332744,
      "properties": {
        "operator": "Prefeitura Municipal de Belém",
        "operator:type": "public",
        "ref:CNES": "2332744",
        "source": "cnes;datasus;dados_abertos_saude",
        "official_name": "UNIDADE MUNICIPAL DE AGUAS LINDAS",
        "addr:street": "Rua Conj Verdejantes I",
        "addr:suburb": "Aguas Lindas",
        "addr:city": "Belém",
        "addr:state": "PA",
        "addr:country": "BR",
        "addr:postcode": "66010-000",
        "phone": "+55 91 3245-5710",
        "amenity": "clinic",
        "healthcare": "clinic",
        "name": "Unidade Básica de Saúde Unidade Municipal de Aguas Lindas",
        "short_name": "UBS Unidade Municipal de Aguas Lindas",
        "comment": "UBS"
      },
      "geometry": {
        "type": "Point",
        "coordinates": [
          -48.39457,
          -1.4091
        ]
      }
    },
    {
      "type": "Feature",
      "id": 2336936,
      "properties": {
        "operator": "Prefeitura Municipal de Belém",
        "operator:type": "public",
        "ref:CNES": "2336936",
        "source": "cnes;datasus;dados_abertos_saude",
        "official_name": "UNIDADE MUNICIPAL DE SAUDE BAIA DO SOL",
        "addr:street": "Rua Av Beira Mar Camboinha",
        "addr:suburb": "Baia do Sol",
        "addr:city": "Belém",
        "addr:state": "PA",
        "addr:country": "BR",
        "addr:postcode": "66010-000",
        "phone": "+55 91 3773-1166",
        "email": "umsbaiadosol@cinbesa.com.br",
        "amenity": "clinic",
        "healthcare": "clinic",
        "name": "Unidade Básica de Saúde Unidade Municipal de Saude Baia do Sol",
        "short_name": "UBS Unidade Municipal de Saude Baia do Sol",
        "comment": "UBS"
      },
      "geometry": {
        "type": "Point",
        "coordinates": [
          -48.33197,
          -1.06583
        ]
      }
    },
    {
      "type": "Feature",
      "id": 2337290,
      "properties": {
        "operator": "Prefeitura Municipal de Belém",
        "operator:type": "public",
        "ref:CNES": "2337290",
        "source": "cnes;datasus;dados_abertos_saude",
        "official_name": "UNIDADE MUNICIPAL DE SAUDE CURIO",
        "addr:street": "Rua Alberto Engelhard",
        "addr:suburb": "Marco",
        "addr:city": "Belém",
        "addr:state": "PA",
        "addr:country": "BR",
        "addr:postcode": "66010-000",
        "phone": "+55 91 3276-5586",
        "amenity": "clinic",
        "healthcare": "clinic",
        "name": "Unidade Básica de Saúde Unidade Municipal de Saude Curio",
        "short_name": "UBS Unidade Municipal de Saude Curio",
        "comment": "UBS"
      },
      "geometry": {
        "type": "Point",
        "coordinates": [
          -48.44865,
          -1.43111
        ]
      }
    },
    {
      "type": "Feature",
      "id": 2337363,
      "properties": {
        "operator": "Prefeitura Municipal de Belém",
        "operator:type": "public",
        "ref:CNES": "2337363",
        "source": "cnes;datasus;dados_abertos_saude",
        "official_name": "UNIDADE MUNICIPAL DE SAUDE DA CABANAGEM",
        "addr:street": "Rua São Paulo",
        "addr:suburb": "Cabanagem",
        "addr:city": "Belém",
        "addr:state": "PA",
        "addr:country": "BR",
        "addr:postcode": "66035-060",
        "phone": "+55 91 3248-3844",
        "email": "umscabanagem@yahoo.com.br",
        "amenity": "clinic",
        "healthcare": "clinic",
        "name": "Unidade Básica de Saúde Unidade Municipal de Saude da Cabanagem",
        "short_name": "UBS Unidade Municipal de Saude da Cabanagem",
        "comment": "UBS"
      },
      "geometry": {
        "type": "Point",
        "coordinates": [
          -48.4332,
          -1.37205
        ]
      }
    },
    {
      "type": "Feature",
      "id": 2332825,
      "properties": {
        "operator": "Prefeitura Municipal de Belém",
        "operator:type": "public",
        "ref:CNES": "2332825",
        "source": "cnes;datasus;dados_abertos_saude",
        "official_name": "UNIDADE MUNICIPAL DE SAUDE DA CONDOR",
        "addr:street": "Rua Lauro Malcher",
        "addr:housenumber": "285",
        "addr:suburb": "Condor",
        "addr:city": "Belém",
        "addr:state": "PA",
        "addr:country": "BR",
        "addr:postcode": "66033-400",
        "phone": "+55 91 3272-8815",
        "amenity": "clinic",
        "healthcare": "clinic",
        "name": "Unidade Básica de Saúde Unidade Municipal de Saude da Condor",
        "short_name": "UBS Unidade Municipal de Saude da Condor",
        "comment": "UBS"
      },
      "geometry": {
        "type": "Point",
        "coordinates": [
          -48.47798,
          -1.47064
        ]
      }
    },
    {
      "type": "Feature",
      "id": 2333104,
      "properties": {
        "operator": "Prefeitura Municipal de Belém",
        "operator:type": "public",
        "ref:CNES": "2333104",
        "source": "cnes;datasus;dados_abertos_saude",
        "official_name": "UNIDADE MUNICIPAL DE SAUDE DA CREMACAO",
        "addr:street": "Rua dos Pariquis",
        "addr:housenumber": "2906",
        "addr:suburb": "Cremacao",
        "addr:city": "Belém",
        "addr:state": "PA",
        "addr:country": "BR",
        "addr:postcode": "66010-000",
        "phone": "+55 91 3246-0221",
        "amenity": "clinic",
        "healthcare": "clinic",
        "name": "Unidade Básica de Saúde Unidade Municipal de Saude da Cremacao",
        "short_name": "UBS Unidade Municipal de Saude da Cremacao",
        "comment": "UBS"
      },
      "geometry": {
        "type": "Point",
        "coordinates": [
          -48.47797,
          -1.45929
        ]
      }
    },
    {
      "type": "Feature",
      "id": 2695219,
      "properties": {
        "operator": "Prefeitura Municipal de Belém",
        "operator:type": "public",
        "ref:CNES": "2695219",
        "source": "cnes;datasus;dados_abertos_saude",
        "official_name": "UNIDADE MUNICIPAL DE SAUDE DA MARAMBAIA",
        "addr:street": "Rua Rod Augusto Montenegro",
        "addr:suburb": "Marambaia",
        "addr:city": "Belém",
        "addr:state": "PA",
        "addr:country": "BR",
        "addr:postcode": "66623-590",
        "phone": "+55 91 3231-0035",
        "amenity": "clinic",
        "healthcare": "clinic",
        "name": "Unidade Básica de Saúde Unidade Municipal de Saude da Marambaia",
        "short_name": "UBS Unidade Municipal de Saude da Marambaia",
        "comment": "UBS"
      },
      "geometry": {
        "type": "Point",
        "coordinates": [
          -48.43476,
          -1.401
        ]
      }
    },
    {
      "type": "Feature",
      "id": 2332760,
      "properties": {
        "operator": "Prefeitura Municipal de Belém",
        "operator:type": "public",
        "ref:CNES": "2332760",
        "source": "cnes;datasus;dados_abertos_saude",
        "official_name": "UNIDADE MUNICIPAL DE SAUDE DA PRATINHA",
        "addr:street": "Rodovia Artur Bernardes",
        "addr:suburb": "Pratinha",
        "addr:city": "Belém",
        "addr:state": "PA",
        "addr:country": "BR",
        "addr:postcode": "66035-060",
        "phone": "+55 46 91258-0744",
        "amenity": "clinic",
        "healthcare": "clinic",
        "name": "Unidade Básica de Saúde Unidade Municipal de Saude da Pratinha",
        "short_name": "UBS Unidade Municipal de Saude da Pratinha",
        "comment": "UBS"
      },
      "geometry": {
        "type": "Point",
        "coordinates": [
          -48.48032,
          -1.37566
        ]
      }
    },
    {
      "type": "Feature",
      "id": 2333198,
      "properties": {
        "operator": "Prefeitura Municipal de Belém",
        "operator:type": "public",
        "ref:CNES": "2333198",
        "source": "cnes;datasus;dados_abertos_saude",
        "official_name": "UNIDADE MUNICIPAL DE SAUDE DA PROVIDENCIA",
        "addr:street": "Rua Av Norte",
        "addr:suburb": "Val de Caes",
        "addr:city": "Belém",
        "addr:state": "PA",
        "addr:country": "BR",
        "addr:postcode": "66010-000",
        "amenity": "clinic",
        "healthcare": "clinic",
        "name": "Unidade Básica de Saúde Unidade Municipal de Saude da Providencia",
        "short_name": "UBS Unidade Municipal de Saude da Providencia",
        "comment": "UBS"
      },
      "geometry": {
        "type": "Point",
        "coordinates": [
          -48.4834,
          -1.39891
        ]
      }
    },
    {
      "type": "Feature",
      "id": 2337312,
      "properties": {
        "operator": "Prefeitura Municipal de Belém",
        "operator:type": "public",
        "ref:CNES": "2337312",
        "source": "cnes;datasus;dados_abertos_saude",
        "official_name": "UNIDADE MUNICIPAL DE SAUDE DA SACRAMENTA",
        "addr:street": "Rua Avn Senador Lemos",
        "addr:suburb": "Sacramenta",
        "addr:city": "Belém",
        "addr:state": "PA",
        "addr:country": "BR",
        "addr:postcode": "66010-000",
        "phone": "+55 91 3233-6006",
        "amenity": "clinic",
        "healthcare": "clinic",
        "name": "Unidade Básica de Saúde Unidade Municipal de Saude da Sacramenta",
        "short_name": "UBS Unidade Municipal de Saude da Sacramenta",
        "comment": "UBS"
      },
      "geometry": {
        "type": "Point",
        "coordinates": [
          -48.46874,
          -1.41374
        ]
      }
    },
    {
      "type": "Feature",
      "id": 2341115,
      "properties": {
        "operator": "Prefeitura Municipal de Belém",
        "operator:type": "public",
        "ref:CNES": "2341115",
        "source": "cnes;datasus;dados_abertos_saude",
        "official_name": "UNIDADE MUNICIPAL DE SAUDE DA TERRA FIRME",
        "addr:street": "Rua Psg São João",
        "addr:housenumber": "170",
        "addr:suburb": "Terra Firme",
        "addr:city": "Belém",
        "addr:state": "PA",
        "addr:country": "BR",
        "addr:postcode": "66010-000",
        "amenity": "clinic",
        "healthcare": "clinic",
        "name": "Unidade Básica de Saúde Unidade Municipal de Saude da Terra Firme",
        "short_name": "UBS Unidade Municipal de Saude da Terra Firme",
        "comment": "UBS"
      },
      "geometry": {
        "type": "Point",
        "coordinates": [
          -48.4471321,
          -1.4529578
        ]
      }
    },
    {
      "type": "Feature",
      "id": 2333007,
      "properties": {
        "operator": "Prefeitura Municipal de Belém",
        "operator:type": "public",
        "ref:CNES": "2333007",
        "source": "cnes;datasus;dados_abertos_saude",
        "official_name": "UNIDADE MUNICIPAL DE SAUDE DE COTIJUBA",
        "addr:street": "Rua Magalhaes Barata",
        "addr:suburb": "Cotijuba",
        "addr:city": "Belém",
        "addr:state": "PA",
        "addr:country": "BR",
        "addr:postcode": "66010-000",
        "phone": "+55 91 3617-1100",
        "amenity": "clinic",
        "healthcare": "clinic",
        "name": "Unidade Básica de Saúde Unidade Municipal de Saude de Cotijuba",
        "short_name": "UBS Unidade Municipal de Saude de Cotijuba",
        "comment": "UBS"
      },
      "geometry": {
        "type": "Point",
        "coordinates": [
          -48.5558,
          -1.26361
        ]
      }
    },
    {
      "type": "Feature",
      "id": 2332698,
      "properties": {
        "operator": "Prefeitura Municipal de Belém",
        "operator:type": "public",
        "ref:CNES": "2332698",
        "source": "cnes;datasus;dados_abertos_saude",
        "official_name": "UNIDADE MUNICIPAL DE SAUDE DE ICOARACI",
        "addr:street": "Rua Manoel Lemos Barata",
        "addr:housenumber": "840",
        "addr:city": "Belém",
        "addr:state": "PA",
        "addr:country": "BR",
        "addr:postcode": "66010-000",
        "phone": "+55 91 3227-0270",
        "amenity": "clinic",
        "healthcare": "clinic",
        "name": "Unidade Básica de Saúde Unidade Municipal de Saude de Icoaraci",
        "short_name": "UBS Unidade Municipal de Saude de Icoaraci",
        "comment": "UBS"
      },
      "geometry": {
        "type": "Point",
        "coordinates": [
          -48.48782,
          -1.30189
        ]
      }
    },
    {
      "type": "Feature",
      "id": 2333244,
      "properties": {
        "operator": "Prefeitura Municipal de Belém",
        "operator:type": "public",
        "ref:CNES": "2333244",
        "source": "cnes;datasus;dados_abertos_saude",
        "official_name": "UNIDADE MUNICIPAL DE SAUDE DO BENGUI II",
        "addr:street": "Rua Passagem Maciel",
        "addr:suburb": "Bengui",
        "addr:city": "Belém",
        "addr:state": "PA",
        "addr:country": "BR",
        "addr:postcode": "66630-200",
        "phone": "+55 91 3279-6623",
        "email": "sespa21@pedreira.gov.br",
        "amenity": "clinic",
        "healthcare": "clinic",
        "name": "Unidade Básica de Saúde Unidade Municipal de Saude do Bengui II",
        "short_name": "UBS Unidade Municipal de Saude do Bengui II",
        "comment": "UBS"
      },
      "geometry": {
        "type": "Point",
        "coordinates": [
          -48.45189,
          -1.3743
        ]
      }
    },
    {
      "type": "Feature",
      "id": 2334259,
      "properties": {
        "operator": "Prefeitura Municipal de Belém",
        "operator:type": "public",
        "ref:CNES": "2334259",
        "source": "cnes;datasus;dados_abertos_saude",
        "official_name": "UNIDADE MUNICIPAL DE SAUDE DO GUAMA",
        "addr:street": "Rua Barao de Igarape Miri",
        "addr:housenumber": "479",
        "addr:suburb": "Guama",
        "addr:city": "Belém",
        "addr:state": "PA",
        "addr:country": "BR",
        "addr:postcode": "66063-560",
        "phone": "+55 91 3249-1013",
        "amenity": "clinic",
        "healthcare": "clinic",
        "name": "Unidade Básica de Saúde Unidade Municipal de Saude do Guama",
        "short_name": "UBS Unidade Municipal de Saude do Guama",
        "comment": "UBS"
      },
      "geometry": {
        "type": "Point",
        "coordinates": [
          -48.46428,
          -1.46638
        ]
      }
    },
    {
      "type": "Feature",
      "id": 2333066,
      "properties": {
        "operator": "Prefeitura Municipal de Belém",
        "operator:type": "public",
        "ref:CNES": "2333066",
        "source": "cnes;datasus;dados_abertos_saude",
        "official_name": "UNIDADE MUNICIPAL DE SAUDE DO MAGUARI",
        "addr:street": "Rua Conj Maguary",
        "addr:suburb": "Coqueiro",
        "addr:city": "Belém",
        "addr:state": "PA",
        "addr:country": "BR",
        "addr:postcode": "66823-060",
        "phone": "+55 91 3248-3233",
        "email": "umsmaguari@belem.pa.gov.br",
        "amenity": "clinic",
        "healthcare": "clinic",
        "name": "Unidade Básica de Saúde Unidade Municipal de Saude do Maguari",
        "short_name": "UBS Unidade Municipal de Saude do Maguari",
        "comment": "UBS"
      },
      "geometry": {
        "type": "Point",
        "coordinates": [
          -48.44107,
          -1.3315
        ]
      }
    },
    {
      "type": "Feature",
      "id": 2695235,
      "properties": {
        "operator": "Prefeitura Municipal de Belém",
        "operator:type": "public",
        "ref:CNES": "2695235",
        "source": "cnes;datasus;dados_abertos_saude",
        "official_name": "UNIDADE MUNICIPAL DE SAUDE DO SATELITE",
        "addr:street": "Travessa We 8 Cj Satélite",
        "addr:suburb": "Coqueiro",
        "addr:city": "Belém",
        "addr:state": "PA",
        "addr:country": "BR",
        "addr:postcode": "66670-220",
        "phone": "+55 91 3248-3122",
        "email": "umssatelite@yahoo.com.br",
        "amenity": "clinic",
        "healthcare": "clinic",
        "name": "Unidade Básica de Saúde Unidade Municipal de Saude do Satélite",
        "short_name": "UBS Unidade Municipal de Saude do Satélite",
        "comment": "UBS"
      },
      "geometry": {
        "type": "Point",
        "coordinates": [
          -48.44237,
          -1.3408
        ]
      }
    },
    {
      "type": "Feature",
      "id": 3192733,
      "properties": {
        "operator": "Prefeitura Municipal de Belém",
        "operator:type": "public",
        "ref:CNES": "3192733",
        "source": "cnes;datasus;dados_abertos_saude",
        "official_name": "UNIDADE MUNICIPAL DE SAUDE DO SIDERAL",
        "addr:street": "Rua Sideral",
        "addr:city": "Belém",
        "addr:state": "PA",
        "addr:country": "BR",
        "addr:postcode": "66020-240",
        "phone": "+55 91 3278-3599",
        "amenity": "clinic",
        "healthcare": "clinic",
        "name": "Unidade Básica de Saúde Unidade Municipal de Saude do Sideral",
        "short_name": "UBS Unidade Municipal de Saude do Sideral",
        "comment": "UBS"
      },
      "geometry": {
        "type": "Point",
        "coordinates": [
          -48.44241,
          -1.35666
        ]
      }
    },
    {
      "type": "Feature",
      "id": 2340844,
      "properties": {
        "operator": "Prefeitura Municipal de Belém",
        "operator:type": "public",
        "ref:CNES": "2340844",
        "source": "cnes;datasus;dados_abertos_saude",
        "official_name": "UNIDADE MUNICIPAL DE SAUDE DO TAPANA",
        "addr:street": "Rua Rod Tapana Rua São Clemente",
        "addr:suburb": "Tapana",
        "addr:city": "Belém",
        "addr:state": "PA",
        "addr:country": "BR",
        "addr:postcode": "66825-000",
        "phone": "+55 91 3278-1002",
        "amenity": "clinic",
        "healthcare": "clinic",
        "name": "Unidade Básica de Saúde Unidade Municipal de Saude do Tapana",
        "short_name": "UBS Unidade Municipal de Saude do Tapana",
        "comment": "UBS"
      },
      "geometry": {
        "type": "Point",
        "coordinates": [
          -48.46709,
          -1.34779
        ]
      }
    },
    {
      "type": "Feature",
      "id": 2337436,
      "properties": {
        "operator": "Prefeitura Municipal de Belém",
        "operator:type": "public",
        "ref:CNES": "2337436",
        "source": "cnes;datasus;dados_abertos_saude",
        "official_name": "UNIDADE MUNICIPAL DE SAUDE DO TELEGRAFO",
        "addr:street": "Rua do Fio",
        "addr:suburb": "Telegrafo",
        "addr:city": "Belém",
        "addr:state": "PA",
        "addr:country": "BR",
        "addr:postcode": "66030-000",
        "phone": "+55 46 91244-0471",
        "amenity": "clinic",
        "healthcare": "clinic",
        "name": "Unidade Básica de Saúde Unidade Municipal de Saude do Telegrafo",
        "short_name": "UBS Unidade Municipal de Saude do Telegrafo",
        "comment": "UBS"
      },
      "geometry": {
        "type": "Point",
        "coordinates": [
          -48.48532,
          -1.42121
        ]
      }
    },
    {
      "type": "Feature",
      "id": 2332973,
      "properties": {
        "operator": "Prefeitura Municipal de Belém",
        "operator:type": "public",
        "ref:CNES": "2332973",
        "source": "cnes;datasus;dados_abertos_saude",
        "official_name": "UNIDADE MUNICIPAL DE SAUDE FATIMA",
        "addr:street": "Rua Domingos Marreiros",
        "addr:housenumber": "1816",
        "addr:suburb": "Fatima",
        "addr:city": "Belém",
        "addr:state": "PA",
        "addr:country": "BR",
        "addr:postcode": "66060-160",
        "phone": "+55 91 3226-9542",
        "amenity": "clinic",
        "healthcare": "clinic",
        "name": "Unidade Básica de Saúde Unidade Municipal de Saude Fatima",
        "short_name": "UBS Unidade Municipal de Saude Fatima",
        "comment": "UBS"
      },
      "geometry": {
        "type": "Point",
        "coordinates": [
          -48.4714,
          -1.4437
        ]
      }
    },
    {
      "type": "Feature",
      "id": 2337304,
      "properties": {
        "operator": "Prefeitura Municipal de Belém",
        "operator:type": "public",
        "ref:CNES": "2337304",
        "source": "cnes;datasus;dados_abertos_saude",
        "official_name": "UNIDADE MUNICIPAL DE SAUDE MARACAJA",
        "addr:street": "Rua Siqueira Mendes",
        "addr:housenumber": "1132",
        "addr:suburb": "Maracaja",
        "addr:city": "Belém",
        "addr:state": "PA",
        "addr:country": "BR",
        "addr:postcode": "66810-090",
        "phone": "+55 91 3771-2411",
        "amenity": "clinic",
        "healthcare": "clinic",
        "name": "Unidade Básica de Saúde Unidade Municipal de Saude Maracaja",
        "short_name": "UBS Unidade Municipal de Saude Maracaja",
        "comment": "UBS"
      },
      "geometry": {
        "type": "Point",
        "coordinates": [
          -48.46279,
          -1.15778
        ]
      }
    },
    {
      "type": "Feature",
      "id": 2332876,
      "properties": {
        "operator": "Prefeitura Municipal de Belém",
        "operator:type": "public",
        "ref:CNES": "2332876",
        "source": "cnes;datasus;dados_abertos_saude",
        "official_name": "UNIDADE MUNICIPAL DE SAUDE OUTEIRO",
        "addr:street": "Rua Manoel Barata",
        "addr:housenumber": "2373",
        "addr:suburb": "Outeiro",
        "addr:city": "Belém",
        "addr:state": "PA",
        "addr:country": "BR",
        "addr:postcode": "66840-040",
        "phone": "+55 91 3267-1029",
        "amenity": "clinic",
        "healthcare": "clinic",
        "name": "Unidade Básica de Saúde Unidade Municipal de Saude Outeiro",
        "short_name": "UBS Unidade Municipal de Saude Outeiro",
        "comment": "UBS"
      },
      "geometry": {
        "type": "Point",
        "coordinates": [
          -48.827,
          -1.25861
        ]
      }
    },
    {
      "type": "Feature",
      "id": 3013170,
      "properties": {
        "operator": "Prefeitura Municipal de Belém",
        "operator:type": "public",
        "ref:CNES": "3013170",
        "source": "cnes;datasus;dados_abertos_saude",
        "official_name": "UNIDADE MUNICIPAL DE SAUDE PARAISO DOS PASSAROS",
        "addr:street": "Rua Av dos Tucanos",
        "addr:suburb": "Val de Caes",
        "addr:city": "Belém",
        "addr:state": "PA",
        "addr:country": "BR",
        "addr:postcode": "66010-000",
        "phone": "+55 46 91257-5011",
        "email": "umsparaisodospassaros@cinbesa.com.br",
        "amenity": "clinic",
        "healthcare": "clinic",
        "name": "Unidade Básica de Saúde Unidade Municipal de Saude Paraiso dos Passaros",
        "short_name": "UBS Unidade Municipal de Saude Paraiso dos Passaros",
        "comment": "UBS"
      },
      "geometry": {
        "type": "Point",
        "coordinates": [
          -48.48128,
          -1.4049
        ]
      }
    },
    {
      "type": "Feature",
      "id": 2333090,
      "properties": {
        "operator": "Prefeitura Municipal de Belém",
        "operator:type": "public",
        "ref:CNES": "2333090",
        "source": "cnes;datasus;dados_abertos_saude",
        "official_name": "UNIDADE MUNICIPAL DE SAUDE TAVARES BASTOS",
        "addr:street": "Rua Rodolfo Chermont",
        "addr:housenumber": "751",
        "addr:suburb": "Marambaia",
        "addr:city": "Belém",
        "addr:state": "PA",
        "addr:country": "BR",
        "addr:postcode": "66613-140",
        "phone": "+55 91 3231-3612",
        "amenity": "clinic",
        "healthcare": "clinic",
        "name": "Unidade Básica de Saúde Unidade Municipal de Saude Tavares Bastos",
        "short_name": "UBS Unidade Municipal de Saude Tavares Bastos",
        "comment": "UBS"
      },
      "geometry": {
        "type": "Point",
        "coordinates": [
          -48.45362,
          -1.40262
        ]
      }
    },
    {
      "type": "Feature",
      "id": 2334305,
      "properties": {
        "operator": "Prefeitura Municipal de Belém",
        "operator:type": "public",
        "ref:CNES": "2334305",
        "source": "cnes;datasus;dados_abertos_saude",
        "official_name": "UNIDADE MUNICIPAL DE SAUDE VILA DA BARCA",
        "addr:street": "Rua Trv Coronel Luiz Bentes",
        "addr:suburb": "Telegrafo",
        "addr:city": "Belém",
        "addr:state": "PA",
        "addr:country": "BR",
        "addr:postcode": "66113-120",
        "phone": "+55 91 3264-5712",
        "amenity": "clinic",
        "healthcare": "clinic",
        "name": "Unidade Básica de Saúde Unidade Municipal de Saude Vila da Barca",
        "short_name": "UBS Unidade Municipal de Saude Vila da Barca",
        "comment": "UBS"
      },
      "geometry": {
        "type": "Point",
        "coordinates": [
          -48.49033,
          -1.42757
        ]
      }
    },
    {
      "type": "Feature",
      "id": 2333287,
      "properties": {
        "operator": "Prefeitura Municipal de Belém",
        "operator:type": "public",
        "ref:CNES": "2333287",
        "source": "cnes;datasus;dados_abertos_saude",
        "official_name": "UNIDADE MUNICIPAL DO BENGUI",
        "addr:street": "Rua Benfica",
        "addr:suburb": "Bengui",
        "addr:city": "Belém",
        "addr:state": "PA",
        "addr:country": "BR",
        "addr:postcode": "66630-170",
        "phone": "+55 91 3279-5868",
        "email": "umsbengui_1@cinbesa.com.br",
        "amenity": "clinic",
        "healthcare": "clinic",
        "name": "Unidade Básica de Saúde Unidade Municipal do Bengui",
        "short_name": "UBS Unidade Municipal do Bengui",
        "comment": "UBS"
      },
      "geometry": {
        "type": "Point",
        "coordinates": [
          -48.45554,
          -1.37816
        ]
      }
    },
    {
      "type": "Feature",
      "id": 9055290,
      "properties": {
        "operator": "Prefeitura Municipal de Belém",
        "operator:type": "public",
        "ref:CNES": "9055290",
        "source": "cnes;datasus;dados_abertos_saude",
        "official_name": "UNIDADE SAUDE DA FAMILIA BENGUI",
        "addr:street": "Rua Passagem Maciel",
        "addr:suburb": "Bengui",
        "addr:city": "Belém",
        "addr:state": "PA",
        "addr:country": "BR",
        "addr:postcode": "66630-200",
        "phone": "+55 91 3279-6623",
        "amenity": "clinic",
        "healthcare": "clinic",
        "name": "Unidade Básica de Saúde Unidade Saude da Familia Bengui",
        "short_name": "UBS Unidade Saude da Familia Bengui",
        "comment": "UBS"
      },
      "geometry": {
        "type": "Point",
        "coordinates": [
          -48.45157,
          -1.37409
        ]
      }
    },
    {
      "type": "Feature",
      "id": 9055304,
      "properties": {
        "operator": "Prefeitura Municipal de Belém",
        "operator:type": "public",
        "ref:CNES": "9055304",
        "source": "cnes;datasus;dados_abertos_saude",
        "official_name": "UNIDADE SAUDE DA FAMILIA OUTEIRO",
        "addr:street": "Rua São Jorge",
        "addr:housenumber": "08",
        "addr:suburb": "Outeiro",
        "addr:city": "Belém",
        "addr:state": "PA",
        "addr:country": "BR",
        "addr:postcode": "66840-040",
        "phone": "+55 91 3267-2480",
        "amenity": "clinic",
        "healthcare": "clinic",
        "name": "Unidade Básica de Saúde Unidade Saude da Familia Outeiro",
        "short_name": "UBS Unidade Saude da Familia Outeiro",
        "comment": "UBS"
      },
      "geometry": {
        "type": "Point",
        "coordinates": [
          -48.47365,
          -1.24364
        ]
      }
    },
    {
      "type": "Feature",
      "id": 2340836,
      "properties": {
        "operator": "Prefeitura Municipal de Belém",
        "operator:type": "public",
        "ref:CNES": "2340836",
        "source": "cnes;datasus;dados_abertos_saude",
        "official_name": "UNIDADE SAUDE DA FAMILIA PARAISO VERDE",
        "addr:street": "Rua Passagem Primeiro de Dezembro",
        "addr:housenumber": "2216",
        "addr:suburb": "Utinga",
        "addr:city": "Belém",
        "addr:state": "PA",
        "addr:country": "BR",
        "addr:postcode": "66010-000",
        "phone": "+55 46 91244-5730",
        "amenity": "clinic",
        "healthcare": "clinic",
        "name": "Unidade Básica de Saúde Unidade Saude da Familia Paraiso Verde",
        "short_name": "UBS Unidade Saude da Familia Paraiso Verde",
        "comment": "UBS"
      },
      "geometry": {
        "type": "Point",
        "coordinates": [
          -48.44422,
          -1.42682
        ]
      }
    },
    {
      "type": "Feature",
      "id": 9140115,
      "properties": {
        "operator": "Prefeitura Municipal de Belém",
        "operator:type": "public",
        "ref:CNES": "9140115",
        "source": "cnes;datasus;dados_abertos_saude",
        "official_name": "UNIDADE SAUDE DA FAMILIA PRATINHA II",
        "addr:street": "Rua Fe em Deus Rua Principal Jonh Engelhard",
        "addr:housenumber": "21",
        "addr:suburb": "Pratinha",
        "addr:city": "Belém",
        "addr:state": "PA",
        "addr:country": "BR",
        "addr:postcode": "66816-500",
        "amenity": "clinic",
        "healthcare": "clinic",
        "name": "Unidade Básica de Saúde Unidade Saude da Familia Pratinha II",
        "short_name": "UBS Unidade Saude da Familia Pratinha II",
        "comment": "UBS"
      },
      "geometry": {
        "type": "Point",
        "coordinates": [
          -48.46941,
          -1.35985
        ]
      }
    },
    {
      "type": "Feature",
      "id": 2337398,
      "properties": {
        "operator": "Prefeitura Municipal de Belém",
        "operator:type": "public",
        "ref:CNES": "2337398",
        "source": "cnes;datasus;dados_abertos_saude",
        "official_name": "UNIDADE SAUDE DA FAMILIA SUCURIJUQUARA",
        "addr:street": "Estrada da Baia do Sol",
        "addr:suburb": "Sucurijuquara",
        "addr:city": "Belém",
        "addr:state": "PA",
        "addr:country": "BR",
        "addr:postcode": "66921-260",
        "phone": "+55 46 91773-1179",
        "amenity": "clinic",
        "healthcare": "clinic",
        "name": "Unidade Básica de Saúde Unidade Saude da Familia Sucurijuquara",
        "short_name": "UBS Unidade Saude da Familia Sucurijuquara",
        "comment": "UBS"
      },
      "geometry": {
        "type": "Point",
        "coordinates": [
          -48.36709,
          -1.08453
        ]
      }
    },
    {
      "type": "Feature",
      "id": 9282270,
      "properties": {
        "operator": "Prefeitura Municipal de Belém",
        "operator:type": "public",
        "ref:CNES": "9282270",
        "source": "cnes;datasus;dados_abertos_saude",
        "official_name": "UNIDADE SAUDE DA FAMILIA TAPANA III",
        "addr:street": "Rua Conj Antonioteixeira Gueiros Quadra14",
        "addr:housenumber": "60",
        "addr:suburb": "Tapana",
        "addr:city": "Belém",
        "addr:state": "PA",
        "addr:country": "BR",
        "addr:postcode": "66010-000",
        "amenity": "clinic",
        "healthcare": "clinic",
        "name": "Unidade Básica de Saúde Unidade Saude da Familia Tapana III",
        "short_name": "UBS Unidade Saude da Familia Tapana III",
        "comment": "UBS"
      },
      "geometry": {
        "type": "Point",
        "coordinates": [
          -48.461,
          -1.35113
        ]
      }
    },
    {
      "type": "Feature",
      "id": 733342,
      "properties": {
        "operator": "Prefeitura Municipal de Belém",
        "operator:type": "public",
        "ref:CNES": "733342",
        "source": "cnes;datasus;dados_abertos_saude",
        "official_name": "USF VER O PESO",
        "addr:street": "Rua João Diogo",
        "addr:housenumber": "316",
        "addr:suburb": "Campina",
        "addr:city": "Belém",
        "addr:state": "PA",
        "addr:country": "BR",
        "addr:postcode": "66015-165",
        "amenity": "clinic",
        "healthcare": "clinic",
        "name": "Unidade Básica de Saúde Usf Ver O Peso",
        "short_name": "UBS Usf Ver O Peso",
        "comment": "UBS"
      },
      "geometry": {
        "type": "Point",
        "coordinates": [
          -48.4998,
          -1.45467
        ]
      }
    },
    {
      "type": "Feature",
      "id": 2333201,
      "properties": {
        "operator": "Prefeitura Municipal de Belém",
        "operator:type": "public",
        "ref:CNES": "2333201",
        "source": "cnes;datasus;dados_abertos_saude",
        "official_name": "CENTRO DE SAUDE ESCOLA DO MARCO",
        "addr:street": "Rua Av 25 de Setembro",
        "addr:housenumber": "2558",
        "addr:suburb": "Marco",
        "addr:city": "Belém",
        "addr:state": "PA",
        "addr:country": "BR",
        "addr:postcode": "66615-000",
        "phone": "+55 46 91228-0510",
        "email": "estatisticacsemarco@hotmail.com",
        "amenity": "clinic",
        "healthcare": "rehabilitation",
        "name": "Serviço de Reabilitação Física Nível Intermediário",
        "comment": "Reabilitação Física"
      },
      "geometry": {
        "type": "Point",
        "coordinates": [
          -48.4822184,
          -1.4407428
        ]
      }
    },
    {
      "type": "Feature",
      "id": 9016163,
      "properties": {
        "operator": "Prefeitura Municipal de Belém",
        "operator:type": "public",
        "ref:CNES": "9016163",
        "source": "cnes;datasus;dados_abertos_saude",
        "official_name": "CENTRO ESPECIALIZADO EM REABILITACAO DO TIPO III UEAFTO UEPA",
        "addr:street": "Rua Romulo Maiorana",
        "addr:housenumber": "2598",
        "addr:suburb": "Marco",
        "addr:city": "Belém",
        "addr:state": "PA",
        "addr:country": "BR",
        "addr:postcode": "66095-662",
        "phone": "+55 91 3131-1780",
        "email": "cer.uepa@hotmail.com",
        "amenity": "clinic",
        "healthcare": "rehabilitation",
        "name": "Serviço de Reabilitação Física Nível Intermediário",
        "comment": "Reabilitação Física"
      },
      "geometry": {
        "type": "Point",
        "coordinates": [
          -48.4564136,
          -1.4263902
        ]
      }
    },
    {
      "type": "Feature",
      "id": 9695931,
      "properties": {
        "operator": "Prefeitura Municipal de Belém",
        "operator:type": "public",
        "ref:CNES": "9695931",
        "source": "cnes;datasus;dados_abertos_saude",
        "official_name": "PA MP PRG GABINETE DO PROCURADOR GERAL",
        "addr:street": "Rua Av 16 de Novembro",
        "addr:housenumber": "130",
        "addr:suburb": "Cidade Velha",
        "addr:city": "Belém",
        "addr:state": "PA",
        "addr:country": "BR",
        "addr:postcode": "66010-000",
        "phone": "+55 91 3241-9214",
        "email": "dmo@mppa.mp.br",
        "amenity": "clinic",
        "healthcare": "rehabilitation",
        "name": "Serviço de Reabilitação Física Nível Intermediário",
        "comment": "Reabilitação Física"
      },
      "geometry": {
        "type": "Point",
        "coordinates": [
          -48.5031786,
          -1.4574453
        ]
      }
    },
    {
      "type": "Feature",
      "id": 7453124,
      "properties": {
        "operator": "Prefeitura Municipal de Belém",
        "operator:type": "public",
        "ref:CNES": "7453124",
        "source": "cnes;datasus;dados_abertos_saude",
        "official_name": "HOSPITAL DE AERONAUTICA DE BELEM",
        "addr:street": "Rua Av Almirante Barroso",
        "addr:housenumber": "3492",
        "addr:suburb": "Souza",
        "addr:city": "Belém",
        "addr:state": "PA",
        "addr:country": "BR",
        "addr:postcode": "66613-710",
        "phone": "+55 46 3215-6550",
        "email": "habelem@yahoo.com.br",
        "amenity": "clinic",
        "healthcare": "clinic",
        "name": "Hospital de Aeronautica de Belem",
        "comment": "Outros Serviços de Saúde"
      },
      "geometry": {
        "type": "Point",
        "coordinates": [
          -48.4531692,
          -1.4214907
        ]
      }
    },
    {
      "type": "Feature",
      "id": 2333031,
      "properties": {
        "operator": "Prefeitura Municipal de Belém",
        "operator:type": "public",
        "ref:CNES": "2333031",
        "source": "cnes;datasus;dados_abertos_saude",
        "official_name": "HOSPITAL DE CLINICAS GASPAR VIANA",
        "addr:street": "Rua Alferes Costa",
        "addr:suburb": "Marco",
        "addr:city": "Belém",
        "addr:state": "PA",
        "addr:country": "BR",
        "addr:postcode": "66120-330",
        "phone": "+55 46 91276-0601",
        "email": "gasparvianna@bel.sol.com.br",
        "amenity": "clinic",
        "healthcare": "clinic",
        "name": "Hospital de Clinicas Gaspar Viana",
        "comment": "Outros Serviços de Saúde"
      },
      "geometry": {
        "type": "Point",
        "coordinates": [
          -48.4799141,
          -1.4103414
        ]
      }
    },
    {
      "type": "Feature",
      "id": 90301,
      "properties": {
        "operator": "Prefeitura Municipal de Belém",
        "operator:type": "public",
        "ref:CNES": "90301",
        "source": "cnes;datasus;dados_abertos_saude",
        "official_name": "HOSPITAL DE RETAGUARDA DOM VICENTE ZICO",
        "addr:street": "Rua Tv Lomas Valentinas",
        "addr:housenumber": "2586",
        "addr:suburb": "Marco",
        "addr:city": "Belém",
        "addr:state": "PA",
        "addr:country": "BR",
        "addr:postcode": "66085-440",
        "phone": "+55 91 3184-6211",
        "email": "contas.medicas.hdvz@gmail.com",
        "amenity": "clinic",
        "healthcare": "clinic",
        "name": "Hospital de Retaguarda Dom Vicente Zico",
        "comment": "Outros Serviços de Saúde"
      },
      "geometry": {
        "type": "Point",
        "coordinates": [
          -48.4569076,
          -1.4348152
        ]
      }
    },
    {
      "type": "Feature",
      "id": 7967012,
      "properties": {
        "operator": "Governo do Estado (PA)",
        "operator:type": "public",
        "ref:CNES": "7967012",
        "source": "cnes;datasus;dados_abertos_saude",
        "official_name": "HOSPITAL JEAN BITAR",
        "addr:street": "Rua Jeronimo Pimentel",
        "addr:housenumber": "543",
        "addr:suburb": "Umarizal",
        "addr:city": "Belém",
        "addr:state": "PA",
        "addr:country": "BR",
        "addr:postcode": "66013-090",
        "amenity": "clinic",
        "healthcare": "clinic",
        "name": "Hospital Jean Bitar",
        "comment": "Outros Serviços de Saúde"
      },
      "geometry": {
        "type": "Point",
        "coordinates": [
          -48.4872406,
          -1.4400726
        ]
      }
    },
    {
      "type": "Feature",
      "id": 4005759,
      "properties": {
        "operator": "Prefeitura Municipal de Belém",
        "operator:type": "public",
        "ref:CNES": "4005759",
        "source": "cnes;datasus;dados_abertos_saude",
        "official_name": "HOSPITAL MUNICIPAL DE MOSQUEIRO",
        "addr:street": "Rua Trav 15 de Novembro",
        "addr:housenumber": "01",
        "addr:suburb": "Mosqueiro",
        "addr:city": "Belém",
        "addr:state": "PA",
        "addr:country": "BR",
        "addr:postcode": "66910-000",
        "phone": "+55 91 3771-1229",
        "email": "hgm012009@hotmail.com",
        "amenity": "clinic",
        "healthcare": "clinic",
        "name": "Hospital Municipal de Mosqueiro",
        "comment": "Outros Serviços de Saúde"
      },
      "geometry": {
        "type": "Point",
        "coordinates": [
          -48.4713783,
          -1.1548313
        ]
      }
    },
    {
      "type": "Feature",
      "id": 2334321,
      "properties": {
        "operator": "Prefeitura Municipal de Belém",
        "operator:type": "public",
        "ref:CNES": "2334321",
        "source": "cnes;datasus;dados_abertos_saude",
        "official_name": "HOSPITAL OPHIR LOYOLA",
        "addr:street": "Rua Av Gov Magalhaes Barata",
        "addr:housenumber": "992",
        "addr:suburb": "São Braz",
        "addr:city": "Belém",
        "addr:state": "PA",
        "addr:country": "BR",
        "addr:postcode": "66060-281",
        "phone": "+55 91 3265-6500",
        "email": "faturamento@ophirloyola.pa.gov.br",
        "amenity": "clinic",
        "healthcare": "clinic",
        "name": "Hospital Ophir Loyola",
        "comment": "Outros Serviços de Saúde"
      },
      "geometry": {
        "type": "Point",
        "coordinates": [
          -48.472222,
          -1.452778
        ]
      }
    },
    {
      "type": "Feature",
      "id": 4635612,
      "properties": {
        "operator": "Governo do Estado (PA)",
        "operator:type": "public",
        "ref:CNES": "4635612",
        "source": "cnes;datasus;dados_abertos_saude",
        "official_name": "HOSPITAL PRONTO SOCORRO DO BENGUI DR ROBERTO MACEDO",
        "addr:street": "Rodovia Augusto Montenegro Km09",
        "addr:suburb": "Parque Verde",
        "addr:city": "Belém",
        "addr:state": "PA",
        "addr:country": "BR",
        "addr:postcode": "66821-000",
        "amenity": "clinic",
        "healthcare": "clinic",
        "name": "Hospital Pronto Socorro do Bengui Dr Roberto Macedo",
        "comment": "Outros Serviços de Saúde"
      },
      "geometry": {
        "type": "Point",
        "coordinates": [
          -48.45289,
          -1.31821
        ]
      }
    },
    {
      "type": "Feature",
      "id": 2337339,
      "properties": {
        "operator": "Prefeitura Municipal de Belém",
        "operator:type": "public",
        "ref:CNES": "2337339",
        "source": "cnes;datasus;dados_abertos_saude",
        "official_name": "HOSPITAL PRONTO SOCORRO MUNICIPAL MARIO PINOTTI",
        "addr:street": "Rua Tv 14 de Marco",
        "addr:housenumber": "500",
        "addr:suburb": "Umarizal",
        "addr:city": "Belém",
        "addr:state": "PA",
        "addr:country": "BR",
        "addr:postcode": "66050-430",
        "phone": "+55 91 3184-6301",
        "amenity": "clinic",
        "healthcare": "clinic",
        "name": "Hospital Pronto Socorro Municipal Mario Pinotti",
        "comment": "Outros Serviços de Saúde"
      },
      "geometry": {
        "type": "Point",
        "coordinates": [
          -48.4808636,
          -1.4396878
        ]
      }
    },
    {
      "type": "Feature",
      "id": 5274990,
      "properties": {
        "operator": "Governo do Estado (PA)",
        "operator:type": "public",
        "ref:CNES": "5274990",
        "source": "cnes;datasus;dados_abertos_saude",
        "official_name": "HOSPITAL PUBLICO DA MULHER SENHORA DE NAZARE",
        "addr:street": "Avenida Gentil Bitencourt",
        "addr:housenumber": "2175",
        "addr:suburb": "São Bras",
        "addr:city": "Belém",
        "addr:state": "PA",
        "addr:country": "BR",
        "addr:postcode": "66073-220",
        "amenity": "clinic",
        "healthcare": "clinic",
        "name": "Hospital Publico da Mulher Senhora de Nazare",
        "comment": "Outros Serviços de Saúde"
      },
      "geometry": {
        "type": "Point",
        "coordinates": [
          -48.487825,
          -1.459845
        ]
      }
    },
    {
      "type": "Feature",
      "id": 7486413,
      "properties": {
        "operator": "Governo do Estado (PA)",
        "operator:type": "public",
        "ref:CNES": "7486413",
        "source": "cnes;datasus;dados_abertos_saude",
        "official_name": "HOSPITAL PUBLICO ESTADUAL GALILEU",
        "addr:street": "Rodovia Mario Covas",
        "addr:housenumber": "2553",
        "addr:suburb": "Una",
        "addr:city": "Belém",
        "addr:state": "PA",
        "addr:country": "BR",
        "addr:postcode": "66652-000",
        "phone": "+55 91 3214-1095",
        "amenity": "clinic",
        "healthcare": "clinic",
        "name": "Hospital Publico Estadual Galileu",
        "comment": "Outros Serviços de Saúde"
      },
      "geometry": {
        "type": "Point",
        "coordinates": [
          -48.4211539,
          -1.3694786
        ]
      }
    },
    {
      "type": "Feature",
      "id": 9917322,
      "properties": {
        "operator": "Governo do Estado (PA)",
        "operator:type": "public",
        "ref:CNES": "9917322",
        "source": "cnes;datasus;dados_abertos_saude",
        "official_name": "HOSPITAL REGIONAL PUBLICO DR ABELARDO SANTOS",
        "addr:street": "Rodovia Augusto Montenegro",
        "addr:suburb": "Icoaraci",
        "addr:city": "Belém",
        "addr:state": "PA",
        "addr:country": "BR",
        "addr:postcode": "66811-000",
        "amenity": "clinic",
        "healthcare": "clinic",
        "name": "Hospital Regional Publico Dr Abelardo Santos",
        "comment": "Outros Serviços de Saúde"
      },
      "geometry": {
        "type": "Point",
        "coordinates": [
          -48.4694052,
          -1.3004164
        ]
      }
    },
    {
      "type": "Feature",
      "id": 2694778,
      "properties": {
        "operator": "Prefeitura Municipal de Belém",
        "operator:type": "public",
        "ref:CNES": "2694778",
        "source": "cnes;datasus;dados_abertos_saude",
        "official_name": "HPSM DR HUMBERTO MARADEI PEREIRA",
        "addr:street": "Rua Passagem São Miguel",
        "addr:housenumber": "100",
        "addr:suburb": "Guama",
        "addr:city": "Belém",
        "addr:state": "PA",
        "addr:country": "BR",
        "addr:postcode": "66075-250",
        "phone": "+55 91 3184-6210",
        "email": "hpsmhm@gmail.com",
        "amenity": "clinic",
        "healthcare": "clinic",
        "name": "Hpsm Dr Humberto Maradei Pereira",
        "comment": "Outros Serviços de Saúde"
      },
      "geometry": {
        "type": "Point",
        "coordinates": [
          -48.4914466,
          -1.4754565
        ]
      }
    },
    {
      "type": "Feature",
      "id": 2752700,
      "properties": {
        "operator": "Prefeitura Municipal de Belém",
        "operator:type": "public",
        "ref:CNES": "2752700",
        "source": "cnes;datasus;dados_abertos_saude",
        "official_name": "SANTA CASA DE MISERICORDIA DO PARA",
        "addr:street": "Rua Oliveira Belo",
        "addr:housenumber": "395",
        "addr:suburb": "Umarizal",
        "addr:city": "Belém",
        "addr:state": "PA",
        "addr:country": "BR",
        "addr:postcode": "66050-380",
        "phone": "0319140092241",
        "email": "presidencial@santacasa.pa.gov.br",
        "amenity": "clinic",
        "healthcare": "clinic",
        "name": "Santa Casa de Misericordia do para",
        "comment": "Outros Serviços de Saúde"
      },
      "geometry": {
        "type": "Point",
        "coordinates": [
          -48.4808267,
          -1.440899
        ]
      }
    },
    {
      "type": "Feature",
      "id": 7871902,
      "properties": {
        "operator": "Governo do Estado (PA)",
        "operator:type": "public",
        "ref:CNES": "7871902",
        "source": "cnes;datasus;dados_abertos_saude",
        "official_name": "HOSPITAL ONCOLOGICO INFANTIL OCTAVIO LOBO",
        "addr:street": "Travessa 14 de Abril",
        "addr:housenumber": "1394",
        "addr:suburb": "São Braz",
        "addr:city": "Belém",
        "addr:state": "PA",
        "addr:country": "BR",
        "addr:postcode": "66063-005",
        "phone": "+55 91 3182-4667",
        "email": "faturamento.hoiol@institutodiretrizes.com.br",
        "amenity": "clinic",
        "healthcare": "clinic",
        "name": "Hospital Oncologico Infantil Octavio Lobo",
        "comment": "Outros Serviços de Saúde"
      },
      "geometry": {
        "type": "Point",
        "coordinates": [
          -48.4805975,
          -1.4516273
        ]
      }
    },
    {
      "type": "Feature",
      "id": 8111715,
      "properties": {
        "operator": "Prefeitura Municipal de Belém",
        "operator:type": "public",
        "ref:CNES": "8111715",
        "source": "cnes;datasus;dados_abertos_saude",
        "official_name": "ACADEMIA DE EXERCICIO RESISTIDO E SAUDE CERES UEPA",
        "addr:street": "Rua Av João Paulo II",
        "addr:housenumber": "817",
        "addr:suburb": "Marco",
        "addr:city": "Belém",
        "addr:state": "PA",
        "addr:country": "BR",
        "addr:postcode": "66050-540",
        "phone": "+55 46 3213-5750",
        "amenity": "clinic",
        "healthcare": "clinic",
        "name": "Academia de Exercicio Resistido e Saude Ceres Uepa",
        "comment": "Outros Serviços de Saúde"
      },
      "geometry": {
        "type": "Point",
        "coordinates": [
          -48.4611964,
          -1.4416963
        ]
      }
    },
    {
      "type": "Feature",
      "id": 9276114,
      "properties": {
        "operator": "Prefeitura Municipal de Belém",
        "operator:type": "public",
        "ref:CNES": "9276114",
        "source": "cnes;datasus;dados_abertos_saude",
        "official_name": "NAVIO AUXILIAR PARA",
        "addr:street": "Rodovia Arthur Bernardes",
        "addr:suburb": "Telegrafo",
        "addr:city": "Belém",
        "addr:state": "PA",
        "addr:country": "BR",
        "addr:postcode": "66115-000",
        "phone": "+55 91 3216-4551",
        "email": "napara.secom@marinha.mil.br",
        "amenity": "clinic",
        "healthcare": "clinic",
        "name": "Navio Auxiliar para",
        "comment": "Outros Serviços de Saúde"
      },
      "geometry": {
        "type": "Point",
        "coordinates": [
          -48.488943,
          -1.385262
        ]
      }
    },
    {
      "type": "Feature",
      "id": 8483388,
      "properties": {
        "operator": "Prefeitura Municipal de Belém",
        "operator:type": "public",
        "ref:CNES": "8483388",
        "source": "cnes;datasus;dados_abertos_saude",
        "official_name": "NAVIO DE ASSISTENCIA HOSPITALAR ANNA NERY",
        "addr:street": "Rodovia Arthur Bernardes",
        "addr:suburb": "Val de Caes",
        "addr:city": "Belém",
        "addr:state": "PA",
        "addr:country": "BR",
        "addr:postcode": "66110-300",
        "phone": "+55 91 3216-4502",
        "email": "nashannanery.secom@marinha.mil.br",
        "amenity": "clinic",
        "healthcare": "clinic",
        "name": "Navio de Assistencia Hospitalar Anna Nery",
        "comment": "Outros Serviços de Saúde"
      },
      "geometry": {
        "type": "Point",
        "coordinates": [
          -48.4895638,
          -1.3966743
        ]
      }
    },
    {
      "type": "Feature",
      "id": 8190461,
      "properties": {
        "operator": "Prefeitura Municipal de Belém",
        "operator:type": "public",
        "ref:CNES": "8190461",
        "source": "cnes;datasus;dados_abertos_saude",
        "official_name": "NAVIO DE ASSISTENCIA HOSPITALAR SARGENTO LIMA",
        "addr:street": "Rua Rod Arthur Bernardes",
        "addr:suburb": "Val de Caes",
        "addr:city": "Belém",
        "addr:state": "PA",
        "addr:country": "BR",
        "addr:postcode": "66115-000",
        "phone": "+55 91 3216-4505",
        "email": "gpnort.secom@marinha.mil.br",
        "amenity": "clinic",
        "healthcare": "clinic",
        "name": "Navio de Assistencia Hospitalar Sargento Lima",
        "comment": "Outros Serviços de Saúde"
      },
      "geometry": {
        "type": "Point",
        "coordinates": [
          -48.4883094,
          -1.3941176
        ]
      }
    },
    {
      "type": "Feature",
      "id": 989169,
      "properties": {
        "operator": "Prefeitura Municipal de Belém",
        "operator:type": "public",
        "ref:CNES": "989169",
        "source": "cnes;datasus;dados_abertos_saude",
        "official_name": "UBS FLUVIAL DR CAMILLO VIANNA",
        "addr:street": "Rua Av Alcindo Cacela",
        "addr:housenumber": "4196",
        "addr:suburb": "Condor",
        "addr:city": "Belém",
        "addr:state": "PA",
        "addr:country": "BR",
        "addr:postcode": "66065-590",
        "amenity": "clinic",
        "healthcare": "clinic",
        "name": "UBS Fluvial Dr Camillo Vianna",
        "comment": "Outros Serviços de Saúde"
      },
      "geometry": {
        "type": "Point",
        "coordinates": [
          -48.47561,
          -1.47497
        ]
      }
    },
    {
      "type": "Feature",
      "id": 3220540,
      "properties": {
        "operator": "Prefeitura Municipal de Belém",
        "operator:type": "public",
        "ref:CNES": "3220540",
        "source": "cnes;datasus;dados_abertos_saude",
        "official_name": "CASA RECRIAR I",
        "addr:street": "Rua Juvencio Silva",
        "addr:housenumber": "14",
        "addr:suburb": "Mosqueiro",
        "addr:city": "Belém",
        "addr:state": "PA",
        "addr:country": "BR",
        "addr:postcode": "66910-370",
        "phone": "+55 91 3771-1244",
        "amenity": "clinic",
        "healthcare": "clinic",
        "name": "Casa Recriar I",
        "comment": "Centro de Especialidades"
      },
      "geometry": {
        "type": "Point",
        "coordinates": [
          -48.4753756,
          -1.1628683
        ]
      }
    },
    {
      "type": "Feature",
      "id": 942227,
      "properties": {
        "operator": "Prefeitura Municipal de Belém",
        "operator:type": "public",
        "ref:CNES": "942227",
        "source": "cnes;datasus;dados_abertos_saude",
        "official_name": "CASA RUA CENTRO ESP POPULACAO EM SITUACAO DE RUA",
        "addr:street": "Rua João Diogo",
        "addr:housenumber": "221",
        "addr:suburb": "Campina",
        "addr:city": "Belém",
        "addr:state": "PA",
        "addr:country": "BR",
        "addr:postcode": "66015-175",
        "amenity": "clinic",
        "healthcare": "clinic",
        "name": "Casa Rua Centro Esp Populacao em Situacao de Rua",
        "comment": "Centro de Especialidades"
      },
      "geometry": {
        "type": "Point",
        "coordinates": [
          -48.5010606,
          -1.4560869
        ]
      }
    },
    {
      "type": "Feature",
      "id": 2340879,
      "properties": {
        "operator": "Prefeitura Municipal de Belém",
        "operator:type": "public",
        "ref:CNES": "2340879",
        "source": "cnes;datasus;dados_abertos_saude",
        "official_name": "CENTRO DE ATENCAO A SAUDE DO IDOSO",
        "addr:street": "Rua Jose Malcher",
        "addr:housenumber": "333",
        "addr:suburb": "Nazare",
        "addr:city": "Belém",
        "addr:state": "PA",
        "addr:country": "BR",
        "addr:postcode": "66615-140",
        "email": "casadoidoso@belem.pa.gov.br",
        "amenity": "clinic",
        "healthcare": "clinic",
        "name": "Centro de Atencao A Saude do Idoso",
        "comment": "Centro de Especialidades"
      },
      "geometry": {
        "type": "Point",
        "coordinates": [
          -48.49052,
          -1.45202
        ]
      }
    },
    {
      "type": "Feature",
      "id": 2333120,
      "properties": {
        "operator": "Prefeitura Municipal de Belém",
        "operator:type": "public",
        "ref:CNES": "2333120",
        "source": "cnes;datasus;dados_abertos_saude",
        "official_name": "CENTRO DE ESPECIALIDADES MEDICAS E ODONTOLOGICAS CEMO",
        "addr:street": "Rua Av Almirante Barroso",
        "addr:housenumber": "01648",
        "addr:suburb": "Marco",
        "addr:city": "Belém",
        "addr:state": "PA",
        "addr:country": "BR",
        "addr:postcode": "66093-033",
        "phone": "+55 91 3219-3102",
        "email": "cemosesma@gmail.com",
        "amenity": "dentist",
        "healthcare": "dentist",
        "name": "Centro de Especialidades Odontológicas (CEO)",
        "short_name": "CEO",
        "comment": "Odontologia (CEO)"
      },
      "geometry": {
        "type": "Point",
        "coordinates": [
          -48.45811,
          -1.43596
        ]
      }
    },
    {
      "type": "Feature",
      "id": 5500885,
      "properties": {
        "operator": "Prefeitura Municipal de Belém",
        "operator:type": "public",
        "ref:CNES": "5500885",
        "source": "cnes;datasus;dados_abertos_saude",
        "official_name": "CENTRO DE ESPECIALIDADES ODONTOLOGICAS",
        "addr:street": "Rua Av Augusto Correa",
        "addr:housenumber": "01",
        "addr:suburb": "Guama",
        "addr:city": "Belém",
        "addr:state": "PA",
        "addr:country": "BR",
        "addr:postcode": "66075-110",
        "amenity": "dentist",
        "healthcare": "dentist",
        "name": "Centro de Especialidades Odontológicas (CEO)",
        "short_name": "CEO",
        "comment": "Odontologia (CEO)"
      },
      "geometry": {
        "type": "Point",
        "coordinates": [
          -48.4599595,
          -1.4744418
        ]
      }
    },
    {
      "type": "Feature",
      "id": 2340887,
      "properties": {
        "operator": "Prefeitura Municipal de Belém",
        "operator:type": "public",
        "ref:CNES": "2340887",
        "source": "cnes;datasus;dados_abertos_saude",
        "official_name": "CENTRO DE REFERENCIA EM SAUDE DO TRABALHADOR",
        "addr:street": "Travessa Bom Jardim",
        "addr:housenumber": "370",
        "addr:suburb": "Cidade Velha",
        "addr:city": "Belém",
        "addr:state": "PA",
        "addr:country": "BR",
        "addr:postcode": "66023-140",
        "phone": "+55 91 2121-6240",
        "amenity": "clinic",
        "healthcare": "clinic",
        "name": "Centro de Referencia em Saude do Trabalhador",
        "comment": "Centro de Especialidades"
      },
      "geometry": {
        "type": "Point",
        "coordinates": [
          -48.5023834,
          -1.4635238
        ]
      }
    },
    {
      "type": "Feature",
      "id": 6851169,
      "properties": {
        "operator": "Governo do Estado (PA)",
        "operator:type": "public",
        "ref:CNES": "6851169",
        "source": "cnes;datasus;dados_abertos_saude",
        "official_name": "CENTRO DE REFERENCIA ESTADUAL EM SAUDE TRABALHADOR",
        "addr:street": "Rua dos Timbiras",
        "addr:housenumber": "1827",
        "addr:suburb": "Batista Campos",
        "addr:city": "Belém",
        "addr:state": "PA",
        "addr:country": "BR",
        "addr:postcode": "66033-329",
        "phone": "+55 91 4006-0065",
        "amenity": "clinic",
        "healthcare": "clinic",
        "name": "Centro de Referencia Estadual em Saude Trabalhador",
        "comment": "Centro de Especialidades"
      },
      "geometry": {
        "type": "Point",
        "coordinates": [
          -48.4855199,
          -1.4623318
        ]
      }
    },
    {
      "type": "Feature",
      "id": 2867656,
      "properties": {
        "operator": "Prefeitura Municipal de Belém",
        "operator:type": "public",
        "ref:CNES": "2867656",
        "source": "cnes;datasus;dados_abertos_saude",
        "official_name": "CENTRO ESPECIALIZADO EM DERMATOLOGIA",
        "addr:street": "Travessa Perebebui",
        "addr:housenumber": "2623",
        "addr:suburb": "Marco",
        "addr:city": "Belém",
        "addr:state": "PA",
        "addr:country": "BR",
        "addr:postcode": "66095-662",
        "amenity": "clinic",
        "healthcare": "clinic",
        "name": "Centro Especializado em Dermatologia",
        "comment": "Centro de Especialidades"
      },
      "geometry": {
        "type": "Point",
        "coordinates": [
          -48.4521174,
          -1.4307034
        ]
      }
    },
    {
      "type": "Feature",
      "id": 9493492,
      "properties": {
        "operator": "Governo do Estado (PA)",
        "operator:type": "public",
        "ref:CNES": "9493492",
        "source": "cnes;datasus;dados_abertos_saude",
        "official_name": "CENTRO INTEGRADO DE INCLUSAO E REABILITACAO CIIR",
        "addr:street": "Rodovia Arthur Bernardes",
        "addr:housenumber": "1000",
        "addr:suburb": "Telegrafo",
        "addr:city": "Belém",
        "addr:state": "PA",
        "addr:country": "BR",
        "addr:postcode": "66110-010",
        "amenity": "clinic",
        "healthcare": "rehabilitation",
        "name": "Centro Especializado em Reabilitação (CER)",
        "short_name": "CER",
        "comment": "Reabilitação (CER)"
      },
      "geometry": {
        "type": "Point",
        "coordinates": [
          -48.4854579,
          -1.3206755
        ]
      }
    },
    {
      "type": "Feature",
      "id": 3808939,
      "properties": {
        "operator": "Prefeitura Municipal de Belém",
        "operator:type": "public",
        "ref:CNES": "3808939",
        "source": "cnes;datasus;dados_abertos_saude",
        "official_name": "CEO DAMOS",
        "addr:street": "Travessa Siqueira Mendes",
        "addr:housenumber": "1132",
        "addr:suburb": "Maracaja",
        "addr:city": "Belém",
        "addr:state": "PA",
        "addr:country": "BR",
        "addr:postcode": "66910-110",
        "phone": "+55 91 99373-0805",
        "email": "ceodamos@gmail.com",
        "amenity": "dentist",
        "healthcare": "dentist",
        "name": "Centro de Especialidades Odontológicas (CEO)",
        "short_name": "CEO",
        "comment": "Odontologia (CEO)"
      },
      "geometry": {
        "type": "Point",
        "coordinates": [
          -48.46325,
          -1.16492
        ]
      }
    },
    {
      "type": "Feature",
      "id": 9108904,
      "properties": {
        "operator": "Prefeitura Municipal de Belém",
        "operator:type": "public",
        "ref:CNES": "9108904",
        "source": "cnes;datasus;dados_abertos_saude",
        "official_name": "CEO GUAMA",
        "addr:street": "Rua Barao de Igarape Miri",
        "addr:housenumber": "479",
        "addr:suburb": "Guama",
        "addr:city": "Belém",
        "addr:state": "PA",
        "addr:country": "BR",
        "addr:postcode": "66063-560",
        "phone": "+55 91 3249-1013",
        "amenity": "dentist",
        "healthcare": "dentist",
        "name": "Centro de Especialidades Odontológicas (CEO)",
        "short_name": "CEO",
        "comment": "Odontologia (CEO)"
      },
      "geometry": {
        "type": "Point",
        "coordinates": [
          -48.4667906,
          -1.4671804
        ]
      }
    },
    {
      "type": "Feature",
      "id": 9021159,
      "properties": {
        "operator": "Prefeitura Municipal de Belém",
        "operator:type": "public",
        "ref:CNES": "9021159",
        "source": "cnes;datasus;dados_abertos_saude",
        "official_name": "CEO MARAMBAIA",
        "addr:street": "Rua Rod Augusto Montenegro",
        "addr:housenumber": "1",
        "addr:suburb": "Marambaia",
        "addr:city": "Belém",
        "addr:state": "PA",
        "addr:country": "BR",
        "addr:postcode": "66623-590",
        "phone": "+55 91 3243-3121",
        "amenity": "dentist",
        "healthcare": "dentist",
        "name": "Centro de Especialidades Odontológicas (CEO)",
        "short_name": "CEO",
        "comment": "Odontologia (CEO)"
      },
      "geometry": {
        "type": "Point",
        "coordinates": [
          -48.4384591,
          -1.4057852
        ]
      }
    },
    {
      "type": "Feature",
      "id": 2757222,
      "properties": {
        "operator": "Governo do Estado (PA)",
        "operator:type": "public",
        "ref:CNES": "2757222",
        "source": "cnes;datasus;dados_abertos_saude",
        "official_name": "DCA TRATAMENTO FORA DOMICILIO",
        "addr:street": "Travessa Lomas Valentinas",
        "addr:housenumber": "2190",
        "addr:suburb": "Marco",
        "addr:city": "Belém",
        "addr:state": "PA",
        "addr:country": "BR",
        "addr:postcode": "66093-677",
        "phone": "+55 91 4009-7020",
        "email": "nillpires@bol.com.br",
        "amenity": "clinic",
        "healthcare": "clinic",
        "name": "Dca Tratamento Fora Domicilio",
        "comment": "Centro de Especialidades"
      },
      "geometry": {
        "type": "Point",
        "coordinates": [
          -48.4573769,
          -1.4327174
        ]
      }
    },
    {
      "type": "Feature",
      "id": 4790,
      "properties": {
        "operator": "Governo do Estado (PA)",
        "operator:type": "public",
        "ref:CNES": "4790",
        "source": "cnes;datasus;dados_abertos_saude",
        "official_name": "POLICLINICA ESPECIALIZADA DO PARA UNIDADE MARCO",
        "addr:street": "Avenida Doutor Freitas",
        "addr:housenumber": "2683",
        "addr:suburb": "Marco",
        "addr:city": "Belém",
        "addr:state": "PA",
        "addr:country": "BR",
        "addr:postcode": "66095-110",
        "amenity": "clinic",
        "healthcare": "clinic",
        "name": "Policlinica Especializada do para Unidade Marco",
        "comment": "Centro de Especialidades"
      },
      "geometry": {
        "type": "Point",
        "coordinates": [
          -48.453126,
          -1.425627
        ]
      }
    },
    {
      "type": "Feature",
      "id": 2337355,
      "properties": {
        "operator": "Prefeitura Municipal de Belém",
        "operator:type": "public",
        "ref:CNES": "2337355",
        "source": "cnes;datasus;dados_abertos_saude",
        "official_name": "SERVICOS DE SAUDE E ODONTOLOGIA INTEGRADA NA UNIVERSIDADE F",
        "addr:street": "Rua Av Augusto Correa",
        "addr:housenumber": "01",
        "addr:suburb": "Guama",
        "addr:city": "Belém",
        "addr:state": "PA",
        "addr:country": "BR",
        "addr:postcode": "66050-000",
        "phone": "+55 91 3201-7688",
        "email": "nelmon@ufpa.br",
        "amenity": "dentist",
        "healthcare": "dentist",
        "name": "Centro de Especialidades Odontológicas (CEO)",
        "short_name": "CEO",
        "comment": "Odontologia (CEO)"
      },
      "geometry": {
        "type": "Point",
        "coordinates": [
          -48.4575807,
          -1.4712879
        ]
      }
    },
    {
      "type": "Feature",
      "id": 9009035,
      "properties": {
        "operator": "Prefeitura Municipal de Belém",
        "operator:type": "public",
        "ref:CNES": "9009035",
        "source": "cnes;datasus;dados_abertos_saude",
        "official_name": "SIDOPE UFPA",
        "addr:street": "Rua Augusto Correa",
        "addr:housenumber": "01",
        "addr:suburb": "Guama",
        "addr:city": "Belém",
        "addr:state": "PA",
        "addr:country": "BR",
        "addr:postcode": "66075-110",
        "amenity": "clinic",
        "healthcare": "clinic",
        "name": "Sidope Ufpa",
        "comment": "Centro de Especialidades"
      },
      "geometry": {
        "type": "Point",
        "coordinates": [
          -48.4498559,
          -1.4712879
        ]
      }
    },
    {
      "type": "Feature",
      "id": 62502,
      "properties": {
        "operator": "Governo do Estado (PA)",
        "operator:type": "public",
        "ref:CNES": "62502",
        "source": "cnes;datasus;dados_abertos_saude",
        "official_name": "SVO DVS SESPA",
        "addr:street": "Travessa Padre Eutiquio",
        "addr:housenumber": "1300",
        "addr:suburb": "Batista Campos",
        "addr:city": "Belém",
        "addr:state": "PA",
        "addr:country": "BR",
        "addr:postcode": "66023-710",
        "phone": "+55 91 4006-4834",
        "amenity": "clinic",
        "healthcare": "clinic",
        "name": "Svo Dvs Sespa",
        "comment": "Centro de Especialidades"
      },
      "geometry": {
        "type": "Point",
        "coordinates": [
          -48.493082,
          -1.4588825
        ]
      }
    },
    {
      "type": "Feature",
      "id": 2340895,
      "properties": {
        "operator": "Prefeitura Municipal de Belém",
        "operator:type": "public",
        "ref:CNES": "2340895",
        "source": "cnes;datasus;dados_abertos_saude",
        "official_name": "UNIDADE DE REFERENCIA ESPECIALIZADA EM SAUDE DA MULHER",
        "addr:street": "Rua João Balbi",
        "addr:housenumber": "1113",
        "addr:suburb": "Nazare",
        "addr:city": "Belém",
        "addr:state": "PA",
        "addr:country": "BR",
        "addr:postcode": "66023-140",
        "phone": "+55 91 3242-0642",
        "amenity": "clinic",
        "healthcare": "clinic",
        "name": "Unidade de Referencia Especializada em Saude da Mulher",
        "comment": "Centro de Especialidades"
      },
      "geometry": {
        "type": "Point",
        "coordinates": [
          -48.47829,
          -1.44668
        ]
      }
    },
    {
      "type": "Feature",
      "id": 2334283,
      "properties": {
        "operator": "Governo do Estado (PA)",
        "operator:type": "public",
        "ref:CNES": "2334283",
        "source": "cnes;datasus;dados_abertos_saude",
        "official_name": "UNIDADE DE REFERENCIA MATERNO INFANTIL E ADOLESCENTE",
        "addr:street": "Rua Av Alcindo Cacela",
        "addr:housenumber": "1421",
        "addr:suburb": "Umarizal",
        "addr:city": "Belém",
        "addr:state": "PA",
        "addr:country": "BR",
        "addr:postcode": "66040-020",
        "phone": "+55 91 3246-2303",
        "email": "uremiasespa@gmail.com",
        "amenity": "clinic",
        "healthcare": "clinic",
        "name": "Unidade de Referencia Materno Infantil e Adolescente",
        "comment": "Centro de Especialidades"
      },
      "geometry": {
        "type": "Point",
        "coordinates": [
          -48.4775323,
          -1.4489277
        ]
      }
    },
    {
      "type": "Feature",
      "id": 2333074,
      "properties": {
        "operator": "Governo do Estado (PA)",
        "operator:type": "public",
        "ref:CNES": "2333074",
        "source": "cnes;datasus;dados_abertos_saude",
        "official_name": "URE DEMETRIO MEDRADO",
        "addr:street": "Avenida Doutor Freitas",
        "addr:housenumber": "235",
        "addr:suburb": "Sacramenta",
        "addr:city": "Belém",
        "addr:state": "PA",
        "addr:country": "BR",
        "addr:postcode": "66123-050",
        "phone": "+55 91 3233-1479",
        "email": "uredmedradoi@yahoo.com.br",
        "amenity": "clinic",
        "healthcare": "clinic",
        "name": "Ure Demetrio Medrado",
        "comment": "Centro de Especialidades"
      },
      "geometry": {
        "type": "Point",
        "coordinates": [
          -48.4712496,
          -1.4124604
        ]
      }
    },
    {
      "type": "Feature",
      "id": 2752727,
      "properties": {
        "operator": "Governo do Estado (PA)",
        "operator:type": "public",
        "ref:CNES": "2752727",
        "source": "cnes;datasus;dados_abertos_saude",
        "official_name": "URE PRESIDENTE VARGAS",
        "addr:street": "Rua Av Presidente Vargas",
        "addr:housenumber": "513",
        "addr:suburb": "Comercio",
        "addr:city": "Belém",
        "addr:state": "PA",
        "addr:country": "BR",
        "addr:postcode": "66017-000",
        "phone": "+55 91 3223-4468",
        "email": "sespadcaa@yahoo.com.br",
        "amenity": "clinic",
        "healthcare": "clinic",
        "name": "Ure Presidente Vargas",
        "comment": "Centro de Especialidades"
      },
      "geometry": {
        "type": "Point",
        "coordinates": [
          -48.4976226,
          -1.4482038
        ]
      }
    },
    {
      "type": "Feature",
      "id": 2752719,
      "properties": {
        "operator": "Governo do Estado (PA)",
        "operator:type": "public",
        "ref:CNES": "2752719",
        "source": "cnes;datasus;dados_abertos_saude",
        "official_name": "URES REDUTO DOCA",
        "addr:street": "Rua Av Visconde de Souza Franco",
        "addr:housenumber": "600",
        "addr:suburb": "Reduto",
        "addr:city": "Belém",
        "addr:state": "PA",
        "addr:country": "BR",
        "addr:postcode": "66053-000",
        "phone": "+55 91 3204-3708",
        "email": "ure-doca@bol.com.br",
        "amenity": "clinic",
        "healthcare": "clinic",
        "name": "Ures Reduto Doca",
        "comment": "Centro de Especialidades"
      },
      "geometry": {
        "type": "Point",
        "coordinates": [
          -48.4902814,
          -1.4441462
        ]
      }
    },
    {
      "type": "Feature",
      "id": 2332949,
      "properties": {
        "operator": "Prefeitura Municipal de Belém",
        "operator:type": "public",
        "ref:CNES": "2332949",
        "source": "cnes;datasus;dados_abertos_saude",
        "official_name": "CENTRO DE TESTAGEM E ACONSELHAMENTO CTA",
        "addr:street": "Travessa Rui Barbosa",
        "addr:housenumber": "1059",
        "addr:suburb": "Reduto",
        "addr:city": "Belém",
        "addr:state": "PA",
        "addr:country": "BR",
        "addr:postcode": "66035-220",
        "phone": "+55 91 3241-7207",
        "email": "ctabelem@gmail.com",
        "amenity": "clinic",
        "healthcare": "diagnostic_centre",
        "name": "Centro de Testagem e Aconselhamento Cta",
        "comment": "Diagnóstico por Imagem"
      },
      "geometry": {
        "type": "Point",
        "coordinates": [
          -48.48859,
          -1.45102
        ]
      }
    },
    {
      "type": "Feature",
      "id": 5099390,
      "properties": {
        "operator": "Prefeitura Municipal de Belém",
        "operator:type": "public",
        "ref:CNES": "5099390",
        "source": "cnes;datasus;dados_abertos_saude",
        "official_name": "LABORATORIO DE VIROLOGIA LTDA",
        "addr:street": "Rua Augusto Correa",
        "addr:housenumber": "1",
        "addr:suburb": "Guama",
        "addr:city": "Belém",
        "addr:state": "PA",
        "addr:country": "BR",
        "addr:postcode": "66075-900",
        "amenity": "clinic",
        "healthcare": "diagnostic_centre",
        "name": "Laboratorio de Virologia Ltda",
        "comment": "Diagnóstico por Imagem"
      },
      "geometry": {
        "type": "Point",
        "coordinates": [
          -48.459075,
          -1.4752556
        ]
      }
    },
    {
      "type": "Feature",
      "id": 7730519,
      "properties": {
        "operator": "Prefeitura Municipal de Belém",
        "operator:type": "public",
        "ref:CNES": "7730519",
        "source": "cnes;datasus;dados_abertos_saude",
        "official_name": "CONSULTORIO ITINERANTE DE ODONTOLOGIA",
        "addr:street": "Rua dos Mundurucus",
        "addr:housenumber": "4487",
        "addr:suburb": "Guama",
        "addr:city": "Belém",
        "addr:state": "PA",
        "addr:country": "BR",
        "addr:postcode": "66010-000",
        "amenity": "clinic",
        "healthcare": "clinic",
        "name": "Consultorio Itinerante de Odontologia",
        "comment": "Outros Serviços de Saúde"
      },
      "geometry": {
        "type": "Point",
        "coordinates": [
          -48.4676403,
          -1.4581213
        ]
      }
    },
    {
      "type": "Feature",
      "id": 7377401,
      "properties": {
        "operator": "Prefeitura Municipal de Belém",
        "operator:type": "public",
        "ref:CNES": "7377401",
        "source": "cnes;datasus;dados_abertos_saude",
        "official_name": "AMBULANCHA TAYNARA BASE COTIJUBA",
        "addr:street": "Rua Magalhaes Barata",
        "addr:suburb": "Cotijuba",
        "addr:city": "Belém",
        "addr:state": "PA",
        "addr:country": "BR",
        "addr:postcode": "66810-000",
        "phone": "+55 91 3344-1861",
        "emergency": "ambulance_station",
        "emergency_service": "technical_rescue",
        "opening_hours": "24/7",
        "name": "Base SAMU 192",
        "short_name": "SAMU 192",
        "comment": "SAMU 192"
      },
      "geometry": {
        "type": "Point",
        "coordinates": [
          -48.4590895,
          -1.3789414
        ]
      }
    },
    {
      "type": "Feature",
      "id": 7531656,
      "properties": {
        "operator": "Prefeitura Municipal de Belém",
        "operator:type": "public",
        "ref:CNES": "7531656",
        "source": "cnes;datasus;dados_abertos_saude",
        "official_name": "MOTOLANCIA I BASE PALACIO",
        "addr:street": "Avenida Doutor Freitas",
        "addr:housenumber": "2531",
        "addr:suburb": "Marco",
        "addr:city": "Belém",
        "addr:state": "PA",
        "addr:country": "BR",
        "addr:postcode": "66087-810",
        "email": "estatisticasamubelem@gmail.com",
        "emergency": "ambulance_station",
        "emergency_service": "technical_rescue",
        "opening_hours": "24/7",
        "name": "Base SAMU 192",
        "short_name": "SAMU 192",
        "comment": "SAMU 192"
      },
      "geometry": {
        "type": "Point",
        "coordinates": [
          -48.4572881,
          -1.4255892
        ]
      }
    },
    {
      "type": "Feature",
      "id": 7531516,
      "properties": {
        "operator": "Prefeitura Municipal de Belém",
        "operator:type": "public",
        "ref:CNES": "7531516",
        "source": "cnes;datasus;dados_abertos_saude",
        "official_name": "MOTOLANCIA II BASE PALACIO",
        "addr:street": "Rua Avennida Dr Freitas",
        "addr:housenumber": "2531",
        "addr:suburb": "Marco",
        "addr:city": "Belém",
        "addr:state": "PA",
        "addr:country": "BR",
        "addr:postcode": "66087-810",
        "phone": "+55 91 98521-2975",
        "email": "estatisticasamubelem@gmail.com",
        "emergency": "ambulance_station",
        "emergency_service": "technical_rescue",
        "opening_hours": "24/7",
        "name": "Base SAMU 192",
        "short_name": "SAMU 192",
        "comment": "SAMU 192"
      },
      "geometry": {
        "type": "Point",
        "coordinates": [
          -48.4586343,
          -1.4248577
        ]
      }
    },
    {
      "type": "Feature",
      "id": 7531648,
      "properties": {
        "operator": "Prefeitura Municipal de Belém",
        "operator:type": "public",
        "ref:CNES": "7531648",
        "source": "cnes;datasus;dados_abertos_saude",
        "official_name": "MOTOLANCIA III BASE PRATINHA",
        "addr:street": "Rua Av Arthur Bernardes",
        "addr:suburb": "Pratinha",
        "addr:city": "Belém",
        "addr:state": "PA",
        "addr:country": "BR",
        "addr:postcode": "66115-223",
        "phone": "+55 91 3344-1861",
        "email": "estatisticasamubelem@gmail.com",
        "emergency": "ambulance_station",
        "emergency_service": "technical_rescue",
        "opening_hours": "24/7",
        "name": "Base SAMU 192",
        "short_name": "SAMU 192",
        "comment": "SAMU 192"
      },
      "geometry": {
        "type": "Point",
        "coordinates": [
          -48.4733698,
          -1.4434365
        ]
      }
    },
    {
      "type": "Feature",
      "id": 7531613,
      "properties": {
        "operator": "Prefeitura Municipal de Belém",
        "operator:type": "public",
        "ref:CNES": "7531613",
        "source": "cnes;datasus;dados_abertos_saude",
        "official_name": "MOTOLANCIA IV BASE PRATINHA",
        "addr:street": "Avenida Arthur Bernardes",
        "addr:suburb": "Pratinha",
        "addr:city": "Belém",
        "addr:state": "PA",
        "addr:country": "BR",
        "addr:postcode": "66115-223",
        "phone": "+55 91 3344-1861",
        "email": "estatisticasamubelem@gmail.com",
        "emergency": "ambulance_station",
        "emergency_service": "technical_rescue",
        "opening_hours": "24/7",
        "name": "Base SAMU 192",
        "short_name": "SAMU 192",
        "comment": "SAMU 192"
      },
      "geometry": {
        "type": "Point",
        "coordinates": [
          -48.4810516,
          -1.3708529
        ]
      }
    },
    {
      "type": "Feature",
      "id": 7376995,
      "properties": {
        "operator": "Prefeitura Municipal de Belém",
        "operator:type": "public",
        "ref:CNES": "7376995",
        "source": "cnes;datasus;dados_abertos_saude",
        "official_name": "USA 201 BASE CENTRAL CASTELO",
        "addr:street": "Rua Tv Castelo Branco",
        "addr:housenumber": "124",
        "addr:suburb": "Fatima",
        "addr:city": "Belém",
        "addr:state": "PA",
        "addr:country": "BR",
        "addr:postcode": "66060-220",
        "phone": "+55 91 98401-1746",
        "email": "estatisticasamubelem@gmail.com",
        "emergency": "ambulance_station",
        "emergency_service": "technical_rescue",
        "opening_hours": "24/7",
        "name": "Base SAMU 192",
        "short_name": "SAMU 192",
        "comment": "SAMU 192"
      },
      "geometry": {
        "type": "Point",
        "coordinates": [
          -48.473756,
          -1.4434419
        ]
      }
    },
    {
      "type": "Feature",
      "id": 7376979,
      "properties": {
        "operator": "Prefeitura Municipal de Belém",
        "operator:type": "public",
        "ref:CNES": "7376979",
        "source": "cnes;datasus;dados_abertos_saude",
        "official_name": "USA 202 BASE UFPA",
        "addr:street": "Rua Augusto Correa",
        "addr:housenumber": "01",
        "addr:suburb": "Guama",
        "addr:city": "Belém",
        "addr:state": "PA",
        "addr:country": "BR",
        "addr:postcode": "66055-260",
        "phone": "+55 91 3344-1861",
        "email": "estatisticasamubelem@gmail.com",
        "emergency": "ambulance_station",
        "emergency_service": "technical_rescue",
        "opening_hours": "24/7",
        "name": "Base SAMU 192",
        "short_name": "SAMU 192",
        "comment": "SAMU 192"
      },
      "geometry": {
        "type": "Point",
        "coordinates": [
          -48.4709811,
          -1.4438681
        ]
      }
    },
    {
      "type": "Feature",
      "id": 7376960,
      "properties": {
        "operator": "Prefeitura Municipal de Belém",
        "operator:type": "public",
        "ref:CNES": "7376960",
        "source": "cnes;datasus;dados_abertos_saude",
        "official_name": "USA 203 BASE DAICO",
        "addr:street": "Rua Av Augusto Montenegro",
        "addr:suburb": "Parque Guajara",
        "addr:city": "Belém",
        "addr:state": "PA",
        "addr:country": "BR",
        "addr:postcode": "66830-080",
        "phone": "+55 91 3344-1861",
        "email": "estatisticasamubelem@gmail.com",
        "emergency": "ambulance_station",
        "emergency_service": "technical_rescue",
        "opening_hours": "24/7",
        "name": "Base SAMU 192",
        "short_name": "SAMU 192",
        "comment": "SAMU 192"
      },
      "geometry": {
        "type": "Point",
        "coordinates": [
          -48.4484395,
          -1.3709945
        ]
      }
    },
    {
      "type": "Feature",
      "id": 7376952,
      "properties": {
        "operator": "Prefeitura Municipal de Belém",
        "operator:type": "public",
        "ref:CNES": "7376952",
        "source": "cnes;datasus;dados_abertos_saude",
        "official_name": "USA 204 BASE CENTRAL",
        "addr:street": "Avenida Almirante Barroso",
        "addr:housenumber": "4833",
        "addr:suburb": "Castanheira",
        "addr:city": "Belém",
        "addr:state": "PA",
        "addr:country": "BR",
        "addr:postcode": "66080-350",
        "phone": "+55 91 98521-2964",
        "email": "estatisticasamubelem@gmail.com",
        "emergency": "ambulance_station",
        "emergency_service": "technical_rescue",
        "opening_hours": "24/7",
        "name": "Base SAMU 192",
        "short_name": "SAMU 192",
        "comment": "SAMU 192"
      },
      "geometry": {
        "type": "Point",
        "coordinates": [
          -48.4446892,
          -1.4114335
        ]
      }
    },
    {
      "type": "Feature",
      "id": 7376839,
      "properties": {
        "operator": "Prefeitura Municipal de Belém",
        "operator:type": "public",
        "ref:CNES": "7376839",
        "source": "cnes;datasus;dados_abertos_saude",
        "official_name": "USB 101 BASE ESCOLA DE GOVERNANCA",
        "addr:street": "Avenida Governador Jose Malcher",
        "addr:housenumber": "900",
        "addr:suburb": "Nazare",
        "addr:city": "Belém",
        "addr:state": "PA",
        "addr:country": "BR",
        "addr:postcode": "66055-260",
        "phone": "+55 46 98406-0847",
        "email": "estatisticasamubelem@gmail.com",
        "emergency": "ambulance_station",
        "emergency_service": "technical_rescue",
        "opening_hours": "24/7",
        "name": "Base SAMU 192",
        "short_name": "SAMU 192",
        "comment": "SAMU 192"
      },
      "geometry": {
        "type": "Point",
        "coordinates": [
          -48.4877827,
          -1.4512322
        ]
      }
    },
    {
      "type": "Feature",
      "id": 7376820,
      "properties": {
        "operator": "Prefeitura Municipal de Belém",
        "operator:type": "public",
        "ref:CNES": "7376820",
        "source": "cnes;datasus;dados_abertos_saude",
        "official_name": "USB 102 BASE MARAMBAIA",
        "addr:street": "Rua Av Augusto Montenegro",
        "addr:suburb": "Marambaia",
        "addr:city": "Belém",
        "addr:state": "PA",
        "addr:country": "BR",
        "addr:postcode": "66645-001",
        "phone": "+55 91 3344-1861",
        "email": "estatisticasamubelem@gmail.com",
        "emergency": "ambulance_station",
        "emergency_service": "technical_rescue",
        "opening_hours": "24/7",
        "name": "Base SAMU 192",
        "short_name": "SAMU 192",
        "comment": "SAMU 192"
      },
      "geometry": {
        "type": "Point",
        "coordinates": [
          -48.4484395,
          -1.3710052
        ]
      }
    },
    {
      "type": "Feature",
      "id": 7376812,
      "properties": {
        "operator": "Prefeitura Municipal de Belém",
        "operator:type": "public",
        "ref:CNES": "7376812",
        "source": "cnes;datasus;dados_abertos_saude",
        "official_name": "USB 103 BASE CURIO UTINGA",
        "addr:street": "Rua Passagem Engenheiro Alberto Engelhard",
        "addr:housenumber": "47",
        "addr:suburb": "Curio Utinga",
        "addr:city": "Belém",
        "addr:state": "PA",
        "addr:country": "BR",
        "addr:postcode": "66610-330",
        "phone": "+55 46 98521-0598",
        "email": "estatisticasamubelem@gmail.com",
        "emergency": "ambulance_station",
        "emergency_service": "technical_rescue",
        "opening_hours": "24/7",
        "name": "Base SAMU 192",
        "short_name": "SAMU 192",
        "comment": "SAMU 192"
      },
      "geometry": {
        "type": "Point",
        "coordinates": [
          -48.4789397,
          -1.4488582
        ]
      }
    },
    {
      "type": "Feature",
      "id": 7376804,
      "properties": {
        "operator": "Prefeitura Municipal de Belém",
        "operator:type": "public",
        "ref:CNES": "7376804",
        "source": "cnes;datasus;dados_abertos_saude",
        "official_name": "USB 104 BASE TAPANA",
        "addr:street": "Rua São Clemente",
        "addr:housenumber": "3300",
        "addr:suburb": "Tapana",
        "addr:city": "Belém",
        "addr:state": "PA",
        "addr:country": "BR",
        "addr:postcode": "66025-620",
        "phone": "+55 46 98520-9589",
        "email": "estatisticasamubelem@gmail.com",
        "emergency": "ambulance_station",
        "emergency_service": "technical_rescue",
        "opening_hours": "24/7",
        "name": "Base SAMU 192",
        "short_name": "SAMU 192",
        "comment": "SAMU 192"
      },
      "geometry": {
        "type": "Point",
        "coordinates": [
          -48.4698487,
          -1.3494918
        ]
      }
    },
    {
      "type": "Feature",
      "id": 7376782,
      "properties": {
        "operator": "Prefeitura Municipal de Belém",
        "operator:type": "public",
        "ref:CNES": "7376782",
        "source": "cnes;datasus;dados_abertos_saude",
        "official_name": "USB 105 BASE SATELITE",
        "addr:street": "Travessa We 08",
        "addr:suburb": "Coqueiro",
        "addr:city": "Belém",
        "addr:state": "PA",
        "addr:country": "BR",
        "addr:postcode": "66670-220",
        "phone": "+55 46 98521-2462",
        "email": "estatisticasamubelem@gmail.com",
        "emergency": "ambulance_station",
        "emergency_service": "technical_rescue",
        "opening_hours": "24/7",
        "name": "Base SAMU 192",
        "short_name": "SAMU 192",
        "comment": "SAMU 192"
      },
      "geometry": {
        "type": "Point",
        "coordinates": [
          -48.4083919,
          -1.3632168
        ]
      }
    },
    {
      "type": "Feature",
      "id": 7376774,
      "properties": {
        "operator": "Prefeitura Municipal de Belém",
        "operator:type": "public",
        "ref:CNES": "7376774",
        "source": "cnes;datasus;dados_abertos_saude",
        "official_name": "USB 106 BASE CREMACAO",
        "addr:street": "Rua Tv Padre Eutiquio",
        "addr:housenumber": "2806",
        "addr:suburb": "Cremacao",
        "addr:city": "Belém",
        "addr:state": "PA",
        "addr:country": "BR",
        "addr:postcode": "66045-000",
        "phone": "+55 46 98520-9727",
        "email": "estatisticasamubelem@gmail.com",
        "emergency": "ambulance_station",
        "emergency_service": "technical_rescue",
        "opening_hours": "24/7",
        "name": "Base SAMU 192",
        "short_name": "SAMU 192",
        "comment": "SAMU 192"
      },
      "geometry": {
        "type": "Point",
        "coordinates": [
          -48.483917,
          -1.4678217
        ]
      }
    },
    {
      "type": "Feature",
      "id": 7377002,
      "properties": {
        "operator": "Prefeitura Municipal de Belém",
        "operator:type": "public",
        "ref:CNES": "7377002",
        "source": "cnes;datasus;dados_abertos_saude",
        "official_name": "USB 107 BASE DASAC",
        "addr:street": "Rua Av Dr Freitas",
        "addr:housenumber": "860",
        "addr:suburb": "Sacramenta",
        "addr:city": "Belém",
        "addr:state": "PA",
        "addr:country": "BR",
        "addr:postcode": "66080-350",
        "phone": "+55 91 3344-1861",
        "email": "estatisticasamubelem@gmail.com",
        "emergency": "ambulance_station",
        "emergency_service": "technical_rescue",
        "opening_hours": "24/7",
        "name": "Base SAMU 192",
        "short_name": "SAMU 192",
        "comment": "SAMU 192"
      },
      "geometry": {
        "type": "Point",
        "coordinates": [
          -48.4559137,
          -1.4248812
        ]
      }
    },
    {
      "type": "Feature",
      "id": 7376987,
      "properties": {
        "operator": "Prefeitura Municipal de Belém",
        "operator:type": "public",
        "ref:CNES": "7376987",
        "source": "cnes;datasus;dados_abertos_saude",
        "official_name": "USB 108 BASE GUAMA",
        "addr:street": "Rua Barao de Igarape Miri",
        "addr:housenumber": "479",
        "addr:suburb": "Guama",
        "addr:city": "Belém",
        "addr:state": "PA",
        "addr:country": "BR",
        "addr:postcode": "66110-210",
        "phone": "+55 46 98521-1876",
        "email": "estatisticasamubelem@gmail.com",
        "emergency": "ambulance_station",
        "emergency_service": "technical_rescue",
        "opening_hours": "24/7",
        "name": "Base SAMU 192",
        "short_name": "SAMU 192",
        "comment": "SAMU 192"
      },
      "geometry": {
        "type": "Point",
        "coordinates": [
          -48.4668669,
          -1.466613
        ]
      }
    },
    {
      "type": "Feature",
      "id": 7524331,
      "properties": {
        "operator": "Prefeitura Municipal de Belém",
        "operator:type": "public",
        "ref:CNES": "7524331",
        "source": "cnes;datasus;dados_abertos_saude",
        "official_name": "USB 109 BASE OUTEIRO",
        "addr:street": "Rua Manoel Barata",
        "addr:housenumber": "2373",
        "addr:suburb": "Outeiro",
        "addr:city": "Belém",
        "addr:state": "PA",
        "addr:country": "BR",
        "addr:postcode": "66840-040",
        "phone": "+55 46 98521-0020",
        "email": "estatisticasamubelem@gmail.com",
        "emergency": "ambulance_station",
        "emergency_service": "technical_rescue",
        "opening_hours": "24/7",
        "name": "Base SAMU 192",
        "short_name": "SAMU 192",
        "comment": "SAMU 192"
      },
      "geometry": {
        "type": "Point",
        "coordinates": [
          -48.4924427,
          -1.4444875
        ]
      }
    },
    {
      "type": "Feature",
      "id": 7376847,
      "properties": {
        "operator": "Prefeitura Municipal de Belém",
        "operator:type": "public",
        "ref:CNES": "7376847",
        "source": "cnes;datasus;dados_abertos_saude",
        "official_name": "USB 110 BASE ICOARACI",
        "addr:street": "Rua Manoel Barata",
        "addr:housenumber": "840",
        "addr:suburb": "Cruzeiro",
        "addr:city": "Belém",
        "addr:state": "PA",
        "addr:country": "BR",
        "addr:postcode": "66812-020",
        "phone": "+55 46 98521-0409",
        "email": "estatisticasamubelem@gmail.com",
        "emergency": "ambulance_station",
        "emergency_service": "technical_rescue",
        "opening_hours": "24/7",
        "name": "Base SAMU 192",
        "short_name": "SAMU 192",
        "comment": "SAMU 192"
      },
      "geometry": {
        "type": "Point",
        "coordinates": [
          -48.4991439,
          -1.450202
        ]
      }
    },
    {
      "type": "Feature",
      "id": 7376863,
      "properties": {
        "operator": "Prefeitura Municipal de Belém",
        "operator:type": "public",
        "ref:CNES": "7376863",
        "source": "cnes;datasus;dados_abertos_saude",
        "official_name": "USB 111 BASE MOSQUEIRO",
        "addr:street": "Rua 15 de Novembro",
        "addr:housenumber": "488",
        "addr:suburb": "Praia Grande",
        "addr:city": "Belém",
        "addr:state": "PA",
        "addr:country": "BR",
        "addr:postcode": "66910-000",
        "phone": "+55 46 98402-8130",
        "email": "estatisticasamubelem@gmail.com",
        "emergency": "ambulance_station",
        "emergency_service": "technical_rescue",
        "opening_hours": "24/7",
        "name": "Base SAMU 192",
        "short_name": "SAMU 192",
        "comment": "SAMU 192"
      },
      "geometry": {
        "type": "Point",
        "coordinates": [
          -48.5037134,
          -1.4527031
        ]
      }
    },
    {
      "type": "Feature",
      "id": 7376855,
      "properties": {
        "operator": "Prefeitura Municipal de Belém",
        "operator:type": "public",
        "ref:CNES": "7376855",
        "source": "cnes;datasus;dados_abertos_saude",
        "official_name": "USB 112 BASE COTIJUBA",
        "addr:street": "Rua Av Magalhaes Barata",
        "addr:suburb": "Cotijuba",
        "addr:city": "Belém",
        "addr:state": "PA",
        "addr:country": "BR",
        "addr:postcode": "66810-000",
        "phone": "+55 46 98432-5366",
        "email": "estatisticasamubelem@gmail.com",
        "emergency": "ambulance_station",
        "emergency_service": "technical_rescue",
        "opening_hours": "24/7",
        "name": "Base SAMU 192",
        "short_name": "SAMU 192",
        "comment": "SAMU 192"
      },
      "geometry": {
        "type": "Point",
        "coordinates": [
          -48.5065397,
          -1.4153639
        ]
      }
    },
    {
      "type": "Feature",
      "id": 7604319,
      "properties": {
        "operator": "Governo do Estado (PA)",
        "operator:type": "public",
        "ref:CNES": "7604319",
        "source": "cnes;datasus;dados_abertos_saude",
        "official_name": "CENTRAL DE ABASTECIMENTO FARMACEUTICO DO PARA",
        "addr:street": "Rua dos Timbiras",
        "addr:housenumber": "1827",
        "addr:suburb": "Batista Campos",
        "addr:city": "Belém",
        "addr:state": "PA",
        "addr:country": "BR",
        "addr:postcode": "66017-000",
        "amenity": "pharmacy",
        "healthcare": "pharmacy",
        "dispensing": "yes",
        "name": "Central de Abastecimento Farmaceutico do para",
        "comment": "Farmácia Pública"
      },
      "geometry": {
        "type": "Point",
        "coordinates": [
          -48.485544,
          -1.4621763
        ]
      }
    },
    {
      "type": "Feature",
      "id": 7375697,
      "properties": {
        "operator": "Governo do Estado (PA)",
        "operator:type": "public",
        "ref:CNES": "7375697",
        "source": "cnes;datasus;dados_abertos_saude",
        "official_name": "UDME 1 CRS CESUPA",
        "addr:street": "Rua Av Governador Jose Malcher",
        "addr:housenumber": "1242",
        "addr:suburb": "São Bras",
        "addr:city": "Belém",
        "addr:state": "PA",
        "addr:country": "BR",
        "addr:postcode": "66060-230",
        "amenity": "clinic",
        "healthcare": "clinic",
        "emergency": "yes",
        "opening_hours": "24/7",
        "name": "UPA 24 Horas Maria Itália Freddo",
        "short_name": "UPA 24h",
        "comment": "UPA 24h"
      },
      "geometry": {
        "type": "Point",
        "coordinates": [
          -48.4820437,
          -1.4499547
        ]
      }
    },
    {
      "type": "Feature",
      "id": 100862,
      "properties": {
        "operator": "Governo do Estado (PA)",
        "operator:type": "public",
        "ref:CNES": "100862",
        "source": "cnes;datasus;dados_abertos_saude",
        "official_name": "UDME ABELARDO SANTOS",
        "addr:street": "Rodovia Augusto Montenegro Km 13",
        "addr:housenumber": "520",
        "addr:suburb": "Icoaraci",
        "addr:city": "Belém",
        "addr:state": "PA",
        "addr:country": "BR",
        "addr:postcode": "66811-000",
        "phone": "+55 91 4006-4280",
        "amenity": "pharmacy",
        "healthcare": "pharmacy",
        "dispensing": "yes",
        "name": "Udme Abelardo Santos",
        "comment": "Farmácia Pública"
      },
      "geometry": {
        "type": "Point",
        "coordinates": [
          -48.4537606,
          -1.3338546
        ]
      }
    },
    {
      "type": "Feature",
      "id": 7296983,
      "properties": {
        "operator": "Governo do Estado (PA)",
        "operator:type": "public",
        "ref:CNES": "7296983",
        "source": "cnes;datasus;dados_abertos_saude",
        "official_name": "UDME BARROS",
        "addr:street": "Rua dos Mundurucus",
        "addr:housenumber": "4487",
        "addr:suburb": "Guama",
        "addr:city": "Belém",
        "addr:state": "PA",
        "addr:country": "BR",
        "addr:postcode": "66063-495",
        "amenity": "pharmacy",
        "healthcare": "pharmacy",
        "dispensing": "yes",
        "name": "Udme Barros",
        "comment": "Farmácia Pública"
      },
      "geometry": {
        "type": "Point",
        "coordinates": [
          -48.4647152,
          -1.458005
        ]
      }
    },
    {
      "type": "Feature",
      "id": 7308965,
      "properties": {
        "operator": "Governo do Estado (PA)",
        "operator:type": "public",
        "ref:CNES": "7308965",
        "source": "cnes;datasus;dados_abertos_saude",
        "official_name": "UDME BETTINA FERRO",
        "addr:street": "Rua Av Perimetral",
        "addr:housenumber": "1",
        "addr:suburb": "Guama",
        "addr:city": "Belém",
        "addr:state": "PA",
        "addr:country": "BR",
        "addr:postcode": "66075-110",
        "amenity": "pharmacy",
        "healthcare": "pharmacy",
        "dispensing": "yes",
        "name": "Udme Bettina Ferro",
        "comment": "Farmácia Pública"
      },
      "geometry": {
        "type": "Point",
        "coordinates": [
          -48.4693182,
          -1.3509268
        ]
      }
    },
    {
      "type": "Feature",
      "id": 9181210,
      "properties": {
        "operator": "Governo do Estado (PA)",
        "operator:type": "public",
        "ref:CNES": "9181210",
        "source": "cnes;datasus;dados_abertos_saude",
        "official_name": "UDME CASA DIA BELEM",
        "addr:street": "Avenida Pedro Alvares Cabral",
        "addr:housenumber": "337",
        "addr:suburb": "Sacramenta",
        "addr:city": "Belém",
        "addr:state": "PA",
        "addr:country": "BR",
        "addr:postcode": "66615-860",
        "amenity": "pharmacy",
        "healthcare": "pharmacy",
        "dispensing": "yes",
        "name": "Udme Casa Dia Belem",
        "comment": "Farmácia Pública"
      },
      "geometry": {
        "type": "Point",
        "coordinates": [
          -48.4926344,
          -1.4389758
        ]
      }
    },
    {
      "type": "Feature",
      "id": 7598505,
      "properties": {
        "operator": "Governo do Estado (PA)",
        "operator:type": "public",
        "ref:CNES": "7598505",
        "source": "cnes;datasus;dados_abertos_saude",
        "official_name": "UDME CASA DO IDOSO",
        "addr:street": "Avenida Governador Jose Malcher",
        "addr:housenumber": "333",
        "addr:suburb": "Nazare",
        "addr:city": "Belém",
        "addr:state": "PA",
        "addr:country": "BR",
        "addr:postcode": "66035-065",
        "amenity": "pharmacy",
        "healthcare": "pharmacy",
        "dispensing": "yes",
        "name": "Udme Casa do Idoso",
        "comment": "Farmácia Pública"
      },
      "geometry": {
        "type": "Point",
        "coordinates": [
          -48.4905438,
          -1.4520031
        ]
      }
    },
    {
      "type": "Feature",
      "id": 6757634,
      "properties": {
        "operator": "Prefeitura Municipal de Belém",
        "operator:type": "public",
        "ref:CNES": "6757634",
        "source": "cnes;datasus;dados_abertos_saude",
        "official_name": "UDME CSE MARCO UEPA",
        "addr:street": "Avenida 25 de Setembro",
        "addr:housenumber": "2570",
        "addr:suburb": "Marco",
        "addr:city": "Belém",
        "addr:state": "PA",
        "addr:country": "BR",
        "addr:postcode": "66615-000",
        "phone": "+55 91 3228-0510",
        "amenity": "pharmacy",
        "healthcare": "pharmacy",
        "dispensing": "yes",
        "name": "Udme Cse Marco Uepa",
        "comment": "Farmácia Pública"
      },
      "geometry": {
        "type": "Point",
        "coordinates": [
          -48.4555689,
          -1.4264769
        ]
      }
    },
    {
      "type": "Feature",
      "id": 7339518,
      "properties": {
        "operator": "Governo do Estado (PA)",
        "operator:type": "public",
        "ref:CNES": "7339518",
        "source": "cnes;datasus;dados_abertos_saude",
        "official_name": "UDME DEMETRIO MEDRADO",
        "addr:street": "Rua Av Doutor Freitas",
        "addr:housenumber": "235",
        "addr:suburb": "Sacramenta",
        "addr:city": "Belém",
        "addr:state": "PA",
        "addr:country": "BR",
        "addr:postcode": "66123-050",
        "amenity": "pharmacy",
        "healthcare": "pharmacy",
        "dispensing": "yes",
        "name": "Udme Demetrio Medrado",
        "comment": "Farmácia Pública"
      },
      "geometry": {
        "type": "Point",
        "coordinates": [
          -48.4712224,
          -1.4124447
        ]
      }
    },
    {
      "type": "Feature",
      "id": 6989632,
      "properties": {
        "operator": "Governo do Estado (PA)",
        "operator:type": "public",
        "ref:CNES": "6989632",
        "source": "cnes;datasus;dados_abertos_saude",
        "official_name": "UDME DIPE",
        "addr:street": "Rua Tv Magno de Araujo",
        "addr:housenumber": "55",
        "addr:suburb": "Telegrafo",
        "addr:city": "Belém",
        "addr:state": "PA",
        "addr:country": "BR",
        "addr:postcode": "66113-058",
        "phone": "+55 91 3244-5364",
        "email": "sespa21@prodepa.gov.br",
        "amenity": "pharmacy",
        "healthcare": "pharmacy",
        "dispensing": "yes",
        "name": "Udme Dipe",
        "comment": "Farmácia Pública"
      },
      "geometry": {
        "type": "Point",
        "coordinates": [
          -48.4831353,
          -1.4290825
        ]
      }
    },
    {
      "type": "Feature",
      "id": 7297076,
      "properties": {
        "operator": "Governo do Estado (PA)",
        "operator:type": "public",
        "ref:CNES": "7297076",
        "source": "cnes;datasus;dados_abertos_saude",
        "official_name": "UDME DOCA",
        "addr:street": "Avenida Visconde de Sauza Franco",
        "addr:housenumber": "600",
        "addr:suburb": "Reduto",
        "addr:city": "Belém",
        "addr:state": "PA",
        "addr:country": "BR",
        "addr:postcode": "66053-000",
        "amenity": "pharmacy",
        "healthcare": "pharmacy",
        "dispensing": "yes",
        "name": "Udme Doca",
        "comment": "Farmácia Pública"
      },
      "geometry": {
        "type": "Point",
        "coordinates": [
          -48.492,
          -1.443
        ]
      }
    },
    {
      "type": "Feature",
      "id": 7297009,
      "properties": {
        "operator": "Governo do Estado (PA)",
        "operator:type": "public",
        "ref:CNES": "7297009",
        "source": "cnes;datasus;dados_abertos_saude",
        "official_name": "UDME HCGV",
        "addr:street": "Travessa Alferes Costa",
        "addr:suburb": "Pedreira",
        "addr:city": "Belém",
        "addr:state": "PA",
        "addr:country": "BR",
        "addr:postcode": "66083-109",
        "amenity": "pharmacy",
        "healthcare": "pharmacy",
        "dispensing": "yes",
        "name": "Udme Hcgv",
        "comment": "Farmácia Pública"
      },
      "geometry": {
        "type": "Point",
        "coordinates": [
          -48.4801646,
          -1.4101664
        ]
      }
    },
    {
      "type": "Feature",
      "id": 7311745,
      "properties": {
        "operator": "Governo do Estado (PA)",
        "operator:type": "public",
        "ref:CNES": "7311745",
        "source": "cnes;datasus;dados_abertos_saude",
        "official_name": "UDME HEMOPA",
        "addr:street": "Travessa Padre Eutiquio",
        "addr:housenumber": "2109",
        "addr:suburb": "Batista Campos",
        "addr:city": "Belém",
        "addr:state": "PA",
        "addr:country": "BR",
        "addr:postcode": "66033-726",
        "amenity": "pharmacy",
        "healthcare": "pharmacy",
        "dispensing": "yes",
        "name": "Udme Hemopa",
        "comment": "Farmácia Pública"
      },
      "geometry": {
        "type": "Point",
        "coordinates": [
          -48.4871616,
          -1.4627351
        ]
      }
    },
    {
      "type": "Feature",
      "id": 7296932,
      "properties": {
        "operator": "Governo do Estado (PA)",
        "operator:type": "public",
        "ref:CNES": "7296932",
        "source": "cnes;datasus;dados_abertos_saude",
        "official_name": "UDME OPHIR",
        "addr:street": "Avenida Magalhaes Barata",
        "addr:housenumber": "992",
        "addr:suburb": "São Braz",
        "addr:city": "Belém",
        "addr:state": "PA",
        "addr:country": "BR",
        "addr:postcode": "66060-281",
        "amenity": "pharmacy",
        "healthcare": "pharmacy",
        "dispensing": "yes",
        "name": "Udme Ophir",
        "comment": "Farmácia Pública"
      },
      "geometry": {
        "type": "Point",
        "coordinates": [
          -47.9239728,
          -1.303441
        ]
      }
    },
    {
      "type": "Feature",
      "id": 7297068,
      "properties": {
        "operator": "Governo do Estado (PA)",
        "operator:type": "public",
        "ref:CNES": "7297068",
        "source": "cnes;datasus;dados_abertos_saude",
        "official_name": "UDME P VARGAS",
        "addr:street": "Avenida Presidente Vargas",
        "addr:housenumber": "513",
        "addr:suburb": "Comercio",
        "addr:city": "Belém",
        "addr:state": "PA",
        "addr:country": "BR",
        "addr:postcode": "66017-000",
        "amenity": "pharmacy",
        "healthcare": "pharmacy",
        "dispensing": "yes",
        "name": "Udme P Vargas",
        "comment": "Farmácia Pública"
      },
      "geometry": {
        "type": "Point",
        "coordinates": [
          -48.4972033,
          -1.4504291
        ]
      }
    },
    {
      "type": "Feature",
      "id": 7297017,
      "properties": {
        "operator": "Governo do Estado (PA)",
        "operator:type": "public",
        "ref:CNES": "7297017",
        "source": "cnes;datasus;dados_abertos_saude",
        "official_name": "UDME SANTA CASA",
        "addr:street": "Rua Oliveira Belo",
        "addr:housenumber": "395",
        "addr:suburb": "Umarizal",
        "addr:city": "Belém",
        "addr:state": "PA",
        "addr:country": "BR",
        "addr:postcode": "66050-380",
        "amenity": "pharmacy",
        "healthcare": "pharmacy",
        "dispensing": "yes",
        "name": "Udme Santa Casa",
        "comment": "Farmácia Pública"
      },
      "geometry": {
        "type": "Point",
        "coordinates": [
          -48.4807994,
          -1.4408833
        ]
      }
    },
    {
      "type": "Feature",
      "id": 7296967,
      "properties": {
        "operator": "Governo do Estado (PA)",
        "operator:type": "public",
        "ref:CNES": "7296967",
        "source": "cnes;datasus;dados_abertos_saude",
        "official_name": "UDME UREMIA",
        "addr:street": "Avenida Alcindo Cacela",
        "addr:housenumber": "1435",
        "addr:suburb": "Umarizal",
        "addr:city": "Belém",
        "addr:state": "PA",
        "addr:country": "BR",
        "addr:postcode": "66060-271",
        "amenity": "pharmacy",
        "healthcare": "pharmacy",
        "dispensing": "yes",
        "name": "Udme Uremia",
        "comment": "Farmácia Pública"
      },
      "geometry": {
        "type": "Point",
        "coordinates": [
          -48.4774972,
          -1.4490585
        ]
      }
    },
    {
      "type": "Feature",
      "id": 9794824,
      "properties": {
        "operator": "Prefeitura Municipal de Belém",
        "operator:type": "public",
        "ref:CNES": "9794824",
        "source": "cnes;datasus;dados_abertos_saude",
        "official_name": "ADEPARA",
        "addr:street": "Rua Av Pedro Miranda",
        "addr:housenumber": "1666",
        "addr:suburb": "Pedreira",
        "addr:city": "Belém",
        "addr:state": "PA",
        "addr:country": "BR",
        "addr:postcode": "66085-023",
        "phone": "+55 91 3210-1100",
        "email": "geda@adepara.para.gov.br",
        "office": "government",
        "government": "healthcare",
        "name": "Vigilância Sanitária Municipal",
        "short_name": "VISA",
        "comment": "Vigilância Sanitária"
      },
      "geometry": {
        "type": "Point",
        "coordinates": [
          -48.4729955,
          -1.4259396
        ]
      }
    },
    {
      "type": "Feature",
      "id": 9269614,
      "properties": {
        "operator": "Prefeitura Municipal de Belém",
        "operator:type": "public",
        "ref:CNES": "9269614",
        "source": "cnes;datasus;dados_abertos_saude",
        "official_name": "CENTRO DE CONTROLE DE ZOONOSES",
        "addr:street": "Rodovia Augusto Montenegro",
        "addr:suburb": "Tapana",
        "addr:city": "Belém",
        "addr:state": "PA",
        "addr:country": "BR",
        "addr:postcode": "66823-010",
        "phone": "+55 91 3344-2350",
        "email": "cczbelem@gmail.com",
        "office": "government",
        "government": "healthcare",
        "name": "Vigilância Sanitária Municipal",
        "short_name": "VISA",
        "comment": "Vigilância Sanitária"
      },
      "geometry": {
        "type": "Point",
        "coordinates": [
          -48.457552,
          -1.3157942
        ]
      }
    },
    {
      "type": "Feature",
      "id": 2340852,
      "properties": {
        "operator": "Prefeitura Municipal de Belém",
        "operator:type": "public",
        "ref:CNES": "2340852",
        "source": "cnes;datasus;dados_abertos_saude",
        "official_name": "DEPARTAMENTO DE VIGILANCIA SANITARIA",
        "addr:street": "Rua Governador Jose Malcher",
        "addr:housenumber": "2821",
        "addr:suburb": "São Bras",
        "addr:city": "Belém",
        "addr:state": "PA",
        "addr:country": "BR",
        "addr:postcode": "66090-100",
        "phone": "+55 46 3184-6135",
        "email": "devisa@saude.belem.pa.gov.br",
        "office": "government",
        "government": "healthcare",
        "name": "Vigilância Sanitária Municipal",
        "short_name": "VISA",
        "comment": "Vigilância Sanitária"
      },
      "geometry": {
        "type": "Point",
        "coordinates": [
          -48.4711237,
          -1.4481616
        ]
      }
    },
    {
      "type": "Feature",
      "id": 7780966,
      "properties": {
        "operator": "Prefeitura Municipal de Belém",
        "operator:type": "public",
        "ref:CNES": "7780966",
        "source": "cnes;datasus;dados_abertos_saude",
        "official_name": "DEVS",
        "addr:street": "Rua Av Governador Jose Malcher",
        "addr:housenumber": "2821",
        "addr:suburb": "São Bras",
        "addr:city": "Belém",
        "addr:state": "PA",
        "addr:country": "BR",
        "addr:postcode": "66090-100",
        "phone": "+55 91 3184-6125",
        "email": "devs@sesma.pmb.pa.gov.br",
        "office": "government",
        "government": "healthcare",
        "name": "Vigilância Sanitária Municipal",
        "short_name": "VISA",
        "comment": "Vigilância Sanitária"
      },
      "geometry": {
        "type": "Point",
        "coordinates": [
          -48.4707148,
          -1.4482859
        ]
      }
    },
    {
      "type": "Feature",
      "id": 8326398,
      "properties": {
        "operator": "Prefeitura Municipal de Belém",
        "operator:type": "public",
        "ref:CNES": "8326398",
        "source": "cnes;datasus;dados_abertos_saude",
        "official_name": "UNID DE REF DE VIG DAS DOENCAS TROP NEGLIGENCIADAS URVET",
        "addr:street": "Rua Av Alcindo Cacela",
        "addr:housenumber": "3073",
        "addr:suburb": "Cremacao",
        "addr:city": "Belém",
        "addr:state": "PA",
        "addr:country": "BR",
        "addr:postcode": "66065-205",
        "email": "cresesma@gmail.com",
        "office": "government",
        "government": "healthcare",
        "name": "Vigilância Sanitária Municipal",
        "short_name": "VISA",
        "comment": "Vigilância Sanitária"
      },
      "geometry": {
        "type": "Point",
        "coordinates": [
          -48.4790578,
          -1.4642502
        ]
      }
    },
    {
      "type": "Feature",
      "id": 2695170,
      "properties": {
        "operator": "Prefeitura Municipal de Belém",
        "operator:type": "public",
        "ref:CNES": "2695170",
        "source": "cnes;datasus;dados_abertos_saude",
        "official_name": "CASA DIA CENTRO DE ATS EM DOENCAS INFECCIOSAS ADQUIRIDAS",
        "addr:street": "Avenida Pedro Alvares Cabral",
        "addr:suburb": "Sacramenta",
        "addr:city": "Belém",
        "addr:state": "PA",
        "addr:country": "BR",
        "addr:postcode": "66120-620",
        "phone": "+55 91 3236-3155",
        "amenity": "clinic",
        "healthcare": "clinic",
        "name": "Casa Dia Centro de Ats em Doencas Infecciosas Adquiridas",
        "comment": "Outros Serviços de Saúde"
      },
      "geometry": {
        "type": "Point",
        "coordinates": [
          -48.48302,
          -1.4181
        ]
      }
    },
    {
      "type": "Feature",
      "id": 2333082,
      "properties": {
        "operator": "Governo do Estado (PA)",
        "operator:type": "public",
        "ref:CNES": "2333082",
        "source": "cnes;datasus;dados_abertos_saude",
        "official_name": "URE DIPE",
        "addr:street": "Rua Trav Magno de Araujo",
        "addr:suburb": "Telegrafo",
        "addr:city": "Belém",
        "addr:state": "PA",
        "addr:country": "BR",
        "addr:postcode": "66010-000",
        "phone": "+55 91 3244-5364",
        "email": "uredipe@gmail.com",
        "amenity": "clinic",
        "healthcare": "clinic",
        "name": "Ure Dipe",
        "comment": "Outros Serviços de Saúde"
      },
      "geometry": {
        "type": "Point",
        "coordinates": [
          -48.45,
          -1.435
        ]
      }
    },
    {
      "type": "Feature",
      "id": 5544270,
      "properties": {
        "operator": "Prefeitura Municipal de Belém",
        "operator:type": "public",
        "ref:CNES": "5544270",
        "source": "cnes;datasus;dados_abertos_saude",
        "official_name": "IASEP",
        "addr:street": "Rua Av João Paulo II",
        "addr:housenumber": "277",
        "addr:suburb": "Marco",
        "addr:city": "Belém",
        "addr:state": "PA",
        "addr:country": "BR",
        "addr:postcode": "66095-491",
        "office": "government",
        "government": "healthcare",
        "name": "Secretaria Municipal de Saúde de Pato Branco",
        "short_name": "SMS Pato Branco",
        "comment": "Secretaria Municipal de Saúde"
      },
      "geometry": {
        "type": "Point",
        "coordinates": [
          -48.4610766,
          -1.4455854
        ]
      }
    },
    {
      "type": "Feature",
      "id": 6628206,
      "properties": {
        "operator": "Governo do Estado (PA)",
        "operator:type": "public",
        "ref:CNES": "6628206",
        "source": "cnes;datasus;dados_abertos_saude",
        "official_name": "SECRETARIA ESTADUAL DE SAUDE PUBLICA DO PARA",
        "addr:street": "Travessa Lomas Valentinas",
        "addr:housenumber": "2190",
        "addr:suburb": "Marco",
        "addr:city": "Belém",
        "addr:state": "PA",
        "addr:country": "BR",
        "addr:postcode": "66093-677",
        "phone": "+55 91 4006-4200",
        "email": "sespa@sespa.pa.gov.br",
        "office": "government",
        "government": "healthcare",
        "name": "Secretaria Municipal de Saúde de Pato Branco",
        "short_name": "SMS Pato Branco",
        "comment": "Secretaria Municipal de Saúde"
      },
      "geometry": {
        "type": "Point",
        "coordinates": [
          -48.4844817,
          -1.4567369
        ]
      }
    },
    {
      "type": "Feature",
      "id": 5402875,
      "properties": {
        "operator": "Prefeitura Municipal de Belém",
        "operator:type": "public",
        "ref:CNES": "5402875",
        "source": "cnes;datasus;dados_abertos_saude",
        "official_name": "SESMA",
        "addr:street": "Rua Av Governador Jose Malcher",
        "addr:housenumber": "2821",
        "addr:suburb": "São Braz",
        "addr:city": "Belém",
        "addr:state": "PA",
        "addr:country": "BR",
        "addr:postcode": "66093-542",
        "phone": "+55 91 3184-6106",
        "email": "nati@cinbesa.com.br",
        "office": "government",
        "government": "healthcare",
        "name": "Secretaria Municipal de Saúde de Pato Branco",
        "short_name": "SMS Pato Branco",
        "comment": "Secretaria Municipal de Saúde"
      },
      "geometry": {
        "type": "Point",
        "coordinates": [
          -48.47236,
          -1.44252
        ]
      }
    },
    {
      "type": "Feature",
      "id": 6557392,
      "properties": {
        "operator": "Governo do Estado (PA)",
        "operator:type": "public",
        "ref:CNES": "6557392",
        "source": "cnes;datasus;dados_abertos_saude",
        "official_name": "SESPA 1 RPS",
        "addr:street": "Avenida Presidente Vargas",
        "addr:housenumber": "513",
        "addr:city": "Belém",
        "addr:state": "PA",
        "addr:country": "BR",
        "addr:postcode": "66017-000",
        "phone": "+55 91 3241-0977",
        "office": "government",
        "government": "healthcare",
        "name": "Secretaria Municipal de Saúde de Pato Branco",
        "short_name": "SMS Pato Branco",
        "comment": "Secretaria Municipal de Saúde"
      },
      "geometry": {
        "type": "Point",
        "coordinates": [
          -48.4971761,
          -1.4504134
        ]
      }
    },
    {
      "type": "Feature",
      "id": 6557430,
      "properties": {
        "operator": "Governo do Estado (PA)",
        "operator:type": "public",
        "ref:CNES": "6557430",
        "source": "cnes;datasus;dados_abertos_saude",
        "official_name": "SESPA 7 RPS",
        "addr:street": "Avenida Jose Bonifacio",
        "addr:housenumber": "704",
        "addr:suburb": "São Braz",
        "addr:city": "Belém",
        "addr:state": "PA",
        "addr:country": "BR",
        "addr:postcode": "66050-000",
        "phone": "+55 91 3202-9705",
        "office": "government",
        "government": "healthcare",
        "name": "Secretaria Municipal de Saúde de Pato Branco",
        "short_name": "SMS Pato Branco",
        "comment": "Secretaria Municipal de Saúde"
      },
      "geometry": {
        "type": "Point",
        "coordinates": [
          -48.4691668,
          -1.4451493
        ]
      }
    },
    {
      "type": "Feature",
      "id": 2752697,
      "properties": {
        "operator": "Prefeitura Municipal de Belém",
        "operator:type": "public",
        "ref:CNES": "2752697",
        "source": "cnes;datasus;dados_abertos_saude",
        "official_name": "HEMOPA FUNDACAO HEMOPA",
        "addr:street": "Rua Trv Padre Eutiquio",
        "addr:housenumber": "2109",
        "addr:suburb": "Batista Campos",
        "addr:city": "Belém",
        "addr:state": "PA",
        "addr:country": "BR",
        "addr:postcode": "66010-100",
        "phone": "+55 91 3110-6500",
        "email": "gabinete@hemopa.pa.gov.br",
        "amenity": "blood_donation",
        "healthcare": "blood_donation",
        "name": "Hemonúcleo de Pato Branco (HEMEPAR)",
        "short_name": "Hemepar Pato Branco",
        "comment": "Doação de Sangue (HEMEPAR)"
      },
      "geometry": {
        "type": "Point",
        "coordinates": [
          -48.487215,
          -1.462675
        ]
      }
    },
    {
      "type": "Feature",
      "id": 2695162,
      "properties": {
        "operator": "Governo do Estado (PA)",
        "operator:type": "public",
        "ref:CNES": "2695162",
        "source": "cnes;datasus;dados_abertos_saude",
        "official_name": "CAPS GRAO PARA",
        "addr:street": "Rua dos Tamoios",
        "addr:housenumber": "1840",
        "addr:suburb": "Batista Campos",
        "addr:city": "Belém",
        "addr:state": "PA",
        "addr:country": "BR",
        "addr:postcode": "66025-540",
        "phone": "+55 91 3269-6732",
        "amenity": "clinic",
        "healthcare": "psychiatry",
        "healthcare:speciality": "psychiatry",
        "name": "Centro de Atenção Psicossocial (CAPS II)",
        "short_name": "CAPS II",
        "comment": "CAPS II"
      },
      "geometry": {
        "type": "Point",
        "coordinates": [
          -48.4947582,
          -1.4650698
        ]
      }
    },
    {
      "type": "Feature",
      "id": 3068781,
      "properties": {
        "operator": "Governo do Estado (PA)",
        "operator:type": "public",
        "ref:CNES": "3068781",
        "source": "cnes;datasus;dados_abertos_saude",
        "official_name": "CAPS I ICOARACY",
        "addr:street": "Rua 15 de Agosto",
        "addr:housenumber": "845",
        "addr:suburb": "Cruzeiro",
        "addr:city": "Belém",
        "addr:state": "PA",
        "addr:country": "BR",
        "addr:postcode": "66810-070",
        "phone": "+55 91 3227-9137",
        "email": "capsicoaraci2@gmail.com",
        "amenity": "clinic",
        "healthcare": "psychiatry",
        "healthcare:speciality": "psychiatry",
        "name": "Centro de Atenção Psicossocial (CAPS II)",
        "short_name": "CAPS II",
        "comment": "CAPS II"
      },
      "geometry": {
        "type": "Point",
        "coordinates": [
          -48.4832585,
          -1.3011308
        ]
      }
    },
    {
      "type": "Feature",
      "id": 2337444,
      "properties": {
        "operator": "Prefeitura Municipal de Belém",
        "operator:type": "public",
        "ref:CNES": "2337444",
        "source": "cnes;datasus;dados_abertos_saude",
        "official_name": "CAPS II",
        "addr:street": "Rua Av Duque de Caxias",
        "addr:housenumber": "945",
        "addr:suburb": "Marco",
        "addr:city": "Belém",
        "addr:state": "PA",
        "addr:country": "BR",
        "addr:postcode": "66087-680",
        "amenity": "clinic",
        "healthcare": "psychiatry",
        "healthcare:speciality": "psychiatry",
        "name": "Centro de Atenção Psicossocial (CAPS II)",
        "short_name": "CAPS II",
        "comment": "CAPS II"
      },
      "geometry": {
        "type": "Point",
        "coordinates": [
          -48.46407,
          -1.43249
        ]
      }
    },
    {
      "type": "Feature",
      "id": 3236609,
      "properties": {
        "operator": "Governo do Estado (PA)",
        "operator:type": "public",
        "ref:CNES": "3236609",
        "source": "cnes;datasus;dados_abertos_saude",
        "official_name": "CAPS RENASCER",
        "addr:street": "Travessa Mauriti",
        "addr:housenumber": "2179",
        "addr:suburb": "Pedreira",
        "addr:city": "Belém",
        "addr:state": "PA",
        "addr:country": "BR",
        "addr:postcode": "66087-680",
        "phone": "+55 91 3276-3448",
        "email": "capsrenascer@yahoo.com.br",
        "amenity": "clinic",
        "healthcare": "psychiatry",
        "healthcare:speciality": "psychiatry",
        "name": "Centro de Atenção Psicossocial (CAPS II)",
        "short_name": "CAPS II",
        "comment": "CAPS II"
      },
      "geometry": {
        "type": "Point",
        "coordinates": [
          -48.4650907,
          -1.4325752
        ]
      }
    },
    {
      "type": "Feature",
      "id": 2695197,
      "properties": {
        "operator": "Prefeitura Municipal de Belém",
        "operator:type": "public",
        "ref:CNES": "2695197",
        "source": "cnes;datasus;dados_abertos_saude",
        "official_name": "CASA AD CENTRO ATENCAO PSIC USUARIO ALCOOL E DROGA",
        "addr:street": "Rua Jose Malcher",
        "addr:housenumber": "1457",
        "addr:suburb": "Nazare",
        "addr:city": "Belém",
        "addr:state": "PA",
        "addr:country": "BR",
        "addr:postcode": "66060-230",
        "phone": "+55 91 3276-0890",
        "email": "capsad@ymail.com",
        "amenity": "clinic",
        "healthcare": "psychiatry",
        "healthcare:speciality": "psychiatry",
        "name": "Centro de Atenção Psicossocial (CAPS II)",
        "short_name": "CAPS II",
        "comment": "CAPS II"
      },
      "geometry": {
        "type": "Point",
        "coordinates": [
          -48.48073,
          -1.44901
        ]
      }
    },
    {
      "type": "Feature",
      "id": 5924219,
      "properties": {
        "operator": "Prefeitura Municipal de Belém",
        "operator:type": "public",
        "ref:CNES": "5924219",
        "source": "cnes;datasus;dados_abertos_saude",
        "official_name": "CASA MENTAL MOSQUEIRO",
        "addr:street": "Rua Francisco Xavier",
        "addr:housenumber": "1077",
        "addr:suburb": "Maracaja",
        "addr:city": "Belém",
        "addr:state": "PA",
        "addr:country": "BR",
        "addr:postcode": "66911-020",
        "phone": "+55 91 3771-5755",
        "email": "mentalmosqueiro@yahoo.com.br",
        "amenity": "clinic",
        "healthcare": "psychiatry",
        "healthcare:speciality": "psychiatry",
        "name": "Centro de Atenção Psicossocial (CAPS II)",
        "short_name": "CAPS II",
        "comment": "CAPS II"
      },
      "geometry": {
        "type": "Point",
        "coordinates": [
          -48.46537,
          -1.16397
        ]
      }
    },
    {
      "type": "Feature",
      "id": 2334348,
      "properties": {
        "operator": "Prefeitura Municipal de Belém",
        "operator:type": "public",
        "ref:CNES": "2334348",
        "source": "cnes;datasus;dados_abertos_saude",
        "official_name": "CENTRO ATENCAO EM SAUDE MENTAL ADULTO",
        "addr:street": "Travessa Dom Romualdo de Seixas",
        "addr:housenumber": "1954",
        "addr:suburb": "Nazare",
        "addr:city": "Belém",
        "addr:state": "PA",
        "addr:country": "BR",
        "addr:postcode": "66055-028",
        "phone": "+55 91 3226-0111",
        "email": "caps3sesma@hotmail.com",
        "amenity": "clinic",
        "healthcare": "psychiatry",
        "healthcare:speciality": "psychiatry",
        "name": "Centro de Atenção Psicossocial (CAPS II)",
        "short_name": "CAPS II",
        "comment": "CAPS II"
      },
      "geometry": {
        "type": "Point",
        "coordinates": [
          -48.48388,
          -1.44947
        ]
      }
    },
    {
      "type": "Feature",
      "id": 3163326,
      "properties": {
        "operator": "Governo do Estado (PA)",
        "operator:type": "public",
        "ref:CNES": "3163326",
        "source": "cnes;datasus;dados_abertos_saude",
        "official_name": "CENTRO DE ATENCAO PSICOSSOCIAL DA MARAMBAIA CAPS",
        "addr:street": "Rua Passagem Dalva",
        "addr:housenumber": "377",
        "addr:suburb": "Marambaia",
        "addr:city": "Belém",
        "addr:state": "PA",
        "addr:country": "BR",
        "addr:postcode": "66615-080",
        "phone": "+55 91 99740-7611",
        "email": "capsam.sespa@gmail.com",
        "amenity": "clinic",
        "healthcare": "psychiatry",
        "healthcare:speciality": "psychiatry",
        "name": "Centro de Atenção Psicossocial (CAPS II)",
        "short_name": "CAPS II",
        "comment": "CAPS II"
      },
      "geometry": {
        "type": "Point",
        "coordinates": [
          -48.44612,
          -1.40213
        ]
      }
    },
    {
      "type": "Feature",
      "id": 6589529,
      "properties": {
        "operator": "Governo do Estado (PA)",
        "operator:type": "public",
        "ref:CNES": "6589529",
        "source": "cnes;datasus;dados_abertos_saude",
        "official_name": "CENTRO DE CUIDADOS A DEPENDENTES QUIMICOS",
        "addr:street": "Rua Cojnunto Cohab Gleba 1 We 2",
        "addr:housenumber": "451",
        "addr:suburb": "Nova Marambaia",
        "addr:city": "Belém",
        "addr:state": "PA",
        "addr:country": "BR",
        "addr:postcode": "66623-250",
        "phone": "+55 91 3231-4443",
        "email": "capsmarajoara@gmail.com",
        "amenity": "clinic",
        "healthcare": "psychiatry",
        "healthcare:speciality": "psychiatry",
        "name": "Centro de Atenção Psicossocial (CAPS II)",
        "short_name": "CAPS II",
        "comment": "CAPS II"
      },
      "geometry": {
        "type": "Point",
        "coordinates": [
          -48.4365264,
          -1.4008087
        ]
      }
    },
    {
      "type": "Feature",
      "id": 4121406,
      "properties": {
        "operator": "Prefeitura Municipal de Belém",
        "operator:type": "public",
        "ref:CNES": "4121406",
        "source": "cnes;datasus;dados_abertos_saude",
        "official_name": "CASA DE SAUDE INDIGENA ICOARACI CASAI",
        "addr:street": "Rua Passagem Brasilia",
        "addr:housenumber": "135",
        "addr:suburb": "Maracacuera",
        "addr:city": "Belém",
        "addr:state": "PA",
        "addr:country": "BR",
        "addr:postcode": "66815-190",
        "phone": "+55 91 3110-5102",
        "email": "dseiguatoc.sesai@saude.gov.br",
        "amenity": "clinic",
        "healthcare": "clinic",
        "name": "Casa de Saude Indigena Icoaraci Casai",
        "comment": "Outros Serviços de Saúde"
      },
      "geometry": {
        "type": "Point",
        "coordinates": [
          -48.4653657,
          -1.2940005
        ]
      }
    },
    {
      "type": "Feature",
      "id": 7460708,
      "properties": {
        "operator": "Prefeitura Municipal de Belém",
        "operator:type": "public",
        "ref:CNES": "7460708",
        "source": "cnes;datasus;dados_abertos_saude",
        "official_name": "DISTRITO SANITARIO ESPECIAL INDIGENA GUAMA TOCANTINS",
        "addr:street": "Avenida Conselheiro Furtado",
        "addr:housenumber": "1597",
        "addr:suburb": "Batista Campos",
        "addr:city": "Belém",
        "addr:state": "PA",
        "addr:country": "BR",
        "addr:postcode": "66040-100",
        "phone": "+55 46 3110-5107",
        "amenity": "clinic",
        "healthcare": "clinic",
        "name": "Distrito Sanitario Especial Indigena Guama Tocantins",
        "comment": "Outros Serviços de Saúde"
      },
      "geometry": {
        "type": "Point",
        "coordinates": [
          -48.486,
          -1.456
        ]
      }
    },
    {
      "type": "Feature",
      "id": 7260784,
      "properties": {
        "operator": "Prefeitura Municipal de Belém",
        "operator:type": "public",
        "ref:CNES": "7260784",
        "source": "cnes;datasus;dados_abertos_saude",
        "official_name": "UPA DAICO",
        "addr:street": "Rodovia Augusto Montenegro Km 11",
        "addr:suburb": "Parque Guajara",
        "addr:city": "Belém",
        "addr:state": "PA",
        "addr:country": "BR",
        "addr:postcode": "66623-590",
        "phone": "+55 91 3247-8334",
        "email": "upadaico@gmail.com",
        "amenity": "clinic",
        "healthcare": "clinic",
        "emergency": "yes",
        "opening_hours": "24/7",
        "name": "UPA 24 Horas Maria Itália Freddo",
        "short_name": "UPA 24h",
        "comment": "UPA 24h"
      },
      "geometry": {
        "type": "Point",
        "coordinates": [
          -48.452285,
          -1.3313825
        ]
      }
    },
    {
      "type": "Feature",
      "id": 100587,
      "properties": {
        "operator": "Prefeitura Municipal de Belém",
        "operator:type": "public",
        "ref:CNES": "100587",
        "source": "cnes;datasus;dados_abertos_saude",
        "official_name": "UPA JURUNAS",
        "addr:street": "Rua Tv Quintino Boucaiuva",
        "addr:suburb": "Jurunas",
        "addr:city": "Belém",
        "addr:state": "PA",
        "addr:country": "BR",
        "addr:postcode": "66030-135",
        "phone": "+55 91 3184-6116",
        "email": "deuesesma@hotmail.com",
        "amenity": "clinic",
        "healthcare": "clinic",
        "emergency": "yes",
        "opening_hours": "24/7",
        "name": "UPA 24 Horas Maria Itália Freddo",
        "short_name": "UPA 24h",
        "comment": "UPA 24h"
      },
      "geometry": {
        "type": "Point",
        "coordinates": [
          -48.487549,
          -1.4584258
        ]
      }
    },
    {
      "type": "Feature",
      "id": 50571,
      "properties": {
        "operator": "Prefeitura Municipal de Belém",
        "operator:type": "public",
        "ref:CNES": "50571",
        "source": "cnes;datasus;dados_abertos_saude",
        "official_name": "UPA MARAMBAIA",
        "addr:street": "Rua Maravalho Belo",
        "addr:suburb": "Marambaia",
        "addr:city": "Belém",
        "addr:state": "PA",
        "addr:country": "BR",
        "addr:postcode": "66623-240",
        "amenity": "clinic",
        "healthcare": "clinic",
        "emergency": "yes",
        "opening_hours": "24/7",
        "name": "UPA 24 Horas Maria Itália Freddo",
        "short_name": "UPA 24h",
        "comment": "UPA 24h"
      },
      "geometry": {
        "type": "Point",
        "coordinates": [
          -48.4428175,
          -1.398636
        ]
      }
    },
    {
      "type": "Feature",
      "id": 959855,
      "properties": {
        "operator": "Prefeitura Municipal de Belém",
        "operator:type": "public",
        "ref:CNES": "959855",
        "source": "cnes;datasus;dados_abertos_saude",
        "official_name": "ACADEMIA DE CARANANDUBA",
        "addr:street": "Rua Praca Carananduba",
        "addr:housenumber": "01",
        "addr:suburb": "Carananduba",
        "addr:city": "Belém",
        "addr:state": "PA",
        "addr:country": "BR",
        "addr:postcode": "66923-020",
        "leisure": "fitness_centre",
        "healthcare": "rehabilitation",
        "name": "Academia da Saúde Academia de Carananduba",
        "comment": "Academia da Saúde"
      },
      "geometry": {
        "type": "Point",
        "coordinates": [
          -48.4094,
          -1.09371
        ]
      }
    },
    {
      "type": "Feature",
      "id": 4106458,
      "properties": {
        "operator": "Prefeitura Municipal de Belém",
        "operator:type": "public",
        "ref:CNES": "4106458",
        "source": "cnes;datasus;dados_abertos_saude",
        "official_name": "NUCLEO TELESSAUDE CHU UFPA",
        "addr:street": "Rua Augusto Correa",
        "addr:housenumber": "1",
        "addr:suburb": "Guama",
        "addr:city": "Belém",
        "addr:state": "PA",
        "addr:country": "BR",
        "addr:postcode": "66075-110",
        "phone": "+55 91 99116-3236",
        "email": "nuts.chu-ufpa@ebserh.gov.br",
        "amenity": "clinic",
        "healthcare": "clinic",
        "name": "Nucleo Telessaude Chu Ufpa",
        "comment": "Outros Serviços de Saúde"
      },
      "geometry": {
        "type": "Point",
        "coordinates": [
          -48.4639351,
          -1.4752458
        ]
      }
    },
    {
      "type": "Feature",
      "id": 4790812,
      "properties": {
        "operator": "Prefeitura Municipal de Belém",
        "operator:type": "public",
        "ref:CNES": "4790812",
        "source": "cnes;datasus;dados_abertos_saude",
        "official_name": "SAUDE BELEM DIGITAL",
        "addr:street": "Rua Av Governador Jose Malcher",
        "addr:housenumber": "2821",
        "addr:suburb": "São Bras",
        "addr:city": "Belém",
        "addr:state": "PA",
        "addr:country": "BR",
        "addr:postcode": "66045-318",
        "amenity": "clinic",
        "healthcare": "clinic",
        "name": "Saude Belem Digital",
        "comment": "Outros Serviços de Saúde"
      },
      "geometry": {
        "type": "Point",
        "coordinates": [
          -48.46858,
          -1.44817
        ]
      }
    },
    {
      "type": "Feature",
      "id": 4707273,
      "properties": {
        "operator": "Prefeitura Municipal de Belém",
        "operator:type": "public",
        "ref:CNES": "4707273",
        "source": "cnes;datasus;dados_abertos_saude",
        "official_name": "SAUDE DIGITAL UEPA CCBS",
        "addr:street": "Travessa Perebebui",
        "addr:housenumber": "2623",
        "addr:suburb": "Marco",
        "addr:city": "Belém",
        "addr:state": "PA",
        "addr:country": "BR",
        "addr:postcode": "66050-540",
        "phone": "+55 91 3131-1707",
        "amenity": "clinic",
        "healthcare": "clinic",
        "name": "Saude Digital Uepa Ccbs",
        "comment": "Outros Serviços de Saúde"
      },
      "geometry": {
        "type": "Point",
        "coordinates": [
          -48.457,
          -1.42834
        ]
      }
    },
    {
      "type": "Feature",
      "id": 7251262,
      "properties": {
        "operator": "Prefeitura Municipal de Belém",
        "operator:type": "public",
        "ref:CNES": "7251262",
        "source": "cnes;datasus;dados_abertos_saude",
        "official_name": "CENTRAL DE REGULACAO DAS URGENCIAS REGIONAL BELEM",
        "addr:street": "Avenida Almirante Barroso",
        "addr:housenumber": "4833",
        "addr:suburb": "Castanheira",
        "addr:city": "Belém",
        "addr:state": "PA",
        "addr:country": "BR",
        "addr:postcode": "66645-250",
        "email": "estatisticasamubelem@gmail.com",
        "emergency": "ambulance_station",
        "emergency_service": "technical_rescue",
        "opening_hours": "24/7",
        "name": "Central de Regulação Médica das Urgências (SAMU 192)",
        "short_name": "Regulação SAMU 192",
        "comment": "SAMU 192"
      },
      "geometry": {
        "type": "Point",
        "coordinates": [
          -48.444662,
          -1.4114124
        ]
      }
    },
    {
      "type": "Feature",
      "id": 9451552,
      "properties": {
        "operator": "Prefeitura Municipal de Belém",
        "operator:type": "public",
        "ref:CNES": "9451552",
        "source": "cnes;datasus;dados_abertos_saude",
        "official_name": "OFICINA ORTOPEDICA FIXA",
        "addr:street": "Travessa Perebebui",
        "addr:housenumber": "2623",
        "addr:suburb": "Marco",
        "addr:city": "Belém",
        "addr:state": "PA",
        "addr:country": "BR",
        "addr:postcode": "66095-662",
        "phone": "+55 91 3131-1780",
        "email": "oficinaortopedicafixa.uepa@gmail.com",
        "amenity": "clinic",
        "healthcare": "clinic",
        "name": "Oficina Ortopedica Fixa",
        "comment": "Outros Serviços de Saúde"
      },
      "geometry": {
        "type": "Point",
        "coordinates": [
          -48.4567652,
          -1.4283346
        ]
      }
    },
    {
      "type": "Feature",
      "id": 2333163,
      "properties": {
        "operator": "Governo do Estado (PA)",
        "operator:type": "public",
        "ref:CNES": "2333163",
        "source": "cnes;datasus;dados_abertos_saude",
        "official_name": "LACEN UNIDADE DE REFERENCIA LABORATORIO CENTRAL DO PARA",
        "addr:street": "Avenida Augusto Montenegro",
        "addr:housenumber": "524",
        "addr:suburb": "Parque Guajara",
        "addr:city": "Belém",
        "addr:state": "PA",
        "addr:country": "BR",
        "addr:postcode": "66823-010",
        "phone": "+55 91 3202-4900",
        "email": "direcao.lacen@lacen.pa.gov.br",
        "amenity": "clinic",
        "healthcare": "clinic",
        "name": "LACEN Unidade de Referencia Laboratorio Central do para",
        "comment": "Outros Serviços de Saúde"
      },
      "geometry": {
        "type": "Point",
        "coordinates": [
          -48.45047,
          -1.33365
        ]
      }
    },
    {
      "type": "Feature",
      "id": 6446442,
      "properties": {
        "operator": "Governo do Estado (PA)",
        "operator:type": "public",
        "ref:CNES": "6446442",
        "source": "cnes;datasus;dados_abertos_saude",
        "official_name": "CENTRAL DE REGULACAO DO ESTADO DO PARA",
        "addr:street": "Travessa Lomas Valentinas",
        "addr:housenumber": "2190",
        "addr:suburb": "Marco",
        "addr:city": "Belém",
        "addr:state": "PA",
        "addr:country": "BR",
        "addr:postcode": "66093-677",
        "phone": "+55 46 91322-4363",
        "email": "cer.sespa@gmail.com",
        "office": "government",
        "government": "healthcare",
        "name": "Sistema Municipal de Auditoria e Regulação em Saúde",
        "comment": "Auditoria e Regulação"
      },
      "geometry": {
        "type": "Point",
        "coordinates": [
          -48.4573532,
          -1.4323635
        ]
      }
    },
    {
      "type": "Feature",
      "id": 4549139,
      "properties": {
        "operator": "Governo do Estado (PA)",
        "operator:type": "public",
        "ref:CNES": "4549139",
        "source": "cnes;datasus;dados_abertos_saude",
        "official_name": "CENTRAL ESTADUAL DE REGULACAO AMBULATORIAL",
        "addr:street": "Rua Tv Lomas Valentinas",
        "addr:housenumber": "2190",
        "addr:suburb": "Marco",
        "addr:city": "Belém",
        "addr:state": "PA",
        "addr:country": "BR",
        "addr:postcode": "66093-677",
        "office": "government",
        "government": "healthcare",
        "name": "Sistema Municipal de Auditoria e Regulação em Saúde",
        "comment": "Auditoria e Regulação"
      },
      "geometry": {
        "type": "Point",
        "coordinates": [
          -48.4573497,
          -1.4327017
        ]
      }
    },
    {
      "type": "Feature",
      "id": 2337460,
      "properties": {
        "operator": "Prefeitura Municipal de Belém",
        "operator:type": "public",
        "ref:CNES": "2337460",
        "source": "cnes;datasus;dados_abertos_saude",
        "official_name": "DERE DEPARTAMENTO DE REGULACAO",
        "addr:street": "Rua Av Gov Jose Malcher",
        "addr:housenumber": "2821",
        "addr:suburb": "São Bras",
        "addr:city": "Belém",
        "addr:state": "PA",
        "addr:country": "BR",
        "addr:postcode": "66090-100",
        "phone": "+55 91 3184-6105",
        "email": "sesmadere@gmail.com",
        "office": "government",
        "government": "healthcare",
        "name": "Sistema Municipal de Auditoria e Regulação em Saúde",
        "comment": "Auditoria e Regulação"
      },
      "geometry": {
        "type": "Point",
        "coordinates": [
          -48.4707323,
          -1.4482749
        ]
      }
    },
    {
      "type": "Feature",
      "id": 7776098,
      "properties": {
        "operator": "Governo do Estado (PA)",
        "operator:type": "public",
        "ref:CNES": "7776098",
        "source": "cnes;datasus;dados_abertos_saude",
        "official_name": "CENTRAL ESTADUAL DE TRANSPLANTE",
        "addr:street": "Rua Presidente Pernambuco",
        "addr:housenumber": "489",
        "addr:suburb": "Batista Campos",
        "addr:city": "Belém",
        "addr:state": "PA",
        "addr:country": "BR",
        "addr:postcode": "66015-200",
        "amenity": "clinic",
        "healthcare": "clinic",
        "name": "Central Estadual de Transplante",
        "comment": "Outros Serviços de Saúde"
      },
      "geometry": {
        "type": "Point",
        "coordinates": [
          -48.4912062,
          -1.4585725
        ]
      }
    },
    {
      "type": "Feature",
      "id": 472093,
      "properties": {
        "operator": "Governo do Estado (PA)",
        "operator:type": "public",
        "ref:CNES": "472093",
        "source": "cnes;datasus;dados_abertos_saude",
        "official_name": "CENTRAL ESTADUAL DE REDE DE FRIO CERF PA",
        "addr:street": "Travessa Lomas Valentinas",
        "addr:housenumber": "2190",
        "addr:suburb": "Marco",
        "addr:city": "Belém",
        "addr:state": "PA",
        "addr:country": "BR",
        "addr:postcode": "66093-671",
        "email": "imunizacao_pa@yahoo.com.br",
        "office": "government",
        "government": "healthcare",
        "name": "Central Estadual de Rede de Frio Cerf Pa",
        "comment": "Suprimentos / Logística"
      },
      "geometry": {
        "type": "Point",
        "coordinates": [
          -48.4579743,
          -1.4321112
        ]
      }
    },
    {
      "type": "Feature",
      "id": 482862,
      "properties": {
        "operator": "Governo do Estado (PA)",
        "operator:type": "public",
        "ref:CNES": "482862",
        "source": "cnes;datasus;dados_abertos_saude",
        "official_name": "REDE DE FRIO 7CRS PARA",
        "addr:street": "Rua Passagem Roso Danin",
        "addr:housenumber": "700",
        "addr:suburb": "Terra Firme",
        "addr:city": "Belém",
        "addr:state": "PA",
        "addr:country": "BR",
        "addr:postcode": "66070-706",
        "office": "government",
        "government": "healthcare",
        "name": "Rede de Frio 7crs para",
        "comment": "Suprimentos / Logística"
      },
      "geometry": {
        "type": "Point",
        "coordinates": [
          -48.463,
          -1.45
        ]
      }
    }
  ]
}