{
  "type": "FeatureCollection",
  "name": "Estabelecimentos Públicos de Saúde - DEMAS / CNES",
  "crs": {
    "type": "name",
    "properties": {
      "name": "urn:ogc:def:crs:OGC:1.3:CRS84"
    }
  },
  "features": [
    {
      "type": "Feature",
      "id": 7109482,
      "properties": {
        "operator": "Governo do Estado (PB)",
        "operator:type": "public",
        "ref:CNES": "7109482",
        "source": "cnes;datasus;dados_abertos_saude",
        "official_name": "CENTRO DE REDUCACAO FEMININO MARIA JULIA MARANHAO",
        "addr:street": "Rua Av Cel Bevenuto Goncalves da Costa",
        "addr:suburb": "Mangabeira",
        "addr:city": "João Pessoa",
        "addr:state": "PB",
        "addr:country": "BR",
        "addr:postcode": "58056-020",
        "phone": "+55 83 3238-7621",
        "amenity": "clinic",
        "healthcare": "clinic",
        "name": "Unidade Básica de Saúde Centro de Reducacao Feminino Maria Julia Maranhao",
        "short_name": "UBS Centro de Reducacao Feminino Maria Julia Maranhao",
        "comment": "UBS"
      },
      "geometry": {
        "type": "Point",
        "coordinates": [
          -34.836891,
          -7.175859
        ]
      }
    },
    {
      "type": "Feature",
      "id": 2400030,
      "properties": {
        "operator": "Prefeitura Municipal de João Pessoa",
        "operator:type": "public",
        "ref:CNES": "2400030",
        "source": "cnes;datasus;dados_abertos_saude",
        "official_name": "CENTRO DE SAUDE FRANCISCO DAS CHAGAS SOARES",
        "addr:street": "Rua Maria Dias de Oliveira",
        "addr:suburb": "13 de Maio",
        "addr:city": "João Pessoa",
        "addr:state": "PB",
        "addr:country": "BR",
        "addr:postcode": "58025-810",
        "phone": "+55 83 3214-7144",
        "amenity": "clinic",
        "healthcare": "clinic",
        "name": "Unidade Básica de Saúde Centro de Saude Francisco das Chagas Soares",
        "short_name": "UBS Centro de Saude Francisco das Chagas Soares",
        "comment": "UBS"
      },
      "geometry": {
        "type": "Point",
        "coordinates": [
          -34.8679962,
          -7.1076932
        ]
      }
    },
    {
      "type": "Feature",
      "id": 2399261,
      "properties": {
        "operator": "Prefeitura Municipal de João Pessoa",
        "operator:type": "public",
        "ref:CNES": "2399261",
        "source": "cnes;datasus;dados_abertos_saude",
        "official_name": "CENTRO DE SAUDE LOURIVAL GOUVEIA MOURA",
        "addr:street": "Rua Alfredo Jose Athaide",
        "addr:suburb": "Mandacaru",
        "addr:city": "João Pessoa",
        "addr:state": "PB",
        "addr:country": "BR",
        "addr:postcode": "58027-740",
        "phone": "+55 46 83244-7699",
        "amenity": "clinic",
        "healthcare": "clinic",
        "name": "Unidade Básica de Saúde Centro de Saude Lourival Gouveia Moura",
        "short_name": "UBS Centro de Saude Lourival Gouveia Moura",
        "comment": "UBS"
      },
      "geometry": {
        "type": "Point",
        "coordinates": [
          -34.8681555,
          -7.0991433
        ]
      }
    },
    {
      "type": "Feature",
      "id": 6549268,
      "properties": {
        "operator": "Governo do Estado (PB)",
        "operator:type": "public",
        "ref:CNES": "6549268",
        "source": "cnes;datasus;dados_abertos_saude",
        "official_name": "PENITENCIARIA PSIQUIATRIA FORENSE DA PARAIBA",
        "addr:street": "Rua Av Dom Pedro II",
        "addr:housenumber": "1826",
        "addr:suburb": "Torre",
        "addr:city": "João Pessoa",
        "addr:state": "PB",
        "addr:country": "BR",
        "addr:postcode": "58040-440",
        "phone": "+55 83 3218-6684",
        "amenity": "clinic",
        "healthcare": "clinic",
        "name": "Unidade Básica de Saúde Penitenciaria Psiquiatria Forense da Paraiba",
        "short_name": "UBS Penitenciaria Psiquiatria Forense da Paraiba",
        "comment": "UBS"
      },
      "geometry": {
        "type": "Point",
        "coordinates": [
          -34.871561,
          -7.126722
        ]
      }
    },
    {
      "type": "Feature",
      "id": 7109474,
      "properties": {
        "operator": "Governo do Estado (PB)",
        "operator:type": "public",
        "ref:CNES": "7109474",
        "source": "cnes;datasus;dados_abertos_saude",
        "official_name": "PENITENCIARIA ROMEU GONCALVES DE ABRANTES PB1",
        "addr:street": "Rua Projetada",
        "addr:suburb": "Jacarape",
        "addr:city": "João Pessoa",
        "addr:state": "PB",
        "addr:country": "BR",
        "addr:postcode": "58056-020",
        "phone": "+55 83 3213-3489",
        "amenity": "clinic",
        "healthcare": "clinic",
        "name": "Unidade Básica de Saúde Penitenciaria Romeu Goncalves de Abrantes Pb1",
        "short_name": "UBS Penitenciaria Romeu Goncalves de Abrantes Pb1",
        "comment": "UBS"
      },
      "geometry": {
        "type": "Point",
        "coordinates": [
          -34.837148,
          -7.174752
        ]
      }
    },
    {
      "type": "Feature",
      "id": 5750261,
      "properties": {
        "operator": "Governo do Estado (PB)",
        "operator:type": "public",
        "ref:CNES": "5750261",
        "source": "cnes;datasus;dados_abertos_saude",
        "official_name": "PRESIDIO DO ROGER",
        "addr:street": "Rua Conceicao Cabral",
        "addr:suburb": "Roger",
        "addr:city": "João Pessoa",
        "addr:state": "PB",
        "addr:country": "BR",
        "addr:postcode": "58020-120",
        "phone": "+55 83 3218-4396",
        "amenity": "clinic",
        "healthcare": "clinic",
        "name": "Unidade Básica de Saúde Presidio do Roger",
        "short_name": "UBS Presidio do Roger",
        "comment": "UBS"
      },
      "geometry": {
        "type": "Point",
        "coordinates": [
          -34.882396,
          -7.110018
        ]
      }
    },
    {
      "type": "Feature",
      "id": 6649238,
      "properties": {
        "operator": "Governo do Estado (PB)",
        "operator:type": "public",
        "ref:CNES": "6649238",
        "source": "cnes;datasus;dados_abertos_saude",
        "official_name": "PRESIDIO SILVIO PORTO",
        "addr:street": "Rua Cel Bevenuto Goncalves da Costa",
        "addr:suburb": "Mangabeira Viii",
        "addr:city": "João Pessoa",
        "addr:state": "PB",
        "addr:country": "BR",
        "addr:postcode": "58056-020",
        "phone": "+55 46 3213-9095",
        "amenity": "clinic",
        "healthcare": "clinic",
        "name": "Unidade Básica de Saúde Presidio Silvio Porto",
        "short_name": "UBS Presidio Silvio Porto",
        "comment": "UBS"
      },
      "geometry": {
        "type": "Point",
        "coordinates": [
          -34.836912,
          -7.175817
        ]
      }
    },
    {
      "type": "Feature",
      "id": 7419473,
      "properties": {
        "operator": "Prefeitura Municipal de João Pessoa",
        "operator:type": "public",
        "ref:CNES": "7419473",
        "source": "cnes;datasus;dados_abertos_saude",
        "official_name": "SERVICO DE ATENCAO DOMICILIAR SAD JOAO PESSOA",
        "addr:street": "Rua Deputado Jose Mariz",
        "addr:housenumber": "599",
        "addr:suburb": "Tambauzinho",
        "addr:city": "João Pessoa",
        "addr:state": "PB",
        "addr:country": "BR",
        "addr:postcode": "58042-020",
        "phone": "+55 46 3214-7149",
        "amenity": "clinic",
        "healthcare": "clinic",
        "name": "Serviço de Atenção Domiciliar (SAD)",
        "short_name": "SAD",
        "comment": "Serviço de Atenção Domiciliar"
      },
      "geometry": {
        "type": "Point",
        "coordinates": [
          -34.8624301,
          -7.1111558
        ]
      }
    },
    {
      "type": "Feature",
      "id": 3063798,
      "properties": {
        "operator": "Prefeitura Municipal de João Pessoa",
        "operator:type": "public",
        "ref:CNES": "3063798",
        "source": "cnes;datasus;dados_abertos_saude",
        "official_name": "USF AGUA FRIA",
        "addr:street": "Rua Lourenço Vieira de Souza",
        "addr:housenumber": "87",
        "addr:suburb": "Jardim São Paulo",
        "addr:city": "João Pessoa",
        "addr:state": "PB",
        "addr:country": "BR",
        "addr:postcode": "58051-570",
        "phone": "+55 46 3218-9717",
        "amenity": "clinic",
        "healthcare": "clinic",
        "name": "Unidade Básica de Saúde Usf Agua Fria",
        "short_name": "UBS Usf Agua Fria",
        "comment": "UBS"
      },
      "geometry": {
        "type": "Point",
        "coordinates": [
          -34.8470879,
          -7.1522913
        ]
      }
    },
    {
      "type": "Feature",
      "id": 2756099,
      "properties": {
        "operator": "Prefeitura Municipal de João Pessoa",
        "operator:type": "public",
        "ref:CNES": "2756099",
        "source": "cnes;datasus;dados_abertos_saude",
        "official_name": "USF ALTO DO CEU I",
        "addr:street": "Rua Benito Machado",
        "addr:housenumber": "13",
        "addr:suburb": "Mandacaru",
        "addr:city": "João Pessoa",
        "addr:state": "PB",
        "addr:country": "BR",
        "addr:postcode": "58027-657",
        "phone": "+55 83 3214-7127",
        "amenity": "clinic",
        "healthcare": "clinic",
        "name": "Unidade Básica de Saúde Usf Alto do Ceu I",
        "short_name": "UBS Usf Alto do Ceu I",
        "comment": "UBS"
      },
      "geometry": {
        "type": "Point",
        "coordinates": [
          -34.8648441,
          -7.0939565
        ]
      }
    },
    {
      "type": "Feature",
      "id": 2755971,
      "properties": {
        "operator": "Prefeitura Municipal de João Pessoa",
        "operator:type": "public",
        "ref:CNES": "2755971",
        "source": "cnes;datasus;dados_abertos_saude",
        "official_name": "USF ALTO DO CEU II",
        "addr:street": "Rua Geraldo Cunha Lima",
        "addr:housenumber": "151",
        "addr:suburb": "Alto do Ceu",
        "addr:city": "João Pessoa",
        "addr:state": "PB",
        "addr:country": "BR",
        "addr:postcode": "58027-643",
        "phone": "+55 83 3214-7128",
        "amenity": "clinic",
        "healthcare": "clinic",
        "name": "Unidade Básica de Saúde Usf Alto do Ceu II",
        "short_name": "UBS Usf Alto do Ceu II",
        "comment": "UBS"
      },
      "geometry": {
        "type": "Point",
        "coordinates": [
          -34.8648153,
          -7.0950224
        ]
      }
    },
    {
      "type": "Feature",
      "id": 2798514,
      "properties": {
        "operator": "Prefeitura Municipal de João Pessoa",
        "operator:type": "public",
        "ref:CNES": "2798514",
        "source": "cnes;datasus;dados_abertos_saude",
        "official_name": "USF ALTO DO MATEUS I",
        "addr:street": "Rua João Marinho da Silva",
        "addr:suburb": "Alto do Mateus",
        "addr:city": "João Pessoa",
        "addr:state": "PB",
        "addr:country": "BR",
        "addr:postcode": "58090-460",
        "phone": "+55 83 3218-9243",
        "amenity": "clinic",
        "healthcare": "clinic",
        "name": "Unidade Básica de Saúde Usf Alto do Mateus I",
        "short_name": "UBS Usf Alto do Mateus I",
        "comment": "UBS"
      },
      "geometry": {
        "type": "Point",
        "coordinates": [
          -34.9128402,
          -7.1362207
        ]
      }
    },
    {
      "type": "Feature",
      "id": 3011836,
      "properties": {
        "operator": "Prefeitura Municipal de João Pessoa",
        "operator:type": "public",
        "ref:CNES": "3011836",
        "source": "cnes;datasus;dados_abertos_saude",
        "official_name": "USF ALTO DO MATEUS VI",
        "addr:street": "Rua Ataulfo Alves",
        "addr:housenumber": "204",
        "addr:suburb": "Alto do Mateus",
        "addr:city": "João Pessoa",
        "addr:state": "PB",
        "addr:country": "BR",
        "addr:postcode": "58090-710",
        "phone": "+55 46 3218-9257",
        "amenity": "clinic",
        "healthcare": "clinic",
        "name": "Unidade Básica de Saúde Usf Alto do Mateus Vi",
        "short_name": "UBS Usf Alto do Mateus Vi",
        "comment": "UBS"
      },
      "geometry": {
        "type": "Point",
        "coordinates": [
          -34.9123085,
          -7.1316804
        ]
      }
    },
    {
      "type": "Feature",
      "id": 9175377,
      "properties": {
        "operator": "Prefeitura Municipal de João Pessoa",
        "operator:type": "public",
        "ref:CNES": "9175377",
        "source": "cnes;datasus;dados_abertos_saude",
        "official_name": "USF ANAYDE BEIRIZ",
        "addr:street": "Rua das Industrias",
        "addr:housenumber": "100",
        "addr:suburb": "Distrito Industrial",
        "addr:city": "João Pessoa",
        "addr:state": "PB",
        "addr:country": "BR",
        "addr:postcode": "58082-050",
        "phone": "+55 46 3218-6000",
        "amenity": "clinic",
        "healthcare": "clinic",
        "name": "Unidade Básica de Saúde Usf Anayde Beiriz",
        "short_name": "UBS Usf Anayde Beiriz",
        "comment": "UBS"
      },
      "geometry": {
        "type": "Point",
        "coordinates": [
          -34.9172385,
          -7.1767491
        ]
      }
    },
    {
      "type": "Feature",
      "id": 3006875,
      "properties": {
        "operator": "Prefeitura Municipal de João Pessoa",
        "operator:type": "public",
        "ref:CNES": "3006875",
        "source": "cnes;datasus;dados_abertos_saude",
        "official_name": "USF BAIRRO DOS NOVAIS I",
        "addr:street": "Rua Coronel Adolfo Massa",
        "addr:suburb": "Novais",
        "addr:city": "João Pessoa",
        "addr:state": "PB",
        "addr:country": "BR",
        "addr:postcode": "58088-620",
        "phone": "+55 83 3218-9188",
        "amenity": "clinic",
        "healthcare": "clinic",
        "name": "Unidade Básica de Saúde Usf Bairro dos Novais I",
        "short_name": "UBS Usf Bairro dos Novais I",
        "comment": "UBS"
      },
      "geometry": {
        "type": "Point",
        "coordinates": [
          -34.8996977,
          -7.1510372
        ]
      }
    },
    {
      "type": "Feature",
      "id": 9085378,
      "properties": {
        "operator": "Prefeitura Municipal de João Pessoa",
        "operator:type": "public",
        "ref:CNES": "9085378",
        "source": "cnes;datasus;dados_abertos_saude",
        "official_name": "USF BAIRRO DOS NOVAIS VI",
        "addr:street": "Rua Tertuliano Tavares de Araujo",
        "addr:housenumber": "58",
        "addr:suburb": "Alto do Mateus",
        "addr:city": "João Pessoa",
        "addr:state": "PB",
        "addr:country": "BR",
        "addr:postcode": "58090-000",
        "phone": "+55 46 3218-6000",
        "amenity": "clinic",
        "healthcare": "clinic",
        "name": "Unidade Básica de Saúde Usf Bairro dos Novais Vi",
        "short_name": "UBS Usf Bairro dos Novais Vi",
        "comment": "UBS"
      },
      "geometry": {
        "type": "Point",
        "coordinates": [
          -34.906708,
          -7.1483632
        ]
      }
    },
    {
      "type": "Feature",
      "id": 2808900,
      "properties": {
        "operator": "Prefeitura Municipal de João Pessoa",
        "operator:type": "public",
        "ref:CNES": "2808900",
        "source": "cnes;datasus;dados_abertos_saude",
        "official_name": "USF CASTELO BRANCO I",
        "addr:street": "Rua Abdon Milanez",
        "addr:suburb": "Castelo Branco",
        "addr:city": "João Pessoa",
        "addr:state": "PB",
        "addr:country": "BR",
        "addr:postcode": "58050-370",
        "phone": "+55 83 3211-7134",
        "amenity": "clinic",
        "healthcare": "clinic",
        "name": "Unidade Básica de Saúde Usf Castelo Branco I",
        "short_name": "UBS Usf Castelo Branco I",
        "comment": "UBS"
      },
      "geometry": {
        "type": "Point",
        "coordinates": [
          -34.8425817,
          -7.130191
        ]
      }
    },
    {
      "type": "Feature",
      "id": 3063666,
      "properties": {
        "operator": "Prefeitura Municipal de João Pessoa",
        "operator:type": "public",
        "ref:CNES": "3063666",
        "source": "cnes;datasus;dados_abertos_saude",
        "official_name": "USF COLIBRIS I",
        "addr:street": "Rua Fernando Torres",
        "addr:suburb": "Jose Amrico",
        "addr:city": "João Pessoa",
        "addr:state": "PB",
        "addr:country": "BR",
        "addr:postcode": "58073-230",
        "phone": "+55 46 3218-9174",
        "amenity": "clinic",
        "healthcare": "clinic",
        "name": "Unidade Básica de Saúde Usf Colibris I",
        "short_name": "UBS Usf Colibris I",
        "comment": "UBS"
      },
      "geometry": {
        "type": "Point",
        "coordinates": [
          -34.8570442,
          -7.1737944
        ]
      }
    },
    {
      "type": "Feature",
      "id": 7825803,
      "properties": {
        "operator": "Prefeitura Municipal de João Pessoa",
        "operator:type": "public",
        "ref:CNES": "7825803",
        "source": "cnes;datasus;dados_abertos_saude",
        "official_name": "USF COLIBRIS II",
        "addr:street": "Rua Jose Targino de Castro",
        "addr:suburb": "Cidade dos Colibirs",
        "addr:city": "João Pessoa",
        "addr:state": "PB",
        "addr:country": "BR",
        "addr:postcode": "58073-187",
        "amenity": "clinic",
        "healthcare": "clinic",
        "name": "Unidade Básica de Saúde Usf Colibris II",
        "short_name": "UBS Usf Colibris II",
        "comment": "UBS"
      },
      "geometry": {
        "type": "Point",
        "coordinates": [
          -34.8474312,
          -7.1578269
        ]
      }
    },
    {
      "type": "Feature",
      "id": 3004872,
      "properties": {
        "operator": "Prefeitura Municipal de João Pessoa",
        "operator:type": "public",
        "ref:CNES": "3004872",
        "source": "cnes;datasus;dados_abertos_saude",
        "official_name": "USF CORDAO ENCARNADO I",
        "addr:street": "Rua R Martim Leitao",
        "addr:housenumber": "249",
        "addr:suburb": "Varadouro",
        "addr:city": "João Pessoa",
        "addr:state": "PB",
        "addr:country": "BR",
        "addr:postcode": "58011-070",
        "phone": "+55 46 83218-9866",
        "amenity": "clinic",
        "healthcare": "clinic",
        "name": "Unidade Básica de Saúde Usf Cordao Encarnado I",
        "short_name": "UBS Usf Cordao Encarnado I",
        "comment": "UBS"
      },
      "geometry": {
        "type": "Point",
        "coordinates": [
          -34.8881306,
          -7.124826
        ]
      }
    },
    {
      "type": "Feature",
      "id": 3003930,
      "properties": {
        "operator": "Prefeitura Municipal de João Pessoa",
        "operator:type": "public",
        "ref:CNES": "3003930",
        "source": "cnes;datasus;dados_abertos_saude",
        "official_name": "USF CORDAO ENCARNADO II",
        "addr:street": "Avenida Trincheiras",
        "addr:housenumber": "775",
        "addr:city": "João Pessoa",
        "addr:state": "PB",
        "addr:country": "BR",
        "addr:postcode": "58011-000",
        "phone": "+55 83 3218-9867",
        "amenity": "clinic",
        "healthcare": "clinic",
        "name": "Unidade Básica de Saúde Usf Cordao Encarnado II",
        "short_name": "UBS Usf Cordao Encarnado II",
        "comment": "UBS"
      },
      "geometry": {
        "type": "Point",
        "coordinates": [
          -34.8834975,
          -7.1292821
        ]
      }
    },
    {
      "type": "Feature",
      "id": 3016390,
      "properties": {
        "operator": "Prefeitura Municipal de João Pessoa",
        "operator:type": "public",
        "ref:CNES": "3016390",
        "source": "cnes;datasus;dados_abertos_saude",
        "official_name": "USF CRUZ DAS ARMAS III",
        "addr:street": "Rua Franca Leite",
        "addr:housenumber": "115",
        "addr:suburb": "Cruz das Armas",
        "addr:city": "João Pessoa",
        "addr:state": "PB",
        "addr:country": "BR",
        "addr:postcode": "58086-060",
        "phone": "+55 46 3215-6080",
        "amenity": "clinic",
        "healthcare": "clinic",
        "name": "Unidade Básica de Saúde Usf Cruz das Armas III",
        "short_name": "UBS Usf Cruz das Armas III",
        "comment": "UBS"
      },
      "geometry": {
        "type": "Point",
        "coordinates": [
          -34.8911712,
          -7.1522522
        ]
      }
    },
    {
      "type": "Feature",
      "id": 3063224,
      "properties": {
        "operator": "Prefeitura Municipal de João Pessoa",
        "operator:type": "public",
        "ref:CNES": "3063224",
        "source": "cnes;datasus;dados_abertos_saude",
        "official_name": "USF CRUZ DAS ARMAS IV",
        "addr:street": "Rua Engenheiro Retumba",
        "addr:housenumber": "207",
        "addr:suburb": "Cruz das Armas",
        "addr:city": "João Pessoa",
        "addr:state": "PB",
        "addr:country": "BR",
        "addr:postcode": "58085-610",
        "phone": "+55 46 3215-6137",
        "amenity": "clinic",
        "healthcare": "clinic",
        "name": "Unidade Básica de Saúde Usf Cruz das Armas Iv",
        "short_name": "UBS Usf Cruz das Armas Iv",
        "comment": "UBS"
      },
      "geometry": {
        "type": "Point",
        "coordinates": [
          -34.8902373,
          -7.1473577
        ]
      }
    },
    {
      "type": "Feature",
      "id": 3063704,
      "properties": {
        "operator": "Prefeitura Municipal de João Pessoa",
        "operator:type": "public",
        "ref:CNES": "3063704",
        "source": "cnes;datasus;dados_abertos_saude",
        "official_name": "USF DOCE MAE DE DEUS",
        "addr:street": "Rua Jose Carlos Brandao",
        "addr:suburb": "Valentina II",
        "addr:city": "João Pessoa",
        "addr:state": "PB",
        "addr:country": "BR",
        "addr:postcode": "58063-025",
        "phone": "+55 46 3218-9090",
        "amenity": "clinic",
        "healthcare": "clinic",
        "name": "Unidade Básica de Saúde Usf Doce Mae de Deus",
        "short_name": "UBS Usf Doce Mae de Deus",
        "comment": "UBS"
      },
      "geometry": {
        "type": "Point",
        "coordinates": [
          -34.8514009,
          -7.1922096
        ]
      }
    },
    {
      "type": "Feature",
      "id": 3063658,
      "properties": {
        "operator": "Prefeitura Municipal de João Pessoa",
        "operator:type": "public",
        "ref:CNES": "3063658",
        "source": "cnes;datasus;dados_abertos_saude",
        "official_name": "USF EUCALIPTO",
        "addr:street": "Rua Leonardo Cerqueira Castro",
        "addr:suburb": "Jd Cidade Universit",
        "addr:city": "João Pessoa",
        "addr:state": "PB",
        "addr:country": "BR",
        "addr:postcode": "58052-146",
        "phone": "+55 46 3214-5726",
        "amenity": "clinic",
        "healthcare": "clinic",
        "name": "Unidade Básica de Saúde Usf Eucalipto",
        "short_name": "UBS Usf Eucalipto",
        "comment": "UBS"
      },
      "geometry": {
        "type": "Point",
        "coordinates": [
          -34.8580742,
          -7.1724319
        ]
      }
    },
    {
      "type": "Feature",
      "id": 3446107,
      "properties": {
        "operator": "Prefeitura Municipal de João Pessoa",
        "operator:type": "public",
        "ref:CNES": "3446107",
        "source": "cnes;datasus;dados_abertos_saude",
        "official_name": "USF FUNCIONARIOS II 2 ETAPA",
        "addr:street": "Rua Francisco Inacio Silva",
        "addr:housenumber": "200",
        "addr:suburb": "Funcionarios II",
        "addr:city": "João Pessoa",
        "addr:state": "PB",
        "addr:country": "BR",
        "addr:postcode": "58078-240",
        "phone": "+55 83 3214-1964",
        "amenity": "clinic",
        "healthcare": "clinic",
        "name": "Unidade Básica de Saúde Usf Funcionarios II 2 Etapa",
        "short_name": "UBS Usf Funcionarios II 2 Etapa",
        "comment": "UBS"
      },
      "geometry": {
        "type": "Point",
        "coordinates": [
          -34.8858619,
          -7.1792445
        ]
      }
    },
    {
      "type": "Feature",
      "id": 3007510,
      "properties": {
        "operator": "Prefeitura Municipal de João Pessoa",
        "operator:type": "public",
        "ref:CNES": "3007510",
        "source": "cnes;datasus;dados_abertos_saude",
        "official_name": "USF INTEGRADA ALTIPLANO",
        "addr:street": "Rua Professor Emilio de Araujo Chaves",
        "addr:suburb": "Altiplano",
        "addr:city": "João Pessoa",
        "addr:state": "PB",
        "addr:country": "BR",
        "addr:postcode": "58046-150",
        "phone": "+55 83 3252-1070",
        "amenity": "clinic",
        "healthcare": "clinic",
        "name": "Unidade Básica de Saúde Usf Integrada Altiplano",
        "short_name": "UBS Usf Integrada Altiplano",
        "comment": "UBS"
      },
      "geometry": {
        "type": "Point",
        "coordinates": [
          -34.8272824,
          -7.1338958
        ]
      }
    },
    {
      "type": "Feature",
      "id": 2756102,
      "properties": {
        "operator": "Prefeitura Municipal de João Pessoa",
        "operator:type": "public",
        "ref:CNES": "2756102",
        "source": "cnes;datasus;dados_abertos_saude",
        "official_name": "USF INTEGRADA ALTO DO CEU",
        "addr:street": "Rua Porfirio Ribeiro",
        "addr:suburb": "Alto do Ceu",
        "addr:city": "João Pessoa",
        "addr:state": "PB",
        "addr:country": "BR",
        "addr:postcode": "58027-737",
        "phone": "+55 83 3214-7129",
        "amenity": "clinic",
        "healthcare": "clinic",
        "name": "Unidade Básica de Saúde Usf Integrada Alto do Ceu",
        "short_name": "UBS Usf Integrada Alto do Ceu",
        "comment": "UBS"
      },
      "geometry": {
        "type": "Point",
        "coordinates": [
          -34.8671341,
          -7.0996423
        ]
      }
    },
    {
      "type": "Feature",
      "id": 3014304,
      "properties": {
        "operator": "Prefeitura Municipal de João Pessoa",
        "operator:type": "public",
        "ref:CNES": "3014304",
        "source": "cnes;datasus;dados_abertos_saude",
        "official_name": "USF INTEGRADA BAIRRO DAS INDUSTRIAS",
        "addr:street": "Rua Manoel de Paula Magalhaes",
        "addr:suburb": "Das Industrias",
        "addr:city": "João Pessoa",
        "addr:state": "PB",
        "addr:country": "BR",
        "addr:postcode": "58083-090",
        "phone": "+55 83 3218-9703",
        "amenity": "clinic",
        "healthcare": "clinic",
        "name": "Unidade Básica de Saúde Usf Integrada Bairro das Industrias",
        "short_name": "UBS Usf Integrada Bairro das Industrias",
        "comment": "UBS"
      },
      "geometry": {
        "type": "Point",
        "coordinates": [
          -34.8953247,
          -7.162383
        ]
      }
    },
    {
      "type": "Feature",
      "id": 3442101,
      "properties": {
        "operator": "Prefeitura Municipal de João Pessoa",
        "operator:type": "public",
        "ref:CNES": "3442101",
        "source": "cnes;datasus;dados_abertos_saude",
        "official_name": "USF INTEGRADA BANCARIOS",
        "addr:street": "Rua Esmeralda Gomes Vieira",
        "addr:suburb": "Bancarios",
        "addr:city": "João Pessoa",
        "addr:state": "PB",
        "addr:country": "BR",
        "addr:postcode": "58051-650",
        "phone": "+55 46 3214-5709",
        "amenity": "clinic",
        "healthcare": "clinic",
        "name": "Unidade Básica de Saúde Usf Integrada Bancarios",
        "short_name": "UBS Usf Integrada Bancarios",
        "comment": "UBS"
      },
      "geometry": {
        "type": "Point",
        "coordinates": [
          -34.8391914,
          -7.1451802
        ]
      }
    },
    {
      "type": "Feature",
      "id": 3442128,
      "properties": {
        "operator": "Prefeitura Municipal de João Pessoa",
        "operator:type": "public",
        "ref:CNES": "3442128",
        "source": "cnes;datasus;dados_abertos_saude",
        "official_name": "USF INTEGRADA BESSA",
        "addr:street": "Rua Napoleao Gomes Varela",
        "addr:suburb": "Bessa",
        "addr:city": "João Pessoa",
        "addr:state": "PB",
        "addr:country": "BR",
        "addr:postcode": "58035-190",
        "phone": "+55 83 3218-8002",
        "amenity": "clinic",
        "healthcare": "clinic",
        "name": "Unidade Básica de Saúde Usf Integrada Bessa",
        "short_name": "UBS Usf Integrada Bessa",
        "comment": "UBS"
      },
      "geometry": {
        "type": "Point",
        "coordinates": [
          -34.8390184,
          -7.0709523
        ]
      }
    },
    {
      "type": "Feature",
      "id": 4961412,
      "properties": {
        "operator": "Prefeitura Municipal de João Pessoa",
        "operator:type": "public",
        "ref:CNES": "4961412",
        "source": "cnes;datasus;dados_abertos_saude",
        "official_name": "USF INTEGRADA BOA ESPERANCA",
        "addr:street": "Rua Joana Maria da Silva",
        "addr:suburb": "Gramame",
        "addr:city": "João Pessoa",
        "addr:state": "PB",
        "addr:country": "BR",
        "addr:postcode": "58068-138",
        "phone": "+55 83 99143-8169",
        "amenity": "clinic",
        "healthcare": "clinic",
        "name": "Unidade Básica de Saúde Usf Integrada Boa Esperança",
        "short_name": "UBS Usf Integrada Boa Esperança",
        "comment": "UBS"
      },
      "geometry": {
        "type": "Point",
        "coordinates": [
          -35.1701331,
          -6.9115585
        ]
      }
    },
    {
      "type": "Feature",
      "id": 3063690,
      "properties": {
        "operator": "Prefeitura Municipal de João Pessoa",
        "operator:type": "public",
        "ref:CNES": "3063690",
        "source": "cnes;datasus;dados_abertos_saude",
        "official_name": "USF INTEGRADA CAMINHO DO SOL",
        "addr:street": "Rua Coronel Francisco Monteiro Segundo",
        "addr:suburb": "Valentina",
        "addr:city": "João Pessoa",
        "addr:state": "PB",
        "addr:country": "BR",
        "addr:postcode": "58064-275",
        "phone": "+55 46 3218-9112",
        "amenity": "clinic",
        "healthcare": "clinic",
        "name": "Unidade Básica de Saúde Usf Integrada Caminho do Sol",
        "short_name": "UBS Usf Integrada Caminho do Sol",
        "comment": "UBS"
      },
      "geometry": {
        "type": "Point",
        "coordinates": [
          -34.852066,
          -7.2095597
        ]
      }
    },
    {
      "type": "Feature",
      "id": 4777921,
      "properties": {
        "operator": "Prefeitura Municipal de João Pessoa",
        "operator:type": "public",
        "ref:CNES": "4777921",
        "source": "cnes;datasus;dados_abertos_saude",
        "official_name": "USF INTEGRADA CANAA",
        "addr:street": "Rua Madagascar",
        "addr:suburb": "Mumbaba",
        "addr:city": "João Pessoa",
        "addr:state": "PB",
        "addr:country": "BR",
        "addr:postcode": "58083-638",
        "phone": "+55 46 3213-7597",
        "amenity": "clinic",
        "healthcare": "clinic",
        "name": "Unidade Básica de Saúde Usf Integrada Canaa",
        "short_name": "UBS Usf Integrada Canaa",
        "comment": "UBS"
      },
      "geometry": {
        "type": "Point",
        "coordinates": [
          -34.9300942,
          -7.1839907
        ]
      }
    },
    {
      "type": "Feature",
      "id": 2808919,
      "properties": {
        "operator": "Prefeitura Municipal de João Pessoa",
        "operator:type": "public",
        "ref:CNES": "2808919",
        "source": "cnes;datasus;dados_abertos_saude",
        "official_name": "USF INTEGRADA CIDADE RECREIO",
        "addr:street": "Rua Desembargador Rivaldo Pereira",
        "addr:suburb": "Portal do Sol",
        "addr:city": "João Pessoa",
        "addr:state": "PB",
        "addr:country": "BR",
        "addr:postcode": "58046-100",
        "phone": "+55 83 3214-8304",
        "amenity": "clinic",
        "healthcare": "clinic",
        "name": "Unidade Básica de Saúde Usf Integrada Cidade Recreio",
        "short_name": "UBS Usf Integrada Cidade Recreio",
        "comment": "UBS"
      },
      "geometry": {
        "type": "Point",
        "coordinates": [
          -34.8289004,
          -7.1306421
        ]
      }
    },
    {
      "type": "Feature",
      "id": 3446069,
      "properties": {
        "operator": "Prefeitura Municipal de João Pessoa",
        "operator:type": "public",
        "ref:CNES": "3446069",
        "source": "cnes;datasus;dados_abertos_saude",
        "official_name": "USF INTEGRADA CIDADE VERDE",
        "addr:street": "Rua Leopoldo Pereira de Lima",
        "addr:suburb": "Mangabeira Viii",
        "addr:city": "João Pessoa",
        "addr:state": "PB",
        "addr:country": "BR",
        "addr:postcode": "58059-200",
        "phone": "+55 46 3238-1169",
        "amenity": "clinic",
        "healthcare": "clinic",
        "name": "Unidade Básica de Saúde Usf Integrada Cidade Verde",
        "short_name": "UBS Usf Integrada Cidade Verde",
        "comment": "UBS"
      },
      "geometry": {
        "type": "Point",
        "coordinates": [
          -34.8324537,
          -7.1790317
        ]
      }
    },
    {
      "type": "Feature",
      "id": 7695268,
      "properties": {
        "operator": "Prefeitura Municipal de João Pessoa",
        "operator:type": "public",
        "ref:CNES": "7695268",
        "source": "cnes;datasus;dados_abertos_saude",
        "official_name": "USF INTEGRADA COLINAS DO SUL II",
        "addr:street": "Rua Aposentada Clotilde Maria da Conceicao",
        "addr:suburb": "Gramame",
        "addr:city": "João Pessoa",
        "addr:state": "PB",
        "addr:country": "BR",
        "addr:postcode": "58068-398",
        "phone": "+55 83 3235-6575",
        "amenity": "clinic",
        "healthcare": "clinic",
        "name": "Unidade Básica de Saúde Usf Integrada Colinas do Sul II",
        "short_name": "UBS Usf Integrada Colinas do Sul II",
        "comment": "UBS"
      },
      "geometry": {
        "type": "Point",
        "coordinates": [
          -34.8946381,
          -7.2105815
        ]
      }
    },
    {
      "type": "Feature",
      "id": 3063577,
      "properties": {
        "operator": "Prefeitura Municipal de João Pessoa",
        "operator:type": "public",
        "ref:CNES": "3063577",
        "source": "cnes;datasus;dados_abertos_saude",
        "official_name": "USF INTEGRADA COMPLEXO VERDE MARES",
        "addr:street": "Rua Eustaquio da Fonseca",
        "addr:suburb": "Mangabeira Viii",
        "addr:city": "João Pessoa",
        "addr:state": "PB",
        "addr:country": "BR",
        "addr:postcode": "58078-330",
        "phone": "+55 46 98645-8327",
        "amenity": "clinic",
        "healthcare": "clinic",
        "name": "Unidade Básica de Saúde Usf Integrada Complexo Verde Mares",
        "short_name": "UBS Usf Integrada Complexo Verde Mares",
        "comment": "UBS"
      },
      "geometry": {
        "type": "Point",
        "coordinates": [
          -34.8309517,
          -7.1804368
        ]
      }
    },
    {
      "type": "Feature",
      "id": 5819830,
      "properties": {
        "operator": "Prefeitura Municipal de João Pessoa",
        "operator:type": "public",
        "ref:CNES": "5819830",
        "source": "cnes;datasus;dados_abertos_saude",
        "official_name": "USF INTEGRADA COSTA DO SOL",
        "addr:street": "Rua das Cerejeiras",
        "addr:housenumber": "100",
        "addr:suburb": "Costa do Sol",
        "addr:city": "João Pessoa",
        "addr:state": "PB",
        "addr:country": "BR",
        "addr:postcode": "58083-343",
        "amenity": "clinic",
        "healthcare": "clinic",
        "name": "Unidade Básica de Saúde Usf Integrada Costa do Sol",
        "short_name": "UBS Usf Integrada Costa do Sol",
        "comment": "UBS"
      },
      "geometry": {
        "type": "Point",
        "coordinates": [
          -34.922597,
          -7.1815083
        ]
      }
    },
    {
      "type": "Feature",
      "id": 2798549,
      "properties": {
        "operator": "Prefeitura Municipal de João Pessoa",
        "operator:type": "public",
        "ref:CNES": "2798549",
        "source": "cnes;datasus;dados_abertos_saude",
        "official_name": "USF INTEGRADA COSTA E SILVA",
        "addr:street": "Rua Graciliano Delgado",
        "addr:suburb": "Costa e Silva",
        "addr:city": "João Pessoa",
        "addr:state": "PB",
        "addr:country": "BR",
        "addr:postcode": "58081-000",
        "phone": "+55 83 3218-9079",
        "amenity": "clinic",
        "healthcare": "clinic",
        "name": "Unidade Básica de Saúde Usf Integrada Costa e Silva",
        "short_name": "UBS Usf Integrada Costa e Silva",
        "comment": "UBS"
      },
      "geometry": {
        "type": "Point",
        "coordinates": [
          -34.8963323,
          -7.1802174
        ]
      }
    },
    {
      "type": "Feature",
      "id": 2808935,
      "properties": {
        "operator": "Prefeitura Municipal de João Pessoa",
        "operator:type": "public",
        "ref:CNES": "2808935",
        "source": "cnes;datasus;dados_abertos_saude",
        "official_name": "USF INTEGRADA CRUZ DAS ARMAS I",
        "addr:street": "Avenida Cruz das Armas",
        "addr:suburb": "Cruz das Armas",
        "addr:city": "João Pessoa",
        "addr:state": "PB",
        "addr:country": "BR",
        "addr:postcode": "58085-330",
        "phone": "+55 83 3215-6134",
        "amenity": "clinic",
        "healthcare": "clinic",
        "name": "Unidade Básica de Saúde Usf Integrada Cruz das Armas I",
        "short_name": "UBS Usf Integrada Cruz das Armas I",
        "comment": "UBS"
      },
      "geometry": {
        "type": "Point",
        "coordinates": [
          -34.8949881,
          -7.1533617
        ]
      }
    },
    {
      "type": "Feature",
      "id": 3063259,
      "properties": {
        "operator": "Prefeitura Municipal de João Pessoa",
        "operator:type": "public",
        "ref:CNES": "3063259",
        "source": "cnes;datasus;dados_abertos_saude",
        "official_name": "USF INTEGRADA CRUZ DAS ARMAS II",
        "addr:street": "Rua Tomas Gomes da Silva",
        "addr:suburb": "Cruz das Armas",
        "addr:city": "João Pessoa",
        "addr:state": "PB",
        "addr:country": "BR",
        "addr:postcode": "58085-730",
        "phone": "+55 46 3218-1887",
        "amenity": "clinic",
        "healthcare": "clinic",
        "name": "Unidade Básica de Saúde Usf Integrada Cruz das Armas II",
        "short_name": "UBS Usf Integrada Cruz das Armas II",
        "comment": "UBS"
      },
      "geometry": {
        "type": "Point",
        "coordinates": [
          -34.8888016,
          -7.1555488
        ]
      }
    },
    {
      "type": "Feature",
      "id": 3006212,
      "properties": {
        "operator": "Prefeitura Municipal de João Pessoa",
        "operator:type": "public",
        "ref:CNES": "3006212",
        "source": "cnes;datasus;dados_abertos_saude",
        "official_name": "USF INTEGRADA CUIA",
        "addr:street": "Rua Adalgisa Carneiro Cavalcante",
        "addr:suburb": "Cuia",
        "addr:city": "João Pessoa",
        "addr:state": "PB",
        "addr:country": "BR",
        "addr:postcode": "58077-274",
        "phone": "+55 46 3218-9282",
        "amenity": "clinic",
        "healthcare": "clinic",
        "name": "Unidade Básica de Saúde Usf Integrada Cuia",
        "short_name": "UBS Usf Integrada Cuia",
        "comment": "UBS"
      },
      "geometry": {
        "type": "Point",
        "coordinates": [
          -34.8633957,
          -7.1836727
        ]
      }
    },
    {
      "type": "Feature",
      "id": 3006077,
      "properties": {
        "operator": "Prefeitura Municipal de João Pessoa",
        "operator:type": "public",
        "ref:CNES": "3006077",
        "source": "cnes;datasus;dados_abertos_saude",
        "official_name": "USF INTEGRADA DISTRITO MECANICO",
        "addr:street": "Rua Projetada Q S",
        "addr:suburb": "Trincheiras",
        "addr:city": "João Pessoa",
        "addr:state": "PB",
        "addr:country": "BR",
        "addr:postcode": "58011-003",
        "phone": "+55 83 3214-3094",
        "amenity": "clinic",
        "healthcare": "clinic",
        "name": "Unidade Básica de Saúde Usf Integrada Distrito Mecanico",
        "short_name": "UBS Usf Integrada Distrito Mecanico",
        "comment": "UBS"
      },
      "geometry": {
        "type": "Point",
        "coordinates": [
          -34.8920631,
          -7.125592
        ]
      }
    },
    {
      "type": "Feature",
      "id": 3063461,
      "properties": {
        "operator": "Prefeitura Municipal de João Pessoa",
        "operator:type": "public",
        "ref:CNES": "3063461",
        "source": "cnes;datasus;dados_abertos_saude",
        "official_name": "USF INTEGRADA ESPACO SAUDE",
        "addr:street": "Rua Horacio Trajano de Oliviera",
        "addr:suburb": "Cristo",
        "addr:city": "João Pessoa",
        "addr:state": "PB",
        "addr:country": "BR",
        "addr:postcode": "58071-470",
        "phone": "+55 83 3218-5242",
        "amenity": "clinic",
        "healthcare": "clinic",
        "name": "Unidade Básica de Saúde Usf Integrada Espaco Saude",
        "short_name": "UBS Usf Integrada Espaco Saude",
        "comment": "UBS"
      },
      "geometry": {
        "type": "Point",
        "coordinates": [
          -34.8701763,
          -7.1595727
        ]
      }
    },
    {
      "type": "Feature",
      "id": 3014266,
      "properties": {
        "operator": "Prefeitura Municipal de João Pessoa",
        "operator:type": "public",
        "ref:CNES": "3014266",
        "source": "cnes;datasus;dados_abertos_saude",
        "official_name": "USF INTEGRADA FUNCIONARIOS I",
        "addr:street": "Rua Ambrosio Vitorino Pontes",
        "addr:suburb": "Oitizeiro",
        "addr:city": "João Pessoa",
        "addr:state": "PB",
        "addr:country": "BR",
        "addr:postcode": "58087-090",
        "phone": "+55 83 3218-9147",
        "amenity": "clinic",
        "healthcare": "clinic",
        "name": "Unidade Básica de Saúde Usf Integrada Funcionarios I",
        "short_name": "UBS Usf Integrada Funcionarios I",
        "comment": "UBS"
      },
      "geometry": {
        "type": "Point",
        "coordinates": [
          -34.9030495,
          -7.1535262
        ]
      }
    },
    {
      "type": "Feature",
      "id": 3063380,
      "properties": {
        "operator": "Prefeitura Municipal de João Pessoa",
        "operator:type": "public",
        "ref:CNES": "3063380",
        "source": "cnes;datasus;dados_abertos_saude",
        "official_name": "USF INTEGRADA FUNCIONARIOS III IV E PRESIDENTE MEDICI",
        "addr:street": "Rua Teresinha de Oliveira Justa",
        "addr:suburb": "Funcionarios Iv",
        "addr:city": "João Pessoa",
        "addr:state": "PB",
        "addr:country": "BR",
        "addr:postcode": "58079-370",
        "phone": "+55 83 3233-8551",
        "amenity": "clinic",
        "healthcare": "clinic",
        "name": "Unidade Básica de Saúde Usf Integrada Funcionarios III Iv e Presidente Medici",
        "short_name": "UBS Usf Integrada Funcionarios III Iv e Presidente Medici",
        "comment": "UBS"
      },
      "geometry": {
        "type": "Point",
        "coordinates": [
          -34.8618937,
          -7.1140303
        ]
      }
    },
    {
      "type": "Feature",
      "id": 3446115,
      "properties": {
        "operator": "Prefeitura Municipal de João Pessoa",
        "operator:type": "public",
        "ref:CNES": "3446115",
        "source": "cnes;datasus;dados_abertos_saude",
        "official_name": "USF INTEGRADA GEISEL",
        "addr:street": "Rua Jose Darci Ferreira",
        "addr:suburb": "Geisel",
        "addr:city": "João Pessoa",
        "addr:state": "PB",
        "addr:country": "BR",
        "addr:postcode": "58075-240",
        "phone": "+55 83 3218-9168",
        "amenity": "clinic",
        "healthcare": "clinic",
        "name": "Unidade Básica de Saúde Usf Integrada Geisel",
        "short_name": "UBS Usf Integrada Geisel",
        "comment": "UBS"
      },
      "geometry": {
        "type": "Point",
        "coordinates": [
          -34.8724937,
          -7.1774988
        ]
      }
    },
    {
      "type": "Feature",
      "id": 2399016,
      "properties": {
        "operator": "Prefeitura Municipal de João Pessoa",
        "operator:type": "public",
        "ref:CNES": "2399016",
        "source": "cnes;datasus;dados_abertos_saude",
        "official_name": "USF INTEGRADA GROTAO",
        "addr:street": "Rua Severino Bento de Morais",
        "addr:housenumber": "13",
        "addr:suburb": "Grotao",
        "addr:city": "João Pessoa",
        "addr:state": "PB",
        "addr:country": "BR",
        "addr:postcode": "58079-796",
        "phone": "+55 83 3218-9167",
        "amenity": "clinic",
        "healthcare": "clinic",
        "name": "Unidade Básica de Saúde Usf Integrada Grotao",
        "short_name": "UBS Usf Integrada Grotao",
        "comment": "UBS"
      },
      "geometry": {
        "type": "Point",
        "coordinates": [
          -34.8812914,
          -7.1845669
        ]
      }
    },
    {
      "type": "Feature",
      "id": 2755963,
      "properties": {
        "operator": "Prefeitura Municipal de João Pessoa",
        "operator:type": "public",
        "ref:CNES": "2755963",
        "source": "cnes;datasus;dados_abertos_saude",
        "official_name": "USF INTEGRADA ILHA DO BISPO",
        "addr:street": "Rua Apolonio Sales Miranda",
        "addr:suburb": "Ilha do Bispo",
        "addr:city": "João Pessoa",
        "addr:state": "PB",
        "addr:country": "BR",
        "addr:postcode": "58020-720",
        "phone": "+55 83 3218-5980",
        "amenity": "clinic",
        "healthcare": "clinic",
        "name": "Unidade Básica de Saúde Usf Integrada Ilha do Bispo",
        "short_name": "UBS Usf Integrada Ilha do Bispo",
        "comment": "UBS"
      },
      "geometry": {
        "type": "Point",
        "coordinates": [
          -34.9003565,
          -7.1268589
        ]
      }
    },
    {
      "type": "Feature",
      "id": 2756056,
      "properties": {
        "operator": "Prefeitura Municipal de João Pessoa",
        "operator:type": "public",
        "ref:CNES": "2756056",
        "source": "cnes;datasus;dados_abertos_saude",
        "official_name": "USF INTEGRADA INTEGRANDO VIDAS",
        "addr:street": "Rua Adailson Nunes",
        "addr:suburb": "João Paulo II",
        "addr:city": "João Pessoa",
        "addr:state": "PB",
        "addr:country": "BR",
        "addr:postcode": "58076-157",
        "phone": "+55 83 3218-9207",
        "amenity": "clinic",
        "healthcare": "clinic",
        "name": "Unidade Básica de Saúde Usf Integrada Integrando Vidas",
        "short_name": "UBS Usf Integrada Integrando Vidas",
        "comment": "UBS"
      },
      "geometry": {
        "type": "Point",
        "coordinates": [
          -34.8768282,
          -7.1805645
        ]
      }
    },
    {
      "type": "Feature",
      "id": 3063712,
      "properties": {
        "operator": "Prefeitura Municipal de João Pessoa",
        "operator:type": "public",
        "ref:CNES": "3063712",
        "source": "cnes;datasus;dados_abertos_saude",
        "official_name": "USF INTEGRADA IPIRANGA",
        "addr:street": "Rua São Luiz",
        "addr:suburb": "Valentina",
        "addr:city": "João Pessoa",
        "addr:state": "PB",
        "addr:country": "BR",
        "addr:postcode": "58065-021",
        "phone": "+55 46 98645-8774",
        "amenity": "clinic",
        "healthcare": "clinic",
        "name": "Unidade Básica de Saúde Usf Integrada Ipiranga",
        "short_name": "UBS Usf Integrada Ipiranga",
        "comment": "UBS"
      },
      "geometry": {
        "type": "Point",
        "coordinates": [
          -34.8888016,
          -7.1373237
        ]
      }
    },
    {
      "type": "Feature",
      "id": 5818516,
      "properties": {
        "operator": "Prefeitura Municipal de João Pessoa",
        "operator:type": "public",
        "ref:CNES": "5818516",
        "source": "cnes;datasus;dados_abertos_saude",
        "official_name": "USF INTEGRADA JARDIM CIDADE UNIVERSITARIA",
        "addr:street": "Rua Manoel Albino Vidal da Silva",
        "addr:housenumber": "90",
        "addr:suburb": "Jardim Cidade Univer",
        "addr:city": "João Pessoa",
        "addr:state": "PB",
        "addr:country": "BR",
        "addr:postcode": "58051-819",
        "phone": "+55 83 3213-7601",
        "amenity": "clinic",
        "healthcare": "clinic",
        "name": "Unidade Básica de Saúde Usf Integrada Jardim Cidade Universitaria",
        "short_name": "UBS Usf Integrada Jardim Cidade Universitaria",
        "comment": "UBS"
      },
      "geometry": {
        "type": "Point",
        "coordinates": [
          -34.8309141,
          -7.1522119
        ]
      }
    },
    {
      "type": "Feature",
      "id": 2798565,
      "properties": {
        "operator": "Prefeitura Municipal de João Pessoa",
        "operator:type": "public",
        "ref:CNES": "2798565",
        "source": "cnes;datasus;dados_abertos_saude",
        "official_name": "USF INTEGRADA JARDIM PLANALTO",
        "addr:street": "Rua Engenheiro Avidos",
        "addr:housenumber": "805",
        "addr:suburb": "Oitizeiro",
        "addr:city": "João Pessoa",
        "addr:state": "PB",
        "addr:country": "BR",
        "addr:postcode": "58088-010",
        "phone": "+55 83 3218-9100",
        "amenity": "clinic",
        "healthcare": "clinic",
        "name": "Unidade Básica de Saúde Usf Integrada Jardim Planalto",
        "short_name": "UBS Usf Integrada Jardim Planalto",
        "comment": "UBS"
      },
      "geometry": {
        "type": "Point",
        "coordinates": [
          -34.8953786,
          -7.1522214
        ]
      }
    },
    {
      "type": "Feature",
      "id": 2756072,
      "properties": {
        "operator": "Prefeitura Municipal de João Pessoa",
        "operator:type": "public",
        "ref:CNES": "2756072",
        "source": "cnes;datasus;dados_abertos_saude",
        "official_name": "USF INTEGRADA JARDIM SAUDE",
        "addr:street": "Rua Poeta Victor Hugo",
        "addr:suburb": "Jardim Veneza",
        "addr:city": "João Pessoa",
        "addr:state": "PB",
        "addr:country": "BR",
        "addr:postcode": "58084-030",
        "phone": "+55 83 3218-9290",
        "amenity": "clinic",
        "healthcare": "clinic",
        "name": "Unidade Básica de Saúde Usf Integrada Jardim Saude",
        "short_name": "UBS Usf Integrada Jardim Saude",
        "comment": "UBS"
      },
      "geometry": {
        "type": "Point",
        "coordinates": [
          -34.9033656,
          -7.1640457
        ]
      }
    },
    {
      "type": "Feature",
      "id": 2798603,
      "properties": {
        "operator": "Prefeitura Municipal de João Pessoa",
        "operator:type": "public",
        "ref:CNES": "2798603",
        "source": "cnes;datasus;dados_abertos_saude",
        "official_name": "USF INTEGRADA JOSE AMERICO",
        "addr:street": "Rua Oselmar de Castro Barreto",
        "addr:suburb": "Jose Americo",
        "addr:city": "João Pessoa",
        "addr:state": "PB",
        "addr:country": "BR",
        "addr:postcode": "58033-455",
        "phone": "+55 46 3218-9078",
        "amenity": "clinic",
        "healthcare": "clinic",
        "name": "Unidade Básica de Saúde Usf Integrada Jose Americo",
        "short_name": "UBS Usf Integrada Jose Americo",
        "comment": "UBS"
      },
      "geometry": {
        "type": "Point",
        "coordinates": [
          -34.8595333,
          -7.1712184
        ]
      }
    },
    {
      "type": "Feature",
      "id": 3053407,
      "properties": {
        "operator": "Prefeitura Municipal de João Pessoa",
        "operator:type": "public",
        "ref:CNES": "3053407",
        "source": "cnes;datasus;dados_abertos_saude",
        "official_name": "USF INTEGRADA MANGABEIRA",
        "addr:street": "Rua Milton Santa Cruz",
        "addr:suburb": "Mangabeira I",
        "addr:city": "João Pessoa",
        "addr:state": "PB",
        "addr:country": "BR",
        "addr:postcode": "58056-070",
        "phone": "+55 46 3214-1061",
        "amenity": "clinic",
        "healthcare": "clinic",
        "name": "Unidade Básica de Saúde Usf Integrada Mangabeira",
        "short_name": "UBS Usf Integrada Mangabeira",
        "comment": "UBS"
      },
      "geometry": {
        "type": "Point",
        "coordinates": [
          -34.8436117,
          -7.1701752
        ]
      }
    },
    {
      "type": "Feature",
      "id": 2808951,
      "properties": {
        "operator": "Prefeitura Municipal de João Pessoa",
        "operator:type": "public",
        "ref:CNES": "2808951",
        "source": "cnes;datasus;dados_abertos_saude",
        "official_name": "USF INTEGRADA MATINHA II E PAULO AFONSO",
        "addr:street": "Rua Frei Afonso",
        "addr:housenumber": "91",
        "addr:suburb": "Jaguaribe",
        "addr:city": "João Pessoa",
        "addr:state": "PB",
        "addr:country": "BR",
        "addr:postcode": "58015-460",
        "phone": "+55 83 3218-9838",
        "amenity": "clinic",
        "healthcare": "clinic",
        "name": "Unidade Básica de Saúde Usf Integrada Matinha II e Paulo Afonso",
        "short_name": "UBS Usf Integrada Matinha II e Paulo Afonso",
        "comment": "UBS"
      },
      "geometry": {
        "type": "Point",
        "coordinates": [
          -34.8741821,
          -7.1343383
        ]
      }
    },
    {
      "type": "Feature",
      "id": 3006980,
      "properties": {
        "operator": "Prefeitura Municipal de João Pessoa",
        "operator:type": "public",
        "ref:CNES": "3006980",
        "source": "cnes;datasus;dados_abertos_saude",
        "official_name": "USF INTEGRADA MUDANCA DE VIDA",
        "addr:street": "Rua Joaquim Monteiro da Franca",
        "addr:suburb": "Colinas do Sul",
        "addr:city": "João Pessoa",
        "addr:state": "PB",
        "addr:country": "BR",
        "addr:postcode": "58069-000",
        "phone": "+55 46 3218-9060",
        "amenity": "clinic",
        "healthcare": "clinic",
        "name": "Unidade Básica de Saúde Usf Integrada Mudanca de Vida",
        "short_name": "UBS Usf Integrada Mudanca de Vida",
        "comment": "UBS"
      },
      "geometry": {
        "type": "Point",
        "coordinates": [
          -34.8745537,
          -7.2037693
        ]
      }
    },
    {
      "type": "Feature",
      "id": 3446204,
      "properties": {
        "operator": "Prefeitura Municipal de João Pessoa",
        "operator:type": "public",
        "ref:CNES": "3446204",
        "source": "cnes;datasus;dados_abertos_saude",
        "official_name": "USF INTEGRADA NOVA ALIANCA",
        "addr:street": "Rua Nelly Pessoa de Lima",
        "addr:suburb": "Mangabeira Vi",
        "addr:city": "João Pessoa",
        "addr:state": "PB",
        "addr:country": "BR",
        "addr:postcode": "58058-825",
        "phone": "+55 46 3214-1079",
        "amenity": "clinic",
        "healthcare": "clinic",
        "name": "Unidade Básica de Saúde Usf Integrada Nova Alianca",
        "short_name": "UBS Usf Integrada Nova Alianca",
        "comment": "UBS"
      },
      "geometry": {
        "type": "Point",
        "coordinates": [
          -34.8466587,
          -7.1856313
        ]
      }
    },
    {
      "type": "Feature",
      "id": 2798522,
      "properties": {
        "operator": "Prefeitura Municipal de João Pessoa",
        "operator:type": "public",
        "ref:CNES": "2798522",
        "source": "cnes;datasus;dados_abertos_saude",
        "official_name": "USF INTEGRADA NOVA CONQUISTA",
        "addr:street": "Rua Durval Coutinho",
        "addr:suburb": "Alto do Mateus",
        "addr:city": "João Pessoa",
        "addr:state": "PB",
        "addr:country": "BR",
        "addr:postcode": "58090-260",
        "phone": "+55 83 3218-9251",
        "amenity": "clinic",
        "healthcare": "clinic",
        "name": "Unidade Básica de Saúde Usf Integrada Nova Conquista",
        "short_name": "UBS Usf Integrada Nova Conquista",
        "comment": "UBS"
      },
      "geometry": {
        "type": "Point",
        "coordinates": [
          -34.9124547,
          -7.1404462
        ]
      }
    },
    {
      "type": "Feature",
      "id": 2399210,
      "properties": {
        "operator": "Prefeitura Municipal de João Pessoa",
        "operator:type": "public",
        "ref:CNES": "2399210",
        "source": "cnes;datasus;dados_abertos_saude",
        "official_name": "USF INTEGRADA NOVA ESPERANCA",
        "addr:street": "Rua Arlindo Bezerra Camboim",
        "addr:suburb": "Mangabeira Iv",
        "addr:city": "João Pessoa",
        "addr:state": "PB",
        "addr:country": "BR",
        "addr:postcode": "58057-540",
        "phone": "+55 46 3214-1067",
        "amenity": "clinic",
        "healthcare": "clinic",
        "name": "Unidade Básica de Saúde Usf Integrada Nova Esperança",
        "short_name": "UBS Usf Integrada Nova Esperança",
        "comment": "UBS"
      },
      "geometry": {
        "type": "Point",
        "coordinates": [
          -34.836123,
          -7.1636711
        ]
      }
    },
    {
      "type": "Feature",
      "id": 3053431,
      "properties": {
        "operator": "Prefeitura Municipal de João Pessoa",
        "operator:type": "public",
        "ref:CNES": "3053431",
        "source": "cnes;datasus;dados_abertos_saude",
        "official_name": "USF INTEGRADA NOVA UNIAO",
        "addr:street": "Rua João Francisco Alves",
        "addr:suburb": "Mangabeira",
        "addr:city": "João Pessoa",
        "addr:state": "PB",
        "addr:country": "BR",
        "addr:postcode": "58057-590",
        "phone": "+55 46 3214-1062",
        "amenity": "clinic",
        "healthcare": "clinic",
        "name": "Unidade Básica de Saúde Usf Integrada Nova Uniao",
        "short_name": "UBS Usf Integrada Nova Uniao",
        "comment": "UBS"
      },
      "geometry": {
        "type": "Point",
        "coordinates": [
          -34.8440695,
          -7.1783357
        ]
      }
    },
    {
      "type": "Feature",
      "id": 5566541,
      "properties": {
        "operator": "Prefeitura Municipal de João Pessoa",
        "operator:type": "public",
        "ref:CNES": "5566541",
        "source": "cnes;datasus;dados_abertos_saude",
        "official_name": "USF INTEGRADA NOVO GEISEL",
        "addr:street": "Rua Geraldo Francisco dos Santos",
        "addr:housenumber": "100",
        "addr:suburb": "Gramame",
        "addr:city": "João Pessoa",
        "addr:state": "PB",
        "addr:country": "BR",
        "addr:postcode": "58068-355",
        "phone": "+55 46 99983-1931",
        "amenity": "clinic",
        "healthcare": "clinic",
        "name": "Unidade Básica de Saúde Usf Integrada Novo Geisel",
        "short_name": "UBS Usf Integrada Novo Geisel",
        "comment": "UBS"
      },
      "geometry": {
        "type": "Point",
        "coordinates": [
          -34.8743391,
          -7.1975105
        ]
      }
    },
    {
      "type": "Feature",
      "id": 3063321,
      "properties": {
        "operator": "Prefeitura Municipal de João Pessoa",
        "operator:type": "public",
        "ref:CNES": "3063321",
        "source": "cnes;datasus;dados_abertos_saude",
        "official_name": "USF INTEGRADA PADRE IBIAPINA",
        "addr:street": "Rua Santa Maria",
        "addr:suburb": "Bairro das Industria",
        "addr:city": "João Pessoa",
        "addr:state": "PB",
        "addr:country": "BR",
        "addr:postcode": "58083-336",
        "phone": "+55 46 3218-9101",
        "amenity": "clinic",
        "healthcare": "clinic",
        "name": "Unidade Básica de Saúde Usf Integrada Padre Ibiapina",
        "short_name": "UBS Usf Integrada Padre Ibiapina",
        "comment": "UBS"
      },
      "geometry": {
        "type": "Point",
        "coordinates": [
          -34.9320602,
          -7.1792445
        ]
      }
    },
    {
      "type": "Feature",
      "id": 3446247,
      "properties": {
        "operator": "Prefeitura Municipal de João Pessoa",
        "operator:type": "public",
        "ref:CNES": "3446247",
        "source": "cnes;datasus;dados_abertos_saude",
        "official_name": "USF INTEGRADA PARATIBE",
        "addr:street": "Rua Oscar Lopes Machado",
        "addr:housenumber": "758",
        "addr:suburb": "Paratibe",
        "addr:city": "João Pessoa",
        "addr:state": "PB",
        "addr:country": "BR",
        "addr:postcode": "58062-030",
        "phone": "+55 46 3237-1865",
        "amenity": "clinic",
        "healthcare": "clinic",
        "name": "Unidade Básica de Saúde Usf Integrada Paratibe",
        "short_name": "UBS Usf Integrada Paratibe",
        "comment": "UBS"
      },
      "geometry": {
        "type": "Point",
        "coordinates": [
          -34.873384,
          -7.149382
        ]
      }
    },
    {
      "type": "Feature",
      "id": 3063720,
      "properties": {
        "operator": "Prefeitura Municipal de João Pessoa",
        "operator:type": "public",
        "ref:CNES": "3063720",
        "source": "cnes;datasus;dados_abertos_saude",
        "official_name": "USF INTEGRADA PARQUE DO SOL",
        "addr:street": "Rua João Maria de Araujo",
        "addr:suburb": "Valentina",
        "addr:city": "João Pessoa",
        "addr:state": "PB",
        "addr:country": "BR",
        "addr:postcode": "58067-300",
        "phone": "+55 46 3255-4538",
        "amenity": "clinic",
        "healthcare": "clinic",
        "name": "Unidade Básica de Saúde Usf Integrada Parque do Sol",
        "short_name": "UBS Usf Integrada Parque do Sol",
        "comment": "UBS"
      },
      "geometry": {
        "type": "Point",
        "coordinates": [
          -34.8462296,
          -7.218309
        ]
      }
    },
    {
      "type": "Feature",
      "id": 2399407,
      "properties": {
        "operator": "Prefeitura Municipal de João Pessoa",
        "operator:type": "public",
        "ref:CNES": "2399407",
        "source": "cnes;datasus;dados_abertos_saude",
        "official_name": "USF INTEGRADA QUALIDADE DE VIDA",
        "addr:street": "Rua Bom Jesus",
        "addr:suburb": "Varjao",
        "addr:city": "João Pessoa",
        "addr:state": "PB",
        "addr:country": "BR",
        "addr:postcode": "58070-060",
        "phone": "+55 83 3218-9307",
        "amenity": "clinic",
        "healthcare": "clinic",
        "name": "Unidade Básica de Saúde Usf Integrada Qualidade de Vida",
        "short_name": "UBS Usf Integrada Qualidade de Vida",
        "comment": "UBS"
      },
      "geometry": {
        "type": "Point",
        "coordinates": [
          -34.871614,
          -7.1447969
        ]
      }
    },
    {
      "type": "Feature",
      "id": 3446212,
      "properties": {
        "operator": "Prefeitura Municipal de João Pessoa",
        "operator:type": "public",
        "ref:CNES": "3446212",
        "source": "cnes;datasus;dados_abertos_saude",
        "official_name": "USF INTEGRADA QUATRO ESTACOES",
        "addr:street": "Rua Jurema Teotonio da Silva",
        "addr:suburb": "Mangabeira Vii",
        "addr:city": "João Pessoa",
        "addr:state": "PB",
        "addr:country": "BR",
        "addr:postcode": "58058-235",
        "phone": "+55 46 3213-9493",
        "amenity": "clinic",
        "healthcare": "clinic",
        "name": "Unidade Básica de Saúde Usf Integrada Quatro Estacoes",
        "short_name": "UBS Usf Integrada Quatro Estacoes",
        "comment": "UBS"
      },
      "geometry": {
        "type": "Point",
        "coordinates": [
          -34.8305655,
          -7.1672371
        ]
      }
    },
    {
      "type": "Feature",
      "id": 2755947,
      "properties": {
        "operator": "Prefeitura Municipal de João Pessoa",
        "operator:type": "public",
        "ref:CNES": "2755947",
        "source": "cnes;datasus;dados_abertos_saude",
        "official_name": "USF INTEGRADA ROGER",
        "addr:street": "Rua Dezenove de Marco",
        "addr:suburb": "Roger",
        "addr:city": "João Pessoa",
        "addr:state": "PB",
        "addr:country": "BR",
        "addr:postcode": "58020-340",
        "phone": "+55 83 3218-9846",
        "amenity": "clinic",
        "healthcare": "clinic",
        "name": "Unidade Básica de Saúde Usf Integrada Roger",
        "short_name": "UBS Usf Integrada Roger",
        "comment": "UBS"
      },
      "geometry": {
        "type": "Point",
        "coordinates": [
          -34.8785215,
          -7.1079105
        ]
      }
    },
    {
      "type": "Feature",
      "id": 2356678,
      "properties": {
        "operator": "Prefeitura Municipal de João Pessoa",
        "operator:type": "public",
        "ref:CNES": "2356678",
        "source": "cnes;datasus;dados_abertos_saude",
        "official_name": "USF INTEGRADA ROSA DE FATIMA",
        "addr:street": "Rua Oscar Lopes Machado",
        "addr:suburb": "Paratibe",
        "addr:city": "João Pessoa",
        "addr:state": "PB",
        "addr:country": "BR",
        "addr:postcode": "58062-030",
        "phone": "+55 46 3212-1247",
        "amenity": "clinic",
        "healthcare": "clinic",
        "name": "Unidade Básica de Saúde Usf Integrada Rosa de Fatima",
        "short_name": "UBS Usf Integrada Rosa de Fatima",
        "comment": "UBS"
      },
      "geometry": {
        "type": "Point",
        "coordinates": [
          -34.8342133,
          -7.2037693
        ]
      }
    },
    {
      "type": "Feature",
      "id": 2756161,
      "properties": {
        "operator": "Prefeitura Municipal de João Pessoa",
        "operator:type": "public",
        "ref:CNES": "2756161",
        "source": "cnes;datasus;dados_abertos_saude",
        "official_name": "USF INTEGRADA SANTA CLARA",
        "addr:street": "Rua Nevinha Raposo",
        "addr:housenumber": "53",
        "addr:suburb": "Castelo Branco",
        "addr:city": "João Pessoa",
        "addr:state": "PB",
        "addr:country": "BR",
        "addr:postcode": "58050-520",
        "phone": "+55 83 3214-7126",
        "amenity": "clinic",
        "healthcare": "clinic",
        "name": "Unidade Básica de Saúde Usf Integrada Santa Clara",
        "short_name": "UBS Usf Integrada Santa Clara",
        "comment": "UBS"
      },
      "geometry": {
        "type": "Point",
        "coordinates": [
          -34.8493905,
          -7.1310267
        ]
      }
    },
    {
      "type": "Feature",
      "id": 3015963,
      "properties": {
        "operator": "Prefeitura Municipal de João Pessoa",
        "operator:type": "public",
        "ref:CNES": "3015963",
        "source": "cnes;datasus;dados_abertos_saude",
        "official_name": "USF INTEGRADA SAO JOSE",
        "addr:street": "Avenida Vigolvino Florentino Costa",
        "addr:suburb": "Manaira",
        "addr:city": "João Pessoa",
        "addr:state": "PB",
        "addr:country": "BR",
        "addr:postcode": "58038-580",
        "phone": "+55 83 3214-8257",
        "amenity": "clinic",
        "healthcare": "clinic",
        "name": "Unidade Básica de Saúde Usf Integrada São Jose",
        "short_name": "UBS Usf Integrada São Jose",
        "comment": "UBS"
      },
      "geometry": {
        "type": "Point",
        "coordinates": [
          -34.8379074,
          -7.1081631
        ]
      }
    },
    {
      "type": "Feature",
      "id": 3063291,
      "properties": {
        "operator": "Prefeitura Municipal de João Pessoa",
        "operator:type": "public",
        "ref:CNES": "3063291",
        "source": "cnes;datasus;dados_abertos_saude",
        "official_name": "USF INTEGRADA SAUDE E VIDA",
        "addr:street": "Rua Dr Maurilio de Almeida",
        "addr:suburb": "Esplanada",
        "addr:city": "João Pessoa",
        "addr:state": "PB",
        "addr:country": "BR",
        "addr:postcode": "58076-658",
        "phone": "+55 83 3218-9181",
        "amenity": "clinic",
        "healthcare": "clinic",
        "name": "Unidade Básica de Saúde Usf Integrada Saude e Vida",
        "short_name": "UBS Usf Integrada Saude e Vida",
        "comment": "UBS"
      },
      "geometry": {
        "type": "Point",
        "coordinates": [
          -34.8888874,
          -7.1765195
        ]
      }
    },
    {
      "type": "Feature",
      "id": 3006948,
      "properties": {
        "operator": "Prefeitura Municipal de João Pessoa",
        "operator:type": "public",
        "ref:CNES": "3006948",
        "source": "cnes;datasus;dados_abertos_saude",
        "official_name": "USF INTEGRADA SAUDE PARA TODOS",
        "addr:street": "Avenida Marta da Luz",
        "addr:suburb": "Bairro dos Novais",
        "addr:city": "João Pessoa",
        "addr:state": "PB",
        "addr:country": "BR",
        "addr:postcode": "58088-620",
        "phone": "+55 83 98617-6386",
        "amenity": "clinic",
        "healthcare": "clinic",
        "name": "Unidade Básica de Saúde Usf Integrada Saude para Todos",
        "short_name": "UBS Usf Integrada Saude para Todos",
        "comment": "UBS"
      },
      "geometry": {
        "type": "Point",
        "coordinates": [
          -34.9019267,
          -7.1575308
        ]
      }
    },
    {
      "type": "Feature",
      "id": 3280276,
      "properties": {
        "operator": "Prefeitura Municipal de João Pessoa",
        "operator:type": "public",
        "ref:CNES": "3280276",
        "source": "cnes;datasus;dados_abertos_saude",
        "official_name": "USF INTEGRADA TORRE",
        "addr:street": "Avenida Rui Barbosa",
        "addr:housenumber": "367",
        "addr:suburb": "Torre",
        "addr:city": "João Pessoa",
        "addr:state": "PB",
        "addr:country": "BR",
        "addr:postcode": "58040-491",
        "phone": "+55 83 3211-6776",
        "amenity": "clinic",
        "healthcare": "clinic",
        "name": "Unidade Básica de Saúde Usf Integrada Torre",
        "short_name": "UBS Usf Integrada Torre",
        "comment": "UBS"
      },
      "geometry": {
        "type": "Point",
        "coordinates": [
          -34.8590612,
          -7.1236757
        ]
      }
    },
    {
      "type": "Feature",
      "id": 2398931,
      "properties": {
        "operator": "Prefeitura Municipal de João Pessoa",
        "operator:type": "public",
        "ref:CNES": "2398931",
        "source": "cnes;datasus;dados_abertos_saude",
        "official_name": "USF INTEGRADA UNINDO VIDAS",
        "addr:street": "Rua Murilo Buarque",
        "addr:suburb": "Cristo Redentor",
        "addr:city": "João Pessoa",
        "addr:state": "PB",
        "addr:country": "BR",
        "addr:postcode": "58071-155",
        "phone": "+55 83 3218-9161",
        "amenity": "clinic",
        "healthcare": "clinic",
        "name": "Unidade Básica de Saúde Usf Integrada Unindo Vidas",
        "short_name": "UBS Usf Integrada Unindo Vidas",
        "comment": "UBS"
      },
      "geometry": {
        "type": "Point",
        "coordinates": [
          -34.8850465,
          -7.1575501
        ]
      }
    },
    {
      "type": "Feature",
      "id": 3446344,
      "properties": {
        "operator": "Prefeitura Municipal de João Pessoa",
        "operator:type": "public",
        "ref:CNES": "3446344",
        "source": "cnes;datasus;dados_abertos_saude",
        "official_name": "USF INTEGRADA VALENTINA",
        "addr:street": "Rua Mariangela Lucena Peixoto",
        "addr:suburb": "Valentina",
        "addr:city": "João Pessoa",
        "addr:state": "PB",
        "addr:country": "BR",
        "addr:postcode": "58063-300",
        "phone": "+55 46 3237-4846",
        "amenity": "clinic",
        "healthcare": "clinic",
        "name": "Unidade Básica de Saúde Usf Integrada Valentina",
        "short_name": "UBS Usf Integrada Valentina",
        "comment": "UBS"
      },
      "geometry": {
        "type": "Point",
        "coordinates": [
          -34.8487616,
          -7.2046209
        ]
      }
    },
    {
      "type": "Feature",
      "id": 2798638,
      "properties": {
        "operator": "Prefeitura Municipal de João Pessoa",
        "operator:type": "public",
        "ref:CNES": "2798638",
        "source": "cnes;datasus;dados_abertos_saude",
        "official_name": "USF INTEGRADA VARADOURO",
        "addr:street": "Rua São Mamede",
        "addr:housenumber": "36",
        "addr:city": "João Pessoa",
        "addr:state": "PB",
        "addr:country": "BR",
        "addr:postcode": "58010-700",
        "phone": "+55 83 3218-9800",
        "amenity": "clinic",
        "healthcare": "clinic",
        "name": "Unidade Básica de Saúde Usf Integrada Varadouro",
        "short_name": "UBS Usf Integrada Varadouro",
        "comment": "UBS"
      },
      "geometry": {
        "type": "Point",
        "coordinates": [
          -34.885071,
          -7.1158755
        ]
      }
    },
    {
      "type": "Feature",
      "id": 3063313,
      "properties": {
        "operator": "Prefeitura Municipal de João Pessoa",
        "operator:type": "public",
        "ref:CNES": "3063313",
        "source": "cnes;datasus;dados_abertos_saude",
        "official_name": "USF INTEGRADA VERDE VIDA",
        "addr:street": "Rua Cidade de Belem",
        "addr:suburb": "Mumbaba",
        "addr:city": "João Pessoa",
        "addr:state": "PB",
        "addr:country": "BR",
        "addr:postcode": "58083-558",
        "phone": "+55 83 3218-9706",
        "amenity": "clinic",
        "healthcare": "clinic",
        "name": "Unidade Básica de Saúde Usf Integrada Verde Vida",
        "short_name": "UBS Usf Integrada Verde Vida",
        "comment": "UBS"
      },
      "geometry": {
        "type": "Point",
        "coordinates": [
          -34.9279327,
          -7.1770416
        ]
      }
    },
    {
      "type": "Feature",
      "id": 3006751,
      "properties": {
        "operator": "Prefeitura Municipal de João Pessoa",
        "operator:type": "public",
        "ref:CNES": "3006751",
        "source": "cnes;datasus;dados_abertos_saude",
        "official_name": "USF INTEGRADA VIEIRA DINIZ",
        "addr:street": "Rua Maria Jose Miranda do Amaral",
        "addr:suburb": "Jardim Veneza",
        "addr:city": "João Pessoa",
        "addr:state": "PB",
        "addr:country": "BR",
        "addr:postcode": "58084-160",
        "phone": "+55 46 32121-5740",
        "amenity": "clinic",
        "healthcare": "clinic",
        "name": "Unidade Básica de Saúde Usf Integrada Vieira Diniz",
        "short_name": "UBS Usf Integrada Vieira Diniz",
        "comment": "UBS"
      },
      "geometry": {
        "type": "Point",
        "coordinates": [
          -34.909358,
          -7.1636178
        ]
      }
    },
    {
      "type": "Feature",
      "id": 3063437,
      "properties": {
        "operator": "Prefeitura Municipal de João Pessoa",
        "operator:type": "public",
        "ref:CNES": "3063437",
        "source": "cnes;datasus;dados_abertos_saude",
        "official_name": "USF INTEGRADA VILA SAUDE",
        "addr:street": "Rua Engenheiro Sérgio Rubens de Albuquerque",
        "addr:suburb": "Cristo",
        "addr:city": "João Pessoa",
        "addr:state": "PB",
        "addr:country": "BR",
        "addr:postcode": "58071-440",
        "phone": "+55 83 3218-9297",
        "amenity": "clinic",
        "healthcare": "clinic",
        "name": "Unidade Básica de Saúde Usf Integrada Vila Saude",
        "short_name": "UBS Usf Integrada Vila Saude",
        "comment": "UBS"
      },
      "geometry": {
        "type": "Point",
        "coordinates": [
          -34.8834586,
          -7.1538988
        ]
      }
    },
    {
      "type": "Feature",
      "id": 4969502,
      "properties": {
        "operator": "Prefeitura Municipal de João Pessoa",
        "operator:type": "public",
        "ref:CNES": "4969502",
        "source": "cnes;datasus;dados_abertos_saude",
        "official_name": "USF INTEGRADA VISTA ALEGRE",
        "addr:street": "Rua Professora Daura Alcides de Almeida",
        "addr:housenumber": "104",
        "addr:suburb": "Colinas do Sul",
        "addr:city": "João Pessoa",
        "addr:state": "PB",
        "addr:country": "BR",
        "addr:postcode": "58069-270",
        "phone": "+55 83 3213-7598",
        "amenity": "clinic",
        "healthcare": "clinic",
        "name": "Unidade Básica de Saúde Usf Integrada Vista Alegre",
        "short_name": "UBS Usf Integrada Vista Alegre",
        "comment": "UBS"
      },
      "geometry": {
        "type": "Point",
        "coordinates": [
          -34.8703051,
          -7.2090914
        ]
      }
    },
    {
      "type": "Feature",
      "id": 2756145,
      "properties": {
        "operator": "Prefeitura Municipal de João Pessoa",
        "operator:type": "public",
        "ref:CNES": "2756145",
        "source": "cnes;datasus;dados_abertos_saude",
        "official_name": "USF INTEGRADA VIVER BEM",
        "addr:street": "Rua Maria Dias de Oliveira",
        "addr:suburb": "Treze de Maio",
        "addr:city": "João Pessoa",
        "addr:state": "PB",
        "addr:country": "BR",
        "addr:postcode": "58025-810",
        "phone": "+55 46 83214-7135",
        "amenity": "clinic",
        "healthcare": "clinic",
        "name": "Unidade Básica de Saúde Usf Integrada Viver Bem",
        "short_name": "UBS Usf Integrada Viver Bem",
        "comment": "UBS"
      },
      "geometry": {
        "type": "Point",
        "coordinates": [
          -34.8679551,
          -7.1077322
        ]
      }
    },
    {
      "type": "Feature",
      "id": 3006182,
      "properties": {
        "operator": "Prefeitura Municipal de João Pessoa",
        "operator:type": "public",
        "ref:CNES": "3006182",
        "source": "cnes;datasus;dados_abertos_saude",
        "official_name": "USF IPES",
        "addr:street": "Rua Geraldo Fagundes de Araujo",
        "addr:suburb": "Ipes",
        "addr:city": "João Pessoa",
        "addr:state": "PB",
        "addr:country": "BR",
        "addr:postcode": "58028-858",
        "phone": "+55 46 83214-7139",
        "amenity": "clinic",
        "healthcare": "clinic",
        "name": "Unidade Básica de Saúde Usf Ipes",
        "short_name": "UBS Usf Ipes",
        "comment": "UBS"
      },
      "geometry": {
        "type": "Point",
        "coordinates": [
          -34.8537721,
          -7.0996364
        ]
      }
    },
    {
      "type": "Feature",
      "id": 2399326,
      "properties": {
        "operator": "Prefeitura Municipal de João Pessoa",
        "operator:type": "public",
        "ref:CNES": "2399326",
        "source": "cnes;datasus;dados_abertos_saude",
        "official_name": "USF JARDIM MIRAMAR I",
        "addr:street": "Rua Macrina Barbosa de Abreu",
        "addr:housenumber": "95",
        "addr:suburb": "Miramar",
        "addr:city": "João Pessoa",
        "addr:state": "PB",
        "addr:country": "BR",
        "addr:postcode": "58043-380",
        "phone": "+55 83 3214-8907",
        "amenity": "clinic",
        "healthcare": "clinic",
        "name": "Unidade Básica de Saúde Usf Jardim Miramar I",
        "short_name": "UBS Usf Jardim Miramar I",
        "comment": "UBS"
      },
      "geometry": {
        "type": "Point",
        "coordinates": [
          -34.8355865,
          -7.123548
        ]
      }
    },
    {
      "type": "Feature",
      "id": 2798581,
      "properties": {
        "operator": "Prefeitura Municipal de João Pessoa",
        "operator:type": "public",
        "ref:CNES": "2798581",
        "source": "cnes;datasus;dados_abertos_saude",
        "official_name": "USF JOSE AMERICO I",
        "addr:street": "Rua Leila Diniz",
        "addr:suburb": "Jose Americo",
        "addr:city": "João Pessoa",
        "addr:state": "PB",
        "addr:country": "BR",
        "addr:postcode": "58073-180",
        "phone": "+55 46 3218-9176",
        "amenity": "clinic",
        "healthcare": "clinic",
        "name": "Unidade Básica de Saúde Usf Jose Americo I",
        "short_name": "UBS Usf Jose Americo I",
        "comment": "UBS"
      },
      "geometry": {
        "type": "Point",
        "coordinates": [
          -34.8548126,
          -7.1672371
        ]
      }
    },
    {
      "type": "Feature",
      "id": 3446190,
      "properties": {
        "operator": "Prefeitura Municipal de João Pessoa",
        "operator:type": "public",
        "ref:CNES": "3446190",
        "source": "cnes;datasus;dados_abertos_saude",
        "official_name": "USF MANDACARU IX",
        "addr:street": "Avenida General Osorio",
        "addr:housenumber": "280",
        "addr:city": "João Pessoa",
        "addr:state": "PB",
        "addr:country": "BR",
        "addr:postcode": "58028-010",
        "phone": "+55 83 3218-9800",
        "amenity": "clinic",
        "healthcare": "clinic",
        "name": "Unidade Básica de Saúde Usf Mandacaru Ix",
        "short_name": "UBS Usf Mandacaru Ix",
        "comment": "UBS"
      },
      "geometry": {
        "type": "Point",
        "coordinates": [
          -34.8851266,
          -7.1224795
        ]
      }
    },
    {
      "type": "Feature",
      "id": 3006220,
      "properties": {
        "operator": "Prefeitura Municipal de João Pessoa",
        "operator:type": "public",
        "ref:CNES": "3006220",
        "source": "cnes;datasus;dados_abertos_saude",
        "official_name": "USF MANDACARU VII",
        "addr:street": "Rua Jose Augusto Sabadele",
        "addr:housenumber": "330",
        "addr:suburb": "Mandacaru",
        "addr:city": "João Pessoa",
        "addr:state": "PB",
        "addr:country": "BR",
        "addr:postcode": "58027-060",
        "phone": "+55 46 83214-7133",
        "amenity": "clinic",
        "healthcare": "clinic",
        "name": "Unidade Básica de Saúde Usf Mandacaru Vii",
        "short_name": "UBS Usf Mandacaru Vii",
        "comment": "UBS"
      },
      "geometry": {
        "type": "Point",
        "coordinates": [
          -34.8611426,
          -7.1058113
        ]
      }
    },
    {
      "type": "Feature",
      "id": 3025136,
      "properties": {
        "operator": "Prefeitura Municipal de João Pessoa",
        "operator:type": "public",
        "ref:CNES": "3025136",
        "source": "cnes;datasus;dados_abertos_saude",
        "official_name": "USF MANDACARU VIII",
        "addr:street": "Avenida Iaia Paiva",
        "addr:housenumber": "335",
        "addr:suburb": "Mandacaru",
        "addr:city": "João Pessoa",
        "addr:state": "PB",
        "addr:country": "BR",
        "addr:postcode": "58027-430",
        "phone": "+55 83 3211-6765",
        "amenity": "clinic",
        "healthcare": "clinic",
        "name": "Unidade Básica de Saúde Usf Mandacaru Viii",
        "short_name": "UBS Usf Mandacaru Viii",
        "comment": "UBS"
      },
      "geometry": {
        "type": "Point",
        "coordinates": [
          -34.8608422,
          -7.1040014
        ]
      }
    },
    {
      "type": "Feature",
      "id": 2756005,
      "properties": {
        "operator": "Prefeitura Municipal de João Pessoa",
        "operator:type": "public",
        "ref:CNES": "2756005",
        "source": "cnes;datasus;dados_abertos_saude",
        "official_name": "USF MARIA DE NAZARE",
        "addr:street": "Rua Tenente Esdras Jorge de Carvalho",
        "addr:housenumber": "32",
        "addr:suburb": "Funcionarios II",
        "addr:city": "João Pessoa",
        "addr:state": "PB",
        "addr:country": "BR",
        "addr:postcode": "58079-120",
        "phone": "+55 83 3218-9204",
        "amenity": "clinic",
        "healthcare": "clinic",
        "name": "Unidade Básica de Saúde Usf Maria de Nazare",
        "short_name": "UBS Usf Maria de Nazare",
        "comment": "UBS"
      },
      "geometry": {
        "type": "Point",
        "coordinates": [
          -34.88657,
          -7.1835663
        ]
      }
    },
    {
      "type": "Feature",
      "id": 7798741,
      "properties": {
        "operator": "Prefeitura Municipal de João Pessoa",
        "operator:type": "public",
        "ref:CNES": "7798741",
        "source": "cnes;datasus;dados_abertos_saude",
        "official_name": "USF MATINHA I",
        "addr:street": "Avenida Maximiano Machado",
        "addr:housenumber": "540",
        "addr:suburb": "Jaguaribe",
        "addr:city": "João Pessoa",
        "addr:state": "PB",
        "addr:country": "BR",
        "addr:postcode": "58015-110",
        "amenity": "clinic",
        "healthcare": "clinic",
        "name": "Unidade Básica de Saúde Usf Matinha I",
        "short_name": "UBS Usf Matinha I",
        "comment": "UBS"
      },
      "geometry": {
        "type": "Point",
        "coordinates": [
          -34.8807617,
          -7.1285146
        ]
      }
    },
    {
      "type": "Feature",
      "id": 7305400,
      "properties": {
        "operator": "Prefeitura Municipal de João Pessoa",
        "operator:type": "public",
        "ref:CNES": "7305400",
        "source": "cnes;datasus;dados_abertos_saude",
        "official_name": "USF MUMBABA",
        "addr:street": "Rua Agricultor Severino Evaristo de Souza",
        "addr:housenumber": "100",
        "addr:suburb": "Sitio Mumbaba",
        "addr:city": "João Pessoa",
        "addr:state": "PB",
        "addr:country": "BR",
        "addr:postcode": "58082-808",
        "phone": "+55 46 3218-9282",
        "amenity": "clinic",
        "healthcare": "clinic",
        "name": "Unidade Básica de Saúde Usf Mumbaba",
        "short_name": "UBS Usf Mumbaba",
        "comment": "UBS"
      },
      "geometry": {
        "type": "Point",
        "coordinates": [
          -34.9104566,
          -7.1843998
        ]
      }
    },
    {
      "type": "Feature",
      "id": 2357135,
      "properties": {
        "operator": "Prefeitura Municipal de João Pessoa",
        "operator:type": "public",
        "ref:CNES": "2357135",
        "source": "cnes;datasus;dados_abertos_saude",
        "official_name": "USF PADRE HILDON BANDEIRA",
        "addr:street": "Rua Severino Procopio",
        "addr:suburb": "Torre",
        "addr:city": "João Pessoa",
        "addr:state": "PB",
        "addr:country": "BR",
        "addr:postcode": "58041-200",
        "phone": "+55 83 3214-7141",
        "amenity": "clinic",
        "healthcare": "clinic",
        "name": "Unidade Básica de Saúde Usf Padre Hildon Bandeira",
        "short_name": "UBS Usf Padre Hildon Bandeira",
        "comment": "UBS"
      },
      "geometry": {
        "type": "Point",
        "coordinates": [
          -34.8559499,
          -7.1279341
        ]
      }
    },
    {
      "type": "Feature",
      "id": 2343142,
      "properties": {
        "operator": "Prefeitura Municipal de João Pessoa",
        "operator:type": "public",
        "ref:CNES": "2343142",
        "source": "cnes;datasus;dados_abertos_saude",
        "official_name": "USF PENHA",
        "addr:street": "Rua Praca Oswaldo Pessoa",
        "addr:suburb": "Penha",
        "addr:city": "João Pessoa",
        "addr:state": "PB",
        "addr:country": "BR",
        "addr:postcode": "58047-000",
        "phone": "+55 83 3251-1224",
        "amenity": "clinic",
        "healthcare": "clinic",
        "name": "Unidade Básica de Saúde Usf Penha",
        "short_name": "UBS Usf Penha",
        "comment": "UBS"
      },
      "geometry": {
        "type": "Point",
        "coordinates": [
          -34.7989154,
          -7.1652572
        ]
      }
    },
    {
      "type": "Feature",
      "id": 2756021,
      "properties": {
        "operator": "Prefeitura Municipal de João Pessoa",
        "operator:type": "public",
        "ref:CNES": "2756021",
        "source": "cnes;datasus;dados_abertos_saude",
        "official_name": "USF RANGEL I",
        "addr:street": "Rua Napoleao Laureano",
        "addr:housenumber": "65",
        "addr:suburb": "Rangel",
        "addr:city": "João Pessoa",
        "addr:state": "PB",
        "addr:country": "BR",
        "addr:postcode": "58070-260",
        "phone": "+55 83 3218-9118",
        "amenity": "clinic",
        "healthcare": "clinic",
        "name": "Unidade Básica de Saúde Usf Rangel I",
        "short_name": "UBS Usf Rangel I",
        "comment": "UBS"
      },
      "geometry": {
        "type": "Point",
        "coordinates": [
          -34.8757982,
          -7.1473944
        ]
      }
    },
    {
      "type": "Feature",
      "id": 2809001,
      "properties": {
        "operator": "Prefeitura Municipal de João Pessoa",
        "operator:type": "public",
        "ref:CNES": "2809001",
        "source": "cnes;datasus;dados_abertos_saude",
        "official_name": "USF RANGEL VII",
        "addr:street": "Rua Arnaldo Costa",
        "addr:housenumber": "301",
        "addr:suburb": "Cristo",
        "addr:city": "João Pessoa",
        "addr:state": "PB",
        "addr:country": "BR",
        "addr:postcode": "58071-100",
        "phone": "+55 83 3214-2888",
        "amenity": "clinic",
        "healthcare": "clinic",
        "name": "Unidade Básica de Saúde Usf Rangel Vii",
        "short_name": "UBS Usf Rangel Vii",
        "comment": "UBS"
      },
      "geometry": {
        "type": "Point",
        "coordinates": [
          -34.8709488,
          -7.1569114
        ]
      }
    },
    {
      "type": "Feature",
      "id": 2357240,
      "properties": {
        "operator": "Prefeitura Municipal de João Pessoa",
        "operator:type": "public",
        "ref:CNES": "2357240",
        "source": "cnes;datasus;dados_abertos_saude",
        "official_name": "USF RIACHO DOCE MARCONARIA",
        "addr:street": "Rua Ranieri Mazilli",
        "addr:housenumber": "2530",
        "addr:suburb": "Cristo",
        "addr:city": "João Pessoa",
        "addr:state": "PB",
        "addr:country": "BR",
        "addr:postcode": "58071-000",
        "phone": "+55 83 3218-9164",
        "amenity": "clinic",
        "healthcare": "clinic",
        "name": "Unidade Básica de Saúde Usf Riacho Doce Marconaria",
        "short_name": "UBS Usf Riacho Doce Marconaria",
        "comment": "UBS"
      },
      "geometry": {
        "type": "Point",
        "coordinates": [
          -34.8657131,
          -7.1678333
        ]
      }
    },
    {
      "type": "Feature",
      "id": 3019497,
      "properties": {
        "operator": "Prefeitura Municipal de João Pessoa",
        "operator:type": "public",
        "ref:CNES": "3019497",
        "source": "cnes;datasus;dados_abertos_saude",
        "official_name": "USF ROGER III",
        "addr:street": "Rua Dezenove de Marco",
        "addr:suburb": "Roger",
        "addr:city": "João Pessoa",
        "addr:state": "PB",
        "addr:country": "BR",
        "addr:postcode": "58020-340",
        "phone": "+55 83 3218-9846",
        "amenity": "clinic",
        "healthcare": "clinic",
        "name": "Unidade Básica de Saúde Usf Roger III",
        "short_name": "UBS Usf Roger III",
        "comment": "UBS"
      },
      "geometry": {
        "type": "Point",
        "coordinates": [
          -34.8784941,
          -7.1078948
        ]
      }
    },
    {
      "type": "Feature",
      "id": 2756188,
      "properties": {
        "operator": "Prefeitura Municipal de João Pessoa",
        "operator:type": "public",
        "ref:CNES": "2756188",
        "source": "cnes;datasus;dados_abertos_saude",
        "official_name": "USF SAO RAFAEL",
        "addr:street": "Rua Arquivista Jonathas Careca",
        "addr:housenumber": "74",
        "addr:suburb": "Castelo Branco",
        "addr:city": "João Pessoa",
        "addr:state": "PB",
        "addr:country": "BR",
        "addr:postcode": "58050-705",
        "amenity": "clinic",
        "healthcare": "clinic",
        "name": "Unidade Básica de Saúde Usf São Rafael",
        "short_name": "UBS Usf São Rafael",
        "comment": "UBS"
      },
      "geometry": {
        "type": "Point",
        "coordinates": [
          -34.8524094,
          -7.1315537
        ]
      }
    },
    {
      "type": "Feature",
      "id": 3324621,
      "properties": {
        "operator": "Prefeitura Municipal de João Pessoa",
        "operator:type": "public",
        "ref:CNES": "3324621",
        "source": "cnes;datasus;dados_abertos_saude",
        "official_name": "USF SAUDE EM ACAO",
        "addr:street": "Rua Olivio de Moraes Magalhaes",
        "addr:suburb": "Geisel",
        "addr:city": "João Pessoa",
        "addr:state": "PB",
        "addr:country": "BR",
        "addr:postcode": "58077-128",
        "phone": "+55 83 3218-9419",
        "amenity": "clinic",
        "healthcare": "clinic",
        "name": "Unidade Básica de Saúde Usf Saude em Acao",
        "short_name": "UBS Usf Saude em Acao",
        "comment": "UBS"
      },
      "geometry": {
        "type": "Point",
        "coordinates": [
          -34.8642111,
          -7.1837579
        ]
      }
    },
    {
      "type": "Feature",
      "id": 3011828,
      "properties": {
        "operator": "Prefeitura Municipal de João Pessoa",
        "operator:type": "public",
        "ref:CNES": "3011828",
        "source": "cnes;datasus;dados_abertos_saude",
        "official_name": "USF TAMBIA",
        "addr:street": "Rua Vicente Jardim",
        "addr:housenumber": "176",
        "addr:suburb": "Tambia",
        "addr:city": "João Pessoa",
        "addr:state": "PB",
        "addr:country": "BR",
        "addr:postcode": "58020-770",
        "phone": "+55 46 83218-9874",
        "amenity": "clinic",
        "healthcare": "clinic",
        "name": "Unidade Básica de Saúde Usf Tambia",
        "short_name": "UBS Usf Tambia",
        "comment": "UBS"
      },
      "geometry": {
        "type": "Point",
        "coordinates": [
          -34.872129,
          -7.1153185
        ]
      }
    },
    {
      "type": "Feature",
      "id": 2357194,
      "properties": {
        "operator": "Prefeitura Municipal de João Pessoa",
        "operator:type": "public",
        "ref:CNES": "2357194",
        "source": "cnes;datasus;dados_abertos_saude",
        "official_name": "USF TIMBO I",
        "addr:street": "Rua Goncalo Souza Pontes",
        "addr:housenumber": "127",
        "addr:suburb": "Bancarios",
        "addr:city": "João Pessoa",
        "addr:state": "PB",
        "addr:country": "BR",
        "addr:postcode": "58051-140",
        "phone": "+55 46 3218-9715",
        "amenity": "clinic",
        "healthcare": "clinic",
        "name": "Unidade Básica de Saúde Usf Timbo I",
        "short_name": "UBS Usf Timbo I",
        "comment": "UBS"
      },
      "geometry": {
        "type": "Point",
        "coordinates": [
          -34.8289132,
          -7.14897
        ]
      }
    },
    {
      "type": "Feature",
      "id": 3063739,
      "properties": {
        "operator": "Prefeitura Municipal de João Pessoa",
        "operator:type": "public",
        "ref:CNES": "3063739",
        "source": "cnes;datasus;dados_abertos_saude",
        "official_name": "USF TIMBO II",
        "addr:street": "Rua Nossa Senhora de Fatima",
        "addr:suburb": "Timbo",
        "addr:city": "João Pessoa",
        "addr:state": "PB",
        "addr:country": "BR",
        "addr:postcode": "58051-805",
        "phone": "+55 46 3218-9716",
        "amenity": "clinic",
        "healthcare": "clinic",
        "name": "Unidade Básica de Saúde Usf Timbo II",
        "short_name": "UBS Usf Timbo II",
        "comment": "UBS"
      },
      "geometry": {
        "type": "Point",
        "coordinates": [
          -34.828999,
          -7.1479799
        ]
      }
    },
    {
      "type": "Feature",
      "id": 3009122,
      "properties": {
        "operator": "Prefeitura Municipal de João Pessoa",
        "operator:type": "public",
        "ref:CNES": "3009122",
        "source": "cnes;datasus;dados_abertos_saude",
        "official_name": "USF TITO SILVA",
        "addr:street": "Rua Olivio Travassos de Medeiros",
        "addr:housenumber": "590",
        "addr:suburb": "Miramar",
        "addr:city": "João Pessoa",
        "addr:state": "PB",
        "addr:country": "BR",
        "addr:postcode": "58043-050",
        "phone": "+55 83 3214-7140",
        "amenity": "clinic",
        "healthcare": "clinic",
        "name": "Unidade Básica de Saúde Usf Tito Silva",
        "short_name": "UBS Usf Tito Silva",
        "comment": "UBS"
      },
      "geometry": {
        "type": "Point",
        "coordinates": [
          -34.8344707,
          -7.1212484
        ]
      }
    },
    {
      "type": "Feature",
      "id": 3280268,
      "properties": {
        "operator": "Prefeitura Municipal de João Pessoa",
        "operator:type": "public",
        "ref:CNES": "3280268",
        "source": "cnes;datasus;dados_abertos_saude",
        "official_name": "USF TORRE I",
        "addr:street": "Rua Jose Severino Massa Spinelli",
        "addr:housenumber": "835",
        "addr:suburb": "Torre",
        "addr:city": "João Pessoa",
        "addr:state": "PB",
        "addr:country": "BR",
        "addr:postcode": "58040-500",
        "phone": "+55 83 3211-6071",
        "amenity": "clinic",
        "healthcare": "clinic",
        "name": "Unidade Básica de Saúde Usf Torre I",
        "short_name": "UBS Usf Torre I",
        "comment": "UBS"
      },
      "geometry": {
        "type": "Point",
        "coordinates": [
          -34.8585892,
          -7.1304465
        ]
      }
    },
    {
      "type": "Feature",
      "id": 5837669,
      "properties": {
        "operator": "Governo do Estado (PB)",
        "operator:type": "public",
        "ref:CNES": "5837669",
        "source": "cnes;datasus;dados_abertos_saude",
        "official_name": "POINSP",
        "addr:street": "Rua Borges Peregrino",
        "addr:housenumber": "201",
        "addr:suburb": "Torre",
        "addr:city": "João Pessoa",
        "addr:state": "PB",
        "addr:country": "BR",
        "addr:postcode": "58013-342",
        "amenity": "clinic",
        "healthcare": "rehabilitation",
        "name": "Serviço de Reabilitação Física Nível Intermediário",
        "comment": "Reabilitação Física"
      },
      "geometry": {
        "type": "Point",
        "coordinates": [
          -34.8715902,
          -7.1250317
        ]
      }
    },
    {
      "type": "Feature",
      "id": 2398915,
      "properties": {
        "operator": "Prefeitura Municipal de João Pessoa",
        "operator:type": "public",
        "ref:CNES": "2398915",
        "source": "cnes;datasus;dados_abertos_saude",
        "official_name": "POLICLINICA MUNICIPAL CRISTO",
        "addr:street": "Rua Olivia de Almeida Guerra",
        "addr:suburb": "Cristo",
        "addr:city": "João Pessoa",
        "addr:state": "PB",
        "addr:country": "BR",
        "addr:postcode": "58071-430",
        "phone": "+55 83 3214-2621",
        "amenity": "clinic",
        "healthcare": "rehabilitation",
        "name": "Serviço de Reabilitação Física Nível Intermediário",
        "comment": "Reabilitação Física"
      },
      "geometry": {
        "type": "Point",
        "coordinates": [
          -34.8759653,
          -7.1613598
        ]
      }
    },
    {
      "type": "Feature",
      "id": 5631742,
      "properties": {
        "operator": "Prefeitura Municipal de João Pessoa",
        "operator:type": "public",
        "ref:CNES": "5631742",
        "source": "cnes;datasus;dados_abertos_saude",
        "official_name": "POLICLINICA MUNICIPAL DA PESSOA IDOSA",
        "addr:street": "Rua Praca Caldas Brandao",
        "addr:suburb": "Tambia",
        "addr:city": "João Pessoa",
        "addr:state": "PB",
        "addr:country": "BR",
        "addr:postcode": "58010-420",
        "phone": "+55 46 3214-4817",
        "amenity": "clinic",
        "healthcare": "rehabilitation",
        "name": "Serviço de Reabilitação Física Nível Intermediário",
        "comment": "Reabilitação Física"
      },
      "geometry": {
        "type": "Point",
        "coordinates": [
          -34.8725562,
          -7.1182386
        ]
      }
    },
    {
      "type": "Feature",
      "id": 2399253,
      "properties": {
        "operator": "Prefeitura Municipal de João Pessoa",
        "operator:type": "public",
        "ref:CNES": "2399253",
        "source": "cnes;datasus;dados_abertos_saude",
        "official_name": "POLICLINICA MUNICIPAL DAS PRAIAS",
        "addr:street": "Rua Av Olinda",
        "addr:suburb": "Tambau",
        "addr:city": "João Pessoa",
        "addr:state": "PB",
        "addr:country": "BR",
        "addr:postcode": "58039-000",
        "phone": "+55 83 3213-7754",
        "email": "policlinicadaspraias2025@gmail.com",
        "amenity": "clinic",
        "healthcare": "rehabilitation",
        "name": "Serviço de Reabilitação Física Nível Intermediário",
        "comment": "Reabilitação Física"
      },
      "geometry": {
        "type": "Point",
        "coordinates": [
          -34.8273629,
          -7.1132798
        ]
      }
    },
    {
      "type": "Feature",
      "id": 2399229,
      "properties": {
        "operator": "Prefeitura Municipal de João Pessoa",
        "operator:type": "public",
        "ref:CNES": "2399229",
        "source": "cnes;datasus;dados_abertos_saude",
        "official_name": "POLICLINICA MUNICIPAL DE MANDACARU",
        "addr:street": "Rua Mascarenhas de Morais",
        "addr:suburb": "Mandacaru",
        "addr:city": "João Pessoa",
        "addr:state": "PB",
        "addr:country": "BR",
        "addr:postcode": "58027-000",
        "phone": "+55 83 3213-7595",
        "email": "csmandacaru@joaopessoa.pb.gov.br",
        "amenity": "clinic",
        "healthcare": "rehabilitation",
        "name": "Serviço de Reabilitação Física Nível Intermediário",
        "comment": "Reabilitação Física"
      },
      "geometry": {
        "type": "Point",
        "coordinates": [
          -34.8734164,
          -7.1493532
        ]
      }
    },
    {
      "type": "Feature",
      "id": 2399970,
      "properties": {
        "operator": "Prefeitura Municipal de João Pessoa",
        "operator:type": "public",
        "ref:CNES": "2399970",
        "source": "cnes;datasus;dados_abertos_saude",
        "official_name": "POLICLINICA MUNICIPAL JAGUARIBE",
        "addr:street": "Rua Alberto de Brito",
        "addr:suburb": "Jaguaribe",
        "addr:city": "João Pessoa",
        "addr:state": "PB",
        "addr:country": "BR",
        "addr:postcode": "58015-320",
        "phone": "+55 46 83321-3594",
        "email": "direcaocaisjuaguaribe@gmail.com",
        "amenity": "clinic",
        "healthcare": "rehabilitation",
        "name": "Serviço de Reabilitação Física Nível Intermediário",
        "comment": "Reabilitação Física"
      },
      "geometry": {
        "type": "Point",
        "coordinates": [
          -34.8776221,
          -7.1271037
        ]
      }
    },
    {
      "type": "Feature",
      "id": 3442063,
      "properties": {
        "operator": "Prefeitura Municipal de João Pessoa",
        "operator:type": "public",
        "ref:CNES": "3442063",
        "source": "cnes;datasus;dados_abertos_saude",
        "official_name": "POLICLINICA MUNICIPAL MANGABEIRA",
        "addr:street": "Rua Elias Pereira de Araujo",
        "addr:suburb": "Mangabeira I",
        "addr:city": "João Pessoa",
        "addr:state": "PB",
        "addr:country": "BR",
        "addr:postcode": "58056-172",
        "phone": "+55 83 3213-7589",
        "email": "policlinicamunicipalmangabeira@gmail.com",
        "amenity": "clinic",
        "healthcare": "rehabilitation",
        "name": "Serviço de Reabilitação Física Nível Intermediário",
        "comment": "Reabilitação Física"
      },
      "geometry": {
        "type": "Point",
        "coordinates": [
          -34.8380917,
          -7.172384
        ]
      }
    },
    {
      "type": "Feature",
      "id": 2399628,
      "properties": {
        "operator": "Prefeitura Municipal de João Pessoa",
        "operator:type": "public",
        "ref:CNES": "2399628",
        "source": "cnes;datasus;dados_abertos_saude",
        "official_name": "COMPLEXO HOSPITALAR DE MANGABEIRA GOV TARCISIO BURITY",
        "addr:street": "Rua Agente Fiscal Jose Costa Duarte",
        "addr:suburb": "Mangabeira",
        "addr:city": "João Pessoa",
        "addr:state": "PB",
        "addr:country": "BR",
        "addr:postcode": "58056-384",
        "phone": "3214-1980/3218-9725",
        "amenity": "clinic",
        "healthcare": "clinic",
        "name": "Complexo Hospitalar de Mangabeira Gov Tarcisio Burity",
        "comment": "Outros Serviços de Saúde"
      },
      "geometry": {
        "type": "Point",
        "coordinates": [
          -34.8405629,
          -7.1750092
        ]
      }
    },
    {
      "type": "Feature",
      "id": 2593262,
      "properties": {
        "operator": "Governo do Estado (PB)",
        "operator:type": "public",
        "ref:CNES": "2593262",
        "source": "cnes;datasus;dados_abertos_saude",
        "official_name": "HOSPITAL DE EMERGENCIA E TRAUMA SENADOR HUMBERTO LUCENA",
        "addr:street": "Rua Dr Orestes Lisboa",
        "addr:suburb": "Pedro Gondim",
        "addr:city": "João Pessoa",
        "addr:state": "PB",
        "addr:country": "BR",
        "addr:postcode": "58031-090",
        "phone": "+55 46 83218-7775",
        "amenity": "clinic",
        "healthcare": "clinic",
        "name": "Hospital de Emergencia e Trauma Senador Humberto Lucena",
        "comment": "Outros Serviços de Saúde"
      },
      "geometry": {
        "type": "Point",
        "coordinates": [
          -34.8428066,
          -7.1160495
        ]
      }
    },
    {
      "type": "Feature",
      "id": 2399814,
      "properties": {
        "operator": "Prefeitura Municipal de João Pessoa",
        "operator:type": "public",
        "ref:CNES": "2399814",
        "source": "cnes;datasus;dados_abertos_saude",
        "official_name": "HOSPITAL DE GUARNICAO DE JOAO PESSOA",
        "addr:street": "Rua Av Epitacio Pessoa",
        "addr:housenumber": "2205",
        "addr:suburb": "Estados",
        "addr:city": "João Pessoa",
        "addr:state": "PB",
        "addr:country": "BR",
        "addr:postcode": "58030-002",
        "phone": "+55 83 3224-3495",
        "amenity": "clinic",
        "healthcare": "clinic",
        "name": "Hospital de Guarnicao de João Pessoa",
        "comment": "Outros Serviços de Saúde"
      },
      "geometry": {
        "type": "Point",
        "coordinates": [
          -34.8464159,
          -7.1195968
        ]
      }
    },
    {
      "type": "Feature",
      "id": 2400324,
      "properties": {
        "operator": "Governo do Estado (PB)",
        "operator:type": "public",
        "ref:CNES": "2400324",
        "source": "cnes;datasus;dados_abertos_saude",
        "official_name": "HOSPITAL EDSON RAMALHO",
        "addr:street": "Rua Eugenio de Lucena Neiva",
        "addr:suburb": "Jardim 13 de Maio",
        "addr:city": "João Pessoa",
        "addr:state": "PB",
        "addr:country": "BR",
        "addr:postcode": "58020-388",
        "phone": "+55 83 3218-7988",
        "amenity": "clinic",
        "healthcare": "clinic",
        "name": "Hospital Edson Ramalho",
        "comment": "Outros Serviços de Saúde"
      },
      "geometry": {
        "type": "Point",
        "coordinates": [
          -34.866375,
          -7.118095
        ]
      }
    },
    {
      "type": "Feature",
      "id": 147907,
      "properties": {
        "operator": "Prefeitura Municipal de João Pessoa",
        "operator:type": "public",
        "ref:CNES": "147907",
        "source": "cnes;datasus;dados_abertos_saude",
        "official_name": "HOSPITAL GERAL E DO CANCER DR STENIO HOLANDA FILHO",
        "addr:street": "Avenida Monsenhor Walfredo Leal",
        "addr:housenumber": "46",
        "addr:suburb": "Tambia",
        "addr:city": "João Pessoa",
        "addr:state": "PB",
        "addr:country": "BR",
        "addr:postcode": "58020-540",
        "amenity": "clinic",
        "healthcare": "clinic",
        "name": "Hospital Geral e do Cancer Dr Stenio Holanda Filho",
        "comment": "Outros Serviços de Saúde"
      },
      "geometry": {
        "type": "Point",
        "coordinates": [
          -34.8732281,
          -7.1173623
        ]
      }
    },
    {
      "type": "Feature",
      "id": 2399555,
      "properties": {
        "operator": "Prefeitura Municipal de João Pessoa",
        "operator:type": "public",
        "ref:CNES": "2399555",
        "source": "cnes;datasus;dados_abertos_saude",
        "official_name": "HOSPITAL MUNICIPAL SANTA ISABEL",
        "addr:street": "Rua Praca Caldas Brandao",
        "addr:suburb": "Jardim das Acacias",
        "addr:city": "João Pessoa",
        "addr:state": "PB",
        "addr:country": "BR",
        "addr:postcode": "58020-560",
        "phone": "+55 83 3214-1612",
        "email": "hgsi@joaopessoa.pb.gov.br",
        "amenity": "clinic",
        "healthcare": "clinic",
        "name": "Hospital Municipal Santa Isabel",
        "comment": "Outros Serviços de Saúde"
      },
      "geometry": {
        "type": "Point",
        "coordinates": [
          -34.8699621,
          -7.1178902
        ]
      }
    },
    {
      "type": "Feature",
      "id": 8133328,
      "properties": {
        "operator": "Governo do Estado (PB)",
        "operator:type": "public",
        "ref:CNES": "8133328",
        "source": "cnes;datasus;dados_abertos_saude",
        "official_name": "HOSPITAL SAO VICENTE DE PAULO REGULACAO SESPB",
        "addr:street": "Avenida João Machado",
        "addr:housenumber": "1234",
        "addr:city": "João Pessoa",
        "addr:state": "PB",
        "addr:country": "BR",
        "addr:postcode": "58013-522",
        "amenity": "clinic",
        "healthcare": "clinic",
        "name": "Hospital São Vicente de Paulo Regulacao Sespb",
        "comment": "Outros Serviços de Saúde"
      },
      "geometry": {
        "type": "Point",
        "coordinates": [
          -34.8736279,
          -7.126311
        ]
      }
    },
    {
      "type": "Feature",
      "id": 2399717,
      "properties": {
        "operator": "Governo do Estado (PB)",
        "operator:type": "public",
        "ref:CNES": "2399717",
        "source": "cnes;datasus;dados_abertos_saude",
        "official_name": "COMPLEXO DE DOENCAS INFECTO CONTAGIOSAS CLEMENTINO FRAGA",
        "addr:street": "Rua Ester Borges",
        "addr:suburb": "Jaguaribe",
        "addr:city": "João Pessoa",
        "addr:state": "PB",
        "addr:country": "BR",
        "addr:postcode": "58015-270",
        "amenity": "clinic",
        "healthcare": "clinic",
        "name": "Complexo de Doencas Infecto Contagiosas Clementino Fraga",
        "comment": "Outros Serviços de Saúde"
      },
      "geometry": {
        "type": "Point",
        "coordinates": [
          -34.8736638,
          -7.1313174
        ]
      }
    },
    {
      "type": "Feature",
      "id": 2399067,
      "properties": {
        "operator": "Governo do Estado (PB)",
        "operator:type": "public",
        "ref:CNES": "2399067",
        "source": "cnes;datasus;dados_abertos_saude",
        "official_name": "COMPLEXO PSIQUIATRICO JULIANO MOREIRA",
        "addr:street": "Rua Av Dom Pedro II",
        "addr:housenumber": "1826",
        "addr:suburb": "Torre",
        "addr:city": "João Pessoa",
        "addr:state": "PB",
        "addr:country": "BR",
        "addr:postcode": "58040-440",
        "phone": "+55 83 3218-7563",
        "email": "contasmedicas.cpjm@ses.pb.gov.br",
        "amenity": "clinic",
        "healthcare": "clinic",
        "name": "Complexo Psiquiatrico Juliano Moreira",
        "comment": "Outros Serviços de Saúde"
      },
      "geometry": {
        "type": "Point",
        "coordinates": [
          -34.8540986,
          -7.1376445
        ]
      }
    },
    {
      "type": "Feature",
      "id": 8024871,
      "properties": {
        "operator": "Governo do Estado (PB)",
        "operator:type": "public",
        "ref:CNES": "8024871",
        "source": "cnes;datasus;dados_abertos_saude",
        "official_name": "FUNDACAO NAPOLEAO LAUREANO REGULACAO SESPB",
        "addr:street": "Rua Capitao Jose Pessoa",
        "addr:housenumber": "1140",
        "addr:suburb": "Jaguaribe",
        "addr:city": "João Pessoa",
        "addr:state": "PB",
        "addr:country": "BR",
        "addr:postcode": "58015-170",
        "amenity": "clinic",
        "healthcare": "clinic",
        "name": "Fundacao Napoleao Laureano Regulacao Sespb",
        "comment": "Outros Serviços de Saúde"
      },
      "geometry": {
        "type": "Point",
        "coordinates": [
          -34.8770864,
          -7.130134
        ]
      }
    },
    {
      "type": "Feature",
      "id": 2707527,
      "properties": {
        "operator": "Governo do Estado (PB)",
        "operator:type": "public",
        "ref:CNES": "2707527",
        "source": "cnes;datasus;dados_abertos_saude",
        "official_name": "HOSPITAL DA MULHER D CREUZA PIRES",
        "addr:street": "Rua Av Cruz das Armas",
        "addr:housenumber": "01581",
        "addr:suburb": "Cruz das Armas",
        "addr:city": "João Pessoa",
        "addr:state": "PB",
        "addr:country": "BR",
        "addr:postcode": "58085-100",
        "phone": "+55 83 3215-6066",
        "amenity": "clinic",
        "healthcare": "clinic",
        "name": "Hospital da Mulher D Creuza Pires",
        "comment": "Outros Serviços de Saúde"
      },
      "geometry": {
        "type": "Point",
        "coordinates": [
          -34.891704,
          -7.145772
        ]
      }
    },
    {
      "type": "Feature",
      "id": 2399318,
      "properties": {
        "operator": "Governo do Estado (PB)",
        "operator:type": "public",
        "ref:CNES": "2399318",
        "source": "cnes;datasus;dados_abertos_saude",
        "official_name": "HOSPITAL INFANTIL ARLINDA MARQUES",
        "addr:street": "Rua Alberto de Brito",
        "addr:suburb": "Jaguaribe",
        "addr:city": "João Pessoa",
        "addr:state": "PB",
        "addr:country": "BR",
        "addr:postcode": "58015-320",
        "amenity": "clinic",
        "healthcare": "clinic",
        "name": "Hospital Infantil Arlinda Marques",
        "comment": "Outros Serviços de Saúde"
      },
      "geometry": {
        "type": "Point",
        "coordinates": [
          -34.875251,
          -7.129299
        ]
      }
    },
    {
      "type": "Feature",
      "id": 2399636,
      "properties": {
        "operator": "Prefeitura Municipal de João Pessoa",
        "operator:type": "public",
        "ref:CNES": "2399636",
        "source": "cnes;datasus;dados_abertos_saude",
        "official_name": "HOSPITAL MUNICIPAL VALENTINA",
        "addr:street": "Rua R Mariangela L Peixoto",
        "addr:suburb": "Valentina",
        "addr:city": "João Pessoa",
        "addr:state": "PB",
        "addr:country": "BR",
        "addr:postcode": "58063-300",
        "phone": "+55 83 3218-9404",
        "amenity": "clinic",
        "healthcare": "clinic",
        "name": "Hospital Municipal Valentina",
        "comment": "Outros Serviços de Saúde"
      },
      "geometry": {
        "type": "Point",
        "coordinates": [
          -34.8538961,
          -7.1994097
        ]
      }
    },
    {
      "type": "Feature",
      "id": 2399644,
      "properties": {
        "operator": "Prefeitura Municipal de João Pessoa",
        "operator:type": "public",
        "ref:CNES": "2399644",
        "source": "cnes;datasus;dados_abertos_saude",
        "official_name": "MATERNIDADE CANDIDA VARGAS",
        "addr:street": "Rua Av Coremas",
        "addr:suburb": "Jaguaribe",
        "addr:city": "João Pessoa",
        "addr:state": "PB",
        "addr:country": "BR",
        "addr:postcode": "58013-430",
        "phone": "+55 83 3214-1840",
        "email": "icvmaternidade@hotmail.com",
        "amenity": "clinic",
        "healthcare": "clinic",
        "name": "Maternidade Candida Vargas",
        "comment": "Outros Serviços de Saúde"
      },
      "geometry": {
        "type": "Point",
        "coordinates": [
          -34.8630416,
          -7.1149619
        ]
      }
    },
    {
      "type": "Feature",
      "id": 8024863,
      "properties": {
        "operator": "Governo do Estado (PB)",
        "operator:type": "public",
        "ref:CNES": "8024863",
        "source": "cnes;datasus;dados_abertos_saude",
        "official_name": "DIAGNOSTICA REGULACAO SESPB",
        "addr:street": "Rua Camilo de Holanda",
        "addr:housenumber": "1121",
        "addr:suburb": "Torre",
        "addr:city": "João Pessoa",
        "addr:state": "PB",
        "addr:country": "BR",
        "addr:postcode": "58040-340",
        "amenity": "clinic",
        "healthcare": "clinic",
        "name": "Diagnostica Regulacao Sespb",
        "comment": "Outros Serviços de Saúde"
      },
      "geometry": {
        "type": "Point",
        "coordinates": [
          -34.8724323,
          -7.1244033
        ]
      }
    },
    {
      "type": "Feature",
      "id": 2399474,
      "properties": {
        "operator": "Governo do Estado (PB)",
        "operator:type": "public",
        "ref:CNES": "2399474",
        "source": "cnes;datasus;dados_abertos_saude",
        "official_name": "BANCO DE LEITE ANITA CABRAL",
        "addr:street": "Avenida Centenario",
        "addr:suburb": "Cruz das Armas",
        "addr:city": "João Pessoa",
        "addr:state": "PB",
        "addr:country": "BR",
        "addr:postcode": "58085-300",
        "phone": "+55 83 3215-6020",
        "amenity": "clinic",
        "healthcare": "clinic",
        "name": "Banco de Leite Anita Cabral",
        "comment": "Centro de Especialidades"
      },
      "geometry": {
        "type": "Point",
        "coordinates": [
          -34.8900676,
          -7.1434343
        ]
      }
    },
    {
      "type": "Feature",
      "id": 7281374,
      "properties": {
        "operator": "Prefeitura Municipal de João Pessoa",
        "operator:type": "public",
        "ref:CNES": "7281374",
        "source": "cnes;datasus;dados_abertos_saude",
        "official_name": "CANTO DA HARMONIA",
        "addr:street": "Rua Ulysses Alves Pequeno",
        "addr:suburb": "Valentina Figueiredo",
        "addr:city": "João Pessoa",
        "addr:state": "PB",
        "addr:country": "BR",
        "addr:postcode": "58064-580",
        "phone": "+55 83 3218-5873",
        "amenity": "clinic",
        "healthcare": "clinic",
        "name": "Canto da Harmonia",
        "comment": "Centro de Especialidades"
      },
      "geometry": {
        "type": "Point",
        "coordinates": [
          -34.8630309,
          -7.1146984
        ]
      }
    },
    {
      "type": "Feature",
      "id": 3524566,
      "properties": {
        "operator": "Prefeitura Municipal de João Pessoa",
        "operator:type": "public",
        "ref:CNES": "3524566",
        "source": "cnes;datasus;dados_abertos_saude",
        "official_name": "CENTRO DE ESPECIALIDADES ODONTOLOGICAS CEO JAGUARIBE",
        "addr:street": "Rua Av Alberto de Brito",
        "addr:suburb": "Jaguaribe",
        "addr:city": "João Pessoa",
        "addr:state": "PB",
        "addr:country": "BR",
        "addr:postcode": "58015-320",
        "phone": "+55 83 3218-9804",
        "email": "ceojaguaribe@gmail.com",
        "amenity": "dentist",
        "healthcare": "dentist",
        "name": "Centro de Especialidades Odontológicas (CEO)",
        "short_name": "CEO",
        "comment": "Odontologia (CEO)"
      },
      "geometry": {
        "type": "Point",
        "coordinates": [
          -34.8733413,
          -7.1493958
        ]
      }
    },
    {
      "type": "Feature",
      "id": 806846,
      "properties": {
        "operator": "Prefeitura Municipal de João Pessoa",
        "operator:type": "public",
        "ref:CNES": "806846",
        "source": "cnes;datasus;dados_abertos_saude",
        "official_name": "CENTRO DE ESPECIALIDADES ODONTOLOGICAS CEO MANGABEIRA",
        "addr:street": "Rua Romario Cupertino de Morais",
        "addr:suburb": "Mangabeira",
        "addr:city": "João Pessoa",
        "addr:state": "PB",
        "addr:country": "BR",
        "addr:postcode": "58056-172",
        "amenity": "dentist",
        "healthcare": "dentist",
        "name": "Centro de Especialidades Odontológicas (CEO)",
        "short_name": "CEO",
        "comment": "Odontologia (CEO)"
      },
      "geometry": {
        "type": "Point",
        "coordinates": [
          -34.8629799,
          -7.1147543
        ]
      }
    },
    {
      "type": "Feature",
      "id": 7038224,
      "properties": {
        "operator": "Prefeitura Municipal de João Pessoa",
        "operator:type": "public",
        "ref:CNES": "7038224",
        "source": "cnes;datasus;dados_abertos_saude",
        "official_name": "CENTRO DE ESPECIALIDADES ODONTOLOGICAS CEO TORRE",
        "addr:street": "Avenida Rui Barbosa",
        "addr:suburb": "Torre",
        "addr:city": "João Pessoa",
        "addr:state": "PB",
        "addr:country": "BR",
        "addr:postcode": "58040-040",
        "phone": "+55 46 3224-7457",
        "amenity": "dentist",
        "healthcare": "dentist",
        "name": "Centro de Especialidades Odontológicas (CEO)",
        "short_name": "CEO",
        "comment": "Odontologia (CEO)"
      },
      "geometry": {
        "type": "Point",
        "coordinates": [
          -34.8606142,
          -7.1267098
        ]
      }
    },
    {
      "type": "Feature",
      "id": 3871002,
      "properties": {
        "operator": "Prefeitura Municipal de João Pessoa",
        "operator:type": "public",
        "ref:CNES": "3871002",
        "source": "cnes;datasus;dados_abertos_saude",
        "official_name": "CENTRO DE REABILITACAO E CUIDADO DA PESSOA COM DEFICIENCIA",
        "addr:street": "Rua Bancario Waldemar Mesquita Accioly",
        "addr:suburb": "Bancarios",
        "addr:city": "João Pessoa",
        "addr:state": "PB",
        "addr:country": "BR",
        "addr:postcode": "58051-420",
        "phone": "+55 83 3218-5540",
        "amenity": "clinic",
        "healthcare": "rehabilitation",
        "name": "Centro Especializado em Reabilitação (CER)",
        "short_name": "CER",
        "comment": "Reabilitação (CER)"
      },
      "geometry": {
        "type": "Point",
        "coordinates": [
          -34.8555078,
          -7.1200049
        ]
      }
    },
    {
      "type": "Feature",
      "id": 2757761,
      "properties": {
        "operator": "Governo do Estado (PB)",
        "operator:type": "public",
        "ref:CNES": "2757761",
        "source": "cnes;datasus;dados_abertos_saude",
        "official_name": "CENTRO ESPECIALIZADO DE DIAGNOSTICO DO CANCER",
        "addr:street": "Rua Av Epitacio Pessoa",
        "addr:housenumber": "600",
        "addr:suburb": "Torre",
        "addr:city": "João Pessoa",
        "addr:state": "PB",
        "addr:country": "BR",
        "addr:postcode": "58040-000",
        "phone": "+55 83 3218-5369",
        "email": "cedc@ses.pb.gov.br",
        "amenity": "clinic",
        "healthcare": "clinic",
        "name": "Centro Especializado de Diagnóstico do Cancer",
        "comment": "Centro de Especialidades"
      },
      "geometry": {
        "type": "Point",
        "coordinates": [
          -34.871555,
          -7.122652
        ]
      }
    },
    {
      "type": "Feature",
      "id": 8108013,
      "properties": {
        "operator": "Prefeitura Municipal de João Pessoa",
        "operator:type": "public",
        "ref:CNES": "8108013",
        "source": "cnes;datasus;dados_abertos_saude",
        "official_name": "CENTRO ESPECIALIZADO EM REABILITACAO IV",
        "addr:street": "Rua Bancario Waldemar Mesquita Accioly",
        "addr:suburb": "Bancarios",
        "addr:city": "João Pessoa",
        "addr:state": "PB",
        "addr:country": "BR",
        "addr:postcode": "58051-420",
        "phone": "+55 83 99359-0415",
        "email": "gae.sms.jpa@gmail.com",
        "amenity": "clinic",
        "healthcare": "rehabilitation",
        "name": "Centro Especializado em Reabilitação (CER)",
        "short_name": "CER",
        "comment": "Reabilitação (CER)"
      },
      "geometry": {
        "type": "Point",
        "coordinates": [
          -34.8416525,
          -7.1453932
        ]
      }
    },
    {
      "type": "Feature",
      "id": 8163448,
      "properties": {
        "operator": "Governo do Estado (PB)",
        "operator:type": "public",
        "ref:CNES": "8163448",
        "source": "cnes;datasus;dados_abertos_saude",
        "official_name": "CENTRO MEDICO AUDIOVISUAL LTDA REGULACAO SESPB",
        "addr:street": "Rua Av Clemente Rosas",
        "addr:housenumber": "263",
        "addr:suburb": "Torre",
        "addr:city": "João Pessoa",
        "addr:state": "PB",
        "addr:country": "BR",
        "addr:postcode": "58040-170",
        "amenity": "clinic",
        "healthcare": "clinic",
        "name": "Centro Medico Audiovisual Ltda Regulacao Sespb",
        "comment": "Centro de Especialidades"
      },
      "geometry": {
        "type": "Point",
        "coordinates": [
          -34.8677283,
          -7.1246135
        ]
      }
    },
    {
      "type": "Feature",
      "id": 4971493,
      "properties": {
        "operator": "Prefeitura Municipal de João Pessoa",
        "operator:type": "public",
        "ref:CNES": "4971493",
        "source": "cnes;datasus;dados_abertos_saude",
        "official_name": "CENTRO MUNICIPAL DE NEFROLOGIA",
        "addr:street": "Rua Praca Caldas Brandao",
        "addr:suburb": "Tambia",
        "addr:city": "João Pessoa",
        "addr:state": "PB",
        "addr:country": "BR",
        "addr:postcode": "58020-560",
        "phone": "+55 83 3213-7831",
        "amenity": "clinic",
        "healthcare": "clinic",
        "name": "Centro Municipal de Nefrologia",
        "comment": "Centro de Especialidades"
      },
      "geometry": {
        "type": "Point",
        "coordinates": [
          -34.8702762,
          -7.1180381
        ]
      }
    },
    {
      "type": "Feature",
      "id": 2399652,
      "properties": {
        "operator": "Governo do Estado (PB)",
        "operator:type": "public",
        "ref:CNES": "2399652",
        "source": "cnes;datasus;dados_abertos_saude",
        "official_name": "CENTRO ODONTOLOGICO CRUZ DAS ARMAS",
        "addr:street": "Rua Av Cruz das Armas",
        "addr:suburb": "Cruz das Armas",
        "addr:city": "João Pessoa",
        "addr:state": "PB",
        "addr:country": "BR",
        "addr:postcode": "58087-100",
        "phone": "(83)3215-6016 / 6010",
        "email": "coca.govpb@gmail.com",
        "amenity": "dentist",
        "healthcare": "dentist",
        "name": "Centro de Especialidades Odontológicas (CEO)",
        "short_name": "CEO",
        "comment": "Odontologia (CEO)"
      },
      "geometry": {
        "type": "Point",
        "coordinates": [
          -34.893674,
          -7.161043
        ]
      }
    },
    {
      "type": "Feature",
      "id": 5326672,
      "properties": {
        "operator": "Prefeitura Municipal de João Pessoa",
        "operator:type": "public",
        "ref:CNES": "5326672",
        "source": "cnes;datasus;dados_abertos_saude",
        "official_name": "CEREST",
        "addr:street": "Rua Alberto de Brito",
        "addr:suburb": "Jaguaribe",
        "addr:city": "João Pessoa",
        "addr:state": "PB",
        "addr:country": "BR",
        "addr:postcode": "58015-320",
        "phone": "+55 83 3218-7114",
        "email": "cerest@joaopessoa.gov.pb.br",
        "amenity": "clinic",
        "healthcare": "occupational_health",
        "name": "CEREST Macro Centro Sul",
        "short_name": "CEREST",
        "comment": "Saúde do Trabalhador (CEREST)"
      },
      "geometry": {
        "type": "Point",
        "coordinates": [
          -34.874875,
          -7.128223
        ]
      }
    },
    {
      "type": "Feature",
      "id": 5971179,
      "properties": {
        "operator": "Governo do Estado (PB)",
        "operator:type": "public",
        "ref:CNES": "5971179",
        "source": "cnes;datasus;dados_abertos_saude",
        "official_name": "CEREST CENTRO DE REFERENCIA ESTADUAL DE SAUDE DO TRABALHADOR",
        "addr:street": "Rua Av Dom Pedro II",
        "addr:housenumber": "1826",
        "addr:suburb": "Torre",
        "addr:city": "João Pessoa",
        "addr:state": "PB",
        "addr:country": "BR",
        "addr:postcode": "58040-440",
        "phone": "+55 46 3218-4163",
        "amenity": "clinic",
        "healthcare": "occupational_health",
        "name": "CEREST Macro Centro Sul",
        "short_name": "CEREST",
        "comment": "Saúde do Trabalhador (CEREST)"
      },
      "geometry": {
        "type": "Point",
        "coordinates": [
          -34.875566,
          -7.128498
        ]
      }
    },
    {
      "type": "Feature",
      "id": 3055787,
      "properties": {
        "operator": "Prefeitura Municipal de João Pessoa",
        "operator:type": "public",
        "ref:CNES": "3055787",
        "source": "cnes;datasus;dados_abertos_saude",
        "official_name": "CINCO ELEMENTOS NUPICS",
        "addr:street": "Avenida Gouveia Nobrega",
        "addr:suburb": "Roger",
        "addr:city": "João Pessoa",
        "addr:state": "PB",
        "addr:country": "BR",
        "addr:postcode": "58020-100",
        "amenity": "clinic",
        "healthcare": "clinic",
        "name": "Cinco Elementos Nupics",
        "comment": "Centro de Especialidades"
      },
      "geometry": {
        "type": "Point",
        "coordinates": [
          -34.8831254,
          -7.1118398
        ]
      }
    },
    {
      "type": "Feature",
      "id": 4339932,
      "properties": {
        "operator": "Prefeitura Municipal de João Pessoa",
        "operator:type": "public",
        "ref:CNES": "4339932",
        "source": "cnes;datasus;dados_abertos_saude",
        "official_name": "CRCV",
        "addr:street": "Avenida Alberto de Brito",
        "addr:suburb": "Jaguaribe",
        "addr:city": "João Pessoa",
        "addr:state": "PB",
        "addr:country": "BR",
        "addr:postcode": "58015-320",
        "phone": "+55 46 98172-5633",
        "amenity": "clinic",
        "healthcare": "clinic",
        "name": "Crcv",
        "comment": "Centro de Especialidades"
      },
      "geometry": {
        "type": "Point",
        "coordinates": [
          -34.8781047,
          -7.1305388
        ]
      }
    },
    {
      "type": "Feature",
      "id": 4322436,
      "properties": {
        "operator": "Prefeitura Municipal de João Pessoa",
        "operator:type": "public",
        "ref:CNES": "4322436",
        "source": "cnes;datasus;dados_abertos_saude",
        "official_name": "ECIS PORTAL DO SOL",
        "addr:street": "Avenida Julia Freire",
        "addr:suburb": "Torre",
        "addr:city": "João Pessoa",
        "addr:state": "PB",
        "addr:country": "BR",
        "addr:postcode": "58040-040",
        "amenity": "clinic",
        "healthcare": "clinic",
        "name": "Ecis Portal do Sol",
        "comment": "Centro de Especialidades"
      },
      "geometry": {
        "type": "Point",
        "coordinates": [
          -34.8611258,
          -7.1211702
        ]
      }
    },
    {
      "type": "Feature",
      "id": 7316496,
      "properties": {
        "operator": "Prefeitura Municipal de João Pessoa",
        "operator:type": "public",
        "ref:CNES": "7316496",
        "source": "cnes;datasus;dados_abertos_saude",
        "official_name": "EQUILIBRIO DO SER",
        "addr:street": "Rua João Batista Maia",
        "addr:suburb": "Bancarios",
        "addr:city": "João Pessoa",
        "addr:state": "PB",
        "addr:country": "BR",
        "addr:postcode": "58051-370",
        "phone": "+55 83 3214-2921",
        "email": "equilibriodoser@joaopessoa.pb.gov.br",
        "amenity": "clinic",
        "healthcare": "clinic",
        "name": "Equilibrio do Ser",
        "comment": "Centro de Especialidades"
      },
      "geometry": {
        "type": "Point",
        "coordinates": [
          -34.841896,
          -7.1501699
        ]
      }
    },
    {
      "type": "Feature",
      "id": 2343479,
      "properties": {
        "operator": "Prefeitura Municipal de João Pessoa",
        "operator:type": "public",
        "ref:CNES": "2343479",
        "source": "cnes;datasus;dados_abertos_saude",
        "official_name": "FUNAD",
        "addr:street": "Rua Orestes Lisboa",
        "addr:suburb": "Conj Pedro Gondim",
        "addr:city": "João Pessoa",
        "addr:state": "PB",
        "addr:country": "BR",
        "addr:postcode": "58031-090",
        "amenity": "clinic",
        "healthcare": "clinic",
        "name": "Funad",
        "comment": "Centro de Especialidades"
      },
      "geometry": {
        "type": "Point",
        "coordinates": [
          -34.8482269,
          -7.1155313
        ]
      }
    },
    {
      "type": "Feature",
      "id": 8090831,
      "properties": {
        "operator": "Governo do Estado (PB)",
        "operator:type": "public",
        "ref:CNES": "8090831",
        "source": "cnes;datasus;dados_abertos_saude",
        "official_name": "INSTITUTO VISAO PARA TODOS REGULACAO SESPB",
        "addr:street": "Rua Epitacio Pessoa",
        "addr:housenumber": "1602",
        "addr:suburb": "Tambauzinho",
        "addr:city": "João Pessoa",
        "addr:state": "PB",
        "addr:country": "BR",
        "addr:postcode": "58040-000",
        "phone": "+55 83 2106-1602",
        "amenity": "clinic",
        "healthcare": "clinic",
        "name": "Instituto Visao para Todos Regulacao Sespb",
        "comment": "Centro de Especialidades"
      },
      "geometry": {
        "type": "Point",
        "coordinates": [
          -34.8625854,
          -7.1195068
        ]
      }
    },
    {
      "type": "Feature",
      "id": 7584164,
      "properties": {
        "operator": "Governo do Estado (PB)",
        "operator:type": "public",
        "ref:CNES": "7584164",
        "source": "cnes;datasus;dados_abertos_saude",
        "official_name": "SERVICO DE VERIFICACAO DE OBITO DE JOAO PESSOA SVO",
        "addr:street": "Avenida Dom Pedro II",
        "addr:housenumber": "1826",
        "addr:suburb": "Torre",
        "addr:city": "João Pessoa",
        "addr:state": "PB",
        "addr:country": "BR",
        "addr:postcode": "58040-903",
        "phone": "+55 83 3218-7300",
        "amenity": "clinic",
        "healthcare": "clinic",
        "name": "Serviço de Verificacao de Obito de João Pessoa Svo",
        "comment": "Centro de Especialidades"
      },
      "geometry": {
        "type": "Point",
        "coordinates": [
          -34.8540993,
          -7.1375925
        ]
      }
    },
    {
      "type": "Feature",
      "id": 2929023,
      "properties": {
        "operator": "Prefeitura Municipal de João Pessoa",
        "operator:type": "public",
        "ref:CNES": "2929023",
        "source": "cnes;datasus;dados_abertos_saude",
        "official_name": "CENTRO DE REFERENCIA MULTIPROFISSIONAL EM DOENCAS RARAS",
        "addr:street": "Rua Esmeraldo Gomes Vieira",
        "addr:suburb": "Bancarios",
        "addr:city": "João Pessoa",
        "addr:state": "PB",
        "addr:country": "BR",
        "addr:postcode": "58051-650",
        "amenity": "clinic",
        "healthcare": "diagnostic_centre",
        "name": "Centro de Referencia Multiprofissional em Doencas Raras",
        "comment": "Diagnóstico por Imagem"
      },
      "geometry": {
        "type": "Point",
        "coordinates": [
          -34.836209,
          -7.1488914
        ]
      }
    },
    {
      "type": "Feature",
      "id": 8214875,
      "properties": {
        "operator": "Governo do Estado (PB)",
        "operator:type": "public",
        "ref:CNES": "8214875",
        "source": "cnes;datasus;dados_abertos_saude",
        "official_name": "LABORATORIO LABORE REGULACAO SESPB",
        "addr:street": "Avenida Capitao Jose Pessoa",
        "addr:housenumber": "1147",
        "addr:suburb": "Jaguaribe",
        "addr:city": "João Pessoa",
        "addr:state": "PB",
        "addr:country": "BR",
        "addr:postcode": "58015-170",
        "phone": "+55 83 8852-1303",
        "amenity": "clinic",
        "healthcare": "diagnostic_centre",
        "name": "Laboratorio Labore Regulacao Sespb",
        "comment": "Diagnóstico por Imagem"
      },
      "geometry": {
        "type": "Point",
        "coordinates": [
          -34.877065,
          -7.1301127
        ]
      }
    },
    {
      "type": "Feature",
      "id": 855456,
      "properties": {
        "operator": "Prefeitura Municipal de João Pessoa",
        "operator:type": "public",
        "ref:CNES": "855456",
        "source": "cnes;datasus;dados_abertos_saude",
        "official_name": "LABORATORIO REGIONAL DE PROTESE DENTARIA CEO JAGUARIBE",
        "addr:street": "Avenida Alberto de Brito",
        "addr:housenumber": "401",
        "addr:suburb": "Jaguaribe",
        "addr:city": "João Pessoa",
        "addr:state": "PB",
        "addr:country": "BR",
        "addr:postcode": "58015-320",
        "phone": "+55 46 3218-9804",
        "amenity": "clinic",
        "healthcare": "diagnostic_centre",
        "name": "Laboratorio Regional de Protese Dentaria CEO Jaguaribe",
        "comment": "Diagnóstico por Imagem"
      },
      "geometry": {
        "type": "Point",
        "coordinates": [
          -34.8630255,
          -7.1148927
        ]
      }
    },
    {
      "type": "Feature",
      "id": 2400278,
      "properties": {
        "operator": "Prefeitura Municipal de João Pessoa",
        "operator:type": "public",
        "ref:CNES": "2400278",
        "source": "cnes;datasus;dados_abertos_saude",
        "official_name": "SAE CTA JOAO PESSOA",
        "addr:street": "Rua Alberto de Brito",
        "addr:suburb": "Jaguaribe",
        "addr:city": "João Pessoa",
        "addr:state": "PB",
        "addr:country": "BR",
        "addr:postcode": "58015-320",
        "phone": "+55 46 8645-8003",
        "amenity": "clinic",
        "healthcare": "diagnostic_centre",
        "name": "Sae Cta João Pessoa",
        "comment": "Diagnóstico por Imagem"
      },
      "geometry": {
        "type": "Point",
        "coordinates": [
          -34.8755083,
          -7.13023
        ]
      }
    },
    {
      "type": "Feature",
      "id": 9235639,
      "properties": {
        "operator": "Prefeitura Municipal de João Pessoa",
        "operator:type": "public",
        "ref:CNES": "9235639",
        "source": "cnes;datasus;dados_abertos_saude",
        "official_name": "UNIDADE ODONTOLOGICA MOVEL",
        "addr:street": "Rua Julia Freire",
        "addr:housenumber": "100",
        "addr:suburb": "Torre",
        "addr:city": "João Pessoa",
        "addr:state": "PB",
        "addr:country": "BR",
        "addr:postcode": "58040-000",
        "phone": "+55 46 3214-7955",
        "amenity": "clinic",
        "healthcare": "clinic",
        "name": "Unidade Odontologica Movel",
        "comment": "Outros Serviços de Saúde"
      },
      "geometry": {
        "type": "Point",
        "coordinates": [
          -34.8584604,
          -7.1211632
        ]
      }
    },
    {
      "type": "Feature",
      "id": 7067437,
      "properties": {
        "operator": "Prefeitura Municipal de João Pessoa",
        "operator:type": "public",
        "ref:CNES": "7067437",
        "source": "cnes;datasus;dados_abertos_saude",
        "official_name": "SAMU 192 BASE BAYEUX USB 13",
        "addr:street": "Rua Diogenes Chianca",
        "addr:housenumber": "1777",
        "addr:suburb": "Agua Fria",
        "addr:city": "João Pessoa",
        "addr:state": "PB",
        "addr:country": "BR",
        "addr:postcode": "58053-900",
        "phone": "+55 46 3218-9125",
        "email": "samu192@joaopessoa.pb.gov.br",
        "emergency": "ambulance_station",
        "emergency_service": "technical_rescue",
        "opening_hours": "24/7",
        "name": "Base SAMU 192",
        "short_name": "SAMU 192",
        "comment": "SAMU 192"
      },
      "geometry": {
        "type": "Point",
        "coordinates": [
          -34.8642004,
          -7.16844
        ]
      }
    },
    {
      "type": "Feature",
      "id": 7065590,
      "properties": {
        "operator": "Prefeitura Municipal de João Pessoa",
        "operator:type": "public",
        "ref:CNES": "7065590",
        "source": "cnes;datasus;dados_abertos_saude",
        "official_name": "SAMU 192 BASE CABEDELO USB 11",
        "addr:street": "Rua Diogenes Chianca",
        "addr:housenumber": "1777",
        "addr:suburb": "Agua Fria",
        "addr:city": "João Pessoa",
        "addr:state": "PB",
        "addr:country": "BR",
        "addr:postcode": "58053-900",
        "phone": "+55 46 3218-9125",
        "email": "samu192@joaopessoa.pb.gov.br",
        "emergency": "ambulance_station",
        "emergency_service": "technical_rescue",
        "opening_hours": "24/7",
        "name": "Base SAMU 192",
        "short_name": "SAMU 192",
        "comment": "SAMU 192"
      },
      "geometry": {
        "type": "Point",
        "coordinates": [
          -34.8642218,
          -7.1684507
        ]
      }
    },
    {
      "type": "Feature",
      "id": 7067585,
      "properties": {
        "operator": "Prefeitura Municipal de João Pessoa",
        "operator:type": "public",
        "ref:CNES": "7067585",
        "source": "cnes;datasus;dados_abertos_saude",
        "official_name": "SAMU 192 BASE JOAO PESSOA MT 01",
        "addr:street": "Rua Diogenes Chianca",
        "addr:housenumber": "1777",
        "addr:suburb": "Agua Fria",
        "addr:city": "João Pessoa",
        "addr:state": "PB",
        "addr:country": "BR",
        "addr:postcode": "58053-900",
        "phone": "+55 46 3218-9125",
        "email": "samu192@joaopessoa.pb.gov.br",
        "emergency": "ambulance_station",
        "emergency_service": "technical_rescue",
        "opening_hours": "24/7",
        "name": "Base SAMU 192",
        "short_name": "SAMU 192",
        "comment": "SAMU 192"
      },
      "geometry": {
        "type": "Point",
        "coordinates": [
          -34.8641729,
          -7.1684243
        ]
      }
    },
    {
      "type": "Feature",
      "id": 7067615,
      "properties": {
        "operator": "Prefeitura Municipal de João Pessoa",
        "operator:type": "public",
        "ref:CNES": "7067615",
        "source": "cnes;datasus;dados_abertos_saude",
        "official_name": "SAMU 192 BASE JOAO PESSOA MT 02",
        "addr:street": "Rua Diogenes Chianca",
        "addr:housenumber": "1777",
        "addr:suburb": "Agua Fria",
        "addr:city": "João Pessoa",
        "addr:state": "PB",
        "addr:country": "BR",
        "addr:postcode": "58053-900",
        "phone": "+55 46 3218-9125",
        "email": "samu192@joaopessoa.pb.gov.br",
        "emergency": "ambulance_station",
        "emergency_service": "technical_rescue",
        "opening_hours": "24/7",
        "name": "Base SAMU 192",
        "short_name": "SAMU 192",
        "comment": "SAMU 192"
      },
      "geometry": {
        "type": "Point",
        "coordinates": [
          -34.8641729,
          -7.1684557
        ]
      }
    },
    {
      "type": "Feature",
      "id": 7067623,
      "properties": {
        "operator": "Prefeitura Municipal de João Pessoa",
        "operator:type": "public",
        "ref:CNES": "7067623",
        "source": "cnes;datasus;dados_abertos_saude",
        "official_name": "SAMU 192 BASE JOAO PESSOA MT 03",
        "addr:street": "Rua Diogenes Chianca",
        "addr:housenumber": "1777",
        "addr:suburb": "Agua Fria",
        "addr:city": "João Pessoa",
        "addr:state": "PB",
        "addr:country": "BR",
        "addr:postcode": "58053-900",
        "phone": "+55 46 3218-9125",
        "email": "samu192@joaopessoa.pb.gov.br",
        "emergency": "ambulance_station",
        "emergency_service": "technical_rescue",
        "opening_hours": "24/7",
        "name": "Base SAMU 192",
        "short_name": "SAMU 192",
        "comment": "SAMU 192"
      },
      "geometry": {
        "type": "Point",
        "coordinates": [
          -34.8642004,
          -7.1684715
        ]
      }
    },
    {
      "type": "Feature",
      "id": 7067658,
      "properties": {
        "operator": "Prefeitura Municipal de João Pessoa",
        "operator:type": "public",
        "ref:CNES": "7067658",
        "source": "cnes;datasus;dados_abertos_saude",
        "official_name": "SAMU 192 BASE JOAO PESSOA MT 04",
        "addr:street": "Rua Diogenes Chianca",
        "addr:housenumber": "1777",
        "addr:suburb": "Agua Fria",
        "addr:city": "João Pessoa",
        "addr:state": "PB",
        "addr:country": "BR",
        "addr:postcode": "58053-900",
        "phone": "+55 46 3218-9125",
        "email": "samu192@joaopessoa.pb.gov.br",
        "emergency": "ambulance_station",
        "emergency_service": "technical_rescue",
        "opening_hours": "24/7",
        "name": "Base SAMU 192",
        "short_name": "SAMU 192",
        "comment": "SAMU 192"
      },
      "geometry": {
        "type": "Point",
        "coordinates": [
          -34.8642278,
          -7.1684557
        ]
      }
    },
    {
      "type": "Feature",
      "id": 7067666,
      "properties": {
        "operator": "Prefeitura Municipal de João Pessoa",
        "operator:type": "public",
        "ref:CNES": "7067666",
        "source": "cnes;datasus;dados_abertos_saude",
        "official_name": "SAMU 192 BASE JOAO PESSOA MT 05",
        "addr:street": "Rua Diogenes Chianca",
        "addr:housenumber": "1777",
        "addr:suburb": "Agua Fria",
        "addr:city": "João Pessoa",
        "addr:state": "PB",
        "addr:country": "BR",
        "addr:postcode": "58053-900",
        "phone": "+55 46 3218-9125",
        "email": "samu192@joaopessoa.pb.gov.br",
        "emergency": "ambulance_station",
        "emergency_service": "technical_rescue",
        "opening_hours": "24/7",
        "name": "Base SAMU 192",
        "short_name": "SAMU 192",
        "comment": "SAMU 192"
      },
      "geometry": {
        "type": "Point",
        "coordinates": [
          -34.8642278,
          -7.1684243
        ]
      }
    },
    {
      "type": "Feature",
      "id": 7067674,
      "properties": {
        "operator": "Prefeitura Municipal de João Pessoa",
        "operator:type": "public",
        "ref:CNES": "7067674",
        "source": "cnes;datasus;dados_abertos_saude",
        "official_name": "SAMU 192 BASE JOAO PESSOA MT 06",
        "addr:street": "Rua Diogenes Chianca",
        "addr:housenumber": "1777",
        "addr:suburb": "Agua Fria",
        "addr:city": "João Pessoa",
        "addr:state": "PB",
        "addr:country": "BR",
        "addr:postcode": "58053-900",
        "phone": "+55 46 3218-9125",
        "email": "samu192@joaopessoa.pb.gov.br",
        "emergency": "ambulance_station",
        "emergency_service": "technical_rescue",
        "opening_hours": "24/7",
        "name": "Base SAMU 192",
        "short_name": "SAMU 192",
        "comment": "SAMU 192"
      },
      "geometry": {
        "type": "Point",
        "coordinates": [
          -34.8642004,
          -7.1684086
        ]
      }
    },
    {
      "type": "Feature",
      "id": 7067690,
      "properties": {
        "operator": "Prefeitura Municipal de João Pessoa",
        "operator:type": "public",
        "ref:CNES": "7067690",
        "source": "cnes;datasus;dados_abertos_saude",
        "official_name": "SAMU 192 BASE JOAO PESSOA MT 07",
        "addr:street": "Rua Diogenes Chianca",
        "addr:housenumber": "1777",
        "addr:suburb": "Agua Fria",
        "addr:city": "João Pessoa",
        "addr:state": "PB",
        "addr:country": "BR",
        "addr:postcode": "58053-900",
        "phone": "+55 46 3218-9125",
        "email": "samu192@joaopessoa.pb.gov.br",
        "emergency": "ambulance_station",
        "emergency_service": "technical_rescue",
        "opening_hours": "24/7",
        "name": "Base SAMU 192",
        "short_name": "SAMU 192",
        "comment": "SAMU 192"
      },
      "geometry": {
        "type": "Point",
        "coordinates": [
          -34.8641729,
          -7.1684243
        ]
      }
    },
    {
      "type": "Feature",
      "id": 7059434,
      "properties": {
        "operator": "Prefeitura Municipal de João Pessoa",
        "operator:type": "public",
        "ref:CNES": "7059434",
        "source": "cnes;datasus;dados_abertos_saude",
        "official_name": "SAMU 192 BASE JOAO PESSOA USA 01",
        "addr:street": "Rua Diogenes Chianca",
        "addr:housenumber": "1777",
        "addr:suburb": "Agua Fria",
        "addr:city": "João Pessoa",
        "addr:state": "PB",
        "addr:country": "BR",
        "addr:postcode": "58053-900",
        "phone": "+55 46 3218-9125",
        "email": "samu192@joaopessoa.pb.gov.br",
        "emergency": "ambulance_station",
        "emergency_service": "technical_rescue",
        "opening_hours": "24/7",
        "name": "Base SAMU 192",
        "short_name": "SAMU 192",
        "comment": "SAMU 192"
      },
      "geometry": {
        "type": "Point",
        "coordinates": [
          -34.9146192,
          -7.1236744
        ]
      }
    },
    {
      "type": "Feature",
      "id": 7059485,
      "properties": {
        "operator": "Prefeitura Municipal de João Pessoa",
        "operator:type": "public",
        "ref:CNES": "7059485",
        "source": "cnes;datasus;dados_abertos_saude",
        "official_name": "SAMU 192 BASE JOAO PESSOA USA 02",
        "addr:street": "Rua Diogenes Chianca",
        "addr:housenumber": "1777",
        "addr:suburb": "Agua Fria",
        "addr:city": "João Pessoa",
        "addr:state": "PB",
        "addr:country": "BR",
        "addr:postcode": "58053-900",
        "phone": "+55 46 3218-9125",
        "email": "samu192@joaopessoa.pb.gov.br",
        "emergency": "ambulance_station",
        "emergency_service": "technical_rescue",
        "opening_hours": "24/7",
        "name": "Base SAMU 192",
        "short_name": "SAMU 192",
        "comment": "SAMU 192"
      },
      "geometry": {
        "type": "Point",
        "coordinates": [
          -34.8642218,
          -7.1684613
        ]
      }
    },
    {
      "type": "Feature",
      "id": 7059620,
      "properties": {
        "operator": "Prefeitura Municipal de João Pessoa",
        "operator:type": "public",
        "ref:CNES": "7059620",
        "source": "cnes;datasus;dados_abertos_saude",
        "official_name": "SAMU 192 BASE JOAO PESSOA USA 03",
        "addr:street": "Rua Diogenes Chianca",
        "addr:housenumber": "1777",
        "addr:suburb": "Agua Fria",
        "addr:city": "João Pessoa",
        "addr:state": "PB",
        "addr:country": "BR",
        "addr:postcode": "58053-900",
        "phone": "+55 46 3218-9125",
        "email": "samu192@joaopessoa.pb.gov.br",
        "emergency": "ambulance_station",
        "emergency_service": "technical_rescue",
        "opening_hours": "24/7",
        "name": "Base SAMU 192",
        "short_name": "SAMU 192",
        "comment": "SAMU 192"
      },
      "geometry": {
        "type": "Point",
        "coordinates": [
          -34.8642325,
          -7.1684826
        ]
      }
    },
    {
      "type": "Feature",
      "id": 7061269,
      "properties": {
        "operator": "Prefeitura Municipal de João Pessoa",
        "operator:type": "public",
        "ref:CNES": "7061269",
        "source": "cnes;datasus;dados_abertos_saude",
        "official_name": "SAMU 192 BASE JOAO PESSOA USA 04",
        "addr:street": "Rua Diogenes Chianca",
        "addr:housenumber": "1777",
        "addr:suburb": "Agua Fria",
        "addr:city": "João Pessoa",
        "addr:state": "PB",
        "addr:country": "BR",
        "addr:postcode": "58053-900",
        "phone": "+55 46 3218-9125",
        "email": "samu192@joaopessoa.pb.gov.br",
        "emergency": "ambulance_station",
        "emergency_service": "technical_rescue",
        "opening_hours": "24/7",
        "name": "Base SAMU 192",
        "short_name": "SAMU 192",
        "comment": "SAMU 192"
      },
      "geometry": {
        "type": "Point",
        "coordinates": [
          -34.8642111,
          -7.1684294
        ]
      }
    },
    {
      "type": "Feature",
      "id": 7061323,
      "properties": {
        "operator": "Prefeitura Municipal de João Pessoa",
        "operator:type": "public",
        "ref:CNES": "7061323",
        "source": "cnes;datasus;dados_abertos_saude",
        "official_name": "SAMU 192 BASE JOAO PESSOA USA 05",
        "addr:street": "Rua Diogenes Chianca",
        "addr:housenumber": "1777",
        "addr:suburb": "Agua Fria",
        "addr:city": "João Pessoa",
        "addr:state": "PB",
        "addr:country": "BR",
        "addr:postcode": "58053-900",
        "phone": "+55 46 3218-9125",
        "email": "samu192@joaopessoa.pb.gov.br",
        "emergency": "ambulance_station",
        "emergency_service": "technical_rescue",
        "opening_hours": "24/7",
        "name": "Base SAMU 192",
        "short_name": "SAMU 192",
        "comment": "SAMU 192"
      },
      "geometry": {
        "type": "Point",
        "coordinates": [
          -34.8642325,
          -7.1684933
        ]
      }
    },
    {
      "type": "Feature",
      "id": 7061420,
      "properties": {
        "operator": "Prefeitura Municipal de João Pessoa",
        "operator:type": "public",
        "ref:CNES": "7061420",
        "source": "cnes;datasus;dados_abertos_saude",
        "official_name": "SAMU 192 BASE JOAO PESSOA USB 01",
        "addr:street": "Rua Diogenes Chianca",
        "addr:housenumber": "1777",
        "addr:suburb": "Agua Fria",
        "addr:city": "João Pessoa",
        "addr:state": "PB",
        "addr:country": "BR",
        "addr:postcode": "58053-900",
        "phone": "+55 46 3218-9125",
        "email": "samu192@joaopessoa.pb.gov.br",
        "emergency": "ambulance_station",
        "emergency_service": "technical_rescue",
        "opening_hours": "24/7",
        "name": "Base SAMU 192",
        "short_name": "SAMU 192",
        "comment": "SAMU 192"
      },
      "geometry": {
        "type": "Point",
        "coordinates": [
          -34.8641944,
          -7.168435
        ]
      }
    },
    {
      "type": "Feature",
      "id": 7061463,
      "properties": {
        "operator": "Prefeitura Municipal de João Pessoa",
        "operator:type": "public",
        "ref:CNES": "7061463",
        "source": "cnes;datasus;dados_abertos_saude",
        "official_name": "SAMU 192 BASE JOAO PESSOA USB 02",
        "addr:street": "Rua Diogenes Chianca",
        "addr:housenumber": "1777",
        "addr:suburb": "Agua Fria",
        "addr:city": "João Pessoa",
        "addr:state": "PB",
        "addr:country": "BR",
        "addr:postcode": "58053-900",
        "emergency": "ambulance_station",
        "emergency_service": "technical_rescue",
        "opening_hours": "24/7",
        "name": "Base SAMU 192",
        "short_name": "SAMU 192",
        "comment": "SAMU 192"
      },
      "geometry": {
        "type": "Point",
        "coordinates": [
          -34.9148231,
          -7.1225257
        ]
      }
    },
    {
      "type": "Feature",
      "id": 7061544,
      "properties": {
        "operator": "Prefeitura Municipal de João Pessoa",
        "operator:type": "public",
        "ref:CNES": "7061544",
        "source": "cnes;datasus;dados_abertos_saude",
        "official_name": "SAMU 192 BASE JOAO PESSOA USB 03",
        "addr:street": "Rua Diogenes Chianca",
        "addr:housenumber": "1777",
        "addr:suburb": "Agua Fria",
        "addr:city": "João Pessoa",
        "addr:state": "PB",
        "addr:country": "BR",
        "addr:postcode": "58053-900",
        "phone": "+55 46 3218-9125",
        "email": "samu192@joaopessoa.pb.gov.br",
        "emergency": "ambulance_station",
        "emergency_service": "technical_rescue",
        "opening_hours": "24/7",
        "name": "Base SAMU 192",
        "short_name": "SAMU 192",
        "comment": "SAMU 192"
      },
      "geometry": {
        "type": "Point",
        "coordinates": [
          -34.8642218,
          -7.168472
        ]
      }
    },
    {
      "type": "Feature",
      "id": 7061765,
      "properties": {
        "operator": "Prefeitura Municipal de João Pessoa",
        "operator:type": "public",
        "ref:CNES": "7061765",
        "source": "cnes;datasus;dados_abertos_saude",
        "official_name": "SAMU 192 BASE JOAO PESSOA USB 04",
        "addr:street": "Rua Diogenes Chianca",
        "addr:housenumber": "1777",
        "addr:suburb": "Agua Fria",
        "addr:city": "João Pessoa",
        "addr:state": "PB",
        "addr:country": "BR",
        "addr:postcode": "58053-900",
        "phone": "+55 46 3218-9125",
        "email": "samu192@joaopessoa.pb.gov.br",
        "emergency": "ambulance_station",
        "emergency_service": "technical_rescue",
        "opening_hours": "24/7",
        "name": "Base SAMU 192",
        "short_name": "SAMU 192",
        "comment": "SAMU 192"
      },
      "geometry": {
        "type": "Point",
        "coordinates": [
          -34.8642218,
          -7.16844
        ]
      }
    },
    {
      "type": "Feature",
      "id": 7061897,
      "properties": {
        "operator": "Prefeitura Municipal de João Pessoa",
        "operator:type": "public",
        "ref:CNES": "7061897",
        "source": "cnes;datasus;dados_abertos_saude",
        "official_name": "SAMU 192 BASE JOAO PESSOA USB 05",
        "addr:street": "Rua Diogenes Chianca",
        "addr:housenumber": "1777",
        "addr:suburb": "Agua Fria",
        "addr:city": "João Pessoa",
        "addr:state": "PB",
        "addr:country": "BR",
        "addr:postcode": "58053-900",
        "phone": "+55 46 3218-9125",
        "email": "samu192@joaopessoa.pb.gov.br",
        "emergency": "ambulance_station",
        "emergency_service": "technical_rescue",
        "opening_hours": "24/7",
        "name": "Base SAMU 192",
        "short_name": "SAMU 192",
        "comment": "SAMU 192"
      },
      "geometry": {
        "type": "Point",
        "coordinates": [
          -34.8641944,
          -7.1684664
        ]
      }
    },
    {
      "type": "Feature",
      "id": 7061994,
      "properties": {
        "operator": "Prefeitura Municipal de João Pessoa",
        "operator:type": "public",
        "ref:CNES": "7061994",
        "source": "cnes;datasus;dados_abertos_saude",
        "official_name": "SAMU 192 BASE JOAO PESSOA USB 06",
        "addr:street": "Rua Diogenes Chianca",
        "addr:housenumber": "1777",
        "addr:suburb": "Agua Fria",
        "addr:city": "João Pessoa",
        "addr:state": "PB",
        "addr:country": "BR",
        "addr:postcode": "58053-900",
        "phone": "+55 46 3218-9125",
        "email": "samu192@joaopessoa.pb.gov.br",
        "emergency": "ambulance_station",
        "emergency_service": "technical_rescue",
        "opening_hours": "24/7",
        "name": "Base SAMU 192",
        "short_name": "SAMU 192",
        "comment": "SAMU 192"
      },
      "geometry": {
        "type": "Point",
        "coordinates": [
          -34.8641944,
          -7.1684243
        ]
      }
    },
    {
      "type": "Feature",
      "id": 7065434,
      "properties": {
        "operator": "Prefeitura Municipal de João Pessoa",
        "operator:type": "public",
        "ref:CNES": "7065434",
        "source": "cnes;datasus;dados_abertos_saude",
        "official_name": "SAMU 192 BASE JOAO PESSOA USB 07",
        "addr:street": "Rua Diogenes Chianca",
        "addr:housenumber": "1777",
        "addr:suburb": "Agua Fria",
        "addr:city": "João Pessoa",
        "addr:state": "PB",
        "addr:country": "BR",
        "addr:postcode": "58053-900",
        "phone": "+55 46 3218-9125",
        "email": "samu192@joaopessoa.pb.gov.br",
        "emergency": "ambulance_station",
        "emergency_service": "technical_rescue",
        "opening_hours": "24/7",
        "name": "Base SAMU 192",
        "short_name": "SAMU 192",
        "comment": "SAMU 192"
      },
      "geometry": {
        "type": "Point",
        "coordinates": [
          -34.8642218,
          -7.1684821
        ]
      }
    },
    {
      "type": "Feature",
      "id": 7065655,
      "properties": {
        "operator": "Prefeitura Municipal de João Pessoa",
        "operator:type": "public",
        "ref:CNES": "7065655",
        "source": "cnes;datasus;dados_abertos_saude",
        "official_name": "SAMU 192 BASE JOAO PESSOA USB 08",
        "addr:street": "Rua Diogenes Chianca",
        "addr:housenumber": "1777",
        "addr:suburb": "Agua Fria",
        "addr:city": "João Pessoa",
        "addr:state": "PB",
        "addr:country": "BR",
        "addr:postcode": "58053-900",
        "phone": "+55 46 3218-9125",
        "email": "samu192@joaopessoa.pb.gov.br",
        "emergency": "ambulance_station",
        "emergency_service": "technical_rescue",
        "opening_hours": "24/7",
        "name": "Base SAMU 192",
        "short_name": "SAMU 192",
        "comment": "SAMU 192"
      },
      "geometry": {
        "type": "Point",
        "coordinates": [
          -34.8642493,
          -7.1684664
        ]
      }
    },
    {
      "type": "Feature",
      "id": 9104739,
      "properties": {
        "operator": "Governo do Estado (PB)",
        "operator:type": "public",
        "ref:CNES": "9104739",
        "source": "cnes;datasus;dados_abertos_saude",
        "official_name": "CEDMEX CEAF 1 GRS UNIDADE ESCLEROSE MULTIPLA",
        "addr:street": "Rua Dr Orestes Lisboa",
        "addr:suburb": "Pedro Gondim",
        "addr:city": "João Pessoa",
        "addr:state": "PB",
        "addr:country": "BR",
        "addr:postcode": "58031-090",
        "email": "taniamaria1020@gmail.com",
        "amenity": "pharmacy",
        "healthcare": "pharmacy",
        "dispensing": "yes",
        "name": "Cedmex Ceaf 1 Grs Unidade Esclerose Multipla",
        "comment": "Farmácia Pública"
      },
      "geometry": {
        "type": "Point",
        "coordinates": [
          -34.8455526,
          -7.1153043
        ]
      }
    },
    {
      "type": "Feature",
      "id": 5508177,
      "properties": {
        "operator": "Prefeitura Municipal de João Pessoa",
        "operator:type": "public",
        "ref:CNES": "5508177",
        "source": "cnes;datasus;dados_abertos_saude",
        "official_name": "CENTRAL MUNICIPAL DE ABASTECIMENTO FARMACEUTICO",
        "addr:street": "Avenida Capitao Jose Rodrigues do O",
        "addr:suburb": "Distrito Industrial",
        "addr:city": "João Pessoa",
        "addr:state": "PB",
        "addr:country": "BR",
        "addr:postcode": "58082-007",
        "amenity": "pharmacy",
        "healthcare": "pharmacy",
        "dispensing": "yes",
        "name": "Central Municipal de Abastecimento Farmaceutico",
        "comment": "Farmácia Pública"
      },
      "geometry": {
        "type": "Point",
        "coordinates": [
          -34.873395,
          -7.1493958
        ]
      }
    },
    {
      "type": "Feature",
      "id": 4016017,
      "properties": {
        "operator": "Governo do Estado (PB)",
        "operator:type": "public",
        "ref:CNES": "4016017",
        "source": "cnes;datasus;dados_abertos_saude",
        "official_name": "FARMACIA ESPECIALIZADA DA PARAIBA 1 GRS",
        "addr:street": "Rua Av Maximiano Figueiredo",
        "addr:housenumber": "453",
        "addr:city": "João Pessoa",
        "addr:state": "PB",
        "addr:country": "BR",
        "addr:postcode": "58040-440",
        "phone": "+55 83 99114-0673",
        "amenity": "pharmacy",
        "healthcare": "pharmacy",
        "dispensing": "yes",
        "name": "Farmácia Especializada da Paraiba 1 Grs",
        "comment": "Farmácia Pública"
      },
      "geometry": {
        "type": "Point",
        "coordinates": [
          -34.8712549,
          -7.1267511
        ]
      }
    },
    {
      "type": "Feature",
      "id": 5971888,
      "properties": {
        "operator": "Prefeitura Municipal de João Pessoa",
        "operator:type": "public",
        "ref:CNES": "5971888",
        "source": "cnes;datasus;dados_abertos_saude",
        "official_name": "FARMACIA POPULAR DO BRASIL UNIDADE CRUZ DAS ARMAS",
        "addr:street": "Rua Av Cruz das Armas",
        "addr:housenumber": "838",
        "addr:suburb": "Cruz das Armas",
        "addr:city": "João Pessoa",
        "addr:state": "PB",
        "addr:country": "BR",
        "addr:postcode": "58085-000",
        "phone": "+55 83 3215-6075",
        "amenity": "pharmacy",
        "healthcare": "pharmacy",
        "dispensing": "yes",
        "name": "Farmácia Popular do Brasil Unidade Cruz das Armas",
        "comment": "Farmácia Pública"
      },
      "geometry": {
        "type": "Point",
        "coordinates": [
          -34.8918095,
          -7.1397256
        ]
      }
    },
    {
      "type": "Feature",
      "id": 6565263,
      "properties": {
        "operator": "Governo do Estado (PB)",
        "operator:type": "public",
        "ref:CNES": "6565263",
        "source": "cnes;datasus;dados_abertos_saude",
        "official_name": "AGEVISA PB",
        "addr:street": "Rua Av João Machado",
        "addr:housenumber": "09",
        "addr:city": "João Pessoa",
        "addr:state": "PB",
        "addr:country": "BR",
        "addr:postcode": "58013-520",
        "phone": "+55 83 3218-5930",
        "email": "dafir@angevisa.pb.gov.br",
        "office": "government",
        "government": "healthcare",
        "name": "Vigilância Sanitária Municipal",
        "short_name": "VISA",
        "comment": "Vigilância Sanitária"
      },
      "geometry": {
        "type": "Point",
        "coordinates": [
          -34.879336,
          -7.125855
        ]
      }
    },
    {
      "type": "Feature",
      "id": 909076,
      "properties": {
        "operator": "Prefeitura Municipal de João Pessoa",
        "operator:type": "public",
        "ref:CNES": "909076",
        "source": "cnes;datasus;dados_abertos_saude",
        "official_name": "CENTRO DE INFORMACOES ESTRATEGICAS EM VIGILANCIA EM SAUDE",
        "addr:street": "Avenida Julia Freire",
        "addr:suburb": "Torre",
        "addr:city": "João Pessoa",
        "addr:state": "PB",
        "addr:country": "BR",
        "addr:postcode": "58040-040",
        "office": "government",
        "government": "healthcare",
        "name": "Vigilância Sanitária Municipal",
        "short_name": "VISA",
        "comment": "Vigilância Sanitária"
      },
      "geometry": {
        "type": "Point",
        "coordinates": [
          -34.8630175,
          -7.1147862
        ]
      }
    },
    {
      "type": "Feature",
      "id": 2399296,
      "properties": {
        "operator": "Prefeitura Municipal de João Pessoa",
        "operator:type": "public",
        "ref:CNES": "2399296",
        "source": "cnes;datasus;dados_abertos_saude",
        "official_name": "DIVISAO DE VIGILANCIA SANITARIA",
        "addr:street": "Rua Av Julia Freire",
        "addr:housenumber": "783",
        "addr:suburb": "Torre",
        "addr:city": "João Pessoa",
        "addr:state": "PB",
        "addr:country": "BR",
        "addr:postcode": "58040-040",
        "phone": "+55 83 3244-5565",
        "office": "government",
        "government": "healthcare",
        "name": "Vigilância Sanitária Municipal",
        "short_name": "VISA",
        "comment": "Vigilância Sanitária"
      },
      "geometry": {
        "type": "Point",
        "coordinates": [
          -34.8605633,
          -7.1222704
        ]
      }
    },
    {
      "type": "Feature",
      "id": 7179758,
      "properties": {
        "operator": "Prefeitura Municipal de João Pessoa",
        "operator:type": "public",
        "ref:CNES": "7179758",
        "source": "cnes;datasus;dados_abertos_saude",
        "official_name": "GERENCIA DA VIGILANCIA AMBIENTAL E ZOONOZES",
        "addr:street": "Rua Av Walfredo Macedo Brandao",
        "addr:housenumber": "100",
        "addr:suburb": "Agua Fria",
        "addr:city": "João Pessoa",
        "addr:state": "PB",
        "addr:country": "BR",
        "addr:postcode": "58052-200",
        "phone": "+55 83 3214-3459",
        "email": "niguedess@hotmail.com",
        "office": "government",
        "government": "healthcare",
        "name": "Vigilância Sanitária Municipal",
        "short_name": "VISA",
        "comment": "Vigilância Sanitária"
      },
      "geometry": {
        "type": "Point",
        "coordinates": [
          -34.8386765,
          -7.1591469
        ]
      }
    },
    {
      "type": "Feature",
      "id": 3726401,
      "properties": {
        "operator": "Prefeitura Municipal de João Pessoa",
        "operator:type": "public",
        "ref:CNES": "3726401",
        "source": "cnes;datasus;dados_abertos_saude",
        "official_name": "VIGILANCIA EPIDEMIOLOGICA MUNICIPAL",
        "addr:street": "Rua Av Julia Freire",
        "addr:suburb": "Expedicionarios",
        "addr:city": "João Pessoa",
        "addr:state": "PB",
        "addr:country": "BR",
        "addr:postcode": "58040-040",
        "phone": "+55 46 3214-7975",
        "office": "government",
        "government": "healthcare",
        "name": "Vigilância Sanitária Municipal",
        "short_name": "VISA",
        "comment": "Vigilância Sanitária"
      },
      "geometry": {
        "type": "Point",
        "coordinates": [
          -34.8559713,
          -7.1212058
        ]
      }
    },
    {
      "type": "Feature",
      "id": 4705025,
      "properties": {
        "operator": "Prefeitura Municipal de João Pessoa",
        "operator:type": "public",
        "ref:CNES": "4705025",
        "source": "cnes;datasus;dados_abertos_saude",
        "official_name": "HOSPITAL DIA IRMA BEATRIZ FRAGOSO",
        "addr:street": "Rua Alberto de Brito",
        "addr:housenumber": "413",
        "addr:suburb": "Juaguaribe",
        "addr:city": "João Pessoa",
        "addr:state": "PB",
        "addr:country": "BR",
        "addr:postcode": "58015-335",
        "phone": "+55 83 3213-7787",
        "email": "kalinecantalice.kc@gmail.com",
        "amenity": "clinic",
        "healthcare": "clinic",
        "name": "Hospital Dia Irma Beatriz Fragoso",
        "comment": "Outros Serviços de Saúde"
      },
      "geometry": {
        "type": "Point",
        "coordinates": [
          -34.8775095,
          -7.1272528
        ]
      }
    },
    {
      "type": "Feature",
      "id": 7979436,
      "properties": {
        "operator": "Prefeitura Municipal de João Pessoa",
        "operator:type": "public",
        "ref:CNES": "7979436",
        "source": "cnes;datasus;dados_abertos_saude",
        "official_name": "CARTAO SUS DE JOAO PESSOA",
        "addr:street": "Avenida Julia Freire",
        "addr:suburb": "Torre",
        "addr:city": "João Pessoa",
        "addr:state": "PB",
        "addr:country": "BR",
        "addr:postcode": "58040-040",
        "phone": "+55 83 3214-7970",
        "office": "government",
        "government": "healthcare",
        "name": "Secretaria Municipal de Saúde de Pato Branco",
        "short_name": "SMS Pato Branco",
        "comment": "Secretaria Municipal de Saúde"
      },
      "geometry": {
        "type": "Point",
        "coordinates": [
          -34.8630229,
          -7.1147596
        ]
      }
    },
    {
      "type": "Feature",
      "id": 7432615,
      "properties": {
        "operator": "Prefeitura Municipal de João Pessoa",
        "operator:type": "public",
        "ref:CNES": "7432615",
        "source": "cnes;datasus;dados_abertos_saude",
        "official_name": "DISTRITO SANITARIO 01 CRUZ DAS ARMAS",
        "addr:street": "Rua Coronel Estevao Davila Lins",
        "addr:housenumber": "105",
        "addr:suburb": "Cruz das Armas",
        "addr:city": "João Pessoa",
        "addr:state": "PB",
        "addr:country": "BR",
        "addr:postcode": "58085-010",
        "office": "government",
        "government": "healthcare",
        "name": "Secretaria Municipal de Saúde de Pato Branco",
        "short_name": "SMS Pato Branco",
        "comment": "Secretaria Municipal de Saúde"
      },
      "geometry": {
        "type": "Point",
        "coordinates": [
          -34.8730302,
          -7.1492042
        ]
      }
    },
    {
      "type": "Feature",
      "id": 7432623,
      "properties": {
        "operator": "Prefeitura Municipal de João Pessoa",
        "operator:type": "public",
        "ref:CNES": "7432623",
        "source": "cnes;datasus;dados_abertos_saude",
        "official_name": "DISTRITO SANITARIO 02 CRISTO",
        "addr:street": "Rua Eduardo Costa",
        "addr:suburb": "Geisel",
        "addr:city": "João Pessoa",
        "addr:state": "PB",
        "addr:country": "BR",
        "addr:postcode": "58075-250",
        "office": "government",
        "government": "healthcare",
        "name": "Secretaria Municipal de Saúde de Pato Branco",
        "short_name": "SMS Pato Branco",
        "comment": "Secretaria Municipal de Saúde"
      },
      "geometry": {
        "type": "Point",
        "coordinates": [
          -34.8704338,
          -7.1777543
        ]
      }
    },
    {
      "type": "Feature",
      "id": 7432917,
      "properties": {
        "operator": "Prefeitura Municipal de João Pessoa",
        "operator:type": "public",
        "ref:CNES": "7432917",
        "source": "cnes;datasus;dados_abertos_saude",
        "official_name": "DISTRITO SANITARIO 03 MANGABEIRA",
        "addr:street": "Rua Tenente Euclides Bandeira",
        "addr:suburb": "Mangabeira I",
        "addr:city": "João Pessoa",
        "addr:state": "PB",
        "addr:country": "BR",
        "addr:postcode": "58056-330",
        "phone": "+55 46 3214-9134",
        "office": "government",
        "government": "healthcare",
        "name": "Secretaria Municipal de Saúde de Pato Branco",
        "short_name": "SMS Pato Branco",
        "comment": "Secretaria Municipal de Saúde"
      },
      "geometry": {
        "type": "Point",
        "coordinates": [
          -34.8631382,
          -7.1155421
        ]
      }
    },
    {
      "type": "Feature",
      "id": 7433018,
      "properties": {
        "operator": "Prefeitura Municipal de João Pessoa",
        "operator:type": "public",
        "ref:CNES": "7433018",
        "source": "cnes;datasus;dados_abertos_saude",
        "official_name": "DISTRITO SANITARIO 04 TORRE",
        "addr:street": "Rua Ariosvaldo Silva",
        "addr:housenumber": "842",
        "addr:suburb": "Torre",
        "addr:city": "João Pessoa",
        "addr:state": "PB",
        "addr:country": "BR",
        "addr:postcode": "58040-230",
        "office": "government",
        "government": "healthcare",
        "name": "Secretaria Municipal de Saúde de Pato Branco",
        "short_name": "SMS Pato Branco",
        "comment": "Secretaria Municipal de Saúde"
      },
      "geometry": {
        "type": "Point",
        "coordinates": [
          -34.8672152,
          -7.1272953
        ]
      }
    },
    {
      "type": "Feature",
      "id": 7433034,
      "properties": {
        "operator": "Prefeitura Municipal de João Pessoa",
        "operator:type": "public",
        "ref:CNES": "7433034",
        "source": "cnes;datasus;dados_abertos_saude",
        "official_name": "DISTRITO SANITARIO 05 MIRAMAR",
        "addr:street": "Rua Ovidio de Mendonca",
        "addr:housenumber": "77",
        "addr:suburb": "Miramar",
        "addr:city": "João Pessoa",
        "addr:state": "PB",
        "addr:country": "BR",
        "addr:postcode": "58042-200",
        "phone": "+55 83 3213-7601",
        "office": "government",
        "government": "healthcare",
        "name": "Secretaria Municipal de Saúde de Pato Branco",
        "short_name": "SMS Pato Branco",
        "comment": "Secretaria Municipal de Saúde"
      },
      "geometry": {
        "type": "Point",
        "coordinates": [
          -34.8357582,
          -7.1228666
        ]
      }
    },
    {
      "type": "Feature",
      "id": 6525938,
      "properties": {
        "operator": "Prefeitura Municipal de João Pessoa",
        "operator:type": "public",
        "ref:CNES": "6525938",
        "source": "cnes;datasus;dados_abertos_saude",
        "official_name": "SECRETARIA MUNICIPAL DE SAUDE DE JOAO PESSOA",
        "addr:street": "Rua Av Julia Freire",
        "addr:suburb": "Torre",
        "addr:city": "João Pessoa",
        "addr:state": "PB",
        "addr:country": "BR",
        "addr:postcode": "58040-040",
        "phone": "+55 46 3214-9522",
        "email": "gabinetesaudejp@gmail.com",
        "office": "government",
        "government": "healthcare",
        "name": "Secretaria Municipal de Saúde de Pato Branco",
        "short_name": "SMS Pato Branco",
        "comment": "Secretaria Municipal de Saúde"
      },
      "geometry": {
        "type": "Point",
        "coordinates": [
          -34.8630524,
          -7.1151588
        ]
      }
    },
    {
      "type": "Feature",
      "id": 6355064,
      "properties": {
        "operator": "Governo do Estado (PB)",
        "operator:type": "public",
        "ref:CNES": "6355064",
        "source": "cnes;datasus;dados_abertos_saude",
        "official_name": "SES PB",
        "addr:street": "Rua Av Dom Pedro II",
        "addr:housenumber": "1826",
        "addr:suburb": "Torre",
        "addr:city": "João Pessoa",
        "addr:state": "PB",
        "addr:country": "BR",
        "addr:postcode": "58040-440",
        "phone": "+55 46 3218-7428",
        "email": "gabinete@saude.pb.gov.br",
        "office": "government",
        "government": "healthcare",
        "name": "Secretaria Municipal de Saúde de Pato Branco",
        "short_name": "SMS Pato Branco",
        "comment": "Secretaria Municipal de Saúde"
      },
      "geometry": {
        "type": "Point",
        "coordinates": [
          -34.8706112,
          -7.1277784
        ]
      }
    },
    {
      "type": "Feature",
      "id": 2399598,
      "properties": {
        "operator": "Governo do Estado (PB)",
        "operator:type": "public",
        "ref:CNES": "2399598",
        "source": "cnes;datasus;dados_abertos_saude",
        "official_name": "HEMOCENTRO DO ESTADO DA PARAIBA",
        "addr:street": "Rua Av Pedro II",
        "addr:housenumber": "1548",
        "addr:suburb": "Jaguaribe",
        "addr:city": "João Pessoa",
        "addr:state": "PB",
        "addr:country": "BR",
        "addr:postcode": "58013-420",
        "phone": "+55 83 3133-3457",
        "email": "financeiro.hemocentro2022@gmail.com",
        "amenity": "blood_donation",
        "healthcare": "blood_donation",
        "name": "Hemonúcleo de Pato Branco (HEMEPAR)",
        "short_name": "Hemepar Pato Branco",
        "comment": "Doação de Sangue (HEMEPAR)"
      },
      "geometry": {
        "type": "Point",
        "coordinates": [
          -34.8744888,
          -7.1245859
        ]
      }
    },
    {
      "type": "Feature",
      "id": 6509258,
      "properties": {
        "operator": "Prefeitura Municipal de João Pessoa",
        "operator:type": "public",
        "ref:CNES": "6509258",
        "source": "cnes;datasus;dados_abertos_saude",
        "official_name": "CAPS AD DAVID CAPISTRANO",
        "addr:street": "Rua Professor Alvaro de Carvalho",
        "addr:suburb": "Tambauzinho",
        "addr:city": "João Pessoa",
        "addr:state": "PB",
        "addr:country": "BR",
        "addr:postcode": "58042-010",
        "phone": "+55 83 3213-7616",
        "email": "capsad@joaopessoa.pb.gov.br",
        "amenity": "clinic",
        "healthcare": "psychiatry",
        "healthcare:speciality": "psychiatry",
        "name": "Centro de Atenção Psicossocial (CAPS II)",
        "short_name": "CAPS II",
        "comment": "CAPS II"
      },
      "geometry": {
        "type": "Point",
        "coordinates": [
          -34.8507546,
          -7.1212563
        ]
      }
    },
    {
      "type": "Feature",
      "id": 2399873,
      "properties": {
        "operator": "Governo do Estado (PB)",
        "operator:type": "public",
        "ref:CNES": "2399873",
        "source": "cnes;datasus;dados_abertos_saude",
        "official_name": "CAPS AD JOVEM CIDADAO",
        "addr:street": "Rua Saffa Said Abel da Cunha",
        "addr:housenumber": "326",
        "addr:suburb": "Tambauzinho",
        "addr:city": "João Pessoa",
        "addr:state": "PB",
        "addr:country": "BR",
        "addr:postcode": "58040-400",
        "phone": "+55 83 3218-5902",
        "email": "capsadparaiba.gov@hotmail.com",
        "amenity": "clinic",
        "healthcare": "psychiatry",
        "healthcare:speciality": "psychiatry",
        "name": "Centro de Atenção Psicossocial (CAPS II)",
        "short_name": "CAPS II",
        "comment": "CAPS II"
      },
      "geometry": {
        "type": "Point",
        "coordinates": [
          -34.866397,
          -7.128386
        ]
      }
    },
    {
      "type": "Feature",
      "id": 2400006,
      "properties": {
        "operator": "Prefeitura Municipal de João Pessoa",
        "operator:type": "public",
        "ref:CNES": "2400006",
        "source": "cnes;datasus;dados_abertos_saude",
        "official_name": "CAPS III CAMINHAR",
        "addr:street": "Rua R Paulino Santos Coelho",
        "addr:suburb": "Jd Cid Universsitari",
        "addr:city": "João Pessoa",
        "addr:state": "PB",
        "addr:country": "BR",
        "addr:postcode": "58052-570",
        "phone": "+55 83 3218-5914",
        "email": "janicosta@gmail.com",
        "amenity": "clinic",
        "healthcare": "psychiatry",
        "healthcare:speciality": "psychiatry",
        "name": "Centro de Atenção Psicossocial (CAPS II)",
        "short_name": "CAPS II",
        "comment": "CAPS II"
      },
      "geometry": {
        "type": "Point",
        "coordinates": [
          -34.835216,
          -7.159291
        ]
      }
    },
    {
      "type": "Feature",
      "id": 5971136,
      "properties": {
        "operator": "Prefeitura Municipal de João Pessoa",
        "operator:type": "public",
        "ref:CNES": "5971136",
        "source": "cnes;datasus;dados_abertos_saude",
        "official_name": "CAPSI INFANTO JUVENIL CIRANDAR",
        "addr:street": "Rua Gouveia da Nobrega",
        "addr:suburb": "Roger",
        "addr:city": "João Pessoa",
        "addr:state": "PB",
        "addr:country": "BR",
        "addr:postcode": "58020-100",
        "phone": "+55 83 3214-6079",
        "amenity": "clinic",
        "healthcare": "psychiatry",
        "healthcare:speciality": "psychiatry",
        "name": "Centro de Atenção Psicossocial Infanto-Juvenil (CAPSi)",
        "short_name": "CAPSi",
        "comment": "CAPSi (Infanto-Juvenil)"
      },
      "geometry": {
        "type": "Point",
        "coordinates": [
          -34.877601,
          -7.11342
        ]
      }
    },
    {
      "type": "Feature",
      "id": 2757397,
      "properties": {
        "operator": "Prefeitura Municipal de João Pessoa",
        "operator:type": "public",
        "ref:CNES": "2757397",
        "source": "cnes;datasus;dados_abertos_saude",
        "official_name": "CENTRO DE ATENCAO PSICOSOCIAL DR GUTEMBERG BOTELHO",
        "addr:street": "Avenida Minas Gerais",
        "addr:housenumber": "409",
        "addr:suburb": "Bairro dos Estados",
        "addr:city": "João Pessoa",
        "addr:state": "PB",
        "addr:country": "BR",
        "addr:postcode": "58042-220",
        "phone": "+55 83 3211-6700",
        "email": "sandrallcarvalho@yahoo.com.br",
        "amenity": "clinic",
        "healthcare": "psychiatry",
        "healthcare:speciality": "psychiatry",
        "name": "Centro de Atenção Psicossocial (CAPS II)",
        "short_name": "CAPS II",
        "comment": "CAPS II"
      },
      "geometry": {
        "type": "Point",
        "coordinates": [
          -34.8578556,
          -7.1145837
        ]
      }
    },
    {
      "type": "Feature",
      "id": 7341067,
      "properties": {
        "operator": "Prefeitura Municipal de João Pessoa",
        "operator:type": "public",
        "ref:CNES": "7341067",
        "source": "cnes;datasus;dados_abertos_saude",
        "official_name": "DISTRITO SANITARIO ESPECIAL INDIGENA POTIGUARA",
        "addr:street": "Avenida Presidente Epitacio Pessoa",
        "addr:housenumber": "2953",
        "addr:suburb": "Brisamar",
        "addr:city": "João Pessoa",
        "addr:state": "PB",
        "addr:country": "BR",
        "addr:postcode": "58031-003",
        "phone": "+55 83 3209-9400",
        "email": "margarethli.silva@saude.gov.br",
        "amenity": "clinic",
        "healthcare": "clinic",
        "name": "Distrito Sanitario Especial Indigena Potiguara",
        "comment": "Outros Serviços de Saúde"
      },
      "geometry": {
        "type": "Point",
        "coordinates": [
          -34.8367023,
          -7.119545
        ]
      }
    },
    {
      "type": "Feature",
      "id": 7561792,
      "properties": {
        "operator": "Prefeitura Municipal de João Pessoa",
        "operator:type": "public",
        "ref:CNES": "7561792",
        "source": "cnes;datasus;dados_abertos_saude",
        "official_name": "UNIDADE DE PRONTO ATENDIMENTO CELIO PIRES DE SA",
        "addr:street": "Rua Estevam Lopes Galvao",
        "addr:housenumber": "1",
        "addr:suburb": "Valentina",
        "addr:city": "João Pessoa",
        "addr:state": "PB",
        "addr:country": "BR",
        "addr:postcode": "58064-090",
        "phone": "+55 46 3237-7068",
        "email": "upa_valentina@hotmail.com",
        "amenity": "clinic",
        "healthcare": "clinic",
        "name": "Unidade de Pronto Atendimento Celio Pires de Sa",
        "comment": "Outros Serviços de Saúde"
      },
      "geometry": {
        "type": "Point",
        "coordinates": [
          -34.846226,
          -7.198146
        ]
      }
    },
    {
      "type": "Feature",
      "id": 6940315,
      "properties": {
        "operator": "Prefeitura Municipal de João Pessoa",
        "operator:type": "public",
        "ref:CNES": "6940315",
        "source": "cnes;datasus;dados_abertos_saude",
        "official_name": "UNIDADE DE PRONTO ATENDIMENTO OCEANIA",
        "addr:street": "Rua Av Gov Flavio Ribeiro Coutinho",
        "addr:housenumber": "70",
        "addr:suburb": "Aeroclube",
        "addr:city": "João Pessoa",
        "addr:state": "PB",
        "addr:country": "BR",
        "addr:postcode": "58037-000",
        "phone": "+55 46 3218-9896",
        "email": "upaoceania@joaopessoa.pb.gov.br",
        "amenity": "clinic",
        "healthcare": "clinic",
        "name": "Unidade de Pronto Atendimento Oceania",
        "comment": "Outros Serviços de Saúde"
      },
      "geometry": {
        "type": "Point",
        "coordinates": [
          -34.840806,
          -7.097361
        ]
      }
    },
    {
      "type": "Feature",
      "id": 9601473,
      "properties": {
        "operator": "Prefeitura Municipal de João Pessoa",
        "operator:type": "public",
        "ref:CNES": "9601473",
        "source": "cnes;datasus;dados_abertos_saude",
        "official_name": "UPA BANCARIOS",
        "addr:street": "Rua Empresario João Rodrigues Alves",
        "addr:suburb": "Bancarios",
        "addr:city": "João Pessoa",
        "addr:state": "PB",
        "addr:country": "BR",
        "addr:postcode": "58033-455",
        "amenity": "clinic",
        "healthcare": "clinic",
        "emergency": "yes",
        "opening_hours": "24/7",
        "name": "UPA 24 Horas Maria Itália Freddo",
        "short_name": "UPA 24h",
        "comment": "UPA 24h"
      },
      "geometry": {
        "type": "Point",
        "coordinates": [
          -34.842601,
          -7.148186
        ]
      }
    },
    {
      "type": "Feature",
      "id": 9132686,
      "properties": {
        "operator": "Prefeitura Municipal de João Pessoa",
        "operator:type": "public",
        "ref:CNES": "9132686",
        "source": "cnes;datasus;dados_abertos_saude",
        "official_name": "UPA CRUZ DAS ARMAS",
        "addr:street": "Avenida Cruz das Armas",
        "addr:housenumber": "1296",
        "addr:suburb": "Cruz das Armas",
        "addr:city": "João Pessoa",
        "addr:state": "PB",
        "addr:country": "BR",
        "addr:postcode": "58085-000",
        "phone": "+55 46 3214-3773",
        "amenity": "clinic",
        "healthcare": "clinic",
        "emergency": "yes",
        "opening_hours": "24/7",
        "name": "UPA 24 Horas Maria Itália Freddo",
        "short_name": "UPA 24h",
        "comment": "UPA 24h"
      },
      "geometry": {
        "type": "Point",
        "coordinates": [
          -34.890702,
          -7.143144
        ]
      }
    },
    {
      "type": "Feature",
      "id": 7695144,
      "properties": {
        "operator": "Prefeitura Municipal de João Pessoa",
        "operator:type": "public",
        "ref:CNES": "7695144",
        "source": "cnes;datasus;dados_abertos_saude",
        "official_name": "ACADEMIA DA SAUDE DO GEISEL",
        "addr:street": "Rua Professor Miguel da Rocha Luna",
        "addr:housenumber": "1",
        "addr:suburb": "Geisel",
        "addr:city": "João Pessoa",
        "addr:state": "PB",
        "addr:country": "BR",
        "addr:postcode": "58075-150",
        "leisure": "fitness_centre",
        "healthcare": "rehabilitation",
        "name": "Academia da Saúde Do Geisel",
        "comment": "Academia da Saúde"
      },
      "geometry": {
        "type": "Point",
        "coordinates": [
          -34.8712921,
          -7.176115
        ]
      }
    },
    {
      "type": "Feature",
      "id": 7841930,
      "properties": {
        "operator": "Prefeitura Municipal de João Pessoa",
        "operator:type": "public",
        "ref:CNES": "7841930",
        "source": "cnes;datasus;dados_abertos_saude",
        "official_name": "ACADEMIA DA SAUDE ERNANI SATIRO",
        "addr:street": "Rua Doutor Maurilio de Almeida",
        "addr:suburb": "Ernani Satiro",
        "addr:city": "João Pessoa",
        "addr:state": "PB",
        "addr:country": "BR",
        "addr:postcode": "58076-658",
        "leisure": "fitness_centre",
        "healthcare": "rehabilitation",
        "name": "Academia da Saúde Ernani Satiro",
        "comment": "Academia da Saúde"
      },
      "geometry": {
        "type": "Point",
        "coordinates": [
          -34.8857117,
          -7.1712396
        ]
      }
    },
    {
      "type": "Feature",
      "id": 9149163,
      "properties": {
        "operator": "Prefeitura Municipal de João Pessoa",
        "operator:type": "public",
        "ref:CNES": "9149163",
        "source": "cnes;datasus;dados_abertos_saude",
        "official_name": "ACADEMIA DE SAUDE COLINAS DO SUL",
        "addr:street": "Rua Aposentada Clotilde Maria da Conceicao",
        "addr:housenumber": "200",
        "addr:suburb": "Gramame",
        "addr:city": "João Pessoa",
        "addr:state": "PB",
        "addr:country": "BR",
        "addr:postcode": "58066-000",
        "phone": "+55 46 3214-4927",
        "leisure": "fitness_centre",
        "healthcare": "rehabilitation",
        "name": "Academia da Saúde Academia de Saude Colinas do Sul",
        "comment": "Academia da Saúde"
      },
      "geometry": {
        "type": "Point",
        "coordinates": [
          -34.873116,
          -7.1489912
        ]
      }
    },
    {
      "type": "Feature",
      "id": 8130000,
      "properties": {
        "operator": "Prefeitura Municipal de João Pessoa",
        "operator:type": "public",
        "ref:CNES": "8130000",
        "source": "cnes;datasus;dados_abertos_saude",
        "official_name": "NUCLEO DE TELESAUDE REGULACAO MUNICIPAL DE JOAO PESSOA",
        "addr:street": "Avenida Rio Grande do Sul",
        "addr:housenumber": "1280",
        "addr:suburb": "Estados",
        "addr:city": "João Pessoa",
        "addr:state": "PB",
        "addr:country": "BR",
        "addr:postcode": "58030-020",
        "phone": "+55 83 3218-9861",
        "amenity": "clinic",
        "healthcare": "clinic",
        "name": "Nucleo de Telesaude Regulacao Municipal de João Pessoa",
        "comment": "Outros Serviços de Saúde"
      },
      "geometry": {
        "type": "Point",
        "coordinates": [
          -34.8567905,
          -7.1190734
        ]
      }
    },
    {
      "type": "Feature",
      "id": 4680804,
      "properties": {
        "operator": "Governo do Estado (PB)",
        "operator:type": "public",
        "ref:CNES": "4680804",
        "source": "cnes;datasus;dados_abertos_saude",
        "official_name": "NUCLEO DE TELESSAUDE DA PARAIBA",
        "addr:street": "Rua Av Dom Pedro II",
        "addr:housenumber": "1826",
        "addr:suburb": "Torre",
        "addr:city": "João Pessoa",
        "addr:state": "PB",
        "addr:country": "BR",
        "addr:postcode": "58040-440",
        "amenity": "clinic",
        "healthcare": "clinic",
        "name": "Nucleo de Telessaude da Paraiba",
        "comment": "Outros Serviços de Saúde"
      },
      "geometry": {
        "type": "Point",
        "coordinates": [
          -34.8700884,
          -7.1276323
        ]
      }
    },
    {
      "type": "Feature",
      "id": 3651118,
      "properties": {
        "operator": "Prefeitura Municipal de João Pessoa",
        "operator:type": "public",
        "ref:CNES": "3651118",
        "source": "cnes;datasus;dados_abertos_saude",
        "official_name": "SAMU 192 REGIONAL DE JOAO PESSOA",
        "addr:street": "Rua Diogenes Chianca",
        "addr:housenumber": "1777",
        "addr:suburb": "Agua Fria",
        "addr:city": "João Pessoa",
        "addr:state": "PB",
        "addr:country": "BR",
        "addr:postcode": "58053-900",
        "phone": "+55 46 3218-9125",
        "email": "samu192@joaopessoa.pb.gov.br",
        "emergency": "ambulance_station",
        "emergency_service": "technical_rescue",
        "opening_hours": "24/7",
        "name": "Central de Regulação Médica das Urgências (SAMU 192)",
        "short_name": "Regulação SAMU 192",
        "comment": "SAMU 192"
      },
      "geometry": {
        "type": "Point",
        "coordinates": [
          -34.9140036,
          -7.1280219
        ]
      }
    },
    {
      "type": "Feature",
      "id": 2399350,
      "properties": {
        "operator": "Governo do Estado (PB)",
        "operator:type": "public",
        "ref:CNES": "2399350",
        "source": "cnes;datasus;dados_abertos_saude",
        "official_name": "LACEN ESTADUAL LABORATORIO CENTRAL DE SAUDE PUBLICA",
        "addr:street": "Avenida Camilo de Holanda",
        "addr:housenumber": "214",
        "addr:city": "João Pessoa",
        "addr:state": "PB",
        "addr:country": "BR",
        "addr:postcode": "58013-360",
        "phone": "+55 83 98862-2445",
        "amenity": "clinic",
        "healthcare": "clinic",
        "name": "LACEN Estadual Laboratorio Central de Saude Publica",
        "comment": "Outros Serviços de Saúde"
      },
      "geometry": {
        "type": "Point",
        "coordinates": [
          -34.894043,
          -7.149717
        ]
      }
    },
    {
      "type": "Feature",
      "id": 2398974,
      "properties": {
        "operator": "Prefeitura Municipal de João Pessoa",
        "operator:type": "public",
        "ref:CNES": "2398974",
        "source": "cnes;datasus;dados_abertos_saude",
        "official_name": "LACEN MUNICIPAL LABORATORIO CENTRAL",
        "addr:street": "Rua Alberto de Brito",
        "addr:suburb": "Jaguaribe",
        "addr:city": "João Pessoa",
        "addr:state": "PB",
        "addr:country": "BR",
        "addr:postcode": "58015-335",
        "phone": "+55 46 3218-5006",
        "amenity": "clinic",
        "healthcare": "clinic",
        "name": "LACEN Municipal Laboratorio Central",
        "comment": "Outros Serviços de Saúde"
      },
      "geometry": {
        "type": "Point",
        "coordinates": [
          -34.8629665,
          -7.114906
        ]
      }
    },
    {
      "type": "Feature",
      "id": 5316235,
      "properties": {
        "operator": "Prefeitura Municipal de João Pessoa",
        "operator:type": "public",
        "ref:CNES": "5316235",
        "source": "cnes;datasus;dados_abertos_saude",
        "official_name": "CENTRAL DE REGULACAO DE SERVICOS DE SAUDE",
        "addr:street": "Avenida Rio Grande do Sul",
        "addr:housenumber": "1280",
        "addr:suburb": "Bairro dos Estados",
        "addr:city": "João Pessoa",
        "addr:state": "PB",
        "addr:country": "BR",
        "addr:postcode": "58030-020",
        "phone": "+55 83 3218-9861",
        "office": "government",
        "government": "healthcare",
        "name": "Sistema Municipal de Auditoria e Regulação em Saúde",
        "comment": "Auditoria e Regulação"
      },
      "geometry": {
        "type": "Point",
        "coordinates": [
          -34.8617864,
          -7.1184165
        ]
      }
    },
    {
      "type": "Feature",
      "id": 8209588,
      "properties": {
        "operator": "Governo do Estado (PB)",
        "operator:type": "public",
        "ref:CNES": "8209588",
        "source": "cnes;datasus;dados_abertos_saude",
        "official_name": "CENTRO DE SAUDE NOVA ESPERANCA REGULACAO SESPB",
        "addr:street": "Rua Frei Galvao Lot Mte Oliveiras",
        "addr:housenumber": "12",
        "addr:suburb": "Gramame",
        "addr:city": "João Pessoa",
        "addr:state": "PB",
        "addr:country": "BR",
        "addr:postcode": "58067-695",
        "phone": "+55 83 3041-7180",
        "office": "government",
        "government": "healthcare",
        "name": "Sistema Municipal de Auditoria e Regulação em Saúde",
        "comment": "Auditoria e Regulação"
      },
      "geometry": {
        "type": "Point",
        "coordinates": [
          -34.8575128,
          -7.2053988
        ]
      }
    },
    {
      "type": "Feature",
      "id": 7229380,
      "properties": {
        "operator": "Governo do Estado (PB)",
        "operator:type": "public",
        "ref:CNES": "7229380",
        "source": "cnes;datasus;dados_abertos_saude",
        "official_name": "CERAC",
        "addr:street": "Rua Av Dom Pedro II",
        "addr:housenumber": "1548",
        "addr:suburb": "Torre",
        "addr:city": "João Pessoa",
        "addr:state": "PB",
        "addr:country": "BR",
        "addr:postcode": "58040-440",
        "office": "government",
        "government": "healthcare",
        "name": "Sistema Municipal de Auditoria e Regulação em Saúde",
        "comment": "Auditoria e Regulação"
      },
      "geometry": {
        "type": "Point",
        "coordinates": [
          -34.87161,
          -7.12656
        ]
      }
    },
    {
      "type": "Feature",
      "id": 6208398,
      "properties": {
        "operator": "Governo do Estado (PB)",
        "operator:type": "public",
        "ref:CNES": "6208398",
        "source": "cnes;datasus;dados_abertos_saude",
        "official_name": "COMPLEXO REGULADOR AMB E HOSP ESTADUAL",
        "addr:street": "Rua Av Dom Pedro II",
        "addr:housenumber": "1826",
        "addr:suburb": "Torre",
        "addr:city": "João Pessoa",
        "addr:state": "PB",
        "addr:country": "BR",
        "addr:postcode": "58040-400",
        "office": "government",
        "government": "healthcare",
        "name": "Sistema Municipal de Auditoria e Regulação em Saúde",
        "comment": "Auditoria e Regulação"
      },
      "geometry": {
        "type": "Point",
        "coordinates": [
          -34.866387,
          -7.128375
        ]
      }
    },
    {
      "type": "Feature",
      "id": 8229511,
      "properties": {
        "operator": "Governo do Estado (PB)",
        "operator:type": "public",
        "ref:CNES": "8229511",
        "source": "cnes;datasus;dados_abertos_saude",
        "official_name": "FUNDACAO PEDRO AMERICO HBOL REGULACAO SESPB",
        "addr:street": "Rua Caetano Gomes de Almeida",
        "addr:housenumber": "3500",
        "addr:suburb": "Mangabeira",
        "addr:city": "João Pessoa",
        "addr:state": "PB",
        "addr:country": "BR",
        "addr:postcode": "58058-060",
        "phone": "+55 83 3022-5050",
        "office": "government",
        "government": "healthcare",
        "name": "Sistema Municipal de Auditoria e Regulação em Saúde",
        "comment": "Auditoria e Regulação"
      },
      "geometry": {
        "type": "Point",
        "coordinates": [
          -34.8353707,
          -7.1628071
        ]
      }
    },
    {
      "type": "Feature",
      "id": 8209634,
      "properties": {
        "operator": "Governo do Estado (PB)",
        "operator:type": "public",
        "ref:CNES": "8209634",
        "source": "cnes;datasus;dados_abertos_saude",
        "official_name": "HOSPITAL NOVA ESPERANCA HNE REGULACAO SESPB",
        "addr:street": "Rua Capitao Jose Pessoa",
        "addr:housenumber": "919",
        "addr:suburb": "Jaguaribe",
        "addr:city": "João Pessoa",
        "addr:state": "PB",
        "addr:country": "BR",
        "addr:postcode": "58015-170",
        "office": "government",
        "government": "healthcare",
        "name": "Sistema Municipal de Auditoria e Regulação em Saúde",
        "comment": "Auditoria e Regulação"
      },
      "geometry": {
        "type": "Point",
        "coordinates": [
          -34.8766573,
          -7.1302085
        ]
      }
    },
    {
      "type": "Feature",
      "id": 8310912,
      "properties": {
        "operator": "Governo do Estado (PB)",
        "operator:type": "public",
        "ref:CNES": "8310912",
        "source": "cnes;datasus;dados_abertos_saude",
        "official_name": "HOSPITAL PADRE ZE REGULACAO SESPB",
        "addr:street": "Avenida Desembargador Boto de Menezes",
        "addr:housenumber": "657",
        "addr:city": "João Pessoa",
        "addr:state": "PB",
        "addr:country": "BR",
        "addr:postcode": "58010-670",
        "office": "government",
        "government": "healthcare",
        "name": "Sistema Municipal de Auditoria e Regulação em Saúde",
        "comment": "Auditoria e Regulação"
      },
      "geometry": {
        "type": "Point",
        "coordinates": [
          -34.8630309,
          -7.1149672
        ]
      }
    },
    {
      "type": "Feature",
      "id": 8504059,
      "properties": {
        "operator": "Governo do Estado (PB)",
        "operator:type": "public",
        "ref:CNES": "8504059",
        "source": "cnes;datasus;dados_abertos_saude",
        "official_name": "INSTITUTO DE CIRURGIAS CAROLINA BANDEIRA REGULACAO SESPB",
        "addr:street": "Rua Poeta Targino Teixeira",
        "addr:housenumber": "251",
        "addr:suburb": "Altiplano Cabo Branc",
        "addr:city": "João Pessoa",
        "addr:state": "PB",
        "addr:country": "BR",
        "addr:postcode": "58046-090",
        "phone": "+55 83 9922-0002",
        "office": "government",
        "government": "healthcare",
        "name": "Sistema Municipal de Auditoria e Regulação em Saúde",
        "comment": "Auditoria e Regulação"
      },
      "geometry": {
        "type": "Point",
        "coordinates": [
          -34.8266984,
          -7.1294689
        ]
      }
    },
    {
      "type": "Feature",
      "id": 8356068,
      "properties": {
        "operator": "Governo do Estado (PB)",
        "operator:type": "public",
        "ref:CNES": "8356068",
        "source": "cnes;datasus;dados_abertos_saude",
        "official_name": "PARAIBA OFTALMOLOGIA REGULACAO SESPB",
        "addr:street": "Rua Presidente Epitacio Pessoa",
        "addr:housenumber": "2701",
        "addr:suburb": "Pedro Gondim",
        "addr:city": "João Pessoa",
        "addr:state": "PB",
        "addr:country": "BR",
        "addr:postcode": "58031-003",
        "office": "government",
        "government": "healthcare",
        "name": "Sistema Municipal de Auditoria e Regulação em Saúde",
        "comment": "Auditoria e Regulação"
      },
      "geometry": {
        "type": "Point",
        "coordinates": [
          -34.8444341,
          -7.1171975
        ]
      }
    },
    {
      "type": "Feature",
      "id": 3380173,
      "properties": {
        "operator": "Governo do Estado (PB)",
        "operator:type": "public",
        "ref:CNES": "3380173",
        "source": "cnes;datasus;dados_abertos_saude",
        "official_name": "UNIDADE ISOLADA DE TFD SESPB",
        "addr:street": "Rua Av Pedro II",
        "addr:housenumber": "1826",
        "addr:suburb": "Torre",
        "addr:city": "João Pessoa",
        "addr:state": "PB",
        "addr:country": "BR",
        "addr:postcode": "58031-010",
        "office": "government",
        "government": "healthcare",
        "name": "Sistema Municipal de Auditoria e Regulação em Saúde",
        "comment": "Auditoria e Regulação"
      },
      "geometry": {
        "type": "Point",
        "coordinates": [
          -34.847769,
          -7.118524
        ]
      }
    },
    {
      "type": "Feature",
      "id": 9886109,
      "properties": {
        "operator": "Governo do Estado (PB)",
        "operator:type": "public",
        "ref:CNES": "9886109",
        "source": "cnes;datasus;dados_abertos_saude",
        "official_name": "CENTRAL ESTADUAL DE TRANSPLANTE DA PARAIBA",
        "addr:street": "Rua Orestes Lisboa",
        "addr:suburb": "Conjunto Pedro Gondi",
        "addr:city": "João Pessoa",
        "addr:state": "PB",
        "addr:country": "BR",
        "addr:postcode": "58031-090",
        "amenity": "clinic",
        "healthcare": "clinic",
        "name": "Central Estadual de Transplante da Paraiba",
        "comment": "Outros Serviços de Saúde"
      },
      "geometry": {
        "type": "Point",
        "coordinates": [
          -34.846104,
          -7.115278
        ]
      }
    },
    {
      "type": "Feature",
      "id": 9887970,
      "properties": {
        "operator": "Governo do Estado (PB)",
        "operator:type": "public",
        "ref:CNES": "9887970",
        "source": "cnes;datasus;dados_abertos_saude",
        "official_name": "ORGANIZACAO PARA PROCURA DE ORGAOS OPO",
        "addr:street": "Rua Borja Peregrino",
        "addr:housenumber": "181",
        "addr:city": "João Pessoa",
        "addr:state": "PB",
        "addr:country": "BR",
        "addr:postcode": "58013-342",
        "phone": "+55 83 99105-1581",
        "email": "opojp@ses.pb.gov.br",
        "amenity": "clinic",
        "healthcare": "clinic",
        "name": "Organizacao para Procura de Orgaos Opo",
        "comment": "Outros Serviços de Saúde"
      },
      "geometry": {
        "type": "Point",
        "coordinates": [
          -34.8715794,
          -7.1250104
        ]
      }
    },
    {
      "type": "Feature",
      "id": 192635,
      "properties": {
        "operator": "Governo do Estado (PB)",
        "operator:type": "public",
        "ref:CNES": "192635",
        "source": "cnes;datasus;dados_abertos_saude",
        "official_name": "CENTRAL 1 DE IMUNIZACAO",
        "addr:street": "Rua Av Dom Pedro II",
        "addr:housenumber": "1548",
        "addr:suburb": "Torre",
        "addr:city": "João Pessoa",
        "addr:state": "PB",
        "addr:country": "BR",
        "addr:postcode": "58040-400",
        "office": "government",
        "government": "healthcare",
        "name": "Central 1 de Imunizacao",
        "comment": "Suprimentos / Logística"
      },
      "geometry": {
        "type": "Point",
        "coordinates": [
          -34.866397,
          -7.12846
        ]
      }
    },
    {
      "type": "Feature",
      "id": 9956514,
      "properties": {
        "operator": "Governo do Estado (PB)",
        "operator:type": "public",
        "ref:CNES": "9956514",
        "source": "cnes;datasus;dados_abertos_saude",
        "official_name": "CENTRAL ESTADUAL DE REDE DE FRIO DE JOAO PESSOA PB",
        "addr:street": "Rua Av Dom Pedro II",
        "addr:housenumber": "1826",
        "addr:suburb": "Torre",
        "addr:city": "João Pessoa",
        "addr:state": "PB",
        "addr:country": "BR",
        "addr:postcode": "58040-400",
        "office": "government",
        "government": "healthcare",
        "name": "Central Estadual de Rede de Frio de João Pessoa Pb",
        "comment": "Suprimentos / Logística"
      },
      "geometry": {
        "type": "Point",
        "coordinates": [
          -34.870664,
          -7.12819
        ]
      }
    },
    {
      "type": "Feature",
      "id": 4308662,
      "properties": {
        "operator": "Prefeitura Municipal de João Pessoa",
        "operator:type": "public",
        "ref:CNES": "4308662",
        "source": "cnes;datasus;dados_abertos_saude",
        "official_name": "CENTRO MUNICIPAL DE IMUNIZACAO",
        "addr:street": "Rua Prefeito Jose Bezerra",
        "addr:suburb": "Torre",
        "addr:city": "João Pessoa",
        "addr:state": "PB",
        "addr:country": "BR",
        "addr:postcode": "58040-690",
        "amenity": "clinic",
        "healthcare": "vaccination",
        "name": "Sala Central de Vacinas de Pato Branco",
        "short_name": "Sala de Vacinas",
        "comment": "Sala de Vacinas"
      },
      "geometry": {
        "type": "Point",
        "coordinates": [
          -34.8587984,
          -7.1237902
        ]
      }
    },
    {
      "type": "Feature",
      "id": 287660,
      "properties": {
        "operator": "Prefeitura Municipal de João Pessoa",
        "operator:type": "public",
        "ref:CNES": "287660",
        "source": "cnes;datasus;dados_abertos_saude",
        "official_name": "REDE FRIO CENTRAL MUNICIPAL DE IMUNOBIOLOGICOS",
        "addr:street": "Rua Diogenes Chianca",
        "addr:suburb": "Agua Fria",
        "addr:city": "João Pessoa",
        "addr:state": "PB",
        "addr:country": "BR",
        "addr:postcode": "58053-000",
        "amenity": "clinic",
        "healthcare": "vaccination",
        "name": "Sala Central de Vacinas de Pato Branco",
        "short_name": "Sala de Vacinas",
        "comment": "Sala de Vacinas"
      },
      "geometry": {
        "type": "Point",
        "coordinates": [
          -34.914068,
          -7.1280459
        ]
      }
    }
  ]
}