{
  "type": "FeatureCollection",
  "name": "Estabelecimentos Públicos de Saúde - DEMAS / CNES",
  "crs": {
    "type": "name",
    "properties": {
      "name": "urn:ogc:def:crs:OGC:1.3:CRS84"
    }
  },
  "features": [
    {
      "type": "Feature",
      "id": 9031367,
      "properties": {
        "operator": "Governo do Estado (BA)",
        "operator:type": "public",
        "ref:CNES": "9031367",
        "source": "cnes;datasus;dados_abertos_saude",
        "official_name": "CADEIA PUBLICA DE SALVADOR",
        "addr:street": "Rua Direta da Mata Escura",
        "addr:suburb": "Mata Escura",
        "addr:city": "Salvador",
        "addr:state": "BA",
        "addr:country": "BR",
        "addr:postcode": "41750-300",
        "phone": "+55 71 3117-8608",
        "amenity": "clinic",
        "healthcare": "clinic",
        "name": "Unidade Básica de Saúde Cadeia Publica de Salvador",
        "short_name": "UBS Cadeia Publica de Salvador",
        "comment": "UBS",
        "qtd_equipes_esf": 0,
        "qtd_equipes_eap": 0,
        "qtd_equipes_total": 2,
        "capacidade_pnab": 3500,
        "nomes_equipes": "ECP - CPSA; EAPP - CPSA"
      },
      "geometry": {
        "type": "Point",
        "coordinates": [
          -38.460474,
          -12.9349684
        ]
      }
    },
    {
      "type": "Feature",
      "id": 9956085,
      "properties": {
        "operator": "Governo do Estado (BA)",
        "operator:type": "public",
        "ref:CNES": "9956085",
        "source": "cnes;datasus;dados_abertos_saude",
        "official_name": "CAE CASA DO ALBERGADO E EGRESSO",
        "addr:street": "Avenida Cardeal Avelar Brandao Vilela",
        "addr:suburb": "Mata Escura",
        "addr:city": "Salvador",
        "addr:state": "BA",
        "addr:country": "BR",
        "addr:postcode": "41225-190",
        "phone": "+55 46 3306-1446",
        "email": "c.cae@seap.ba.gov.br",
        "amenity": "clinic",
        "healthcare": "clinic",
        "name": "Unidade Básica de Saúde Cae Casa do Albergado e Egresso",
        "short_name": "UBS Cae Casa do Albergado e Egresso",
        "comment": "UBS",
        "qtd_equipes_esf": 0,
        "qtd_equipes_eap": 0,
        "qtd_equipes_total": 2,
        "capacidade_pnab": 3500,
        "nomes_equipes": "EAPP - CAE; ECP - CAE"
      },
      "geometry": {
        "type": "Point",
        "coordinates": [
          -38.4571695,
          -12.9330862
        ]
      }
    },
    {
      "type": "Feature",
      "id": 9031375,
      "properties": {
        "operator": "Governo do Estado (BA)",
        "operator:type": "public",
        "ref:CNES": "9031375",
        "source": "cnes;datasus;dados_abertos_saude",
        "official_name": "CENTRO DE OBSERVACAO PENAL",
        "addr:street": "Rua Direta da Mata Escura",
        "addr:suburb": "Mata Escura",
        "addr:city": "Salvador",
        "addr:state": "BA",
        "addr:country": "BR",
        "addr:postcode": "41750-300",
        "phone": "+55 71 3117-8600",
        "amenity": "clinic",
        "healthcare": "clinic",
        "name": "Unidade Básica de Saúde Centro de Observacao Penal",
        "short_name": "UBS Centro de Observacao Penal",
        "comment": "UBS",
        "qtd_equipes_esf": 0,
        "qtd_equipes_eap": 0,
        "qtd_equipes_total": 2,
        "capacidade_pnab": 3500,
        "nomes_equipes": "EAPP- COP; ECP - COP"
      },
      "geometry": {
        "type": "Point",
        "coordinates": [
          -38.4606242,
          -12.9356167
        ]
      }
    },
    {
      "type": "Feature",
      "id": 6138772,
      "properties": {
        "operator": "Governo do Estado (BA)",
        "operator:type": "public",
        "ref:CNES": "6138772",
        "source": "cnes;datasus;dados_abertos_saude",
        "official_name": "COLONIA PENAL LAFAYETE COUTINHO",
        "addr:street": "Rua A Conjunto Castelo Branco",
        "addr:suburb": "Castelo Branco",
        "addr:city": "Salvador",
        "addr:state": "BA",
        "addr:country": "BR",
        "addr:postcode": "41320-805",
        "phone": "+55 71 3395-0450",
        "amenity": "clinic",
        "healthcare": "clinic",
        "name": "Unidade Básica de Saúde Colonia Penal Lafayete Coutinho",
        "short_name": "UBS Colonia Penal Lafayete Coutinho",
        "comment": "UBS",
        "qtd_equipes_esf": 0,
        "qtd_equipes_eap": 0,
        "qtd_equipes_total": 2,
        "capacidade_pnab": 3500,
        "nomes_equipes": "ECP - CLC; EAPP - CLC"
      },
      "geometry": {
        "type": "Point",
        "coordinates": [
          -38.428545,
          -12.9009194
        ]
      }
    },
    {
      "type": "Feature",
      "id": 5590043,
      "properties": {
        "operator": "Governo do Estado (BA)",
        "operator:type": "public",
        "ref:CNES": "5590043",
        "source": "cnes;datasus;dados_abertos_saude",
        "official_name": "CONJUNTO PENAL FEMININO",
        "addr:street": "Rua Direta da Mata Escura",
        "addr:suburb": "Mata Escura",
        "addr:city": "Salvador",
        "addr:state": "BA",
        "addr:country": "BR",
        "addr:postcode": "41750-300",
        "phone": "+55 71 3306-0736",
        "amenity": "clinic",
        "healthcare": "clinic",
        "name": "Unidade Básica de Saúde Conjunto Penal Feminino",
        "short_name": "UBS Conjunto Penal Feminino",
        "comment": "UBS",
        "qtd_equipes_esf": 0,
        "qtd_equipes_eap": 0,
        "qtd_equipes_total": 2,
        "capacidade_pnab": 3500,
        "nomes_equipes": "EAPP - CPF; ECP - CPF"
      },
      "geometry": {
        "type": "Point",
        "coordinates": [
          -38.4604311,
          -12.9346965
        ]
      }
    },
    {
      "type": "Feature",
      "id": 9956050,
      "properties": {
        "operator": "Governo do Estado (BA)",
        "operator:type": "public",
        "ref:CNES": "9956050",
        "source": "cnes;datasus;dados_abertos_saude",
        "official_name": "CONJUNTO PENAL MASCULINO DE SALVADOR",
        "addr:street": "Rua Direta da Mata Escura",
        "addr:suburb": "Mata Escura",
        "addr:city": "Salvador",
        "addr:state": "BA",
        "addr:country": "BR",
        "addr:postcode": "41745-000",
        "phone": "+55 46 3405-6583",
        "email": "rita.araujo@seap.ba.gov.br",
        "amenity": "clinic",
        "healthcare": "clinic",
        "name": "Unidade Básica de Saúde Conjunto Penal Masculino de Salvador",
        "short_name": "UBS Conjunto Penal Masculino de Salvador",
        "comment": "UBS",
        "qtd_equipes_esf": 0,
        "qtd_equipes_eap": 0,
        "qtd_equipes_total": 2,
        "capacidade_pnab": 3500,
        "nomes_equipes": "ECP - CPMS; EAPP - CPMS"
      },
      "geometry": {
        "type": "Point",
        "coordinates": [
          -38.4567833,
          -12.9341319
        ]
      }
    },
    {
      "type": "Feature",
      "id": 5346657,
      "properties": {
        "operator": "Governo do Estado (BA)",
        "operator:type": "public",
        "ref:CNES": "5346657",
        "source": "cnes;datasus;dados_abertos_saude",
        "official_name": "PENITENCIARIA LEMOS DE BRITO",
        "addr:street": "Rua Direta da Mata Escura",
        "addr:suburb": "Mata Escura",
        "addr:city": "Salvador",
        "addr:state": "BA",
        "addr:country": "BR",
        "addr:postcode": "41750-300",
        "phone": "+55 71 3117-2975",
        "amenity": "clinic",
        "healthcare": "clinic",
        "name": "Unidade Básica de Saúde Penitenciaria Lemos de Brito",
        "short_name": "UBS Penitenciaria Lemos de Brito",
        "comment": "UBS",
        "qtd_equipes_esf": 0,
        "qtd_equipes_eap": 0,
        "qtd_equipes_total": 2,
        "capacidade_pnab": 3500,
        "nomes_equipes": "ECP - PLB; EAPP - PLB"
      },
      "geometry": {
        "type": "Point",
        "coordinates": [
          -38.4604311,
          -12.9347802
        ]
      }
    },
    {
      "type": "Feature",
      "id": 5346665,
      "properties": {
        "operator": "Governo do Estado (BA)",
        "operator:type": "public",
        "ref:CNES": "5346665",
        "source": "cnes;datasus;dados_abertos_saude",
        "official_name": "PRESIDIO SALVADOR",
        "addr:street": "Rua Direta da Mata Escura",
        "addr:suburb": "Mata Escura",
        "addr:city": "Salvador",
        "addr:state": "BA",
        "addr:country": "BR",
        "addr:postcode": "41750-300",
        "phone": "+55 71 3117-2952",
        "amenity": "clinic",
        "healthcare": "clinic",
        "name": "Unidade Básica de Saúde Presidio Salvador",
        "short_name": "UBS Presidio Salvador",
        "comment": "UBS",
        "qtd_equipes_esf": 0,
        "qtd_equipes_eap": 0,
        "qtd_equipes_total": 2,
        "capacidade_pnab": 3500,
        "nomes_equipes": "ECP - PS; EAPP - PS"
      },
      "geometry": {
        "type": "Point",
        "coordinates": [
          -38.4603882,
          -12.9346338
        ]
      }
    },
    {
      "type": "Feature",
      "id": 5346649,
      "properties": {
        "operator": "Governo do Estado (BA)",
        "operator:type": "public",
        "ref:CNES": "5346649",
        "source": "cnes;datasus;dados_abertos_saude",
        "official_name": "PSP UNIDADE ESPECIAL DISCIPLINAR",
        "addr:street": "Rua Direta da Mata Escura",
        "addr:suburb": "Mata Escura",
        "addr:city": "Salvador",
        "addr:state": "BA",
        "addr:country": "BR",
        "addr:postcode": "41750-300",
        "phone": "+55 71 3306-0119",
        "amenity": "clinic",
        "healthcare": "clinic",
        "name": "Unidade Básica de Saúde Psp Unidade Especial Disciplinar",
        "short_name": "UBS Psp Unidade Especial Disciplinar",
        "comment": "UBS",
        "qtd_equipes_esf": 0,
        "qtd_equipes_eap": 0,
        "qtd_equipes_total": 2,
        "capacidade_pnab": 3500,
        "nomes_equipes": "EQUIPE 1; EQUIPE 1 UED"
      },
      "geometry": {
        "type": "Point",
        "coordinates": [
          -38.4612465,
          -12.9359722
        ]
      }
    },
    {
      "type": "Feature",
      "id": 4383,
      "properties": {
        "operator": "Prefeitura Municipal de Salvador",
        "operator:type": "public",
        "ref:CNES": "4383",
        "source": "cnes;datasus;dados_abertos_saude",
        "official_name": "UBS 19 CENTRO DE SAUDE PELOURINHO",
        "addr:street": "Avenida Jose Joaquim Seabra",
        "addr:housenumber": "147",
        "addr:suburb": "Baixa dos Sapateiros",
        "addr:city": "Salvador",
        "addr:state": "BA",
        "addr:country": "BR",
        "addr:postcode": "40020-286",
        "phone": "+55 71 3202-1581",
        "email": "pelourinhocs19@hotmail.com",
        "amenity": "clinic",
        "healthcare": "clinic",
        "name": "Unidade Básica de Saúde UBS 19 Centro de Saude Pelourinho",
        "short_name": "UBS UBS 19 Centro de Saude Pelourinho",
        "comment": "UBS",
        "qtd_equipes_esf": 0,
        "qtd_equipes_eap": 3,
        "qtd_equipes_total": 6,
        "capacidade_pnab": 9500,
        "nomes_equipes": "EQUIPE 6; EQUIPE 3; ESB EQUIPE 3; EQUIPE 1; EQUIPE 7; EQUIPE IV"
      },
      "geometry": {
        "type": "Point",
        "coordinates": [
          -38.488133,
          -13.0145931
        ]
      }
    },
    {
      "type": "Feature",
      "id": 6416,
      "properties": {
        "operator": "Prefeitura Municipal de Salvador",
        "operator:type": "public",
        "ref:CNES": "6416",
        "source": "cnes;datasus;dados_abertos_saude",
        "official_name": "UBS ARENOSO",
        "addr:street": "Rua Direta do Arenoso",
        "addr:housenumber": "100",
        "addr:suburb": "Arenoso",
        "addr:city": "Salvador",
        "addr:state": "BA",
        "addr:country": "BR",
        "addr:postcode": "41211-405",
        "phone": "+55 71 3202-0820",
        "email": "ubsarenoso@salvador.ba.gov.br",
        "amenity": "clinic",
        "healthcare": "clinic",
        "name": "Unidade Básica de Saúde UBS Arenoso",
        "short_name": "UBS UBS Arenoso",
        "comment": "UBS",
        "qtd_equipes_esf": 0,
        "qtd_equipes_eap": 2,
        "qtd_equipes_total": 2,
        "capacidade_pnab": 7500,
        "nomes_equipes": "EAP 2; EAP 1"
      },
      "geometry": {
        "type": "Point",
        "coordinates": [
          -38.4394079,
          -12.9511547
        ]
      }
    },
    {
      "type": "Feature",
      "id": 3737489,
      "properties": {
        "operator": "Prefeitura Municipal de Salvador",
        "operator:type": "public",
        "ref:CNES": "3737489",
        "source": "cnes;datasus;dados_abertos_saude",
        "official_name": "UBS BARREIRAS",
        "addr:street": "Estrada das Barreiras",
        "addr:suburb": "Cabula",
        "addr:city": "Salvador",
        "addr:state": "BA",
        "addr:country": "BR",
        "addr:postcode": "41195-240",
        "phone": "+55 46 3202-0822",
        "email": "ubsbarreirinhas@gmail.com",
        "amenity": "clinic",
        "healthcare": "clinic",
        "name": "Unidade Básica de Saúde UBS Barreiras",
        "short_name": "UBS UBS Barreiras",
        "comment": "UBS",
        "qtd_equipes_esf": 0,
        "qtd_equipes_eap": 1,
        "qtd_equipes_total": 1,
        "capacidade_pnab": 5500,
        "nomes_equipes": "EQUIPE 28"
      },
      "geometry": {
        "type": "Point",
        "coordinates": [
          -38.4570274,
          -12.9433963
        ]
      }
    },
    {
      "type": "Feature",
      "id": 3746771,
      "properties": {
        "operator": "Prefeitura Municipal de Salvador",
        "operator:type": "public",
        "ref:CNES": "3746771",
        "source": "cnes;datasus;dados_abertos_saude",
        "official_name": "UBS CANABRAVA",
        "addr:street": "Rua Bem Te Vi",
        "addr:suburb": "Canabrava",
        "addr:city": "Salvador",
        "addr:state": "BA",
        "addr:country": "BR",
        "addr:postcode": "41260-340",
        "phone": "+55 71 3202-0792",
        "amenity": "clinic",
        "healthcare": "clinic",
        "name": "Unidade Básica de Saúde UBS Canabrava",
        "short_name": "UBS UBS Canabrava",
        "comment": "UBS",
        "qtd_equipes_esf": 0,
        "qtd_equipes_eap": 2,
        "qtd_equipes_total": 4,
        "capacidade_pnab": 7500,
        "nomes_equipes": "EQUIPE 62; EQUIPE 2; EQUIPE 1; EAP 1"
      },
      "geometry": {
        "type": "Point",
        "coordinates": [
          -38.4189406,
          -12.9236517
        ]
      }
    },
    {
      "type": "Feature",
      "id": 4243,
      "properties": {
        "operator": "Prefeitura Municipal de Salvador",
        "operator:type": "public",
        "ref:CNES": "4243",
        "source": "cnes;datasus;dados_abertos_saude",
        "official_name": "UBS CASTELO BRANCO",
        "addr:street": "Rua A 3 Etapa",
        "addr:suburb": "Castelo Branco",
        "addr:city": "Salvador",
        "addr:state": "BA",
        "addr:country": "BR",
        "addr:postcode": "41320-010",
        "phone": "+55 71 3202-0786",
        "email": "cs.castelobranco@salvador.ba.gov.br",
        "amenity": "clinic",
        "healthcare": "clinic",
        "name": "Unidade Básica de Saúde UBS Castelo Branco",
        "short_name": "UBS UBS Castelo Branco",
        "comment": "UBS",
        "qtd_equipes_esf": 0,
        "qtd_equipes_eap": 4,
        "qtd_equipes_total": 7,
        "capacidade_pnab": 11500,
        "nomes_equipes": "EQUIPE 66; ESB EQUIPE 65; ESB EQUIPE 66; ESB EQUIPE I; EQUIPE 65; EAP 2; EAP 1"
      },
      "geometry": {
        "type": "Point",
        "coordinates": [
          -38.427386,
          -12.901404
        ]
      }
    },
    {
      "type": "Feature",
      "id": 7222122,
      "properties": {
        "operator": "Prefeitura Municipal de Salvador",
        "operator:type": "public",
        "ref:CNES": "7222122",
        "source": "cnes;datasus;dados_abertos_saude",
        "official_name": "UBS CLEMENTINO FRAGA",
        "addr:street": "Rua Av Centenario 1 Andar",
        "addr:suburb": "Centenario",
        "addr:city": "Salvador",
        "addr:state": "BA",
        "addr:country": "BR",
        "addr:postcode": "40100-180",
        "phone": "+55 71 3202-1524",
        "email": "ubfclementinofraga@salvador.ba.gov.br",
        "amenity": "clinic",
        "healthcare": "clinic",
        "name": "Unidade Básica de Saúde UBS Clementino Fraga",
        "short_name": "UBS UBS Clementino Fraga",
        "comment": "UBS",
        "qtd_equipes_esf": 0,
        "qtd_equipes_eap": 5,
        "qtd_equipes_total": 7,
        "capacidade_pnab": 13500,
        "nomes_equipes": "EAP 2; EAP 1; EAP 4; EAP 5; EAP 3; EQUIPE 2; EQUIPE 1"
      },
      "geometry": {
        "type": "Point",
        "coordinates": [
          -38.4880686,
          -13.0148858
        ]
      }
    },
    {
      "type": "Feature",
      "id": 6912,
      "properties": {
        "operator": "Prefeitura Municipal de Salvador",
        "operator:type": "public",
        "ref:CNES": "6912",
        "source": "cnes;datasus;dados_abertos_saude",
        "official_name": "UBS DE CALABETAO",
        "addr:street": "Rua Cleriston Andrade",
        "addr:suburb": "Calabetao",
        "addr:city": "Salvador",
        "addr:state": "BA",
        "addr:country": "BR",
        "addr:postcode": "41227-050",
        "phone": "+55 71 3202-0600",
        "email": "ubscalabetao@salvador.ba.gov.br",
        "amenity": "clinic",
        "healthcare": "clinic",
        "name": "Unidade Básica de Saúde UBS de Calabetao",
        "short_name": "UBS UBS de Calabetao",
        "comment": "UBS",
        "qtd_equipes_esf": 1,
        "qtd_equipes_eap": 0,
        "qtd_equipes_total": 1,
        "capacidade_pnab": 3500,
        "nomes_equipes": ""
      },
      "geometry": {
        "type": "Point",
        "coordinates": [
          -38.4661847,
          -12.9311597
        ]
      }
    },
    {
      "type": "Feature",
      "id": 6998,
      "properties": {
        "operator": "Prefeitura Municipal de Salvador",
        "operator:type": "public",
        "ref:CNES": "6998",
        "source": "cnes;datasus;dados_abertos_saude",
        "official_name": "UBS DE ENGOMADEIRA",
        "addr:street": "Rua Direta da Engomadeira",
        "addr:suburb": "Engomadeira",
        "addr:city": "Salvador",
        "addr:state": "BA",
        "addr:country": "BR",
        "addr:postcode": "41200-510",
        "phone": "+55 46 3202-0656",
        "email": "ubsengomadeira@salvador.ba.gov.br",
        "amenity": "clinic",
        "healthcare": "clinic",
        "name": "Unidade Básica de Saúde UBS de Engomadeira",
        "short_name": "UBS UBS de Engomadeira",
        "comment": "UBS",
        "qtd_equipes_esf": 0,
        "qtd_equipes_eap": 1,
        "qtd_equipes_total": 2,
        "capacidade_pnab": 5500,
        "nomes_equipes": "ESB EQUIPE 26; EQUIPE 26"
      },
      "geometry": {
        "type": "Point",
        "coordinates": [
          -38.4604418,
          -12.9499993
        ]
      }
    },
    {
      "type": "Feature",
      "id": 4413,
      "properties": {
        "operator": "Prefeitura Municipal de Salvador",
        "operator:type": "public",
        "ref:CNES": "4413",
        "source": "cnes;datasus;dados_abertos_saude",
        "official_name": "UBS DE MATA ESCURA",
        "addr:street": "Rua Jardim Pampulha Praca Fernanda Hupsel de Oli",
        "addr:suburb": "Mata Escura",
        "addr:city": "Salvador",
        "addr:state": "BA",
        "addr:country": "BR",
        "addr:postcode": "40010-010",
        "phone": "+55 71 3202-0815",
        "email": "ubsmataescura@gmail.com",
        "amenity": "clinic",
        "healthcare": "clinic",
        "name": "Unidade Básica de Saúde UBS de Mata Escura",
        "short_name": "UBS UBS de Mata Escura",
        "comment": "UBS",
        "qtd_equipes_esf": 0,
        "qtd_equipes_eap": 2,
        "qtd_equipes_total": 4,
        "capacidade_pnab": 7500,
        "nomes_equipes": "MATA ESCURA I; EQUIPE 29; EQUIPE 30; ESB EQUIPE 29"
      },
      "geometry": {
        "type": "Point",
        "coordinates": [
          -38.488061,
          -13.014771
        ]
      }
    },
    {
      "type": "Feature",
      "id": 2653389,
      "properties": {
        "operator": "Prefeitura Municipal de Salvador",
        "operator:type": "public",
        "ref:CNES": "2653389",
        "source": "cnes;datasus;dados_abertos_saude",
        "official_name": "UBS DE PARIPE",
        "addr:street": "Rua Munique",
        "addr:suburb": "Paripe",
        "addr:city": "Salvador",
        "addr:state": "BA",
        "addr:country": "BR",
        "addr:postcode": "40800-844",
        "phone": "+55 71 3202-0652",
        "email": "ubsparipe@gmail.com",
        "amenity": "clinic",
        "healthcare": "clinic",
        "name": "Unidade Básica de Saúde UBS de Paripe",
        "short_name": "UBS UBS de Paripe",
        "comment": "UBS",
        "qtd_equipes_esf": 0,
        "qtd_equipes_eap": 1,
        "qtd_equipes_total": 1,
        "capacidade_pnab": 5500,
        "nomes_equipes": "EQUIPE 74"
      },
      "geometry": {
        "type": "Point",
        "coordinates": [
          -38.4653395,
          -12.8433101
        ]
      }
    },
    {
      "type": "Feature",
      "id": 2653427,
      "properties": {
        "operator": "Prefeitura Municipal de Salvador",
        "operator:type": "public",
        "ref:CNES": "2653427",
        "source": "cnes;datasus;dados_abertos_saude",
        "official_name": "UBS DO BARIRI",
        "addr:street": "Rua Praca do Bariri",
        "addr:suburb": "Bariri",
        "addr:city": "Salvador",
        "addr:state": "BA",
        "addr:country": "BR",
        "addr:postcode": "40710-605",
        "phone": "+55 71 3202-0653",
        "email": "ubsbariri@gmail.com",
        "amenity": "clinic",
        "healthcare": "clinic",
        "name": "Unidade Básica de Saúde UBS do Bariri",
        "short_name": "UBS UBS do Bariri",
        "comment": "UBS",
        "qtd_equipes_esf": 0,
        "qtd_equipes_eap": 1,
        "qtd_equipes_total": 1,
        "capacidade_pnab": 5500,
        "nomes_equipes": "EQUIPE 75"
      },
      "geometry": {
        "type": "Point",
        "coordinates": [
          -38.4879693,
          -13.0149119
        ]
      }
    },
    {
      "type": "Feature",
      "id": 4448,
      "properties": {
        "operator": "Prefeitura Municipal de Salvador",
        "operator:type": "public",
        "ref:CNES": "4448",
        "source": "cnes;datasus;dados_abertos_saude",
        "official_name": "UBS DO CSU PERNAMBUES",
        "addr:street": "Rua Tomaz Gonzaga",
        "addr:housenumber": "150",
        "addr:suburb": "Pernambues",
        "addr:city": "Salvador",
        "addr:state": "BA",
        "addr:country": "BR",
        "addr:postcode": "41130-000",
        "phone": "+55 46 3202-0816",
        "email": "csupernabues@salvador.ba.gov.br",
        "amenity": "clinic",
        "healthcare": "clinic",
        "name": "Unidade Básica de Saúde UBS do Csu Pernambues",
        "short_name": "UBS UBS do Csu Pernambues",
        "comment": "UBS",
        "qtd_equipes_esf": 0,
        "qtd_equipes_eap": 2,
        "qtd_equipes_total": 4,
        "capacidade_pnab": 7500,
        "nomes_equipes": "EQUIPE 31; ESB EQUIPE 32; ESB EQUIPE 31; EQUIPE 32"
      },
      "geometry": {
        "type": "Point",
        "coordinates": [
          -38.4649533,
          -12.9663885
        ]
      }
    },
    {
      "type": "Feature",
      "id": 4766,
      "properties": {
        "operator": "Prefeitura Municipal de Salvador",
        "operator:type": "public",
        "ref:CNES": "4766",
        "source": "cnes;datasus;dados_abertos_saude",
        "official_name": "UBS DR CESAR DE ARAUJO",
        "addr:street": "Rua Manoel Quaresma",
        "addr:housenumber": "008",
        "addr:suburb": "Boca do Rio",
        "addr:city": "Salvador",
        "addr:state": "BA",
        "addr:country": "BR",
        "addr:postcode": "41710-450",
        "phone": "+55 71 3202-0724",
        "amenity": "clinic",
        "healthcare": "clinic",
        "name": "Unidade Básica de Saúde UBS Dr Cesar de Araujo",
        "short_name": "UBS UBS Dr Cesar de Araujo",
        "comment": "UBS",
        "qtd_equipes_esf": 0,
        "qtd_equipes_eap": 4,
        "qtd_equipes_total": 6,
        "capacidade_pnab": 11500,
        "nomes_equipes": "EQUIPE 37; EAP 3; EAP 2; ESB EQUIPE 37; ESB EQUIPE; EAP 1"
      },
      "geometry": {
        "type": "Point",
        "coordinates": [
          -38.4329655,
          -12.9790671
        ]
      }
    },
    {
      "type": "Feature",
      "id": 4804,
      "properties": {
        "operator": "Prefeitura Municipal de Salvador",
        "operator:type": "public",
        "ref:CNES": "4804",
        "source": "cnes;datasus;dados_abertos_saude",
        "official_name": "UBS DR ORLANDO IMBASSAHY",
        "addr:street": "Rua Tancredo Neves",
        "addr:suburb": "Bairro da Paz",
        "addr:city": "Salvador",
        "addr:state": "BA",
        "addr:country": "BR",
        "addr:postcode": "41515-235",
        "phone": "+55 71 3202-0619",
        "email": "ubsorlandoimba@salvador.ba.gov.br",
        "amenity": "clinic",
        "healthcare": "clinic",
        "name": "Unidade Básica de Saúde UBS Dr Orlando Imbassahy",
        "short_name": "UBS UBS Dr Orlando Imbassahy",
        "comment": "UBS",
        "qtd_equipes_esf": 0,
        "qtd_equipes_eap": 3,
        "qtd_equipes_total": 6,
        "capacidade_pnab": 9500,
        "nomes_equipes": "ESB EQUIPE 57; ESB EQUIPE 55; ESB EQUIPE 56; EQUIPE 57; EQUIPE 55; EQUIPE 56"
      },
      "geometry": {
        "type": "Point",
        "coordinates": [
          -38.3808146,
          -12.9347709
        ]
      }
    },
    {
      "type": "Feature",
      "id": 2653354,
      "properties": {
        "operator": "Prefeitura Municipal de Salvador",
        "operator:type": "public",
        "ref:CNES": "2653354",
        "source": "cnes;datasus;dados_abertos_saude",
        "official_name": "UBS DR PERICLES ESTEVES CARDOSO BARBALHO",
        "addr:street": "Rua Prof Artur Mendes de Aguiar",
        "addr:housenumber": "04",
        "addr:suburb": "Barbalho",
        "addr:city": "Salvador",
        "addr:state": "BA",
        "addr:country": "BR",
        "addr:postcode": "40301-150",
        "phone": "+55 71 3202-0602",
        "email": "postodobarbalho@gmail.com",
        "amenity": "clinic",
        "healthcare": "clinic",
        "name": "Unidade Básica de Saúde UBS Dr Pericles Esteves Cardoso Barbalho",
        "short_name": "UBS UBS Dr Pericles Esteves Cardoso Barbalho",
        "comment": "UBS",
        "qtd_equipes_esf": 0,
        "qtd_equipes_eap": 3,
        "qtd_equipes_total": 5,
        "capacidade_pnab": 9500,
        "nomes_equipes": "EQUIPE 4; EQUIPE 2; EQUIPE 4; ESB EQUIPE 4; ESB EQUIPE 2"
      },
      "geometry": {
        "type": "Point",
        "coordinates": [
          -38.5009786,
          -12.9672112
        ]
      }
    },
    {
      "type": "Feature",
      "id": 4855,
      "properties": {
        "operator": "Prefeitura Municipal de Salvador",
        "operator:type": "public",
        "ref:CNES": "4855",
        "source": "cnes;datasus;dados_abertos_saude",
        "official_name": "UBS DR PERICLES LARANJEIRAS",
        "addr:street": "Rua das Pitangueiras",
        "addr:housenumber": "32",
        "addr:suburb": "Faz Grande do Retiro",
        "addr:city": "Salvador",
        "addr:state": "BA",
        "addr:country": "BR",
        "addr:postcode": "40353-150",
        "phone": "+55 46 3611-5805",
        "email": "18centrodesaude@gmail.com",
        "amenity": "clinic",
        "healthcare": "clinic",
        "name": "Unidade Básica de Saúde UBS Dr Pericles Laranjeiras",
        "short_name": "UBS UBS Dr Pericles Laranjeiras",
        "comment": "UBS",
        "qtd_equipes_esf": 0,
        "qtd_equipes_eap": 3,
        "qtd_equipes_total": 5,
        "capacidade_pnab": 9500,
        "nomes_equipes": "EQUIPE 23; EQUIPE 21; PERICLES I; ESB EQUIPE 21; EQUIPE 22"
      },
      "geometry": {
        "type": "Point",
        "coordinates": [
          -38.4748507,
          -12.9430303
        ]
      }
    },
    {
      "type": "Feature",
      "id": 4758,
      "properties": {
        "operator": "Prefeitura Municipal de Salvador",
        "operator:type": "public",
        "ref:CNES": "4758",
        "source": "cnes;datasus;dados_abertos_saude",
        "official_name": "UBS DRA CECY DE ANDRADE",
        "addr:street": "Rua Genaro de Carvalho",
        "addr:suburb": "Castelo Branco",
        "addr:city": "Salvador",
        "addr:state": "BA",
        "addr:country": "BR",
        "addr:postcode": "41320-100",
        "phone": "+55 71 3202-1274",
        "email": "ubscecyandradeadm@salvador.ba.gov.br",
        "amenity": "clinic",
        "healthcare": "clinic",
        "name": "Unidade Básica de Saúde UBS Dra Cecy de Andrade",
        "short_name": "UBS UBS Dra Cecy de Andrade",
        "comment": "UBS",
        "qtd_equipes_esf": 0,
        "qtd_equipes_eap": 3,
        "qtd_equipes_total": 5,
        "capacidade_pnab": 9500,
        "nomes_equipes": "EQUIPE 69; EQUIPE 68; EQUIPE 67; ESB EQUIPE 68; ESB EQUIPE 67"
      },
      "geometry": {
        "type": "Point",
        "coordinates": [
          -38.428395,
          -12.900846
        ]
      }
    },
    {
      "type": "Feature",
      "id": 7325169,
      "properties": {
        "operator": "Prefeitura Municipal de Salvador",
        "operator:type": "public",
        "ref:CNES": "7325169",
        "source": "cnes;datasus;dados_abertos_saude",
        "official_name": "UBS ENGENHO VELHO DA FEDERACAO",
        "addr:street": "Rua Apolinario Santana",
        "addr:housenumber": "201",
        "addr:suburb": "Engenho Velho da Fed",
        "addr:city": "Salvador",
        "addr:state": "BA",
        "addr:country": "BR",
        "addr:postcode": "40750-260",
        "phone": "+55 71 3202-0776",
        "email": "ubs.engfederacao@salvador.ba.gov.br",
        "amenity": "clinic",
        "healthcare": "clinic",
        "name": "Unidade Básica de Saúde UBS Engenho Velho da Federacao",
        "short_name": "UBS UBS Engenho Velho da Federacao",
        "comment": "UBS",
        "qtd_equipes_esf": 0,
        "qtd_equipes_eap": 2,
        "qtd_equipes_total": 4,
        "capacidade_pnab": 7500,
        "nomes_equipes": "ESB EQUIPE 58; ESB EQUIPE 59; EQUIPE 59; EQUIPE 58"
      },
      "geometry": {
        "type": "Point",
        "coordinates": [
          -38.4967589,
          -13.0000522
        ]
      }
    },
    {
      "type": "Feature",
      "id": 5223,
      "properties": {
        "operator": "Prefeitura Municipal de Salvador",
        "operator:type": "public",
        "ref:CNES": "5223",
        "source": "cnes;datasus;dados_abertos_saude",
        "official_name": "UBS EUNISIO COELHO TEIXEIRA",
        "addr:street": "Rua Jurucutus",
        "addr:suburb": "Saboeiro",
        "addr:city": "Salvador",
        "addr:state": "BA",
        "addr:country": "BR",
        "addr:postcode": "41180-780",
        "phone": "+55 71 3611-0818",
        "email": "ubs.eunisioteixeira@salvador.ba.gov.br",
        "amenity": "clinic",
        "healthcare": "clinic",
        "name": "Unidade Básica de Saúde UBS Eunisio Coelho Teixeira",
        "short_name": "UBS UBS Eunisio Coelho Teixeira",
        "comment": "UBS",
        "qtd_equipes_esf": 0,
        "qtd_equipes_eap": 2,
        "qtd_equipes_total": 4,
        "capacidade_pnab": 7500,
        "nomes_equipes": "ESB EQUIPE 33; EQUIPE 33; ESB EQUIPE 34; EQUIPE 34"
      },
      "geometry": {
        "type": "Point",
        "coordinates": [
          -38.4478569,
          -12.9604603
        ]
      }
    },
    {
      "type": "Feature",
      "id": 2444763,
      "properties": {
        "operator": "Prefeitura Municipal de Salvador",
        "operator:type": "public",
        "ref:CNES": "2444763",
        "source": "cnes;datasus;dados_abertos_saude",
        "official_name": "UBS FREI BENJAMIM VALERIA",
        "addr:street": "Rua da Matriz",
        "addr:suburb": "Valeria",
        "addr:city": "Salvador",
        "addr:state": "BA",
        "addr:country": "BR",
        "addr:postcode": "41300-600",
        "phone": "+55 71 3202-0684",
        "email": "postosaudebenjamim@gmail.com",
        "amenity": "clinic",
        "healthcare": "clinic",
        "name": "Unidade Básica de Saúde UBS Frei Benjamim Valeria",
        "short_name": "UBS UBS Frei Benjamim Valeria",
        "comment": "UBS",
        "qtd_equipes_esf": 0,
        "qtd_equipes_eap": 2,
        "qtd_equipes_total": 4,
        "capacidade_pnab": 7500,
        "nomes_equipes": "EQUIPE 24; ESB EQUIPE 25; EQUIPE 25; ESB EQUIPE 24"
      },
      "geometry": {
        "type": "Point",
        "coordinates": [
          -38.4328634,
          -12.8655009
        ]
      }
    },
    {
      "type": "Feature",
      "id": 2653362,
      "properties": {
        "operator": "Prefeitura Municipal de Salvador",
        "operator:type": "public",
        "ref:CNES": "2653362",
        "source": "cnes;datasus;dados_abertos_saude",
        "official_name": "UBS MAJOR COSME DE FARIAS",
        "addr:street": "Rua Direta de Cosme de Farias",
        "addr:suburb": "Cosme de Farias",
        "addr:city": "Salvador",
        "addr:state": "BA",
        "addr:country": "BR",
        "addr:postcode": "40050-002",
        "phone": "+55 71 3202-0630",
        "email": "cardealdasilva.saude@gmail.com",
        "amenity": "clinic",
        "healthcare": "clinic",
        "name": "Unidade Básica de Saúde UBS Major Cosme de Farias",
        "short_name": "UBS UBS Major Cosme de Farias",
        "comment": "UBS",
        "qtd_equipes_esf": 0,
        "qtd_equipes_eap": 4,
        "qtd_equipes_total": 7,
        "capacidade_pnab": 11500,
        "nomes_equipes": "EQUIPE 4; ESB EQUIPE III; EQUIPE 2; EQUIPE 1; EQUIPE 3; ESB EQUIPE II; ESB EQUIPE I"
      },
      "geometry": {
        "type": "Point",
        "coordinates": [
          -38.4888572,
          -12.9805654
        ]
      }
    },
    {
      "type": "Feature",
      "id": 6831,
      "properties": {
        "operator": "Prefeitura Municipal de Salvador",
        "operator:type": "public",
        "ref:CNES": "6831",
        "source": "cnes;datasus;dados_abertos_saude",
        "official_name": "UBS MANOEL VITORINO",
        "addr:street": "Rua Av D João Vi Proximo Ao Bradesco",
        "addr:housenumber": "450",
        "addr:suburb": "Brotas",
        "addr:city": "Salvador",
        "addr:state": "BA",
        "addr:country": "BR",
        "addr:postcode": "40285-000",
        "phone": "+55 46 3202-0627",
        "email": "manoelvitorino.saude@gmail.com",
        "amenity": "clinic",
        "healthcare": "clinic",
        "name": "Unidade Básica de Saúde UBS Manoel Vitorino",
        "short_name": "UBS UBS Manoel Vitorino",
        "comment": "UBS",
        "qtd_equipes_esf": 0,
        "qtd_equipes_eap": 2,
        "qtd_equipes_total": 4,
        "capacidade_pnab": 7500,
        "nomes_equipes": "ESB EQUIPE 48; EQUIPE 48; EQUIPE 47; ESB EQUIPE 48"
      },
      "geometry": {
        "type": "Point",
        "coordinates": [
          -38.4818351,
          -12.9887278
        ]
      }
    },
    {
      "type": "Feature",
      "id": 6785,
      "properties": {
        "operator": "Prefeitura Municipal de Salvador",
        "operator:type": "public",
        "ref:CNES": "6785",
        "source": "cnes;datasus;dados_abertos_saude",
        "official_name": "UBS MARECHAL RONDON",
        "addr:street": "Rua Vicente Celestino Praca Marechal Rondon",
        "addr:suburb": "Marechal Rondon",
        "addr:city": "Salvador",
        "addr:state": "BA",
        "addr:country": "BR",
        "addr:postcode": "41280-119",
        "phone": "+55 71 3202-0689",
        "email": "ubsmr.saude@yahoo.com.br",
        "amenity": "clinic",
        "healthcare": "clinic",
        "name": "Unidade Básica de Saúde UBS Marechal Rondon",
        "short_name": "UBS UBS Marechal Rondon",
        "comment": "UBS",
        "qtd_equipes_esf": 0,
        "qtd_equipes_eap": 2,
        "qtd_equipes_total": 3,
        "capacidade_pnab": 7500,
        "nomes_equipes": "ESB EQUIPE 19; EQUIPE 19; EQUIPE 20"
      },
      "geometry": {
        "type": "Point",
        "coordinates": [
          -38.470602,
          -12.9151838
        ]
      }
    },
    {
      "type": "Feature",
      "id": 3999,
      "properties": {
        "operator": "Prefeitura Municipal de Salvador",
        "operator:type": "public",
        "ref:CNES": "3999",
        "source": "cnes;datasus;dados_abertos_saude",
        "official_name": "UBS MARIA DA CONCEICAO SANTIAGO IMBASSAY",
        "addr:street": "Rua Marques de Marica",
        "addr:suburb": "Pau Miudo",
        "addr:city": "Salvador",
        "addr:state": "BA",
        "addr:country": "BR",
        "addr:postcode": "40310-000",
        "phone": "+55 71 4042-9450",
        "email": "16csmariaconceicaosi@gmail.com",
        "amenity": "clinic",
        "healthcare": "clinic",
        "name": "Unidade Básica de Saúde UBS Maria da Conceicao Santiago Imbassay",
        "short_name": "UBS UBS Maria da Conceicao Santiago Imbassay",
        "comment": "UBS",
        "qtd_equipes_esf": 1,
        "qtd_equipes_eap": 0,
        "qtd_equipes_total": 1,
        "capacidade_pnab": 3500,
        "nomes_equipes": ""
      },
      "geometry": {
        "type": "Point",
        "coordinates": [
          -38.487254,
          -12.959034
        ]
      }
    },
    {
      "type": "Feature",
      "id": 4219,
      "properties": {
        "operator": "Prefeitura Municipal de Salvador",
        "operator:type": "public",
        "ref:CNES": "4219",
        "source": "cnes;datasus;dados_abertos_saude",
        "official_name": "UBS MINISTRO ALKIMIN",
        "addr:street": "Rua Lopes Trovao",
        "addr:suburb": "Massaranduba",
        "addr:city": "Salvador",
        "addr:state": "BA",
        "addr:country": "BR",
        "addr:postcode": "40435-000",
        "phone": "+55 71 3202-0641",
        "email": "dsite.ma@salvador.ba.gov.br",
        "amenity": "clinic",
        "healthcare": "clinic",
        "name": "Unidade Básica de Saúde UBS Ministro Alkimin",
        "short_name": "UBS UBS Ministro Alkimin",
        "comment": "UBS",
        "qtd_equipes_esf": 1,
        "qtd_equipes_eap": 4,
        "qtd_equipes_total": 7,
        "capacidade_pnab": 11500,
        "nomes_equipes": "ESB EQUIPE 18; ESB EQUIPE 17; EAB II MINISTRO ALKIMIN; EQUIPE 18; EQUIPE 17; PACS; EAB I MINISTRO ALKIMIN"
      },
      "geometry": {
        "type": "Point",
        "coordinates": [
          -38.4990549,
          -12.9279833
        ]
      }
    },
    {
      "type": "Feature",
      "id": 7021,
      "properties": {
        "operator": "Prefeitura Municipal de Salvador",
        "operator:type": "public",
        "ref:CNES": "7021",
        "source": "cnes;datasus;dados_abertos_saude",
        "official_name": "UBS NELSON PIAUHY DOURADO",
        "addr:street": "Rua Endeo Nascimento",
        "addr:suburb": "Aguas Claras",
        "addr:city": "Salvador",
        "addr:state": "BA",
        "addr:country": "BR",
        "addr:postcode": "41310-380",
        "phone": "+55 46 3202-1289",
        "email": "ubs.nelsondourado@salvador.ba.gov.br",
        "amenity": "clinic",
        "healthcare": "clinic",
        "name": "Unidade Básica de Saúde UBS Nelson Piauhy Dourado",
        "short_name": "UBS UBS Nelson Piauhy Dourado",
        "comment": "UBS",
        "qtd_equipes_esf": 0,
        "qtd_equipes_eap": 5,
        "qtd_equipes_total": 8,
        "capacidade_pnab": 13500,
        "nomes_equipes": "EQUIPE 80; ESB EQUIPE 78; EAP 1; EAP 2; EQUIPE 78; ESB EQUIPE 80; ESB EQUIPE 79; EQUIPE 79"
      },
      "geometry": {
        "type": "Point",
        "coordinates": [
          -38.4311199,
          -12.8862569
        ]
      }
    },
    {
      "type": "Feature",
      "id": 4359,
      "properties": {
        "operator": "Prefeitura Municipal de Salvador",
        "operator:type": "public",
        "ref:CNES": "4359",
        "source": "cnes;datasus;dados_abertos_saude",
        "official_name": "UBS OSVALDO CALDAS CAMPOS SANTA CRUZ",
        "addr:street": "Rua Dr Armando Colavolpe",
        "addr:suburb": "Santa Cruz",
        "addr:city": "Salvador",
        "addr:state": "BA",
        "addr:country": "BR",
        "addr:postcode": "41925-300",
        "phone": "+55 71 99620-6412",
        "email": "ubsantacruz@gmail.com",
        "amenity": "clinic",
        "healthcare": "clinic",
        "name": "Unidade Básica de Saúde UBS Osvaldo Caldas Campos Santa Cruz",
        "short_name": "UBS UBS Osvaldo Caldas Campos Santa Cruz",
        "comment": "UBS",
        "qtd_equipes_esf": 1,
        "qtd_equipes_eap": 4,
        "qtd_equipes_total": 9,
        "capacidade_pnab": 11500,
        "nomes_equipes": "EAP 2; ESB EQUIPE 60; SANTA CRUZ I; EQUIPE 61; EQUIPE 60; EQUIPE 2; EQUIPE 1; EAP 1; CENTRO DE SAUDE SANTA CRUZ"
      },
      "geometry": {
        "type": "Point",
        "coordinates": [
          -38.475033,
          -13.0018189
        ]
      }
    },
    {
      "type": "Feature",
      "id": 2877708,
      "properties": {
        "operator": "Prefeitura Municipal de Salvador",
        "operator:type": "public",
        "ref:CNES": "2877708",
        "source": "cnes;datasus;dados_abertos_saude",
        "official_name": "UBS PERIPERI",
        "addr:street": "Rua Dom Pedro II",
        "addr:housenumber": "08",
        "addr:suburb": "Periperi",
        "addr:city": "Salvador",
        "addr:state": "BA",
        "addr:country": "BR",
        "addr:postcode": "40720-130",
        "phone": "+55 71 3202-0682",
        "email": "ubs.periperi@salvador.ba.gov.br",
        "amenity": "clinic",
        "healthcare": "clinic",
        "name": "Unidade Básica de Saúde UBS Periperi",
        "short_name": "UBS UBS Periperi",
        "comment": "UBS",
        "qtd_equipes_esf": 0,
        "qtd_equipes_eap": 3,
        "qtd_equipes_total": 5,
        "capacidade_pnab": 9500,
        "nomes_equipes": "EAP 2; EAP 3; ESB EQUIPE 1; ESB EQUIPE 2; EQUIPE 1"
      },
      "geometry": {
        "type": "Point",
        "coordinates": [
          -38.4722972,
          -12.8647321
        ]
      }
    },
    {
      "type": "Feature",
      "id": 7222130,
      "properties": {
        "operator": "Prefeitura Municipal de Salvador",
        "operator:type": "public",
        "ref:CNES": "7222130",
        "source": "cnes;datasus;dados_abertos_saude",
        "official_name": "UBS PERNAMBUES EDSON T BARBOSA",
        "addr:street": "Rua Tomaz Gonzaga",
        "addr:suburb": "Pernambues",
        "addr:city": "Salvador",
        "addr:state": "BA",
        "addr:country": "BR",
        "addr:postcode": "41110-200",
        "phone": "+55 46 3202-0609",
        "email": "ubsedsonteixeira@salvador.ba.gov.br",
        "amenity": "clinic",
        "healthcare": "clinic",
        "name": "Unidade Básica de Saúde UBS Pernambues Edson T Barbosa",
        "short_name": "UBS UBS Pernambues Edson T Barbosa",
        "comment": "UBS",
        "qtd_equipes_esf": 1,
        "qtd_equipes_eap": 0,
        "qtd_equipes_total": 1,
        "capacidade_pnab": 3500,
        "nomes_equipes": ""
      },
      "geometry": {
        "type": "Point",
        "coordinates": [
          -38.4586877,
          -12.9729334
        ]
      }
    },
    {
      "type": "Feature",
      "id": 4332,
      "properties": {
        "operator": "Prefeitura Municipal de Salvador",
        "operator:type": "public",
        "ref:CNES": "4332",
        "source": "cnes;datasus;dados_abertos_saude",
        "official_name": "UBS PIRES DA VEIGA",
        "addr:street": "Rua Jaime Vieira Lima",
        "addr:suburb": "Pau da Lima",
        "addr:city": "Salvador",
        "addr:state": "BA",
        "addr:country": "BR",
        "addr:postcode": "40080-002",
        "phone": "+55 71 3202-1259",
        "email": "csedgarpiresdaveiga@salvador.ba.gov.br",
        "amenity": "clinic",
        "healthcare": "clinic",
        "name": "Unidade Básica de Saúde UBS Pires da Veiga",
        "short_name": "UBS UBS Pires da Veiga",
        "comment": "UBS",
        "qtd_equipes_esf": 0,
        "qtd_equipes_eap": 4,
        "qtd_equipes_total": 8,
        "capacidade_pnab": 11500,
        "nomes_equipes": "ESB EQUIPE 72; EQUIPE 72; ESB EQUIPE 73; EQUIPE I; EQUIPE 71; EQUIPE 73; EAP 1; ESB EQUIPE 71"
      },
      "geometry": {
        "type": "Point",
        "coordinates": [
          -38.5110283,
          -12.9709783
        ]
      }
    },
    {
      "type": "Feature",
      "id": 4596,
      "properties": {
        "operator": "Prefeitura Municipal de Salvador",
        "operator:type": "public",
        "ref:CNES": "4596",
        "source": "cnes;datasus;dados_abertos_saude",
        "official_name": "UBS PROF BEZERRA LOPES",
        "addr:street": "Rua Lima e Silva",
        "addr:housenumber": "217",
        "addr:suburb": "Liberdade",
        "addr:city": "Salvador",
        "addr:state": "BA",
        "addr:country": "BR",
        "addr:postcode": "40375-000",
        "phone": "3021-7349/7300",
        "email": "gerente.lb@s3saude.com.br",
        "amenity": "clinic",
        "healthcare": "clinic",
        "name": "Unidade Básica de Saúde UBS Prof Bezerra Lopes",
        "short_name": "UBS UBS Prof Bezerra Lopes",
        "comment": "UBS",
        "qtd_equipes_esf": 0,
        "qtd_equipes_eap": 2,
        "qtd_equipes_total": 4,
        "capacidade_pnab": 7500,
        "nomes_equipes": "EQUIPE 02; EQUIPE 01; EQUIPE SB 02; EQUIPE SB 01"
      },
      "geometry": {
        "type": "Point",
        "coordinates": [
          -38.3110768,
          -12.612632
        ]
      }
    },
    {
      "type": "Feature",
      "id": 3867,
      "properties": {
        "operator": "Prefeitura Municipal de Salvador",
        "operator:type": "public",
        "ref:CNES": "3867",
        "source": "cnes;datasus;dados_abertos_saude",
        "official_name": "UBS PROF EDUARDO ARAUJO",
        "addr:street": "Avenida Vale das Pedrinhas",
        "addr:suburb": "Vale da Pedrinhas",
        "addr:city": "Salvador",
        "addr:state": "BA",
        "addr:country": "BR",
        "addr:postcode": "41710-450",
        "phone": "+55 71 2180-0254",
        "email": "gerenciamulticentrovp@hotmail.com",
        "amenity": "clinic",
        "healthcare": "clinic",
        "name": "Unidade Básica de Saúde UBS Prof Eduardo Araujo",
        "short_name": "UBS UBS Prof Eduardo Araujo",
        "comment": "UBS",
        "qtd_equipes_esf": 1,
        "qtd_equipes_eap": 0,
        "qtd_equipes_total": 1,
        "capacidade_pnab": 3500,
        "nomes_equipes": ""
      },
      "geometry": {
        "type": "Point",
        "coordinates": [
          -38.4796965,
          -13.0096898
        ]
      }
    },
    {
      "type": "Feature",
      "id": 4839,
      "properties": {
        "operator": "Prefeitura Municipal de Salvador",
        "operator:type": "public",
        "ref:CNES": "4839",
        "source": "cnes;datasus;dados_abertos_saude",
        "official_name": "UBS PROF JOSE MARIANE",
        "addr:street": "Rua Av Dorival Cayme",
        "addr:suburb": "Itapoan",
        "addr:city": "Salvador",
        "addr:state": "BA",
        "addr:country": "BR",
        "addr:postcode": "41635-152",
        "phone": "+55 71 3202-1687",
        "amenity": "clinic",
        "healthcare": "clinic",
        "name": "Unidade Básica de Saúde UBS Prof Jose Mariane",
        "short_name": "UBS UBS Prof Jose Mariane",
        "comment": "UBS",
        "qtd_equipes_esf": 0,
        "qtd_equipes_eap": 4,
        "qtd_equipes_total": 6,
        "capacidade_pnab": 11500,
        "nomes_equipes": "EQUIPE 54; EQUIPE 53; EQUIPE 52; EQUIPE 51; ESB EQUIPE 51; ESB EQUIPE 52"
      },
      "geometry": {
        "type": "Point",
        "coordinates": [
          -38.3599073,
          -12.9361343
        ]
      }
    },
    {
      "type": "Feature",
      "id": 3964,
      "properties": {
        "operator": "Prefeitura Municipal de Salvador",
        "operator:type": "public",
        "ref:CNES": "3964",
        "source": "cnes;datasus;dados_abertos_saude",
        "official_name": "UBS PROF MARIO ANDREA",
        "addr:street": "Rua Fortunato Benjamin Saback",
        "addr:suburb": "Sete Portas",
        "addr:city": "Salvador",
        "addr:state": "BA",
        "addr:country": "BR",
        "addr:postcode": "40300-305",
        "phone": "+55 71 3202-0624",
        "email": "marioandrea.saude@gmail.com",
        "amenity": "clinic",
        "healthcare": "clinic",
        "name": "Unidade Básica de Saúde UBS Prof Mario Andrea",
        "short_name": "UBS UBS Prof Mario Andrea",
        "comment": "UBS",
        "qtd_equipes_esf": 0,
        "qtd_equipes_eap": 8,
        "qtd_equipes_total": 12,
        "capacidade_pnab": 19500,
        "nomes_equipes": "EQUIPE 39; EQUIPE 41; ESB EQUIPE 41; EQUIPE III; EQUIPE 46; EQUIPE 45; EQUIPE 44; EQUIPE 43; EQUIPE 42; EQUIPE 40; ESB EQUIPE 39; ESB EQUIPE 40"
      },
      "geometry": {
        "type": "Point",
        "coordinates": [
          -38.4963727,
          -12.9681554
        ]
      }
    },
    {
      "type": "Feature",
      "id": 3883,
      "properties": {
        "operator": "Prefeitura Municipal de Salvador",
        "operator:type": "public",
        "ref:CNES": "3883",
        "source": "cnes;datasus;dados_abertos_saude",
        "official_name": "UBS RAMIRO DE AZEVEDO",
        "addr:street": "Rua Praca D Pedro II Campo da Polvora",
        "addr:housenumber": "08",
        "addr:suburb": "Nazare",
        "addr:city": "Salvador",
        "addr:state": "BA",
        "addr:country": "BR",
        "addr:postcode": "40040-280",
        "phone": "+55 71 3202-0600",
        "email": "ubsramirodeazevedo@salvador.ba.gov.br",
        "amenity": "clinic",
        "healthcare": "clinic",
        "name": "Unidade Básica de Saúde UBS Ramiro de Azevedo",
        "short_name": "UBS UBS Ramiro de Azevedo",
        "comment": "UBS",
        "qtd_equipes_esf": 0,
        "qtd_equipes_eap": 5,
        "qtd_equipes_total": 7,
        "capacidade_pnab": 13500,
        "nomes_equipes": "EQUIPE 11; EQUIPE 10; EQUIPE 9; EQUIPE 8; RAMIRO I; ESB EQUIPE 8; EQUIPE 12"
      },
      "geometry": {
        "type": "Point",
        "coordinates": [
          -38.5084668,
          -12.9790965
        ]
      }
    },
    {
      "type": "Feature",
      "id": 4030,
      "properties": {
        "operator": "Prefeitura Municipal de Salvador",
        "operator:type": "public",
        "ref:CNES": "4030",
        "source": "cnes;datasus;dados_abertos_saude",
        "official_name": "UBS RODRIGO ARGOLO",
        "addr:street": "Rua Pernambuco",
        "addr:suburb": "Tancredo Neves",
        "addr:city": "Salvador",
        "addr:state": "BA",
        "addr:country": "BR",
        "addr:postcode": "41205-140",
        "phone": "+55 46 3202-0814",
        "email": "gerenciaubs.rodrigoargolo@gmail.com",
        "amenity": "clinic",
        "healthcare": "clinic",
        "name": "Unidade Básica de Saúde UBS Rodrigo Argolo",
        "short_name": "UBS UBS Rodrigo Argolo",
        "comment": "UBS",
        "qtd_equipes_esf": 0,
        "qtd_equipes_eap": 2,
        "qtd_equipes_total": 4,
        "capacidade_pnab": 7500,
        "nomes_equipes": "EQUIPE 35; ESB EQUIPE 35; ESB EQUIPE 36; EQUIPE 36"
      },
      "geometry": {
        "type": "Point",
        "coordinates": [
          -38.4465373,
          -12.9461358
        ]
      }
    },
    {
      "type": "Feature",
      "id": 4545,
      "properties": {
        "operator": "Prefeitura Municipal de Salvador",
        "operator:type": "public",
        "ref:CNES": "4545",
        "source": "cnes;datasus;dados_abertos_saude",
        "official_name": "UBS SANTO ANTONIO",
        "addr:street": "Rua Praca dos 15 Misterios",
        "addr:housenumber": "238",
        "addr:suburb": "Santo Antonio",
        "addr:city": "Salvador",
        "addr:state": "BA",
        "addr:country": "BR",
        "addr:postcode": "40301-460",
        "phone": "+55 71 3202-0603",
        "email": "ubssantoantonio@salvador.ba.gov.br",
        "amenity": "clinic",
        "healthcare": "clinic",
        "name": "Unidade Básica de Saúde UBS Santo Antonio",
        "short_name": "UBS UBS Santo Antonio",
        "comment": "UBS",
        "qtd_equipes_esf": 0,
        "qtd_equipes_eap": 2,
        "qtd_equipes_total": 4,
        "capacidade_pnab": 7500,
        "nomes_equipes": "EQUIPE 1; EAP 1; ESB EQUIPE 1; ESB EQUIPE 2"
      },
      "geometry": {
        "type": "Point",
        "coordinates": [
          -38.5048968,
          -12.9668825
        ]
      }
    },
    {
      "type": "Feature",
      "id": 28487,
      "properties": {
        "operator": "Prefeitura Municipal de Salvador",
        "operator:type": "public",
        "ref:CNES": "28487",
        "source": "cnes;datasus;dados_abertos_saude",
        "official_name": "UBS SANTO INACIO",
        "addr:street": "Rua Direta do Santo Inacio Alameda 56",
        "addr:suburb": "Santo Inacio",
        "addr:city": "Salvador",
        "addr:state": "BA",
        "addr:country": "BR",
        "addr:postcode": "41231-310",
        "phone": "+55 46 3202-0813",
        "amenity": "clinic",
        "healthcare": "clinic",
        "name": "Unidade Básica de Saúde UBS Santo Inacio",
        "short_name": "UBS UBS Santo Inacio",
        "comment": "UBS",
        "qtd_equipes_esf": 0,
        "qtd_equipes_eap": 2,
        "qtd_equipes_total": 4,
        "capacidade_pnab": 7500,
        "nomes_equipes": "EAP 2; ESB EQUIPE I; ESB EQUIPE II; EAP 1"
      },
      "geometry": {
        "type": "Point",
        "coordinates": [
          -38.4630328,
          -12.9316118
        ]
      }
    },
    {
      "type": "Feature",
      "id": 6424,
      "properties": {
        "operator": "Prefeitura Municipal de Salvador",
        "operator:type": "public",
        "ref:CNES": "6424",
        "source": "cnes;datasus;dados_abertos_saude",
        "official_name": "UBS SAO CRISTOVAO",
        "addr:street": "Rua Alto da Boa Vista",
        "addr:housenumber": "02",
        "addr:suburb": "São Cristóvão",
        "addr:city": "Salvador",
        "addr:state": "BA",
        "addr:country": "BR",
        "addr:postcode": "41500-260",
        "phone": "+55 71 3202-0743",
        "email": "ubssaocristovao@salvador.ba.gov.br",
        "amenity": "clinic",
        "healthcare": "clinic",
        "name": "Unidade Básica de Saúde UBS São Cristóvão",
        "short_name": "UBS UBS São Cristóvão",
        "comment": "UBS",
        "qtd_equipes_esf": 0,
        "qtd_equipes_eap": 2,
        "qtd_equipes_total": 2,
        "capacidade_pnab": 7500,
        "nomes_equipes": "EQUIPE 49; EQUIPE 50"
      },
      "geometry": {
        "type": "Point",
        "coordinates": [
          -38.3594298,
          -12.9103524
        ]
      }
    },
    {
      "type": "Feature",
      "id": 6815,
      "properties": {
        "operator": "Prefeitura Municipal de Salvador",
        "operator:type": "public",
        "ref:CNES": "6815",
        "source": "cnes;datasus;dados_abertos_saude",
        "official_name": "UBS SAO GONCALO",
        "addr:street": "Avenida Cardeal da Silva",
        "addr:suburb": "Federacao",
        "addr:city": "Salvador",
        "addr:state": "BA",
        "addr:country": "BR",
        "addr:postcode": "40231-250",
        "phone": "+55 71 3202-0774",
        "email": "saogoncalovacina@gmail.com",
        "amenity": "clinic",
        "healthcare": "clinic",
        "name": "Unidade Básica de Saúde UBS São Goncalo",
        "short_name": "UBS UBS São Goncalo",
        "comment": "UBS",
        "qtd_equipes_esf": 1,
        "qtd_equipes_eap": 0,
        "qtd_equipes_total": 1,
        "capacidade_pnab": 3500,
        "nomes_equipes": ""
      },
      "geometry": {
        "type": "Point",
        "coordinates": [
          -38.501603,
          -13.0018555
        ]
      }
    },
    {
      "type": "Feature",
      "id": 6823,
      "properties": {
        "operator": "Prefeitura Municipal de Salvador",
        "operator:type": "public",
        "ref:CNES": "6823",
        "source": "cnes;datasus;dados_abertos_saude",
        "official_name": "UBS SAO JUDAS TADEU",
        "addr:street": "Rua Professor Sueiro",
        "addr:suburb": "Pau Miudo",
        "addr:city": "Salvador",
        "addr:state": "BA",
        "addr:country": "BR",
        "addr:postcode": "40310-300",
        "phone": "+55 71 3202-0614",
        "email": "ubssaojudastadeu2@salvador.ba.gov.br",
        "amenity": "clinic",
        "healthcare": "clinic",
        "name": "Unidade Básica de Saúde UBS São Judas Tadeu",
        "short_name": "UBS UBS São Judas Tadeu",
        "comment": "UBS",
        "qtd_equipes_esf": 0,
        "qtd_equipes_eap": 1,
        "qtd_equipes_total": 1,
        "capacidade_pnab": 5500,
        "nomes_equipes": "EQUIPE 81"
      },
      "geometry": {
        "type": "Point",
        "coordinates": [
          -38.483909,
          -12.959628
        ]
      }
    },
    {
      "type": "Feature",
      "id": 5377889,
      "properties": {
        "operator": "Prefeitura Municipal de Salvador",
        "operator:type": "public",
        "ref:CNES": "5377889",
        "source": "cnes;datasus;dados_abertos_saude",
        "official_name": "UBS SERGIO AROUCA PARIPE",
        "addr:street": "Avenida Carioca de Paripe Px Posto Policial",
        "addr:suburb": "Paripe",
        "addr:city": "Salvador",
        "addr:state": "BA",
        "addr:country": "BR",
        "addr:postcode": "40800-310",
        "email": "ubssergioarouca@gmail.com",
        "amenity": "clinic",
        "healthcare": "clinic",
        "name": "Unidade Básica de Saúde UBS Sérgio Arouca Paripe",
        "short_name": "UBS UBS Sérgio Arouca Paripe",
        "comment": "UBS",
        "qtd_equipes_esf": 0,
        "qtd_equipes_eap": 2,
        "qtd_equipes_total": 4,
        "capacidade_pnab": 7500,
        "nomes_equipes": "ESB EQUIPE 76; EQUIPE 76; ESB EQUIPE 77; EQUIPE 77"
      },
      "geometry": {
        "type": "Point",
        "coordinates": [
          -38.4705691,
          -12.8418441
        ]
      }
    },
    {
      "type": "Feature",
      "id": 4111,
      "properties": {
        "operator": "Prefeitura Municipal de Salvador",
        "operator:type": "public",
        "ref:CNES": "4111",
        "source": "cnes;datasus;dados_abertos_saude",
        "official_name": "UBS SETE DE ABRIL",
        "addr:street": "Rua da Felicia",
        "addr:suburb": "Sete de Abril",
        "addr:city": "Salvador",
        "addr:state": "BA",
        "addr:country": "BR",
        "addr:postcode": "41385-740",
        "phone": "+55 71 3202-1257",
        "email": "ubssetedeabril@salvador.ba.gov.br",
        "amenity": "clinic",
        "healthcare": "clinic",
        "name": "Unidade Básica de Saúde UBS Sete de Abril",
        "short_name": "UBS UBS Sete de Abril",
        "comment": "UBS",
        "qtd_equipes_esf": 0,
        "qtd_equipes_eap": 3,
        "qtd_equipes_total": 6,
        "capacidade_pnab": 9500,
        "nomes_equipes": "ESB EQUIPE 70; EAP 1; EQUIPE 70; EAP 2; ESB EQUIPE I; ESB EQUIPE II"
      },
      "geometry": {
        "type": "Point",
        "coordinates": [
          -38.5112429,
          -12.9711456
        ]
      }
    },
    {
      "type": "Feature",
      "id": 9153462,
      "properties": {
        "operator": "Prefeitura Municipal de Salvador",
        "operator:type": "public",
        "ref:CNES": "9153462",
        "source": "cnes;datasus;dados_abertos_saude",
        "official_name": "UBS VALE DOS LAGOS",
        "addr:street": "Rua Estrada das Muricocas",
        "addr:suburb": "Vale dos Lagos",
        "addr:city": "Salvador",
        "addr:state": "BA",
        "addr:country": "BR",
        "addr:postcode": "41250-190",
        "phone": "+55 46 3202-1282",
        "email": "ubsvaledoslagosadm@salvador.ba.gov.br",
        "amenity": "clinic",
        "healthcare": "clinic",
        "name": "Unidade Básica de Saúde UBS Vale dos Lagos",
        "short_name": "UBS UBS Vale dos Lagos",
        "comment": "UBS",
        "qtd_equipes_esf": 0,
        "qtd_equipes_eap": 2,
        "qtd_equipes_total": 2,
        "capacidade_pnab": 7500,
        "nomes_equipes": "EQUIPE 64; EQUIPE 63"
      },
      "geometry": {
        "type": "Point",
        "coordinates": [
          -38.5108566,
          -12.9708528
        ]
      }
    },
    {
      "type": "Feature",
      "id": 702196,
      "properties": {
        "operator": "Prefeitura Municipal de Salvador",
        "operator:type": "public",
        "ref:CNES": "702196",
        "source": "cnes;datasus;dados_abertos_saude",
        "official_name": "UBS VILA MATOS",
        "addr:street": "Avenida Oceanica",
        "addr:housenumber": "4015",
        "addr:suburb": "Rio Vermelho",
        "addr:city": "Salvador",
        "addr:state": "BA",
        "addr:country": "BR",
        "addr:postcode": "40170-010",
        "phone": "+55 71 99654-6218",
        "email": "ubsvilamatos@gmail.com",
        "amenity": "clinic",
        "healthcare": "clinic",
        "name": "Unidade Básica de Saúde UBS Vila Matos",
        "short_name": "UBS UBS Vila Matos",
        "comment": "UBS",
        "qtd_equipes_esf": 0,
        "qtd_equipes_eap": 2,
        "qtd_equipes_total": 4,
        "capacidade_pnab": 7500,
        "nomes_equipes": "EQUIPE 2; EAP 2; EAP 1; ESB"
      },
      "geometry": {
        "type": "Point",
        "coordinates": [
          -38.5318592,
          -13.0100446
        ]
      }
    },
    {
      "type": "Feature",
      "id": 4197,
      "properties": {
        "operator": "Prefeitura Municipal de Salvador",
        "operator:type": "public",
        "ref:CNES": "4197",
        "source": "cnes;datasus;dados_abertos_saude",
        "official_name": "UBS VIRGILIO DE CARVALHO",
        "addr:street": "Rua Duarte da Costa",
        "addr:suburb": "Bonfim",
        "addr:city": "Salvador",
        "addr:state": "BA",
        "addr:country": "BR",
        "addr:postcode": "40415-000",
        "phone": "+55 71 3202-1608",
        "email": "dsant.vc@salvador.ba.gov.br",
        "amenity": "clinic",
        "healthcare": "clinic",
        "name": "Unidade Básica de Saúde UBS Virgilio de Carvalho",
        "short_name": "UBS UBS Virgilio de Carvalho",
        "comment": "UBS",
        "qtd_equipes_esf": 0,
        "qtd_equipes_eap": 6,
        "qtd_equipes_total": 10,
        "capacidade_pnab": 15500,
        "nomes_equipes": "EQUIPE 15; EQUIPE 16; EQUIPE I; ESB EQUIPE 13; ESB EQUIPE 14; ESB EQUIPE 15; EAB III VIRGILIO DE CARVALHO; EAB IV VIRGILIO DE CARVALHO; EQUIPE 13; EQUIPE 14"
      },
      "geometry": {
        "type": "Point",
        "coordinates": [
          -38.5006704,
          -12.929776
        ]
      }
    },
    {
      "type": "Feature",
      "id": 5633508,
      "properties": {
        "operator": "Prefeitura Municipal de Salvador",
        "operator:type": "public",
        "ref:CNES": "5633508",
        "source": "cnes;datasus;dados_abertos_saude",
        "official_name": "UNIDADE DE SAUDE DA FAMILIA TERREIRO DE JESUS",
        "addr:street": "Rua Praca Terreiro de Jesus",
        "addr:suburb": "Pelourinho",
        "addr:city": "Salvador",
        "addr:state": "BA",
        "addr:country": "BR",
        "addr:postcode": "40026-010",
        "phone": "+55 71 3283-5569",
        "email": "usfterreirodejesus@salvador.ba.gov.br",
        "amenity": "clinic",
        "healthcare": "clinic",
        "name": "Unidade Básica de Saúde Da Familia Terreiro de Jesus",
        "short_name": "UBS Da Familia Terreiro de Jesus",
        "comment": "UBS",
        "qtd_equipes_esf": 1,
        "qtd_equipes_eap": 0,
        "qtd_equipes_total": 2,
        "capacidade_pnab": 3500,
        "nomes_equipes": "ESB TERREIRA DE JESUS; TERREIRO DE JESUS"
      },
      "geometry": {
        "type": "Point",
        "coordinates": [
          -38.5084507,
          -12.9716945
        ]
      }
    },
    {
      "type": "Feature",
      "id": 6388280,
      "properties": {
        "operator": "Prefeitura Municipal de Salvador",
        "operator:type": "public",
        "ref:CNES": "6388280",
        "source": "cnes;datasus;dados_abertos_saude",
        "official_name": "USF ALTO DA TEREZINHA",
        "addr:street": "Rua Direta da Terezinha",
        "addr:suburb": "Alto da Terezinha",
        "addr:city": "Salvador",
        "addr:state": "BA",
        "addr:country": "BR",
        "addr:postcode": "40711-060",
        "phone": "+55 71 3202-1857",
        "email": "gerentealtodaterezinha@gmail.com",
        "amenity": "clinic",
        "healthcare": "clinic",
        "name": "Unidade Básica de Saúde Usf Alto da Terezinha",
        "short_name": "UBS Usf Alto da Terezinha",
        "comment": "UBS",
        "qtd_equipes_esf": 3,
        "qtd_equipes_eap": 0,
        "qtd_equipes_total": 5,
        "capacidade_pnab": 10500,
        "nomes_equipes": "ESB ALTO DA TEREZINHA; TEREZINHA; ESB CAJUEIRO; ALTO DA TEREZINHA; CAJUEIRO"
      },
      "geometry": {
        "type": "Point",
        "coordinates": [
          -38.477726,
          -12.8836004
        ]
      }
    },
    {
      "type": "Feature",
      "id": 6769,
      "properties": {
        "operator": "Prefeitura Municipal de Salvador",
        "operator:type": "public",
        "ref:CNES": "6769",
        "source": "cnes;datasus;dados_abertos_saude",
        "official_name": "USF ALTO DE COUTOS",
        "addr:street": "Rua 1 Travessa Dois de Julho",
        "addr:suburb": "Alto de Coutos",
        "addr:city": "Salvador",
        "addr:state": "BA",
        "addr:country": "BR",
        "addr:postcode": "40750-380",
        "phone": "+55 71 3202-1863",
        "amenity": "clinic",
        "healthcare": "clinic",
        "name": "Unidade Básica de Saúde Usf Alto de Coutos",
        "short_name": "UBS Usf Alto de Coutos",
        "comment": "UBS",
        "qtd_equipes_esf": 2,
        "qtd_equipes_eap": 0,
        "qtd_equipes_total": 3,
        "capacidade_pnab": 7000,
        "nomes_equipes": "ALTO DE COUTOS EQUIPE 2; ALTO DE COUTOS / EQUIPE 1; ALTO DE COUTOS / EQUIPE 2"
      },
      "geometry": {
        "type": "Point",
        "coordinates": [
          -38.4880739,
          -13.0147786
        ]
      }
    },
    {
      "type": "Feature",
      "id": 6363857,
      "properties": {
        "operator": "Prefeitura Municipal de Salvador",
        "operator:type": "public",
        "ref:CNES": "6363857",
        "source": "cnes;datasus;dados_abertos_saude",
        "official_name": "USF ALTO DE COUTOS II",
        "addr:street": "Rua Golan",
        "addr:suburb": "Alto de Coutos",
        "addr:city": "Salvador",
        "addr:state": "BA",
        "addr:country": "BR",
        "addr:postcode": "40150-000",
        "email": "usfautodecouto2@gmail.com",
        "amenity": "clinic",
        "healthcare": "clinic",
        "name": "Unidade Básica de Saúde Usf Alto de Coutos II",
        "short_name": "UBS Usf Alto de Coutos II",
        "comment": "UBS",
        "qtd_equipes_esf": 3,
        "qtd_equipes_eap": 0,
        "qtd_equipes_total": 5,
        "capacidade_pnab": 10500,
        "nomes_equipes": "ALTO DE COUTOS II/EQUIPE 3; ALTO DE COUTOS II/EQUIPE 2; ALTO DE COUTOS II / EQUIPE 1; ESB ALTO DE COUTOS II EQUIPE 3; ESB ALTO DE COUTOS II EQUIPE 1"
      },
      "geometry": {
        "type": "Point",
        "coordinates": [
          -38.4882027,
          -13.0147969
        ]
      }
    },
    {
      "type": "Feature",
      "id": 2653397,
      "properties": {
        "operator": "Prefeitura Municipal de Salvador",
        "operator:type": "public",
        "ref:CNES": "2653397",
        "source": "cnes;datasus;dados_abertos_saude",
        "official_name": "USF ALTO DO CABRITO",
        "addr:street": "Rua Santa Gertrudes",
        "addr:suburb": "Alto do Cabrito",
        "addr:city": "Salvador",
        "addr:state": "BA",
        "addr:country": "BR",
        "addr:postcode": "40484-500",
        "phone": "+55 71 3202-0685",
        "email": "usfaltodocabrito@yahoo.com.br",
        "amenity": "clinic",
        "healthcare": "clinic",
        "name": "Unidade Básica de Saúde Usf Alto do Cabrito",
        "short_name": "UBS Usf Alto do Cabrito",
        "comment": "UBS",
        "qtd_equipes_esf": 3,
        "qtd_equipes_eap": 0,
        "qtd_equipes_total": 6,
        "capacidade_pnab": 10500,
        "nomes_equipes": "ESB PAULO VALE; CONJUNTO BELA VISTA; ESB ALTO DO CABRITO; ESB CONJUNTO BELA VISTA; PAULO VALE; ALTO DO CABRITO"
      },
      "geometry": {
        "type": "Point",
        "coordinates": [
          -38.4740034,
          -12.9104734
        ]
      }
    },
    {
      "type": "Feature",
      "id": 28576,
      "properties": {
        "operator": "Prefeitura Municipal de Salvador",
        "operator:type": "public",
        "ref:CNES": "28576",
        "source": "cnes;datasus;dados_abertos_saude",
        "official_name": "USF ALTO DO CONGO",
        "addr:street": "Rua Santo Inacio",
        "addr:suburb": "Coutos",
        "addr:city": "Salvador",
        "addr:state": "BA",
        "addr:country": "BR",
        "addr:postcode": "40420-000",
        "email": "usfcongo122013@gmail.com",
        "amenity": "clinic",
        "healthcare": "clinic",
        "name": "Unidade Básica de Saúde Usf Alto do Congo",
        "short_name": "UBS Usf Alto do Congo",
        "comment": "UBS",
        "qtd_equipes_esf": 2,
        "qtd_equipes_eap": 0,
        "qtd_equipes_total": 3,
        "capacidade_pnab": 7000,
        "nomes_equipes": "CONGO; ALTO DO CONGO; ALTO DO CONGO"
      },
      "geometry": {
        "type": "Point",
        "coordinates": [
          -38.4783821,
          -12.9252755
        ]
      }
    },
    {
      "type": "Feature",
      "id": 5347,
      "properties": {
        "operator": "Prefeitura Municipal de Salvador",
        "operator:type": "public",
        "ref:CNES": "5347",
        "source": "cnes;datasus;dados_abertos_saude",
        "official_name": "USF ALTO DO COQUEIRINHO",
        "addr:street": "Rua Praca Sérgio Brito",
        "addr:suburb": "Alto Coqueirinho",
        "addr:city": "Salvador",
        "addr:state": "BA",
        "addr:country": "BR",
        "addr:postcode": "41615-260",
        "phone": "+55 71 3611-7121",
        "email": "usfaltodocoqueirinho@salvador.ba.gov.br",
        "amenity": "clinic",
        "healthcare": "clinic",
        "name": "Unidade Básica de Saúde Usf Alto do Coqueirinho",
        "short_name": "UBS Usf Alto do Coqueirinho",
        "comment": "UBS",
        "qtd_equipes_esf": 2,
        "qtd_equipes_eap": 0,
        "qtd_equipes_total": 3,
        "capacidade_pnab": 7000,
        "nomes_equipes": "ESB ALAMEDA DA PAZ; FAZENDA ESPERANCA; ALAMEDA DA PAZ"
      },
      "geometry": {
        "type": "Point",
        "coordinates": [
          -38.3736026,
          -12.9378858
        ]
      }
    },
    {
      "type": "Feature",
      "id": 6971,
      "properties": {
        "operator": "Prefeitura Municipal de Salvador",
        "operator:type": "public",
        "ref:CNES": "6971",
        "source": "cnes;datasus;dados_abertos_saude",
        "official_name": "USF ALTO DO CRUZEIRO",
        "addr:street": "Rua Campo da Bola",
        "addr:suburb": "Alto do Cruzeiro",
        "addr:city": "Salvador",
        "addr:state": "BA",
        "addr:country": "BR",
        "addr:postcode": "40725-220",
        "phone": "+55 71 3202-1859",
        "email": "usfaltodocruzeiro@hotmail.com",
        "amenity": "clinic",
        "healthcare": "clinic",
        "name": "Unidade Básica de Saúde Usf Alto do Cruzeiro",
        "short_name": "UBS Usf Alto do Cruzeiro",
        "comment": "UBS",
        "qtd_equipes_esf": 3,
        "qtd_equipes_eap": 0,
        "qtd_equipes_total": 5,
        "capacidade_pnab": 10500,
        "nomes_equipes": "ALTO DO CRUZEIRO / EQUIPE 4; ALTO DO CRUZEIRO / EQUIPE 2; ALTO DO CRUZEIRO / EQUIPE 1; ESB ALTO DO CRUZEIRO EQUIPE 4; ALTO DO CRUZEIRO EQUIPE 1"
      },
      "geometry": {
        "type": "Point",
        "coordinates": [
          -38.4886787,
          -12.9807554
        ]
      }
    },
    {
      "type": "Feature",
      "id": 6339182,
      "properties": {
        "operator": "Prefeitura Municipal de Salvador",
        "operator:type": "public",
        "ref:CNES": "6339182",
        "source": "cnes;datasus;dados_abertos_saude",
        "official_name": "USF ANTONIO LAZZAROTTO",
        "addr:street": "Rua Av Afranio Peixoto",
        "addr:suburb": "Plataforma",
        "addr:city": "Salvador",
        "addr:state": "BA",
        "addr:country": "BR",
        "addr:postcode": "40717-140",
        "phone": "+55 71 3202-0779",
        "email": "usfantoniolazzarotto@gmail.com",
        "amenity": "clinic",
        "healthcare": "clinic",
        "name": "Unidade Básica de Saúde Usf Antonio Lazzarotto",
        "short_name": "UBS Usf Antonio Lazzarotto",
        "comment": "UBS",
        "qtd_equipes_esf": 3,
        "qtd_equipes_eap": 0,
        "qtd_equipes_total": 6,
        "capacidade_pnab": 10500,
        "nomes_equipes": "ESB BARTOLOMEU; ANTONIO LAZZAROTTO I; ESB NOVA PRIMAVERA; ESB ANTONIO LAZZAROTTO I; BARTOLOMEU; NOVA PRIMAVERA"
      },
      "geometry": {
        "type": "Point",
        "coordinates": [
          -38.4792874,
          -12.8789406
        ]
      }
    },
    {
      "type": "Feature",
      "id": 175331,
      "properties": {
        "operator": "Prefeitura Municipal de Salvador",
        "operator:type": "public",
        "ref:CNES": "175331",
        "source": "cnes;datasus;dados_abertos_saude",
        "official_name": "USF ANTONIO RIBEIRO NEIVA ARRAIAL DO RETIRO",
        "addr:street": "Rua Abaira",
        "addr:suburb": "Arraial do Retiro",
        "addr:city": "Salvador",
        "addr:state": "BA",
        "addr:country": "BR",
        "addr:postcode": "41204-115",
        "phone": "+55 46 3202-0837",
        "email": "usfretiro@salvador.ba.gov.br",
        "amenity": "clinic",
        "healthcare": "clinic",
        "name": "Unidade Básica de Saúde Usf Antonio Ribeiro Neiva Arraial do Retiro",
        "short_name": "UBS Usf Antonio Ribeiro Neiva Arraial do Retiro",
        "comment": "UBS",
        "qtd_equipes_esf": 4,
        "qtd_equipes_eap": 0,
        "qtd_equipes_total": 7,
        "capacidade_pnab": 14000,
        "nomes_equipes": "EQUIPE MASTER; EQUIPE VIP; EQUIPE TOP; EQUIPE GLAMOUR; ESB EQUIPE VIP; ESB EQUIPE GLAMOUR; ESB EQUIPE TOP"
      },
      "geometry": {
        "type": "Point",
        "coordinates": [
          -38.4643009,
          -12.9451849
        ]
      }
    },
    {
      "type": "Feature",
      "id": 4645901,
      "properties": {
        "operator": "Prefeitura Municipal de Salvador",
        "operator:type": "public",
        "ref:CNES": "4645901",
        "source": "cnes;datasus;dados_abertos_saude",
        "official_name": "USF AREAL",
        "addr:street": "Rua Araua",
        "addr:housenumber": "160",
        "addr:suburb": "Ribeira",
        "addr:city": "Salvador",
        "addr:state": "BA",
        "addr:country": "BR",
        "addr:postcode": "40421-030",
        "email": "usf.areal@salvador.ba.gov.br",
        "amenity": "clinic",
        "healthcare": "clinic",
        "name": "Unidade Básica de Saúde Usf Areal",
        "short_name": "UBS Usf Areal",
        "comment": "UBS",
        "qtd_equipes_esf": 4,
        "qtd_equipes_eap": 0,
        "qtd_equipes_total": 6,
        "capacidade_pnab": 14000,
        "nomes_equipes": "AZUL; VERDE; EQUIOE III - VERMELHA; EQUIPE IV - LARANJA; EQUIPE II - VERDE; EQUIPE I - AZUL"
      },
      "geometry": {
        "type": "Point",
        "coordinates": [
          -38.4880686,
          -13.0146558
        ]
      }
    },
    {
      "type": "Feature",
      "id": 6062970,
      "properties": {
        "operator": "Prefeitura Municipal de Salvador",
        "operator:type": "public",
        "ref:CNES": "6062970",
        "source": "cnes;datasus;dados_abertos_saude",
        "official_name": "USF ARISTIDES PEREIRA MALTEZ",
        "addr:street": "Rua Lauro de Freitas",
        "addr:suburb": "São Cristóvão",
        "addr:city": "Salvador",
        "addr:state": "BA",
        "addr:country": "BR",
        "addr:postcode": "41500-190",
        "phone": "+55 71 3202-0749",
        "email": "usfaristidesmaltez@salvador.ba.gov.br",
        "amenity": "clinic",
        "healthcare": "clinic",
        "name": "Unidade Básica de Saúde Usf Aristides Pereira Maltez",
        "short_name": "UBS Usf Aristides Pereira Maltez",
        "comment": "UBS",
        "qtd_equipes_esf": 4,
        "qtd_equipes_eap": 0,
        "qtd_equipes_total": 8,
        "capacidade_pnab": 14000,
        "nomes_equipes": "NASF ARISTIDES MALTEZ; EQUIPE 01- VIDA/ VERMELHA; ESB PAZ AZUL; ESB ESPERANCA VERDE; ESB VIDA VERMELHA; EQUIPE 03- PAZ/AZUL; EQUIPE 02- LIBERDADE/ AMARELA; EQUIPE 04- ESPERANCA/VERDE"
      },
      "geometry": {
        "type": "Point",
        "coordinates": [
          -38.3524061,
          -12.9102343
        ]
      }
    },
    {
      "type": "Feature",
      "id": 958905,
      "properties": {
        "operator": "Prefeitura Municipal de Salvador",
        "operator:type": "public",
        "ref:CNES": "958905",
        "source": "cnes;datasus;dados_abertos_saude",
        "official_name": "USF AVENIDA GAL COSTA",
        "addr:street": "Avenida Gal Costa",
        "addr:suburb": "São Marcos",
        "addr:city": "Salvador",
        "addr:state": "BA",
        "addr:country": "BR",
        "addr:postcode": "41253-280",
        "email": "usf.galcosta@salvador.ba.gov.br",
        "amenity": "clinic",
        "healthcare": "clinic",
        "name": "Unidade Básica de Saúde Usf Avenida Gal Costa",
        "short_name": "UBS Usf Avenida Gal Costa",
        "comment": "UBS",
        "qtd_equipes_esf": 4,
        "qtd_equipes_eap": 0,
        "qtd_equipes_total": 8,
        "capacidade_pnab": 14000,
        "nomes_equipes": "EQUIPE 4; EQUIPE 2; EQUIPE 1; EQUIPE 3; EQUIPE 2; EQUIPE 1; EQUIPE 4; EQUIPE 3"
      },
      "geometry": {
        "type": "Point",
        "coordinates": [
          -38.4369564,
          -12.9317478
        ]
      }
    },
    {
      "type": "Feature",
      "id": 6429947,
      "properties": {
        "operator": "Prefeitura Municipal de Salvador",
        "operator:type": "public",
        "ref:CNES": "6429947",
        "source": "cnes;datasus;dados_abertos_saude",
        "official_name": "USF BATE CORACAO",
        "addr:street": "Rua Juraci Magalhaes Junior",
        "addr:suburb": "Paripe",
        "addr:city": "Salvador",
        "addr:state": "BA",
        "addr:country": "BR",
        "addr:postcode": "41750-300",
        "email": "gestaobtcoracao@gmail.com",
        "amenity": "clinic",
        "healthcare": "clinic",
        "name": "Unidade Básica de Saúde Usf Bate Coracao",
        "short_name": "UBS Usf Bate Coracao",
        "comment": "UBS",
        "qtd_equipes_esf": 4,
        "qtd_equipes_eap": 0,
        "qtd_equipes_total": 9,
        "capacidade_pnab": 14000,
        "nomes_equipes": "NASF BATE CORACAO; ESB EQUIPE VERDE 01; ESB EQUIPE ROSA 02; ESB EQUIPE AZUL 03; EQUIPE AMARELA 04; EQUIPE VERDE 01; EQUIPE ROSA 02; EQUIPE AZUL 03; ESB EQUIPE AMARELA 04"
      },
      "geometry": {
        "type": "Point",
        "coordinates": [
          -38.510685,
          -12.9708947
        ]
      }
    },
    {
      "type": "Feature",
      "id": 7594003,
      "properties": {
        "operator": "Prefeitura Municipal de Salvador",
        "operator:type": "public",
        "ref:CNES": "7594003",
        "source": "cnes;datasus;dados_abertos_saude",
        "official_name": "USF BOA VISTA DE SAO CAETANO",
        "addr:street": "Rua Rodovia A",
        "addr:suburb": "Boa Vista de São Cae",
        "addr:city": "Salvador",
        "addr:state": "BA",
        "addr:country": "BR",
        "addr:postcode": "40010-010",
        "phone": "+55 71 3202-1895",
        "email": "usfboavistascaetano@gmail.com",
        "amenity": "clinic",
        "healthcare": "clinic",
        "name": "Unidade Básica de Saúde Usf Boa Vista de São Caetano",
        "short_name": "UBS Usf Boa Vista de São Caetano",
        "comment": "UBS",
        "qtd_equipes_esf": 6,
        "qtd_equipes_eap": 0,
        "qtd_equipes_total": 10,
        "capacidade_pnab": 21000,
        "nomes_equipes": "ESB EQUIPE V; EQUIPE VI; CORAGEM; ESB EQUIPE VI; EQUIPE V; ALEGRIA; UNIAO; ESB ENERGIA; ENERGIA; ESB UNIAO"
      },
      "geometry": {
        "type": "Point",
        "coordinates": [
          -38.4759772,
          -12.9259024
        ]
      }
    },
    {
      "type": "Feature",
      "id": 2653419,
      "properties": {
        "operator": "Prefeitura Municipal de Salvador",
        "operator:type": "public",
        "ref:CNES": "2653419",
        "source": "cnes;datasus;dados_abertos_saude",
        "official_name": "USF BOA VISTA DO LOBATO",
        "addr:street": "Rua João Rodrigues Mendes",
        "addr:suburb": "Boa Vista do Lobato",
        "addr:city": "Salvador",
        "addr:state": "BA",
        "addr:country": "BR",
        "addr:postcode": "40471-265",
        "phone": "+55 71 3202-0686",
        "email": "usfboavistadolobato@alvador.ba.gov.br",
        "amenity": "clinic",
        "healthcare": "clinic",
        "name": "Unidade Básica de Saúde Usf Boa Vista do Lobato",
        "short_name": "UBS Usf Boa Vista do Lobato",
        "comment": "UBS",
        "qtd_equipes_esf": 4,
        "qtd_equipes_eap": 0,
        "qtd_equipes_total": 6,
        "capacidade_pnab": 14000,
        "nomes_equipes": "ESB AREAS VERDE; BOA VISTA DO LOBATO DE CIMA; AREAS VERDE; ESB BOA VISTA DO LOBATO; BOA VISTA; BOA VISTA DO LOBATO"
      },
      "geometry": {
        "type": "Point",
        "coordinates": [
          -38.4764994,
          -12.918968
        ]
      }
    },
    {
      "type": "Feature",
      "id": 3049175,
      "properties": {
        "operator": "Prefeitura Municipal de Salvador",
        "operator:type": "public",
        "ref:CNES": "3049175",
        "source": "cnes;datasus;dados_abertos_saude",
        "official_name": "USF BOCA DA MATA",
        "addr:street": "Rua Fazenda Grande Iv Setor 7 Caminho 58",
        "addr:suburb": "Boca da Mata",
        "addr:city": "Salvador",
        "addr:state": "BA",
        "addr:country": "BR",
        "addr:postcode": "41340-120",
        "phone": "36115304/05/32021293",
        "email": "usfbocadamata@hotmail.com",
        "amenity": "clinic",
        "healthcare": "clinic",
        "name": "Unidade Básica de Saúde Usf Boca da Mata",
        "short_name": "UBS Usf Boca da Mata",
        "comment": "UBS",
        "qtd_equipes_esf": 3,
        "qtd_equipes_eap": 0,
        "qtd_equipes_total": 6,
        "capacidade_pnab": 10500,
        "nomes_equipes": "ESB BOCA DA MATA; USF BOCA DA MATA/JAMBEIRO; USF BOCA DA MATA/VILA DA PAZ; EQUIPE; ESB EQUIPE III; USF BOCA DA MATA /CENTRAL"
      },
      "geometry": {
        "type": "Point",
        "coordinates": [
          -38.3928823,
          -12.8978448
        ]
      }
    },
    {
      "type": "Feature",
      "id": 3325857,
      "properties": {
        "operator": "Prefeitura Municipal de Salvador",
        "operator:type": "public",
        "ref:CNES": "3325857",
        "source": "cnes;datasus;dados_abertos_saude",
        "official_name": "USF BOM JESUS DOS PASSOS",
        "addr:street": "Rua Ilha de Bom Jesus dos Passos",
        "addr:suburb": "Ilha Bom Jesus",
        "addr:city": "Salvador",
        "addr:state": "BA",
        "addr:country": "BR",
        "addr:postcode": "42510-090",
        "phone": "+55 71 3297-3277",
        "amenity": "clinic",
        "healthcare": "clinic",
        "name": "Unidade Básica de Saúde Usf Bom Jesus dos Passos",
        "short_name": "UBS Usf Bom Jesus dos Passos",
        "comment": "UBS",
        "qtd_equipes_esf": 1,
        "qtd_equipes_eap": 0,
        "qtd_equipes_total": 3,
        "capacidade_pnab": 3500,
        "nomes_equipes": "EMULTI BOM JESUS E PARAMANA; ESB BOM JESUS DOS PASSOS; BOM JESUS DOS PASSOS"
      },
      "geometry": {
        "type": "Point",
        "coordinates": [
          -38.6412764,
          -12.7606174
        ]
      }
    },
    {
      "type": "Feature",
      "id": 7465645,
      "properties": {
        "operator": "Prefeitura Municipal de Salvador",
        "operator:type": "public",
        "ref:CNES": "7465645",
        "source": "cnes;datasus;dados_abertos_saude",
        "official_name": "USF BOM JUA",
        "addr:street": "Rua do Bom Jua",
        "addr:suburb": "Fazenda Grande do Re",
        "addr:city": "Salvador",
        "addr:state": "BA",
        "addr:country": "BR",
        "addr:postcode": "40353-160",
        "phone": "+55 46 3202-0695",
        "email": "usfbomjua@gmail.com",
        "amenity": "clinic",
        "healthcare": "clinic",
        "name": "Unidade Básica de Saúde Usf Bom Jua",
        "short_name": "UBS Usf Bom Jua",
        "comment": "UBS",
        "qtd_equipes_esf": 4,
        "qtd_equipes_eap": 0,
        "qtd_equipes_total": 8,
        "capacidade_pnab": 14000,
        "nomes_equipes": "ESB BOM JUA 04; ESB BOM JUA I; ESB BOM JUA II; ESB BOM JUA 03; BOM JUA I; BOM JUA II; BOM JUA 03; BOM JUA 04"
      },
      "geometry": {
        "type": "Point",
        "coordinates": [
          -38.474797,
          -12.9404267
        ]
      }
    },
    {
      "type": "Feature",
      "id": 5282,
      "properties": {
        "operator": "Prefeitura Municipal de Salvador",
        "operator:type": "public",
        "ref:CNES": "5282",
        "source": "cnes;datasus;dados_abertos_saude",
        "official_name": "USF CAJAZEIRAS IV",
        "addr:street": "Rua Alvaro da Franca Rocha Conj Cajazeiras Iv",
        "addr:suburb": "Cajazeiras",
        "addr:city": "Salvador",
        "addr:state": "BA",
        "addr:country": "BR",
        "addr:postcode": "41334-320",
        "phone": "+55 71 3202-0708",
        "amenity": "clinic",
        "healthcare": "clinic",
        "name": "Unidade Básica de Saúde Usf Cajazeiras Iv",
        "short_name": "UBS Usf Cajazeiras Iv",
        "comment": "UBS",
        "qtd_equipes_esf": 2,
        "qtd_equipes_eap": 0,
        "qtd_equipes_total": 4,
        "capacidade_pnab": 7000,
        "nomes_equipes": "USF CAJAZEIRA IV/RECANTO DO...; ESB CAJAZEIRA IV/VERDE QUERO; ESB CAJAZEIRA IV/RECANTO; USF CAJAZEIRA IV/VERDE QUE..."
      },
      "geometry": {
        "type": "Point",
        "coordinates": [
          -38.4255195,
          -12.8970499
        ]
      }
    },
    {
      "type": "Feature",
      "id": 53465,
      "properties": {
        "operator": "Prefeitura Municipal de Salvador",
        "operator:type": "public",
        "ref:CNES": "53465",
        "source": "cnes;datasus;dados_abertos_saude",
        "official_name": "USF CAJAZEIRAS JAGUARIPE I",
        "addr:street": "Rua F",
        "addr:suburb": "Jaguaripe",
        "addr:city": "Salvador",
        "addr:state": "BA",
        "addr:country": "BR",
        "addr:postcode": "41342-660",
        "phone": "+55 46 3202-0720",
        "email": "usfjaguaripe1@salvador.ba.gov.br",
        "amenity": "clinic",
        "healthcare": "clinic",
        "name": "Unidade Básica de Saúde Usf Cajazeiras Jaguaripe I",
        "short_name": "UBS Usf Cajazeiras Jaguaripe I",
        "comment": "UBS",
        "qtd_equipes_esf": 3,
        "qtd_equipes_eap": 0,
        "qtd_equipes_total": 6,
        "capacidade_pnab": 10500,
        "nomes_equipes": "EQUIPE 1; ESB EQUIPE III; ESB EQUIPE 2; ESB EQUIPE 1; EQUIPE 2; EQUIPE III"
      },
      "geometry": {
        "type": "Point",
        "coordinates": [
          -38.8891339,
          -13.1077766
        ]
      }
    },
    {
      "type": "Feature",
      "id": 2653400,
      "properties": {
        "operator": "Prefeitura Municipal de Salvador",
        "operator:type": "public",
        "ref:CNES": "2653400",
        "source": "cnes;datasus;dados_abertos_saude",
        "official_name": "USF CAJAZEIRAS V",
        "addr:street": "Estrada do Matadouro Rotula de Cajazeiras V",
        "addr:suburb": "Cajazeiras",
        "addr:city": "Salvador",
        "addr:state": "BA",
        "addr:country": "BR",
        "addr:postcode": "41311-262",
        "phone": "+55 71 3202-0706",
        "amenity": "clinic",
        "healthcare": "clinic",
        "name": "Unidade Básica de Saúde Usf Cajazeiras V",
        "short_name": "UBS Usf Cajazeiras V",
        "comment": "UBS",
        "qtd_equipes_esf": 4,
        "qtd_equipes_eap": 0,
        "qtd_equipes_total": 7,
        "capacidade_pnab": 14000,
        "nomes_equipes": "USF CAJAZEIRA V/CAMINHO VERDE; USF CAJAZEIRA V/LOT IRMA DULCE; NASF CAJAZEIRAS; ESB CAJAZEIRA V/REMANESCENTE; ESB CAJAZEIRA V/CAM. DOURADOS; USF CAJAZEIRA V/REMANESCENTE; USF CAJAZEIRA V/CAM. DOURADOS"
      },
      "geometry": {
        "type": "Point",
        "coordinates": [
          -38.4222364,
          -12.8928562
        ]
      }
    },
    {
      "type": "Feature",
      "id": 4618,
      "properties": {
        "operator": "Prefeitura Municipal de Salvador",
        "operator:type": "public",
        "ref:CNES": "4618",
        "source": "cnes;datasus;dados_abertos_saude",
        "official_name": "USF CAJAZEIRAS X",
        "addr:street": "Rua Ministro Apolonio Sales Rua D Quadra D Setor 2",
        "addr:suburb": "Cajazeiras X",
        "addr:city": "Salvador",
        "addr:state": "BA",
        "addr:country": "BR",
        "addr:postcode": "41340-095",
        "phone": "+55 71 3202-7770",
        "email": "usfcajazeirasx@yahoo.com.br",
        "amenity": "clinic",
        "healthcare": "clinic",
        "name": "Unidade Básica de Saúde Usf Cajazeiras X",
        "short_name": "UBS Usf Cajazeiras X",
        "comment": "UBS",
        "qtd_equipes_esf": 4,
        "qtd_equipes_eap": 0,
        "qtd_equipes_total": 6,
        "capacidade_pnab": 14000,
        "nomes_equipes": "USF CAJAZEIRA X/CORACAO; ESB CAJAZEIRA X/CORACAO; ESB CAJAZEIRA X/FAZENDINHA; USF CAJAZEIRA X/FAZENDINHA; USF CAJAZEIRA X/CORACAO INF...; USF CAJAZEIRA X/AMOR MATERNO"
      },
      "geometry": {
        "type": "Point",
        "coordinates": [
          -38.4105635,
          -12.8925006
        ]
      }
    },
    {
      "type": "Feature",
      "id": 6387799,
      "properties": {
        "operator": "Prefeitura Municipal de Salvador",
        "operator:type": "public",
        "ref:CNES": "6387799",
        "source": "cnes;datasus;dados_abertos_saude",
        "official_name": "USF CAJAZEIRAS XI",
        "addr:street": "Avenida Jucelino Kubitschek",
        "addr:housenumber": "18",
        "addr:suburb": "Cajazeiras Xi",
        "addr:city": "Salvador",
        "addr:state": "BA",
        "addr:country": "BR",
        "addr:postcode": "41347-430",
        "amenity": "clinic",
        "healthcare": "clinic",
        "name": "Unidade Básica de Saúde Usf Cajazeiras Xi",
        "short_name": "UBS Usf Cajazeiras Xi",
        "comment": "UBS",
        "qtd_equipes_esf": 4,
        "qtd_equipes_eap": 0,
        "qtd_equipes_total": 8,
        "capacidade_pnab": 14000,
        "nomes_equipes": "USF CAJAZEIRA XI SANTA BARBARA; ESB EQUIPE IV; ESB EQUIPE III; ESB EQUIPE II; ESB CAJAZEIRA XI; EQUIPE IV; EQUIPE III; EQUIPE II"
      },
      "geometry": {
        "type": "Point",
        "coordinates": [
          -38.4085679,
          -12.8824917
        ]
      }
    },
    {
      "type": "Feature",
      "id": 7872801,
      "properties": {
        "operator": "Prefeitura Municipal de Salvador",
        "operator:type": "public",
        "ref:CNES": "7872801",
        "source": "cnes;datasus;dados_abertos_saude",
        "official_name": "USF CALABETAO",
        "addr:street": "Rua Alianca",
        "addr:housenumber": "06",
        "addr:suburb": "Calabetao",
        "addr:city": "Salvador",
        "addr:state": "BA",
        "addr:country": "BR",
        "addr:postcode": "41227-170",
        "phone": "+55 71 3202-0833",
        "email": "usfcalabetao@salvador.ba.gov.br",
        "amenity": "clinic",
        "healthcare": "clinic",
        "name": "Unidade Básica de Saúde Usf Calabetao",
        "short_name": "UBS Usf Calabetao",
        "comment": "UBS",
        "qtd_equipes_esf": 2,
        "qtd_equipes_eap": 0,
        "qtd_equipes_total": 4,
        "capacidade_pnab": 7000,
        "nomes_equipes": "ROSA; AZUL; ESB AZUL; ESB ROSA"
      },
      "geometry": {
        "type": "Point",
        "coordinates": [
          -38.468231,
          -12.9320405
        ]
      }
    },
    {
      "type": "Feature",
      "id": 2384744,
      "properties": {
        "operator": "Prefeitura Municipal de Salvador",
        "operator:type": "public",
        "ref:CNES": "2384744",
        "source": "cnes;datasus;dados_abertos_saude",
        "official_name": "USF CANABRAVA",
        "addr:street": "Rua Artemio Castro Valente",
        "addr:suburb": "Canabrava",
        "addr:city": "Salvador",
        "addr:state": "BA",
        "addr:country": "BR",
        "addr:postcode": "41260-300",
        "phone": "+55 71 3202-1031",
        "email": "usfcanabrava@gmail.com",
        "amenity": "clinic",
        "healthcare": "clinic",
        "name": "Unidade Básica de Saúde Usf Canabrava",
        "short_name": "UBS Usf Canabrava",
        "comment": "UBS",
        "qtd_equipes_esf": 4,
        "qtd_equipes_eap": 0,
        "qtd_equipes_total": 8,
        "capacidade_pnab": 14000,
        "nomes_equipes": "ESB NOVOS BAIANOS; PASSAROS; NOVOS BAIANOS; FENIX; MANGUEIRA; ESB MANGUEIRA; ESB FENIX; ESB PASSAROS"
      },
      "geometry": {
        "type": "Point",
        "coordinates": [
          -38.5108995,
          -12.9709365
        ]
      }
    },
    {
      "type": "Feature",
      "id": 9400354,
      "properties": {
        "operator": "Prefeitura Municipal de Salvador",
        "operator:type": "public",
        "ref:CNES": "9400354",
        "source": "cnes;datasus;dados_abertos_saude",
        "official_name": "USF CAPELINHA DE SAO CAETANO",
        "addr:street": "Rua da Gloria",
        "addr:housenumber": "143",
        "addr:suburb": "Capelinha",
        "addr:city": "Salvador",
        "addr:state": "BA",
        "addr:country": "BR",
        "addr:postcode": "40394-130",
        "phone": "+55 46 3202-0699",
        "email": "usfcapelinha@gmail.com",
        "amenity": "clinic",
        "healthcare": "clinic",
        "name": "Unidade Básica de Saúde Usf Capelinha de São Caetano",
        "short_name": "UBS Usf Capelinha de São Caetano",
        "comment": "UBS",
        "qtd_equipes_esf": 4,
        "qtd_equipes_eap": 0,
        "qtd_equipes_total": 8,
        "capacidade_pnab": 14000,
        "nomes_equipes": "ESB EQUIPE I; ESB EQUIPE 2; ESB CAPELINHA 01; EQUIPE 2; ESB CAPELINHA 02; EQUIPE 1; CAPELINHA 01; CAPELINHA 02"
      },
      "geometry": {
        "type": "Point",
        "coordinates": [
          -38.4842706,
          -12.9303256
        ]
      }
    },
    {
      "type": "Feature",
      "id": 9719458,
      "properties": {
        "operator": "Prefeitura Municipal de Salvador",
        "operator:type": "public",
        "ref:CNES": "9719458",
        "source": "cnes;datasus;dados_abertos_saude",
        "official_name": "USF CEASA I E II",
        "addr:street": "Estrada das Pedreiras Rua Praia de Itapua",
        "addr:suburb": "Ceasa I e II",
        "addr:city": "Salvador",
        "addr:state": "BA",
        "addr:country": "BR",
        "addr:postcode": "41400-500",
        "phone": "+55 71 3202-0895",
        "amenity": "clinic",
        "healthcare": "clinic",
        "name": "Unidade Básica de Saúde Usf Ceasa I e II",
        "short_name": "UBS Usf Ceasa I e II",
        "comment": "UBS",
        "qtd_equipes_esf": 4,
        "qtd_equipes_eap": 0,
        "qtd_equipes_total": 7,
        "capacidade_pnab": 14000,
        "nomes_equipes": "EQUIPE 3; EQUIPE 2; EQUIPE 1; ESB EQUIPE 4; ESB EQUIPE 1; ESB EQUIPE 2; EQUIPE 4"
      },
      "geometry": {
        "type": "Point",
        "coordinates": [
          -38.3776474,
          -12.8385401
        ]
      }
    },
    {
      "type": "Feature",
      "id": 252034,
      "properties": {
        "operator": "Prefeitura Municipal de Salvador",
        "operator:type": "public",
        "ref:CNES": "252034",
        "source": "cnes;datasus;dados_abertos_saude",
        "official_name": "USF CLAUDELINO MIRANDA RESGATE",
        "addr:street": "Rua Andarai",
        "addr:suburb": "Resgate",
        "addr:city": "Salvador",
        "addr:state": "BA",
        "addr:country": "BR",
        "addr:postcode": "41152-140",
        "phone": "+55 46 3202-0836",
        "email": "usfresgate@salvador.ba.gov.br",
        "amenity": "clinic",
        "healthcare": "clinic",
        "name": "Unidade Básica de Saúde Usf Claudelino Miranda Resgate",
        "short_name": "UBS Usf Claudelino Miranda Resgate",
        "comment": "UBS",
        "qtd_equipes_esf": 4,
        "qtd_equipes_eap": 0,
        "qtd_equipes_total": 8,
        "capacidade_pnab": 14000,
        "nomes_equipes": "RESGATE 2; RESGATE 1; EQUIPE RESGATE 4; RESGATE 4; EQUIPE RESGATE 2; EQUIPE RESGATE 3; RESGATE 3; EQUIPE RESGATE 1"
      },
      "geometry": {
        "type": "Point",
        "coordinates": [
          -38.4646153,
          -12.9616731
        ]
      }
    },
    {
      "type": "Feature",
      "id": 9498702,
      "properties": {
        "operator": "Prefeitura Municipal de Salvador",
        "operator:type": "public",
        "ref:CNES": "9498702",
        "source": "cnes;datasus;dados_abertos_saude",
        "official_name": "USF COLINAS DE PERIPERI",
        "addr:street": "Rua do Roxinho",
        "addr:housenumber": "19",
        "addr:suburb": "Periperi",
        "addr:city": "Salvador",
        "addr:state": "BA",
        "addr:country": "BR",
        "addr:postcode": "40726-075",
        "phone": "+55 71 3407-3860",
        "email": "usfcolinasdeperiperi@salvador.ba.gov.br",
        "amenity": "clinic",
        "healthcare": "clinic",
        "name": "Unidade Básica de Saúde Usf Colinas de Periperi",
        "short_name": "UBS Usf Colinas de Periperi",
        "comment": "UBS",
        "qtd_equipes_esf": 4,
        "qtd_equipes_eap": 0,
        "qtd_equipes_total": 8,
        "capacidade_pnab": 14000,
        "nomes_equipes": "ESB COLINAS 1; ESB MIRANTES; ESB EQUIPE VERMELHA; EQUIPE VERDE; EQUIPE VERMELHA; MIRANTES; COLINAS 1; ESB EQUIPE VERDE"
      },
      "geometry": {
        "type": "Point",
        "coordinates": [
          -38.4629005,
          -12.8718687
        ]
      }
    },
    {
      "type": "Feature",
      "id": 9846239,
      "properties": {
        "operator": "Prefeitura Municipal de Salvador",
        "operator:type": "public",
        "ref:CNES": "9846239",
        "source": "cnes;datasus;dados_abertos_saude",
        "official_name": "USF CORACAO DE MARIA",
        "addr:street": "Estrada das Pedreiras",
        "addr:suburb": "Cassange",
        "addr:city": "Salvador",
        "addr:state": "BA",
        "addr:country": "BR",
        "addr:postcode": "41410-003",
        "phone": "+55 71 3202-0759",
        "amenity": "clinic",
        "healthcare": "clinic",
        "name": "Unidade Básica de Saúde Usf Coracao de Maria",
        "short_name": "UBS Usf Coracao de Maria",
        "comment": "UBS",
        "qtd_equipes_esf": 3,
        "qtd_equipes_eap": 0,
        "qtd_equipes_total": 5,
        "capacidade_pnab": 10500,
        "nomes_equipes": "ESB EQUIPE 1; ESB EQUIPE 3; EQUIPE 3; EQUIPE 2; EQUIPE 1"
      },
      "geometry": {
        "type": "Point",
        "coordinates": [
          -38.3777469,
          -12.8384927
        ]
      }
    },
    {
      "type": "Feature",
      "id": 9536256,
      "properties": {
        "operator": "Prefeitura Municipal de Salvador",
        "operator:type": "public",
        "ref:CNES": "9536256",
        "source": "cnes;datasus;dados_abertos_saude",
        "official_name": "USF CURRALINHO",
        "addr:street": "Estrada do Curralinho",
        "addr:suburb": "Boca do Rio",
        "addr:city": "Salvador",
        "addr:state": "BA",
        "addr:country": "BR",
        "addr:postcode": "41720-390",
        "phone": "+55 46 3202-0729",
        "email": "usfcurralinho.bocadorio@gmail.com",
        "amenity": "clinic",
        "healthcare": "clinic",
        "name": "Unidade Básica de Saúde Usf Curralinho",
        "short_name": "UBS Usf Curralinho",
        "comment": "UBS",
        "qtd_equipes_esf": 4,
        "qtd_equipes_eap": 0,
        "qtd_equipes_total": 8,
        "capacidade_pnab": 14000,
        "nomes_equipes": "ESB EQUIPE 01; EQUIPE 4; EQUIPE 2; EQUIPE 03; EQUIPE 01; ESB EQUIPE 4; ESB EQUIPE 2; ESB EQUIPE 03"
      },
      "geometry": {
        "type": "Point",
        "coordinates": [
          -38.4451276,
          -12.9777552
        ]
      }
    },
    {
      "type": "Feature",
      "id": 3152820,
      "properties": {
        "operator": "Prefeitura Municipal de Salvador",
        "operator:type": "public",
        "ref:CNES": "3152820",
        "source": "cnes;datasus;dados_abertos_saude",
        "official_name": "USF DA FEDERACAO",
        "addr:street": "Rua Pedro Gama",
        "addr:housenumber": "172",
        "addr:suburb": "Federacao",
        "addr:city": "Salvador",
        "addr:state": "BA",
        "addr:country": "BR",
        "addr:postcode": "40231-000",
        "phone": "+55 71 3202-0775",
        "email": "usffederacao.usf@salvador.ba.gov.br",
        "amenity": "clinic",
        "healthcare": "clinic",
        "name": "Unidade Básica de Saúde Usf da Federacao",
        "short_name": "UBS Usf da Federacao",
        "comment": "UBS",
        "qtd_equipes_esf": 4,
        "qtd_equipes_eap": 0,
        "qtd_equipes_total": 8,
        "capacidade_pnab": 14000,
        "nomes_equipes": "ESB EQUIPE AVENIDA VERA; ESB EQUIPE JARDIM; EQUIPE JARDIM FEDERACAO; SILVESTRE DE FARIAS; EQUIPE AVENIDA VERA; EQUIPE ALTO DA BOLA; ESB EQUIPE ALTO DA BOLA; ESB SILVESTRE DE FARIAS"
      },
      "geometry": {
        "type": "Point",
        "coordinates": [
          -38.5018873,
          -12.9953009
        ]
      }
    },
    {
      "type": "Feature",
      "id": 6890,
      "properties": {
        "operator": "Prefeitura Municipal de Salvador",
        "operator:type": "public",
        "ref:CNES": "6890",
        "source": "cnes;datasus;dados_abertos_saude",
        "official_name": "USF DE BARREIRAS",
        "addr:street": "Rua Fernando Pedreira",
        "addr:suburb": "Barreiras",
        "addr:city": "Salvador",
        "addr:state": "BA",
        "addr:country": "BR",
        "addr:postcode": "41195-200",
        "phone": "+55 71 3202-0628",
        "email": "psfbarreiras@gmail.com",
        "amenity": "clinic",
        "healthcare": "clinic",
        "name": "Unidade Básica de Saúde Usf de Barreiras",
        "short_name": "UBS Usf de Barreiras",
        "comment": "UBS",
        "qtd_equipes_esf": 4,
        "qtd_equipes_eap": 0,
        "qtd_equipes_total": 9,
        "capacidade_pnab": 14000,
        "nomes_equipes": "HORTO FLORESTAL; NASF BARREIRAS; ESB FLOR DO EBANO; ESB HORTO FLORESTAL; ESB BEM-ME-QUER; ESB PRIMAVERA; FLOR DO EBANO; PRIMAVERA; BEM-ME-QUER"
      },
      "geometry": {
        "type": "Point",
        "coordinates": [
          -38.4573925,
          -12.9427998
        ]
      }
    },
    {
      "type": "Feature",
      "id": 6955,
      "properties": {
        "operator": "Prefeitura Municipal de Salvador",
        "operator:type": "public",
        "ref:CNES": "6955",
        "source": "cnes;datasus;dados_abertos_saude",
        "official_name": "USF DE BEIRA MANGUE",
        "addr:street": "Rua Av Afranio Peixoto",
        "addr:suburb": "São Bartolomeu",
        "addr:city": "Salvador",
        "addr:state": "BA",
        "addr:country": "BR",
        "addr:postcode": "40350-000",
        "email": "usfbeiramangue@gmail.com",
        "amenity": "clinic",
        "healthcare": "clinic",
        "name": "Unidade Básica de Saúde Usf de Beira Mangue",
        "short_name": "UBS Usf de Beira Mangue",
        "comment": "UBS",
        "qtd_equipes_esf": 2,
        "qtd_equipes_eap": 0,
        "qtd_equipes_total": 4,
        "capacidade_pnab": 7000,
        "nomes_equipes": "BOIADEIRO / EQUIPE 1; NOVOS ALAGADOS; ESB BOIADEIRO- EQUIPE 1; ESB NOVOS ALAGADOS"
      },
      "geometry": {
        "type": "Point",
        "coordinates": [
          -38.4823391,
          -12.9229084
        ]
      }
    },
    {
      "type": "Feature",
      "id": 2653370,
      "properties": {
        "operator": "Prefeitura Municipal de Salvador",
        "operator:type": "public",
        "ref:CNES": "2653370",
        "source": "cnes;datasus;dados_abertos_saude",
        "official_name": "USF DE ITACARANHA",
        "addr:street": "Rua Pipira",
        "addr:suburb": "Itacaranha",
        "addr:city": "Salvador",
        "addr:state": "BA",
        "addr:country": "BR",
        "addr:postcode": "40713-210",
        "amenity": "clinic",
        "healthcare": "clinic",
        "name": "Unidade Básica de Saúde Usf de Itacaranha",
        "short_name": "UBS Usf de Itacaranha",
        "comment": "UBS",
        "qtd_equipes_esf": 3,
        "qtd_equipes_eap": 0,
        "qtd_equipes_total": 4,
        "capacidade_pnab": 10500,
        "nomes_equipes": "ITACARANHA CONJ. ACM; ITACARANHA DE CIMA; ESB ITACARANHA DE BAIXO; ITACARANHA DE BAIXO"
      },
      "geometry": {
        "type": "Point",
        "coordinates": [
          -38.4844866,
          -12.8852468
        ]
      }
    },
    {
      "type": "Feature",
      "id": 3909611,
      "properties": {
        "operator": "Prefeitura Municipal de Salvador",
        "operator:type": "public",
        "ref:CNES": "3909611",
        "source": "cnes;datasus;dados_abertos_saude",
        "official_name": "USF DE PITUACU",
        "addr:street": "Rua Goncalves Cesimbra",
        "addr:housenumber": "88",
        "addr:suburb": "Pituacu",
        "addr:city": "Salvador",
        "addr:state": "BA",
        "addr:country": "BR",
        "addr:postcode": "41741-155",
        "phone": "+55 71 3202-0600",
        "email": "usf.pituacu@salvador.ba.gov.br",
        "amenity": "clinic",
        "healthcare": "clinic",
        "name": "Unidade Básica de Saúde Usf de Pituacu",
        "short_name": "UBS Usf de Pituacu",
        "comment": "UBS",
        "qtd_equipes_esf": 3,
        "qtd_equipes_eap": 0,
        "qtd_equipes_total": 5,
        "capacidade_pnab": 10500,
        "nomes_equipes": "MAE RAINHA; ESTRELA; SOL; MAE RAINHA; ESB ESTRELA"
      },
      "geometry": {
        "type": "Point",
        "coordinates": [
          -38.4880257,
          -13.0149903
        ]
      }
    },
    {
      "type": "Feature",
      "id": 5231,
      "properties": {
        "operator": "Prefeitura Municipal de Salvador",
        "operator:type": "public",
        "ref:CNES": "5231",
        "source": "cnes;datasus;dados_abertos_saude",
        "official_name": "USF DEP CRISTOVAO FERREIRA SARAMANDAIA",
        "addr:street": "Rua da Horta",
        "addr:suburb": "Saramandaia",
        "addr:city": "Salvador",
        "addr:state": "BA",
        "addr:country": "BR",
        "addr:postcode": "41100-360",
        "phone": "3202-1638/3202-0914",
        "amenity": "clinic",
        "healthcare": "clinic",
        "name": "Unidade Básica de Saúde Usf Dep Cristóvão Ferreira Saramandaia",
        "short_name": "UBS Usf Dep Cristóvão Ferreira Saramandaia",
        "comment": "UBS",
        "qtd_equipes_esf": 4,
        "qtd_equipes_eap": 0,
        "qtd_equipes_total": 5,
        "capacidade_pnab": 14000,
        "nomes_equipes": "VERDE; VERMELHA; AZUL; ESB VERMELHA; AMARELA"
      },
      "geometry": {
        "type": "Point",
        "coordinates": [
          -38.4878325,
          -13.0147603
        ]
      }
    },
    {
      "type": "Feature",
      "id": 9677186,
      "properties": {
        "operator": "Prefeitura Municipal de Salvador",
        "operator:type": "public",
        "ref:CNES": "9677186",
        "source": "cnes;datasus;dados_abertos_saude",
        "official_name": "USF DEPUTADO LUIZ BRAGA",
        "addr:street": "Rua Alto do Mar Rua Samanbaia",
        "addr:housenumber": "00",
        "addr:suburb": "Piraja Velho",
        "addr:city": "Salvador",
        "addr:state": "BA",
        "addr:country": "BR",
        "addr:postcode": "41290-534",
        "phone": "+55 46 98649-9532",
        "email": "usfluizbraga@gmail.com",
        "amenity": "clinic",
        "healthcare": "clinic",
        "name": "Unidade Básica de Saúde Usf Deputado Luiz Braga",
        "short_name": "UBS Usf Deputado Luiz Braga",
        "comment": "UBS",
        "qtd_equipes_esf": 4,
        "qtd_equipes_eap": 0,
        "qtd_equipes_total": 8,
        "capacidade_pnab": 14000,
        "nomes_equipes": "EQUIPE 4; EQUIPE 3; EQUIPE 2; EQUIPE 1; ESB EQUIPE 1; ESB EQUIPE 3; ESB EQUIPE 4; ESB EQUIPE 2"
      },
      "geometry": {
        "type": "Point",
        "coordinates": [
          -38.4682739,
          -12.9017874
        ]
      }
    },
    {
      "type": "Feature",
      "id": 6866,
      "properties": {
        "operator": "Prefeitura Municipal de Salvador",
        "operator:type": "public",
        "ref:CNES": "6866",
        "source": "cnes;datasus;dados_abertos_saude",
        "official_name": "USF DO ALTO DAS POMBAS",
        "addr:street": "Rua Nossa Senhora de Fatima",
        "addr:suburb": "Federacao",
        "addr:city": "Salvador",
        "addr:state": "BA",
        "addr:country": "BR",
        "addr:postcode": "40226-500",
        "phone": "+55 71 3202-0766",
        "email": "usf.altodaspombas@salvador.ba.gov.br",
        "amenity": "clinic",
        "healthcare": "clinic",
        "name": "Unidade Básica de Saúde Usf do Alto das Pombas",
        "short_name": "UBS Usf do Alto das Pombas",
        "comment": "UBS",
        "qtd_equipes_esf": 2,
        "qtd_equipes_eap": 0,
        "qtd_equipes_total": 3,
        "capacidade_pnab": 7000,
        "nomes_equipes": "ESB EQ. CORACAO DE MARIA; EQ. CORACAO DE MARIA; EQ. NOSSA SRª DE FATIMA"
      },
      "geometry": {
        "type": "Point",
        "coordinates": [
          -38.5137856,
          -13.0011289
        ]
      }
    },
    {
      "type": "Feature",
      "id": 3015785,
      "properties": {
        "operator": "Prefeitura Municipal de Salvador",
        "operator:type": "public",
        "ref:CNES": "3015785",
        "source": "cnes;datasus;dados_abertos_saude",
        "official_name": "USF DO CANDEAL PEQUENO",
        "addr:street": "Rua 18 de Agosto",
        "addr:suburb": "Candeal Pequeno Br",
        "addr:city": "Salvador",
        "addr:state": "BA",
        "addr:country": "BR",
        "addr:postcode": "40296-340",
        "email": "candeal.saude@gmail.com",
        "amenity": "clinic",
        "healthcare": "clinic",
        "name": "Unidade Básica de Saúde Usf do Candeal Pequeno",
        "short_name": "UBS Usf do Candeal Pequeno",
        "comment": "UBS",
        "qtd_equipes_esf": 3,
        "qtd_equipes_eap": 0,
        "qtd_equipes_total": 6,
        "capacidade_pnab": 10500,
        "nomes_equipes": "ESB PEDRA DO MARFIM; GUETHO; PEDRA DO MARFIM; EQUIPE PRACATUM; GUETHO; PRACATUM"
      },
      "geometry": {
        "type": "Point",
        "coordinates": [
          -38.481245,
          -12.9953322
        ]
      }
    },
    {
      "type": "Feature",
      "id": 5207,
      "properties": {
        "operator": "Prefeitura Municipal de Salvador",
        "operator:type": "public",
        "ref:CNES": "5207",
        "source": "cnes;datasus;dados_abertos_saude",
        "official_name": "USF DOM AVELAR",
        "addr:street": "Rua das Paulinas",
        "addr:suburb": "Dom Avelar",
        "addr:city": "Salvador",
        "addr:state": "BA",
        "addr:country": "BR",
        "addr:postcode": "41315-150",
        "phone": "+55 71 3202-1275",
        "email": "usfdomavelar@gmail.com",
        "amenity": "clinic",
        "healthcare": "clinic",
        "name": "Unidade Básica de Saúde Usf Dom Avelar",
        "short_name": "UBS Usf Dom Avelar",
        "comment": "UBS",
        "qtd_equipes_esf": 3,
        "qtd_equipes_eap": 0,
        "qtd_equipes_total": 7,
        "capacidade_pnab": 10500,
        "nomes_equipes": "DOM AVELAR I; EMULTI PAU DA LIMA; ESB DOM AVELAR III; ESB DOM AVELAR II; ESB DOM AVELAR I; DOM AVELAR III; DOM AVELAR II"
      },
      "geometry": {
        "type": "Point",
        "coordinates": [
          -38.5108888,
          -12.9709051
        ]
      }
    },
    {
      "type": "Feature",
      "id": 5242657,
      "properties": {
        "operator": "Prefeitura Municipal de Salvador",
        "operator:type": "public",
        "ref:CNES": "5242657",
        "source": "cnes;datasus;dados_abertos_saude",
        "official_name": "USF DONA IRACI ISABEL DA SILVA GAMBOA",
        "addr:street": "Rua Gabriel Soares",
        "addr:housenumber": "58",
        "addr:suburb": "Aflitos",
        "addr:city": "Salvador",
        "addr:state": "BA",
        "addr:country": "BR",
        "addr:postcode": "40060-046",
        "phone": "+55 71 3202-0604",
        "email": "usfgamboa@gmail.com",
        "amenity": "clinic",
        "healthcare": "clinic",
        "name": "Unidade Básica de Saúde Usf Dona Iraci Isabel da Silva Gamboa",
        "short_name": "UBS Usf Dona Iraci Isabel da Silva Gamboa",
        "comment": "UBS",
        "qtd_equipes_esf": 3,
        "qtd_equipes_eap": 0,
        "qtd_equipes_total": 7,
        "capacidade_pnab": 10500,
        "nomes_equipes": "ESB GAMBOA III; EQUIPE V; ESB GAMBOA II; ESB PSF GAMBOA; GAMBOA III; GAMBOA II; PSF GAMBOA"
      },
      "geometry": {
        "type": "Point",
        "coordinates": [
          -38.5192922,
          -12.9833542
        ]
      }
    },
    {
      "type": "Feature",
      "id": 6389023,
      "properties": {
        "operator": "Prefeitura Municipal de Salvador",
        "operator:type": "public",
        "ref:CNES": "6389023",
        "source": "cnes;datasus;dados_abertos_saude",
        "official_name": "USF ESTRADA DA COCISA",
        "addr:street": "Travessa Montes Claros",
        "addr:suburb": "Paripe",
        "addr:city": "Salvador",
        "addr:state": "BA",
        "addr:country": "BR",
        "addr:postcode": "40810-620",
        "phone": "+55 71 98438-4220",
        "email": "usfcocisa@yahoo.com.br",
        "amenity": "clinic",
        "healthcare": "clinic",
        "name": "Unidade Básica de Saúde Usf Estrada da Cocisa",
        "short_name": "UBS Usf Estrada da Cocisa",
        "comment": "UBS",
        "qtd_equipes_esf": 4,
        "qtd_equipes_eap": 0,
        "qtd_equipes_total": 7,
        "capacidade_pnab": 14000,
        "nomes_equipes": "COCISA II; COCISA III; ESB COCISA IV; COCISA; ESB COCISA II; ESB COCISA; COCISA IV"
      },
      "geometry": {
        "type": "Point",
        "coordinates": [
          -38.4752693,
          -12.8324547
        ]
      }
    },
    {
      "type": "Feature",
      "id": 7633254,
      "properties": {
        "operator": "Prefeitura Municipal de Salvador",
        "operator:type": "public",
        "ref:CNES": "7633254",
        "source": "cnes;datasus;dados_abertos_saude",
        "official_name": "USF FAZENDA COUTOS I",
        "addr:street": "Rua Deodoro da Fonseca",
        "addr:suburb": "Fazenda Coutos",
        "addr:city": "Salvador",
        "addr:state": "BA",
        "addr:country": "BR",
        "addr:postcode": "40010-010",
        "phone": "+55 46 3202-1868",
        "amenity": "clinic",
        "healthcare": "clinic",
        "name": "Unidade Básica de Saúde Usf Fazenda Coutos I",
        "short_name": "UBS Usf Fazenda Coutos I",
        "comment": "UBS",
        "qtd_equipes_esf": 3,
        "qtd_equipes_eap": 0,
        "qtd_equipes_total": 6,
        "capacidade_pnab": 10500,
        "nomes_equipes": "ESB EQUIPE III; ESB EQUIPE I; EQUIPE I; EQUIPE II; EQUIPE III; ESB EQUIPE II"
      },
      "geometry": {
        "type": "Point",
        "coordinates": [
          -38.4682664,
          -12.850003
        ]
      }
    },
    {
      "type": "Feature",
      "id": 3339181,
      "properties": {
        "operator": "Prefeitura Municipal de Salvador",
        "operator:type": "public",
        "ref:CNES": "3339181",
        "source": "cnes;datasus;dados_abertos_saude",
        "official_name": "USF FAZENDA COUTOS II",
        "addr:street": "Rua Cristóvão Barreto de Araujo",
        "addr:suburb": "Fazenda Coutos III",
        "addr:city": "Salvador",
        "addr:state": "BA",
        "addr:country": "BR",
        "addr:postcode": "40731-165",
        "phone": "+55 71 3202-0668",
        "amenity": "clinic",
        "healthcare": "clinic",
        "name": "Unidade Básica de Saúde Usf Fazenda Coutos II",
        "short_name": "UBS Usf Fazenda Coutos II",
        "comment": "UBS",
        "qtd_equipes_esf": 2,
        "qtd_equipes_eap": 0,
        "qtd_equipes_total": 2,
        "capacidade_pnab": 7000,
        "nomes_equipes": "JORGE AMADO; CLUBE DE MAES"
      },
      "geometry": {
        "type": "Point",
        "coordinates": [
          -38.462791,
          -12.846687
        ]
      }
    },
    {
      "type": "Feature",
      "id": 2653346,
      "properties": {
        "operator": "Prefeitura Municipal de Salvador",
        "operator:type": "public",
        "ref:CNES": "2653346",
        "source": "cnes;datasus;dados_abertos_saude",
        "official_name": "USF FAZENDA COUTOS III",
        "addr:street": "Rua Dom Macedo Costa",
        "addr:suburb": "Fazenda Coutos III",
        "addr:city": "Salvador",
        "addr:state": "BA",
        "addr:country": "BR",
        "addr:postcode": "40760-250",
        "email": "usffcoutos3@gmail.com",
        "amenity": "clinic",
        "healthcare": "clinic",
        "name": "Unidade Básica de Saúde Usf Fazenda Coutos III",
        "short_name": "UBS Usf Fazenda Coutos III",
        "comment": "UBS",
        "qtd_equipes_esf": 2,
        "qtd_equipes_eap": 0,
        "qtd_equipes_total": 4,
        "capacidade_pnab": 7000,
        "nomes_equipes": "ESB IGUATEMI; ESB CAMPO; CAMPO; IGUATEMI"
      },
      "geometry": {
        "type": "Point",
        "coordinates": [
          -38.4603375,
          -12.8488842
        ]
      }
    },
    {
      "type": "Feature",
      "id": 102911,
      "properties": {
        "operator": "Prefeitura Municipal de Salvador",
        "operator:type": "public",
        "ref:CNES": "102911",
        "source": "cnes;datasus;dados_abertos_saude",
        "official_name": "USF FAZENDA GRANDE III",
        "addr:street": "Rua Na Rua Demerval de Souza Gusmao Quadra D",
        "addr:suburb": "Cajazeiras",
        "addr:city": "Salvador",
        "addr:state": "BA",
        "addr:country": "BR",
        "addr:postcode": "41343-275",
        "phone": "+55 71 3202-0718",
        "amenity": "clinic",
        "healthcare": "clinic",
        "name": "Unidade Básica de Saúde Usf Fazenda Grande III",
        "short_name": "UBS Usf Fazenda Grande III",
        "comment": "UBS",
        "qtd_equipes_esf": 4,
        "qtd_equipes_eap": 0,
        "qtd_equipes_total": 9,
        "capacidade_pnab": 14000,
        "nomes_equipes": "EMULTI CAJAZEIRAS; EQUIPE 2; ACEROLA; MARACUJA; CAJA; PITANGA; EQUIPE 3; EQUIPE 1; EQUIPE 4"
      },
      "geometry": {
        "type": "Point",
        "coordinates": [
          -38.502304,
          -12.9730401
        ]
      }
    },
    {
      "type": "Feature",
      "id": 7034083,
      "properties": {
        "operator": "Prefeitura Municipal de Salvador",
        "operator:type": "public",
        "ref:CNES": "7034083",
        "source": "cnes;datasus;dados_abertos_saude",
        "official_name": "USF FERNANDO FILGUEIRAS ALTO DA CACHOEIRINHA",
        "addr:street": "Rua Alto da Cachoeirinha",
        "addr:suburb": "Cabula Vi",
        "addr:city": "Salvador",
        "addr:state": "BA",
        "addr:country": "BR",
        "addr:postcode": "41180-700",
        "phone": "+55 46 3202-3280",
        "email": "usfffilgueiras@salvador.ba.gov.br",
        "amenity": "clinic",
        "healthcare": "clinic",
        "name": "Unidade Básica de Saúde Usf Fernando Filgueiras Alto da Cachoeirinha",
        "short_name": "UBS Usf Fernando Filgueiras Alto da Cachoeirinha",
        "comment": "UBS",
        "qtd_equipes_esf": 4,
        "qtd_equipes_eap": 0,
        "qtd_equipes_total": 8,
        "capacidade_pnab": 14000,
        "nomes_equipes": "ESB ALTO DA CACHOEIRINHA I; ALTO DA CACHOEIRINHA III; ALTO DA CACHOEIRINHA II; ESB ALTO DA CACHOEIRINHA III; ALTO DA CACHOEIRINHA I; ALTO DA CACHOEIRINHA IV; ESB ALTO DA CACHOEIRINHA IV; ESB ALTO DA CACHOEIRINHA II"
      },
      "geometry": {
        "type": "Point",
        "coordinates": [
          -38.437863,
          -12.9541085
        ]
      }
    },
    {
      "type": "Feature",
      "id": 6858,
      "properties": {
        "operator": "Prefeitura Municipal de Salvador",
        "operator:type": "public",
        "ref:CNES": "6858",
        "source": "cnes;datasus;dados_abertos_saude",
        "official_name": "USF FIAIS",
        "addr:street": "Rua Voluntarios da Patria",
        "addr:housenumber": "67",
        "addr:suburb": "Santa Luzia do Lobat",
        "addr:city": "Salvador",
        "addr:state": "BA",
        "addr:country": "BR",
        "addr:postcode": "40470-390",
        "phone": "+55 71 3202-0683",
        "email": "usf_fiais@yahoo.com.br",
        "amenity": "clinic",
        "healthcare": "clinic",
        "name": "Unidade Básica de Saúde Usf Fiais",
        "short_name": "UBS Usf Fiais",
        "comment": "UBS",
        "qtd_equipes_esf": 4,
        "qtd_equipes_eap": 0,
        "qtd_equipes_total": 5,
        "capacidade_pnab": 14000,
        "nomes_equipes": "MARATANA; ESPERANCA; PAULO BRAZ; LUZ; ESB MARANATA"
      },
      "geometry": {
        "type": "Point",
        "coordinates": [
          -38.4869699,
          -12.9298736
        ]
      }
    },
    {
      "type": "Feature",
      "id": 154016,
      "properties": {
        "operator": "Prefeitura Municipal de Salvador",
        "operator:type": "public",
        "ref:CNES": "154016",
        "source": "cnes;datasus;dados_abertos_saude",
        "official_name": "USF IAPI",
        "addr:street": "Rua Dalmiro São Pedro",
        "addr:housenumber": "255",
        "addr:suburb": "Pau Miudo",
        "addr:city": "Salvador",
        "addr:state": "BA",
        "addr:country": "BR",
        "addr:postcode": "40330-000",
        "phone": "+55 71 3202-0620",
        "email": "ubsiapio@gmail.com",
        "amenity": "clinic",
        "healthcare": "clinic",
        "name": "Unidade Básica de Saúde Usf Iapi",
        "short_name": "UBS Usf Iapi",
        "comment": "UBS",
        "qtd_equipes_esf": 3,
        "qtd_equipes_eap": 0,
        "qtd_equipes_total": 6,
        "capacidade_pnab": 10500,
        "nomes_equipes": "ESB I - BEIJA FLOR; EQUIPE III MANDACARU; ESB II - GIRASSOL; ESB 03 MANDACARU; EQUIPE II GIRASSOL; EQUIPE I BEIJA FLOR"
      },
      "geometry": {
        "type": "Point",
        "coordinates": [
          -38.4811123,
          -12.9584985
        ]
      }
    },
    {
      "type": "Feature",
      "id": 6963,
      "properties": {
        "operator": "Prefeitura Municipal de Salvador",
        "operator:type": "public",
        "ref:CNES": "6963",
        "source": "cnes;datasus;dados_abertos_saude",
        "official_name": "USF ILHA AMARELA",
        "addr:street": "Rua Boa Esperança",
        "addr:suburb": "Ilha Amarela",
        "addr:city": "Salvador",
        "addr:state": "BA",
        "addr:country": "BR",
        "addr:postcode": "40350-000",
        "phone": "+55 71 3611-5604",
        "amenity": "clinic",
        "healthcare": "clinic",
        "name": "Unidade Básica de Saúde Usf Ilha Amarela",
        "short_name": "UBS Usf Ilha Amarela",
        "comment": "UBS",
        "qtd_equipes_esf": 4,
        "qtd_equipes_eap": 0,
        "qtd_equipes_total": 7,
        "capacidade_pnab": 14000,
        "nomes_equipes": "NILO; LOTEAMENTO; ILHA AMARELA; CIPO; ESB NILO; ESB LOTEAMENTO; ESB ILHA AMARELA"
      },
      "geometry": {
        "type": "Point",
        "coordinates": [
          -38.4854351,
          -12.9382986
        ]
      }
    },
    {
      "type": "Feature",
      "id": 6386482,
      "properties": {
        "operator": "Prefeitura Municipal de Salvador",
        "operator:type": "public",
        "ref:CNES": "6386482",
        "source": "cnes;datasus;dados_abertos_saude",
        "official_name": "USF ILHA DE MARE",
        "addr:street": "Rua Ilha de Mare",
        "addr:suburb": "Praia Grande",
        "addr:city": "Salvador",
        "addr:state": "BA",
        "addr:country": "BR",
        "addr:postcode": "42500-710",
        "amenity": "clinic",
        "healthcare": "clinic",
        "name": "Unidade Básica de Saúde Usf Ilha de Mare",
        "short_name": "UBS Usf Ilha de Mare",
        "comment": "UBS",
        "qtd_equipes_esf": 2,
        "qtd_equipes_eap": 0,
        "qtd_equipes_total": 5,
        "capacidade_pnab": 7000,
        "nomes_equipes": "ESB MARE QUILOMBOLA II; MARE QUILOMBOLA II; MARE QUILOMBOLA I; ESB MARE QUILOMBOLA I; EMULTI ILHA DE MARE"
      },
      "geometry": {
        "type": "Point",
        "coordinates": [
          -38.5275025,
          -12.7704987
        ]
      }
    },
    {
      "type": "Feature",
      "id": 57460,
      "properties": {
        "operator": "Prefeitura Municipal de Salvador",
        "operator:type": "public",
        "ref:CNES": "57460",
        "source": "cnes;datasus;dados_abertos_saude",
        "official_name": "USF IMBUI",
        "addr:street": "Rua Professor Jairo Simoes",
        "addr:housenumber": "100",
        "addr:suburb": "Bate Facho Imbui",
        "addr:city": "Salvador",
        "addr:state": "BA",
        "addr:country": "BR",
        "addr:postcode": "41720-440",
        "amenity": "clinic",
        "healthcare": "clinic",
        "name": "Unidade Básica de Saúde Usf Imbui",
        "short_name": "UBS Usf Imbui",
        "comment": "UBS",
        "qtd_equipes_esf": 4,
        "qtd_equipes_eap": 0,
        "qtd_equipes_total": 8,
        "capacidade_pnab": 14000,
        "nomes_equipes": "BATE FACHO 04; BARREIRO 01; BARREIRO 02; ESB BATE FACHO 04; ESB BATE FACHO 03; ESB BARREIRO 01; ESB BARREIRO 02; BATE FACHO 03"
      },
      "geometry": {
        "type": "Point",
        "coordinates": [
          -38.4302509,
          -12.9623906
        ]
      }
    },
    {
      "type": "Feature",
      "id": 104698,
      "properties": {
        "operator": "Prefeitura Municipal de Salvador",
        "operator:type": "public",
        "ref:CNES": "104698",
        "source": "cnes;datasus;dados_abertos_saude",
        "official_name": "USF ITAPUA",
        "addr:street": "Rua da Ilha",
        "addr:housenumber": "00",
        "addr:suburb": "Itapua",
        "addr:city": "Salvador",
        "addr:state": "BA",
        "addr:country": "BR",
        "addr:postcode": "41630-571",
        "phone": "+55 46 3202-0762",
        "email": "usfitapua@salvador.ba.gov.br",
        "amenity": "clinic",
        "healthcare": "clinic",
        "name": "Unidade Básica de Saúde Usf Itapua",
        "short_name": "UBS Usf Itapua",
        "comment": "UBS",
        "qtd_equipes_esf": 4,
        "qtd_equipes_eap": 0,
        "qtd_equipes_total": 9,
        "capacidade_pnab": 14000,
        "nomes_equipes": "ESB EQUIPE BRANCO MARGARIDA; ESB VERDE; BRANCO/MARGARIDA; VERDE; EQUIPE II; ESB AMARELA GIRASSOL; AZUL; AMARELA/GIRASSOL; ESB AZUL"
      },
      "geometry": {
        "type": "Point",
        "coordinates": [
          -38.3599171,
          -12.9384132
        ]
      }
    },
    {
      "type": "Feature",
      "id": 4561,
      "properties": {
        "operator": "Prefeitura Municipal de Salvador",
        "operator:type": "public",
        "ref:CNES": "4561",
        "source": "cnes;datasus;dados_abertos_saude",
        "official_name": "USF IVONE SILVEIRA CALABAR",
        "addr:street": "Rua Maria Pinho",
        "addr:suburb": "Calabar",
        "addr:city": "Salvador",
        "addr:state": "BA",
        "addr:country": "BR",
        "addr:postcode": "40140-000",
        "phone": "+55 71 3202-0772",
        "email": "usfiscalabar@gmail.com",
        "amenity": "clinic",
        "healthcare": "clinic",
        "name": "Unidade Básica de Saúde Usf Ivone Silveira Calabar",
        "short_name": "UBS Usf Ivone Silveira Calabar",
        "comment": "UBS",
        "qtd_equipes_esf": 2,
        "qtd_equipes_eap": 0,
        "qtd_equipes_total": 5,
        "capacidade_pnab": 7000,
        "nomes_equipes": "ESB CALABARIS; CAMAROES; ESB CAMAROES; CALABARIS; NASF CALABAR"
      },
      "geometry": {
        "type": "Point",
        "coordinates": [
          -38.5152072,
          -13.0005069
        ]
      }
    },
    {
      "type": "Feature",
      "id": 6777,
      "properties": {
        "operator": "Prefeitura Municipal de Salvador",
        "operator:type": "public",
        "ref:CNES": "6777",
        "source": "cnes;datasus;dados_abertos_saude",
        "official_name": "USF JAQUEIRA DO CARNEIRO",
        "addr:street": "Rua Jaqueira do Carneiro",
        "addr:suburb": "Fazenda Grande do Re",
        "addr:city": "Salvador",
        "addr:state": "BA",
        "addr:country": "BR",
        "addr:postcode": "40353-000",
        "phone": "+55 71 3202-0688",
        "email": "usfjaqueiradocarneiro@yahoo.com.br",
        "amenity": "clinic",
        "healthcare": "clinic",
        "name": "Unidade Básica de Saúde Usf Jaqueira do Carneiro",
        "short_name": "UBS Usf Jaqueira do Carneiro",
        "comment": "UBS",
        "qtd_equipes_esf": 3,
        "qtd_equipes_eap": 0,
        "qtd_equipes_total": 7,
        "capacidade_pnab": 10500,
        "nomes_equipes": "ESB RETIROLANDIA; JAQUEIRA; NASF JAQUEIRA DO CARNEIRO; ESB PADRE TUNUCCI; ESB JAQUEIRA; RETIROLANDIA; PADRE TUNUCCI"
      },
      "geometry": {
        "type": "Point",
        "coordinates": [
          -38.4738421,
          -12.9486243
        ]
      }
    },
    {
      "type": "Feature",
      "id": 252026,
      "properties": {
        "operator": "Prefeitura Municipal de Salvador",
        "operator:type": "public",
        "ref:CNES": "252026",
        "source": "cnes;datasus;dados_abertos_saude",
        "official_name": "USF JARDIM CAMPO VERDE",
        "addr:street": "Rua Jd das Magnolias",
        "addr:suburb": "Barro Duro",
        "addr:city": "Salvador",
        "addr:state": "BA",
        "addr:country": "BR",
        "addr:postcode": "41403-435",
        "phone": "+55 71 3202-1834",
        "email": "usfjardimcampoverde@salvador.ba.gov.br",
        "amenity": "clinic",
        "healthcare": "clinic",
        "name": "Unidade Básica de Saúde Usf Jardim Campo Verde",
        "short_name": "UBS Usf Jardim Campo Verde",
        "comment": "UBS",
        "qtd_equipes_esf": 2,
        "qtd_equipes_eap": 0,
        "qtd_equipes_total": 4,
        "capacidade_pnab": 7000,
        "nomes_equipes": "EQUIPE 2; BARRO DURO; FLORES; EQUIPE 1"
      },
      "geometry": {
        "type": "Point",
        "coordinates": [
          -38.3661675,
          -12.8337281
        ]
      }
    },
    {
      "type": "Feature",
      "id": 7016476,
      "properties": {
        "operator": "Prefeitura Municipal de Salvador",
        "operator:type": "public",
        "ref:CNES": "7016476",
        "source": "cnes;datasus;dados_abertos_saude",
        "official_name": "USF JARDIM DAS MANGABEIRAS CAJAZEIRAS VIII",
        "addr:street": "Rua Direta da Mangabeira",
        "addr:housenumber": "108",
        "addr:suburb": "Cajazeiras Viii",
        "addr:city": "Salvador",
        "addr:state": "BA",
        "addr:country": "BR",
        "addr:postcode": "41338-710",
        "phone": "+55 46 3202-0717",
        "email": "usfjdmargabeiras@salvador.ba.gov.br",
        "amenity": "clinic",
        "healthcare": "clinic",
        "name": "Unidade Básica de Saúde Usf Jardim das Mangabeiras Cajazeiras Viii",
        "short_name": "UBS Usf Jardim das Mangabeiras Cajazeiras Viii",
        "comment": "UBS",
        "qtd_equipes_esf": 3,
        "qtd_equipes_eap": 0,
        "qtd_equipes_total": 4,
        "capacidade_pnab": 10500,
        "nomes_equipes": "LUZ DA RESISTENCIA; NOVOS CAMINHOS; NOVOS HORIZONTES; ESB LUZ DA RESISTENCIA"
      },
      "geometry": {
        "type": "Point",
        "coordinates": [
          -38.4123024,
          -12.9048219
        ]
      }
    },
    {
      "type": "Feature",
      "id": 9479201,
      "properties": {
        "operator": "Prefeitura Municipal de Salvador",
        "operator:type": "public",
        "ref:CNES": "9479201",
        "source": "cnes;datasus;dados_abertos_saude",
        "official_name": "USF JARDIM DAS MARGARIDAS",
        "addr:street": "Rua Joaquim Ferreira",
        "addr:suburb": "Jardim das Margarida",
        "addr:city": "Salvador",
        "addr:state": "BA",
        "addr:country": "BR",
        "addr:postcode": "41502-200",
        "email": "usfjdmargaridas@salvador.ba.gov.br",
        "amenity": "clinic",
        "healthcare": "clinic",
        "name": "Unidade Básica de Saúde Usf Jardim das Margaridas",
        "short_name": "UBS Usf Jardim das Margaridas",
        "comment": "UBS",
        "qtd_equipes_esf": 4,
        "qtd_equipes_eap": 0,
        "qtd_equipes_total": 7,
        "capacidade_pnab": 14000,
        "nomes_equipes": "ESB EQUIPE 1; EQUIPE 4; ESB EQUIPE 2; ESB EQUIPE 3; EQUIPE 1; EQUIPE 3; EQUIPE 2"
      },
      "geometry": {
        "type": "Point",
        "coordinates": [
          -38.3610043,
          -12.8938393
        ]
      }
    },
    {
      "type": "Feature",
      "id": 6939,
      "properties": {
        "operator": "Prefeitura Municipal de Salvador",
        "operator:type": "public",
        "ref:CNES": "6939",
        "source": "cnes;datasus;dados_abertos_saude",
        "official_name": "USF JOANES CENTRO OESTE HAMESA",
        "addr:street": "Rua Conj Joanes Centro Oeste Quadra 18 Lote 17",
        "addr:suburb": "Lobato",
        "addr:city": "Salvador",
        "addr:state": "BA",
        "addr:country": "BR",
        "addr:postcode": "40470-380",
        "phone": "+55 71 3202-0637",
        "email": "dste_jco@salvador.ba.gov.br",
        "amenity": "clinic",
        "healthcare": "clinic",
        "name": "Unidade Básica de Saúde Usf Joanes Centro Oeste Hamesa",
        "short_name": "UBS Usf Joanes Centro Oeste Hamesa",
        "comment": "UBS",
        "qtd_equipes_esf": 2,
        "qtd_equipes_eap": 0,
        "qtd_equipes_total": 3,
        "capacidade_pnab": 7000,
        "nomes_equipes": "HAMESA; HAMESA; PRAINHA"
      },
      "geometry": {
        "type": "Point",
        "coordinates": [
          -38.4887123,
          -12.9219182
        ]
      }
    },
    {
      "type": "Feature",
      "id": 28444,
      "properties": {
        "operator": "Prefeitura Municipal de Salvador",
        "operator:type": "public",
        "ref:CNES": "28444",
        "source": "cnes;datasus;dados_abertos_saude",
        "official_name": "USF JOANES LESTE",
        "addr:street": "Rua Conjunto Joanes Leste Quadra 23 Rua Guaraita",
        "addr:suburb": "Lobato",
        "addr:city": "Salvador",
        "addr:state": "BA",
        "addr:country": "BR",
        "addr:postcode": "40470-370",
        "phone": "+55 71 3202-1607",
        "email": "dsite.jleste@salvador.ba.gov.br",
        "amenity": "clinic",
        "healthcare": "clinic",
        "name": "Unidade Básica de Saúde Usf Joanes Leste",
        "short_name": "UBS Usf Joanes Leste",
        "comment": "UBS",
        "qtd_equipes_esf": 3,
        "qtd_equipes_eap": 0,
        "qtd_equipes_total": 4,
        "capacidade_pnab": 10500,
        "nomes_equipes": "SAN DIEGO PENISULA DO JOANES; EQUIPE 01 AZUL; SAN DIEGO PENISULA DO JOANES; CONJUNTO JOANES CENTRO OESTE"
      },
      "geometry": {
        "type": "Point",
        "coordinates": [
          -38.4867382,
          -12.9222529
        ]
      }
    },
    {
      "type": "Feature",
      "id": 9699899,
      "properties": {
        "operator": "Prefeitura Municipal de Salvador",
        "operator:type": "public",
        "ref:CNES": "9699899",
        "source": "cnes;datasus;dados_abertos_saude",
        "official_name": "USF JOAO ROMA FILHO",
        "addr:street": "Rua Av Aliomar Baleeiro",
        "addr:suburb": "Novo Marotinho",
        "addr:city": "Salvador",
        "addr:state": "BA",
        "addr:country": "BR",
        "addr:postcode": "41385-160",
        "phone": "+55 71 3202-1283",
        "email": "usfjoaoroma@gmail.com",
        "amenity": "clinic",
        "healthcare": "clinic",
        "name": "Unidade Básica de Saúde Usf João Roma Filho",
        "short_name": "UBS Usf João Roma Filho",
        "comment": "UBS",
        "qtd_equipes_esf": 4,
        "qtd_equipes_eap": 0,
        "qtd_equipes_total": 8,
        "capacidade_pnab": 14000,
        "nomes_equipes": "ESB EQUIPE IV; ESB EQUIPE 3; ESB EQUIPE 2; ESB EQUIPE 1; EQUIPE 1; EQUIPE IV; EQUIPE 3; EQUIPE 2"
      },
      "geometry": {
        "type": "Point",
        "coordinates": [
          -38.4220481,
          -12.9169394
        ]
      }
    },
    {
      "type": "Feature",
      "id": 411582,
      "properties": {
        "operator": "Prefeitura Municipal de Salvador",
        "operator:type": "public",
        "ref:CNES": "411582",
        "source": "cnes;datasus;dados_abertos_saude",
        "official_name": "USF KM 17",
        "addr:street": "Rua Edmundo Espinola do Km 17",
        "addr:housenumber": "162",
        "addr:suburb": "Itapua",
        "addr:city": "Salvador",
        "addr:state": "BA",
        "addr:country": "BR",
        "addr:postcode": "41630-645",
        "phone": "+55 46 3202-0760",
        "email": "usfkm17@salvador.ba.gov.br",
        "amenity": "clinic",
        "healthcare": "clinic",
        "name": "Unidade Básica de Saúde Usf Km 17",
        "short_name": "UBS Usf Km 17",
        "comment": "UBS",
        "qtd_equipes_esf": 4,
        "qtd_equipes_eap": 0,
        "qtd_equipes_total": 8,
        "capacidade_pnab": 14000,
        "nomes_equipes": "ESB EQUIPE 03; ESB EQUIPE 01; ESB EQUIPE 2; EQUIPE IV; EQUIPE III; EQUIPE II; EQUIPE I; ESB EQUIPE 4"
      },
      "geometry": {
        "type": "Point",
        "coordinates": [
          -38.3666966,
          -12.9356517
        ]
      }
    },
    {
      "type": "Feature",
      "id": 9987991,
      "properties": {
        "operator": "Prefeitura Municipal de Salvador",
        "operator:type": "public",
        "ref:CNES": "9987991",
        "source": "cnes;datasus;dados_abertos_saude",
        "official_name": "USF LAGOA DA PAIXAO",
        "addr:street": "Rua Morada da Lagoa",
        "addr:suburb": "Nova Brasilia de Val",
        "addr:city": "Salvador",
        "addr:state": "BA",
        "addr:country": "BR",
        "addr:postcode": "41306-745",
        "phone": "+55 71 3202-0703",
        "amenity": "clinic",
        "healthcare": "clinic",
        "name": "Unidade Básica de Saúde Usf Lagoa da Paixao",
        "short_name": "UBS Usf Lagoa da Paixao",
        "comment": "UBS",
        "qtd_equipes_esf": 3,
        "qtd_equipes_eap": 0,
        "qtd_equipes_total": 6,
        "capacidade_pnab": 10500,
        "nomes_equipes": "ESB EQUIPE 2; ESB EQUIPE 1; EQUIPE 1; ESB EQUIPE 3; EQUIPE 3; EQUIPE 2"
      },
      "geometry": {
        "type": "Point",
        "coordinates": [
          -38.4508148,
          -12.8533851
        ]
      }
    },
    {
      "type": "Feature",
      "id": 2845180,
      "properties": {
        "operator": "Prefeitura Municipal de Salvador",
        "operator:type": "public",
        "ref:CNES": "2845180",
        "source": "cnes;datasus;dados_abertos_saude",
        "official_name": "USF LEALDINA BARROS VALE DA MURICOCA",
        "addr:street": "Rua R Sérgio de Carvalho",
        "addr:suburb": "Engenho Velho da Fed",
        "addr:city": "Salvador",
        "addr:state": "BA",
        "addr:country": "BR",
        "addr:postcode": "40230-680",
        "phone": "+55 71 99684-4338",
        "email": "usf.lealdinabarros@salvador.ba.gov.br",
        "amenity": "clinic",
        "healthcare": "clinic",
        "name": "Unidade Básica de Saúde Usf Lealdina Barros Vale da Muricoca",
        "short_name": "UBS Usf Lealdina Barros Vale da Muricoca",
        "comment": "UBS",
        "qtd_equipes_esf": 4,
        "qtd_equipes_eap": 0,
        "qtd_equipes_total": 8,
        "capacidade_pnab": 14000,
        "nomes_equipes": "ESB PARQUE SAO BRAZ; ESB EQUIPE LIRIO DO VALE; ESB EQUIPE VILA DA PEDRA; EQUIPE LIRIO DO VALE; EQUIPE SAO SALVADOR; ESB EQUIPE SAO SALVADOR; EQUIPE PARQ. SAO BRAZ; EQUIPE VILA DA PEDRA"
      },
      "geometry": {
        "type": "Point",
        "coordinates": [
          -38.4968886,
          -12.9972044
        ]
      }
    },
    {
      "type": "Feature",
      "id": 4622111,
      "properties": {
        "operator": "Prefeitura Municipal de Salvador",
        "operator:type": "public",
        "ref:CNES": "4622111",
        "source": "cnes;datasus;dados_abertos_saude",
        "official_name": "USF LIBERDADE",
        "addr:street": "Estrada da Liberdade",
        "addr:housenumber": "175",
        "addr:suburb": "Liberdade",
        "addr:city": "Salvador",
        "addr:state": "BA",
        "addr:country": "BR",
        "addr:postcode": "40375-000",
        "phone": "+55 71 3202-0871",
        "email": "usf.liberdade@salvador.ba.gov.br",
        "amenity": "clinic",
        "healthcare": "clinic",
        "name": "Unidade Básica de Saúde Usf Liberdade",
        "short_name": "UBS Usf Liberdade",
        "comment": "UBS",
        "qtd_equipes_esf": 3,
        "qtd_equipes_eap": 0,
        "qtd_equipes_total": 6,
        "capacidade_pnab": 10500,
        "nomes_equipes": "ESB 1 - MUZENZA; URANIA VANERIO; MARIA QUITERIA; EQUIPE 3 - MARIA FELIPA; EQUIPE 1 - MARIA QUITERIA; EQUIPE 2 - CATARINA PARAGUACU"
      },
      "geometry": {
        "type": "Point",
        "coordinates": [
          -38.497599,
          -12.9502197
        ]
      }
    },
    {
      "type": "Feature",
      "id": 9694501,
      "properties": {
        "operator": "Prefeitura Municipal de Salvador",
        "operator:type": "public",
        "ref:CNES": "9694501",
        "source": "cnes;datasus;dados_abertos_saude",
        "official_name": "USF MATA ESCURA",
        "addr:street": "Rua Cardeal Brandao Vilela",
        "addr:suburb": "Mata Escura",
        "addr:city": "Salvador",
        "addr:state": "BA",
        "addr:country": "BR",
        "addr:postcode": "41219-600",
        "email": "usfmataescura@salvador.ba.gov.br",
        "amenity": "clinic",
        "healthcare": "clinic",
        "name": "Unidade Básica de Saúde Usf Mata Escura",
        "short_name": "UBS Usf Mata Escura",
        "comment": "UBS",
        "qtd_equipes_esf": 4,
        "qtd_equipes_eap": 0,
        "qtd_equipes_total": 8,
        "capacidade_pnab": 14000,
        "nomes_equipes": "EQUIPE 2; ESB ORQUIDEA; ESB EQUIPE 02; ESB EQUIPE 3; ESB EQUIPE 2; EQUIPE 02; ORQUIDEA; EQUIPE 3"
      },
      "geometry": {
        "type": "Point",
        "coordinates": [
          -38.4551096,
          -12.9366519
        ]
      }
    },
    {
      "type": "Feature",
      "id": 9276416,
      "properties": {
        "operator": "Prefeitura Municipal de Salvador",
        "operator:type": "public",
        "ref:CNES": "9276416",
        "source": "cnes;datasus;dados_abertos_saude",
        "official_name": "USF MENINO JOEL",
        "addr:street": "Rua Professora Avany Argolo",
        "addr:suburb": "Nordeste de Amaralin",
        "addr:city": "Salvador",
        "addr:state": "BA",
        "addr:country": "BR",
        "addr:postcode": "41905-785",
        "phone": "+55 71 99680-8920",
        "email": "usfmeninojoel@salvador.ba.gov.br",
        "amenity": "clinic",
        "healthcare": "clinic",
        "name": "Unidade Básica de Saúde Usf Menino Joel",
        "short_name": "UBS Usf Menino Joel",
        "comment": "UBS",
        "qtd_equipes_esf": 3,
        "qtd_equipes_eap": 0,
        "qtd_equipes_total": 6,
        "capacidade_pnab": 10500,
        "nomes_equipes": "EQUIPE II; EQUIPE III; EQUIPE I; ESB EQUIPE III; ESB EQUIPE II; ESB EQUIPE I"
      },
      "geometry": {
        "type": "Point",
        "coordinates": [
          -38.4724072,
          -13.0095389
        ]
      }
    },
    {
      "type": "Feature",
      "id": 7592450,
      "properties": {
        "operator": "Prefeitura Municipal de Salvador",
        "operator:type": "public",
        "ref:CNES": "7592450",
        "source": "cnes;datasus;dados_abertos_saude",
        "official_name": "USF MUSSURUNGA",
        "addr:street": "Rua Setor e Caminho 16",
        "addr:suburb": "Mussurunga",
        "addr:city": "Salvador",
        "addr:state": "BA",
        "addr:country": "BR",
        "addr:postcode": "41490-000",
        "phone": "+55 71 3611-6411",
        "email": "usfmussurunga1@salvador.ba.gov.br",
        "amenity": "clinic",
        "healthcare": "clinic",
        "name": "Unidade Básica de Saúde Usf Mussurunga",
        "short_name": "UBS Usf Mussurunga",
        "comment": "UBS",
        "qtd_equipes_esf": 4,
        "qtd_equipes_eap": 0,
        "qtd_equipes_total": 9,
        "capacidade_pnab": 14000,
        "nomes_equipes": "EQUIPE V; EQUIPE IV; EQUIPE II; EQUIPE I; ESB EQUIPE I; NASF MUSSURUNGA; ESB EQUIPE V; ESB EQUIPE IV; ESB EQUIPE II"
      },
      "geometry": {
        "type": "Point",
        "coordinates": [
          -38.4882188,
          -13.0147812
        ]
      }
    },
    {
      "type": "Feature",
      "id": 6793,
      "properties": {
        "operator": "Prefeitura Municipal de Salvador",
        "operator:type": "public",
        "ref:CNES": "6793",
        "source": "cnes;datasus;dados_abertos_saude",
        "official_name": "USF NOSSA SENHORA DE GUADALUPE ALTO DO PERU",
        "addr:street": "Rua 2 Travessa do Oriente",
        "addr:suburb": "Alto do Peru",
        "addr:city": "Salvador",
        "addr:state": "BA",
        "addr:country": "BR",
        "addr:postcode": "40357-110",
        "email": "unidade.altodoperu@gmail.com",
        "amenity": "clinic",
        "healthcare": "clinic",
        "name": "Unidade Básica de Saúde Usf Nossa Senhora de Guadalupe Alto do Peru",
        "short_name": "UBS Usf Nossa Senhora de Guadalupe Alto do Peru",
        "comment": "UBS",
        "qtd_equipes_esf": 4,
        "qtd_equipes_eap": 0,
        "qtd_equipes_total": 7,
        "capacidade_pnab": 14000,
        "nomes_equipes": "FORCA; ESB ACAO; ALTO DO PERU III; ESB ALTO DON PERU III; ACAO; ESB FORCA; ALTO DO PERU IV"
      },
      "geometry": {
        "type": "Point",
        "coordinates": [
          -38.48566,
          -12.9377812
        ]
      }
    },
    {
      "type": "Feature",
      "id": 7872828,
      "properties": {
        "operator": "Prefeitura Municipal de Salvador",
        "operator:type": "public",
        "ref:CNES": "7872828",
        "source": "cnes;datasus;dados_abertos_saude",
        "official_name": "USF NOVA BRASILIA",
        "addr:street": "Rua Av Aliomar Baleeiro Km 7 5",
        "addr:suburb": "Nova Brasilia",
        "addr:city": "Salvador",
        "addr:state": "BA",
        "addr:country": "BR",
        "addr:postcode": "41350-275",
        "email": "usf.novabrasilia@salvador.ba.gov.br",
        "amenity": "clinic",
        "healthcare": "clinic",
        "name": "Unidade Básica de Saúde Usf Nova Brasilia",
        "short_name": "UBS Usf Nova Brasilia",
        "comment": "UBS",
        "qtd_equipes_esf": 4,
        "qtd_equipes_eap": 0,
        "qtd_equipes_total": 7,
        "capacidade_pnab": 14000,
        "nomes_equipes": "NOVA BRASILIA II; NOVA BRASILIA III; NOVA BRASILIA I; ESB NOVA BRASILIA III; ESB NOVA BRASILIA II; ESB NOVA BRASILIA I; NOVA BRASILIA IV"
      },
      "geometry": {
        "type": "Point",
        "coordinates": [
          -38.5112858,
          -12.9712292
        ]
      }
    },
    {
      "type": "Feature",
      "id": 3368882,
      "properties": {
        "operator": "Prefeitura Municipal de Salvador",
        "operator:type": "public",
        "ref:CNES": "3368882",
        "source": "cnes;datasus;dados_abertos_saude",
        "official_name": "USF NOVA CONSTITUINTE",
        "addr:street": "Rua Nova Constituinte",
        "addr:housenumber": "517",
        "addr:suburb": "Nova Constituinte",
        "addr:city": "Salvador",
        "addr:state": "BA",
        "addr:country": "BR",
        "addr:postcode": "40720-250",
        "email": "usf.novaconstituinte@salvador.ba.gov.br",
        "amenity": "clinic",
        "healthcare": "clinic",
        "name": "Unidade Básica de Saúde Usf Nova Constituinte",
        "short_name": "UBS Usf Nova Constituinte",
        "comment": "UBS",
        "qtd_equipes_esf": 2,
        "qtd_equipes_eap": 0,
        "qtd_equipes_total": 3,
        "capacidade_pnab": 7000,
        "nomes_equipes": "NOVA ESPERANCA; BEIRA RIO; ESB NOVA ESPERANCA"
      },
      "geometry": {
        "type": "Point",
        "coordinates": [
          -38.463886,
          -12.862319
        ]
      }
    },
    {
      "type": "Feature",
      "id": 3325830,
      "properties": {
        "operator": "Prefeitura Municipal de Salvador",
        "operator:type": "public",
        "ref:CNES": "3325830",
        "source": "cnes;datasus;dados_abertos_saude",
        "official_name": "USF NOVA ESPERANCA",
        "addr:street": "Rua 07 de Setembro",
        "addr:suburb": "Nova Esperança",
        "addr:city": "Salvador",
        "addr:state": "BA",
        "addr:country": "BR",
        "addr:postcode": "41402-320",
        "phone": "+55 71 3202-1690",
        "email": "usfnel.saude@gmail.com",
        "amenity": "clinic",
        "healthcare": "clinic",
        "name": "Unidade Básica de Saúde Usf Nova Esperança",
        "short_name": "UBS Usf Nova Esperança",
        "comment": "UBS",
        "qtd_equipes_esf": 2,
        "qtd_equipes_eap": 0,
        "qtd_equipes_total": 4,
        "capacidade_pnab": 7000,
        "nomes_equipes": "ESB BELA VISTA; BELA VISTA; ESB BEIRA RIO; BEIRA RIO"
      },
      "geometry": {
        "type": "Point",
        "coordinates": [
          -38.3763599,
          -12.8336654
        ]
      }
    },
    {
      "type": "Feature",
      "id": 3292207,
      "properties": {
        "operator": "Prefeitura Municipal de Salvador",
        "operator:type": "public",
        "ref:CNES": "3292207",
        "source": "cnes;datasus;dados_abertos_saude",
        "official_name": "USF NOVA SUSSUARANA",
        "addr:street": "Rua Yeda Barrada Carneiro",
        "addr:suburb": "Nova Sussuarana",
        "addr:city": "Salvador",
        "addr:state": "BA",
        "addr:country": "BR",
        "addr:postcode": "41213-135",
        "phone": "+55 46 3202-0838",
        "email": "usfnovasussuarana@salvador.ba.gov.br",
        "amenity": "clinic",
        "healthcare": "clinic",
        "name": "Unidade Básica de Saúde Usf Nova Sussuarana",
        "short_name": "UBS Usf Nova Sussuarana",
        "comment": "UBS",
        "qtd_equipes_esf": 4,
        "qtd_equipes_eap": 0,
        "qtd_equipes_total": 8,
        "capacidade_pnab": 14000,
        "nomes_equipes": "EQUIPE LIRIO; EQUIPE MARGARIDA; EQUIPE GIRASSOL; EQUIPE 4- JASMIM; EQUIPE 3- GIRASSOL; EQUIPE 2- MARGARIDA; ESB 1; EQUIPE 1- LIRIO"
      },
      "geometry": {
        "type": "Point",
        "coordinates": [
          -38.4318314,
          -12.9365706
        ]
      }
    },
    {
      "type": "Feature",
      "id": 9006710,
      "properties": {
        "operator": "Prefeitura Municipal de Salvador",
        "operator:type": "public",
        "ref:CNES": "9006710",
        "source": "cnes;datasus;dados_abertos_saude",
        "official_name": "USF OLGA DE ALAKETU VALE DO MATATU",
        "addr:street": "Rua Edson Saldanha Vai Pelo Bonoco Luis Anselmo",
        "addr:housenumber": "843",
        "addr:suburb": "Vale do Matatu",
        "addr:city": "Salvador",
        "addr:state": "BA",
        "addr:country": "BR",
        "addr:postcode": "40255-000",
        "phone": "+55 71 3334-0133",
        "email": "usfvaledomatatu@gmail.com",
        "amenity": "clinic",
        "healthcare": "clinic",
        "name": "Unidade Básica de Saúde Usf Olga de Alaketu Vale do Matatu",
        "short_name": "UBS Usf Olga de Alaketu Vale do Matatu",
        "comment": "UBS",
        "qtd_equipes_esf": 6,
        "qtd_equipes_eap": 0,
        "qtd_equipes_total": 12,
        "capacidade_pnab": 21000,
        "nomes_equipes": "ESB EQUIPE LUIS ANSELMO; ESB EQUIPE ALTO DO CRUZEIROIII; ESB EQUIPE MATATU; ESB EQUIPE ALTO DO CRUZEIRO II; ESB EQUIPE MATATU I; EQUIPE ALTO DO CRUZEIRO I; EQUIPE LUIS ANSELMO; EQUIPE MATATU; EQUIPE ALTO DO CRUZEIRO II; EQUIPE VALE DO MATATU I; EQUIPE ALTO DO CRUZEIRO III; ESB EQUIPE ALTO DO CRUZEIRO I"
      },
      "geometry": {
        "type": "Point",
        "coordinates": [
          -38.4880471,
          -13.0151784
        ]
      }
    },
    {
      "type": "Feature",
      "id": 9992251,
      "properties": {
        "operator": "Prefeitura Municipal de Salvador",
        "operator:type": "public",
        "ref:CNES": "9992251",
        "source": "cnes;datasus;dados_abertos_saude",
        "official_name": "USF PADRE MAURICIO ABEL SAO GONCALO",
        "addr:street": "Travessa Santinha",
        "addr:suburb": "São Goncalo do Retir",
        "addr:city": "Salvador",
        "addr:state": "BA",
        "addr:country": "BR",
        "addr:postcode": "41185-170",
        "phone": "+55 46 3202-0807",
        "email": "usfsaogoncalo@salvador.ba.gov.br",
        "amenity": "clinic",
        "healthcare": "clinic",
        "name": "Unidade Básica de Saúde Usf Padre Maurício Abel São Goncalo",
        "short_name": "UBS Usf Padre Maurício Abel São Goncalo",
        "comment": "UBS",
        "qtd_equipes_esf": 4,
        "qtd_equipes_eap": 0,
        "qtd_equipes_total": 8,
        "capacidade_pnab": 14000,
        "nomes_equipes": "EQUIPE HARMONIA; EQUIPE GRATIDAO; EQUIPE PAZ; ESB EQUIPE FELICIDADE; ESB EQUIPE HARMONIA; ESB EQUIPE PAZ; ESB EQUIPE GRATIDAO; EQUIPE FELICIDADE"
      },
      "geometry": {
        "type": "Point",
        "coordinates": [
          -38.4690482,
          -12.9539717
        ]
      }
    },
    {
      "type": "Feature",
      "id": 6339166,
      "properties": {
        "operator": "Prefeitura Municipal de Salvador",
        "operator:type": "public",
        "ref:CNES": "6339166",
        "source": "cnes;datasus;dados_abertos_saude",
        "official_name": "USF PALESTINA",
        "addr:street": "Rua Sargento Bonifacio",
        "addr:suburb": "Palestina",
        "addr:city": "Salvador",
        "addr:state": "BA",
        "addr:country": "BR",
        "addr:postcode": "41308-280",
        "phone": "+55 71 3202-0713",
        "amenity": "clinic",
        "healthcare": "clinic",
        "name": "Unidade Básica de Saúde Usf Palestina",
        "short_name": "UBS Usf Palestina",
        "comment": "UBS",
        "qtd_equipes_esf": 2,
        "qtd_equipes_eap": 0,
        "qtd_equipes_total": 4,
        "capacidade_pnab": 7000,
        "nomes_equipes": "USF PALESTINA / BONSUCESSO; ESB PALESTINA / GETULIO VARGAS; ESB PALESTINA / BONSUCESSO; USF PALESTINA / GETULIO VARGAS"
      },
      "geometry": {
        "type": "Point",
        "coordinates": [
          -38.4165642,
          -12.8692456
        ]
      }
    },
    {
      "type": "Feature",
      "id": 9689052,
      "properties": {
        "operator": "Prefeitura Municipal de Salvador",
        "operator:type": "public",
        "ref:CNES": "9689052",
        "source": "cnes;datasus;dados_abertos_saude",
        "official_name": "USF PARAMANA",
        "addr:street": "Rua Ilha de Bom Jesus dos Passos Rua Beira Mar",
        "addr:suburb": "Paramana",
        "addr:city": "Salvador",
        "addr:state": "BA",
        "addr:country": "BR",
        "addr:postcode": "42505-010",
        "amenity": "clinic",
        "healthcare": "clinic",
        "name": "Unidade Básica de Saúde Usf Paramana",
        "short_name": "UBS Usf Paramana",
        "comment": "UBS",
        "qtd_equipes_esf": 1,
        "qtd_equipes_eap": 0,
        "qtd_equipes_total": 2,
        "capacidade_pnab": 3500,
        "nomes_equipes": "ESB EQUIPE 1; EQUIPE 1"
      },
      "geometry": {
        "type": "Point",
        "coordinates": [
          -38.6410403,
          -12.7606592
        ]
      }
    },
    {
      "type": "Feature",
      "id": 5266,
      "properties": {
        "operator": "Prefeitura Municipal de Salvador",
        "operator:type": "public",
        "ref:CNES": "5266",
        "source": "cnes;datasus;dados_abertos_saude",
        "official_name": "USF PARQUE DE PITUACU",
        "addr:street": "Rua Araujo Bastos",
        "addr:housenumber": "100",
        "addr:suburb": "Pituacu",
        "addr:city": "Salvador",
        "addr:state": "BA",
        "addr:country": "BR",
        "addr:postcode": "41740-450",
        "phone": "+55 71 3202-1675",
        "email": "usfparquedepituacu@salvador.ba.gov.br",
        "amenity": "clinic",
        "healthcare": "clinic",
        "name": "Unidade Básica de Saúde Usf Parque de Pituacu",
        "short_name": "UBS Usf Parque de Pituacu",
        "comment": "UBS",
        "qtd_equipes_esf": 2,
        "qtd_equipes_eap": 0,
        "qtd_equipes_total": 4,
        "capacidade_pnab": 7000,
        "nomes_equipes": "RUBI; ESB RUBI; ESB LUA; LUA"
      },
      "geometry": {
        "type": "Point",
        "coordinates": [
          -38.4164405,
          -12.9685659
        ]
      }
    },
    {
      "type": "Feature",
      "id": 7573960,
      "properties": {
        "operator": "Prefeitura Municipal de Salvador",
        "operator:type": "public",
        "ref:CNES": "7573960",
        "source": "cnes;datasus;dados_abertos_saude",
        "official_name": "USF PARQUE SAO CRISTOVAO",
        "addr:street": "Rua Santa Rita da Ceasa",
        "addr:housenumber": "1111",
        "addr:suburb": "São Cristóvão",
        "addr:city": "Salvador",
        "addr:state": "BA",
        "addr:country": "BR",
        "addr:postcode": "41510-838",
        "phone": "+55 71 3611-7230",
        "email": "usfparquesaocristovao@gmail.com",
        "amenity": "clinic",
        "healthcare": "clinic",
        "name": "Unidade Básica de Saúde Usf Parque São Cristóvão",
        "short_name": "UBS Usf Parque São Cristóvão",
        "comment": "UBS",
        "qtd_equipes_esf": 5,
        "qtd_equipes_eap": 0,
        "qtd_equipes_total": 9,
        "capacidade_pnab": 17500,
        "nomes_equipes": "ESB PARQUE SAO CRISTOVAO III; ESB PARQUE SAO CRISTOVAO IV; PARQUE SAO CRISTOVAO IV; PARQUE SAO CRISTOVAO V; ESB PARQUE SAO CRISTOVAO I; USB PARQUE SAO CRISTOVAO II; PARQUE SAO CRISTOVAO I; PARQUE SAO CRISTOVAO II; PARQUE SAO CRISTOVAO III"
      },
      "geometry": {
        "type": "Point",
        "coordinates": [
          -38.3687639,
          -12.9036594
        ]
      }
    },
    {
      "type": "Feature",
      "id": 252018,
      "properties": {
        "operator": "Prefeitura Municipal de Salvador",
        "operator:type": "public",
        "ref:CNES": "252018",
        "source": "cnes;datasus;dados_abertos_saude",
        "official_name": "USF PIRAJA",
        "addr:street": "Rua Elisio Mesquita",
        "addr:suburb": "Piraja",
        "addr:city": "Salvador",
        "addr:state": "BA",
        "addr:country": "BR",
        "addr:postcode": "41295-360",
        "phone": "+55 71 3202-0883",
        "email": "usfpiraja@gmail.com",
        "amenity": "clinic",
        "healthcare": "clinic",
        "name": "Unidade Básica de Saúde Usf Piraja",
        "short_name": "UBS Usf Piraja",
        "comment": "UBS",
        "qtd_equipes_esf": 3,
        "qtd_equipes_eap": 0,
        "qtd_equipes_total": 6,
        "capacidade_pnab": 10500,
        "nomes_equipes": "EQUIPE 1; ESB EQUIPE 2; ESB EQUIPE 3; EQUIPE 2; EQUIPE 1; EQUIPE 3"
      },
      "geometry": {
        "type": "Point",
        "coordinates": [
          -38.459499,
          -12.8984579
        ]
      }
    },
    {
      "type": "Feature",
      "id": 9622861,
      "properties": {
        "operator": "Prefeitura Municipal de Salvador",
        "operator:type": "public",
        "ref:CNES": "9622861",
        "source": "cnes;datasus;dados_abertos_saude",
        "official_name": "USF PLATAFORMA",
        "addr:street": "Rua Formosa do São João",
        "addr:suburb": "Plataforma",
        "addr:city": "Salvador",
        "addr:state": "BA",
        "addr:country": "BR",
        "addr:postcode": "40718-120",
        "phone": "+55 71 3401-9430",
        "amenity": "clinic",
        "healthcare": "clinic",
        "name": "Unidade Básica de Saúde Usf Plataforma",
        "short_name": "UBS Usf Plataforma",
        "comment": "UBS",
        "qtd_equipes_esf": 4,
        "qtd_equipes_eap": 0,
        "qtd_equipes_total": 8,
        "capacidade_pnab": 14000,
        "nomes_equipes": "EQUIPE 2; ESB EQUIPE 04 - LUZ; ESB EQUIPE 03 - AZUL; ESB EQUIPE 1; EQUIPE 04 - LUZ; EQUIPE 03 - AZUL; EQUIPE 1; ESB EQUIPE 2"
      },
      "geometry": {
        "type": "Point",
        "coordinates": [
          -38.4860321,
          -12.9014071
        ]
      }
    },
    {
      "type": "Feature",
      "id": 4512901,
      "properties": {
        "operator": "Prefeitura Municipal de Salvador",
        "operator:type": "public",
        "ref:CNES": "4512901",
        "source": "cnes;datasus;dados_abertos_saude",
        "official_name": "USF POLEMICA",
        "addr:street": "Rua da Igreja Pq Bela Vista",
        "addr:housenumber": "188",
        "addr:suburb": "Brotas",
        "addr:city": "Salvador",
        "addr:state": "BA",
        "addr:country": "BR",
        "addr:postcode": "40279-050",
        "phone": "+55 46 3202-0636",
        "email": "usfpolemica@gmail.com",
        "amenity": "clinic",
        "healthcare": "clinic",
        "name": "Unidade Básica de Saúde Usf Polemica",
        "short_name": "UBS Usf Polemica",
        "comment": "UBS",
        "qtd_equipes_esf": 4,
        "qtd_equipes_eap": 0,
        "qtd_equipes_total": 7,
        "capacidade_pnab": 14000,
        "nomes_equipes": "EQUIPE 1 - VERDE; EQUIPE 3; EQUIPE 2; EQUIPE 1; EQUIPE 4 - AMARELA; EQUIPE 2 - ROSA; EQUIPE 3 - AZUL"
      },
      "geometry": {
        "type": "Point",
        "coordinates": [
          -38.4708372,
          -12.9868125
        ]
      }
    },
    {
      "type": "Feature",
      "id": 28479,
      "properties": {
        "operator": "Prefeitura Municipal de Salvador",
        "operator:type": "public",
        "ref:CNES": "28479",
        "source": "cnes;datasus;dados_abertos_saude",
        "official_name": "USF PROF DR CARLOS SANTANA DORON",
        "addr:street": "Rua Fernando de São Paulo",
        "addr:suburb": "Doron",
        "addr:city": "Salvador",
        "addr:state": "BA",
        "addr:country": "BR",
        "addr:postcode": "41180-400",
        "phone": "+55 46 3202-0812",
        "email": "usfcarlosantana@gmail.com",
        "amenity": "clinic",
        "healthcare": "clinic",
        "name": "Unidade Básica de Saúde Usf Prof Dr Carlos Santana Doron",
        "short_name": "UBS Usf Prof Dr Carlos Santana Doron",
        "comment": "UBS",
        "qtd_equipes_esf": 4,
        "qtd_equipes_eap": 0,
        "qtd_equipes_total": 8,
        "capacidade_pnab": 14000,
        "nomes_equipes": "DORON II; DORON I; ESB DORON IV; DORON III; DORON IV; ESB DORON I; ESB DORON III; ESB DORON II"
      },
      "geometry": {
        "type": "Point",
        "coordinates": [
          -38.4426856,
          -12.9577314
        ]
      }
    },
    {
      "type": "Feature",
      "id": 4022,
      "properties": {
        "operator": "Prefeitura Municipal de Salvador",
        "operator:type": "public",
        "ref:CNES": "4022",
        "source": "cnes;datasus;dados_abertos_saude",
        "official_name": "USF PROF EDUARDO MAMEDE",
        "addr:street": "Rua Setor e Caminho 16",
        "addr:suburb": "Mussurunga I",
        "addr:city": "Salvador",
        "addr:state": "BA",
        "addr:country": "BR",
        "addr:postcode": "41490-000",
        "phone": "+55 71 3202-0738",
        "email": "usfeduardomamede@salvador.ba.gov.br",
        "amenity": "clinic",
        "healthcare": "clinic",
        "name": "Unidade Básica de Saúde Usf Prof Eduardo Mamede",
        "short_name": "UBS Usf Prof Eduardo Mamede",
        "comment": "UBS",
        "qtd_equipes_esf": 4,
        "qtd_equipes_eap": 0,
        "qtd_equipes_total": 8,
        "capacidade_pnab": 14000,
        "nomes_equipes": "EQUIPE II; EQUIPE I; EQUIPE IV; ESB EQUIPE I; ESB EQUIPE IV; ESB EQUIPE III; ESB EQUIPE II; EQUIPE III"
      },
      "geometry": {
        "type": "Point",
        "coordinates": [
          -38.4880257,
          -13.015053
        ]
      }
    },
    {
      "type": "Feature",
      "id": 3991725,
      "properties": {
        "operator": "Prefeitura Municipal de Salvador",
        "operator:type": "public",
        "ref:CNES": "3991725",
        "source": "cnes;datasus;dados_abertos_saude",
        "official_name": "USF PROF GUILHERME RODRIGUES DA SILVA ARENOSO",
        "addr:street": "Rua Barao de Maua",
        "addr:suburb": "Arenoso",
        "addr:city": "Salvador",
        "addr:state": "BA",
        "addr:country": "BR",
        "addr:postcode": "41211-340",
        "phone": "3202-0824/3202-1643",
        "email": "usfarenoso@salvador.ba.gov.br",
        "amenity": "clinic",
        "healthcare": "clinic",
        "name": "Unidade Básica de Saúde Usf Prof Guilherme Rodrigues da Silva Arenoso",
        "short_name": "UBS Usf Prof Guilherme Rodrigues da Silva Arenoso",
        "comment": "UBS",
        "qtd_equipes_esf": 3,
        "qtd_equipes_eap": 0,
        "qtd_equipes_total": 6,
        "capacidade_pnab": 10500,
        "nomes_equipes": "ESB PROSPERIDADE; EQUIPE SORTE; PROSPERIDADE; ESB EQUIPE AMOR; EQUIPE AMOR; ESB EQUIPE SORTE"
      },
      "geometry": {
        "type": "Point",
        "coordinates": [
          -38.4434098,
          -12.9453725
        ]
      }
    },
    {
      "type": "Feature",
      "id": 4898,
      "properties": {
        "operator": "Prefeitura Municipal de Salvador",
        "operator:type": "public",
        "ref:CNES": "4898",
        "source": "cnes;datasus;dados_abertos_saude",
        "official_name": "USF PROF HUMBERTO CASTRO LIMA PERNAMBUEZINHO",
        "addr:street": "Rua Tomas Gonzaga",
        "addr:suburb": "Pernambues",
        "addr:city": "Salvador",
        "addr:state": "BA",
        "addr:country": "BR",
        "addr:postcode": "41130-000",
        "phone": "+55 46 3202-0817",
        "email": "gerenciapernambuezinho@salvador.ba.gov.br",
        "amenity": "clinic",
        "healthcare": "clinic",
        "name": "Unidade Básica de Saúde Usf Prof Humberto Castro Lima Pernambuezinho",
        "short_name": "UBS Usf Prof Humberto Castro Lima Pernambuezinho",
        "comment": "UBS",
        "qtd_equipes_esf": 4,
        "qtd_equipes_eap": 0,
        "qtd_equipes_total": 9,
        "capacidade_pnab": 14000,
        "nomes_equipes": "EQUIPE RUBI; EQUIPE AMETISTA; NASF ARENOSO; ESB EQUIPE AMETISTA; ESB EQUIPE DIAMANTE; ESB EQUIPE ESMERALDA; ESB EQUIPE RUBI; EQUIPE DIAMANTE; EQUIPE ESMERALDA"
      },
      "geometry": {
        "type": "Point",
        "coordinates": [
          -38.4540582,
          -12.9752962
        ]
      }
    },
    {
      "type": "Feature",
      "id": 4014,
      "properties": {
        "operator": "Prefeitura Municipal de Salvador",
        "operator:type": "public",
        "ref:CNES": "4014",
        "source": "cnes;datasus;dados_abertos_saude",
        "official_name": "USF PROFESSOR SABINO SILVA",
        "addr:street": "Rua Reinaldo de Matos",
        "addr:suburb": "Nordeste Amaralina",
        "addr:city": "Salvador",
        "addr:state": "BA",
        "addr:country": "BR",
        "addr:postcode": "40100-000",
        "phone": "+55 46 3202-0767",
        "email": "usfprofsabinosilva@salvador.ba.gov.br",
        "amenity": "clinic",
        "healthcare": "clinic",
        "name": "Unidade Básica de Saúde Usf Professor Sabino Silva",
        "short_name": "UBS Usf Professor Sabino Silva",
        "comment": "UBS",
        "qtd_equipes_esf": 5,
        "qtd_equipes_eap": 0,
        "qtd_equipes_total": 7,
        "capacidade_pnab": 17500,
        "nomes_equipes": "EQUIPE AGUA VIVA; EQUIPE AREAL; EQUIPE BRISA DO MAR; EQUIPE FENIX; EQUIPE ESTRELA DO MAR; EQUIPE FENIX; ESB EQUIPE BRISA DO MAR"
      },
      "geometry": {
        "type": "Point",
        "coordinates": [
          -38.4721738,
          -13.0094918
        ]
      }
    },
    {
      "type": "Feature",
      "id": 7509553,
      "properties": {
        "operator": "Prefeitura Municipal de Salvador",
        "operator:type": "public",
        "ref:CNES": "7509553",
        "source": "cnes;datasus;dados_abertos_saude",
        "official_name": "USF RAIMUNDO AGRIPINO SUSSUARANA",
        "addr:street": "Rua Av Ulisses Guimaraes",
        "addr:suburb": "Sussuarana Velha",
        "addr:city": "Salvador",
        "addr:state": "BA",
        "addr:country": "BR",
        "addr:postcode": "41213-000",
        "phone": "+55 46 3202-0835",
        "email": "usfraimundoagripino@salvador.ba.gov.br",
        "amenity": "clinic",
        "healthcare": "clinic",
        "name": "Unidade Básica de Saúde Usf Raimundo Agripino Sussuarana",
        "short_name": "UBS Usf Raimundo Agripino Sussuarana",
        "comment": "UBS",
        "qtd_equipes_esf": 5,
        "qtd_equipes_eap": 0,
        "qtd_equipes_total": 10,
        "capacidade_pnab": 17500,
        "nomes_equipes": "SUSSUARANA V; ESB SUSSUARANA IV; ESB SUSSUARANA III; ESB SUSSUARANA V; SUSSUARANA III; ESB SUSSUARANA I; ESB SUSSUARANA II; SUSSUARANA I; SUSSUARANA IV; SUSSUARANA II"
      },
      "geometry": {
        "type": "Point",
        "coordinates": [
          -38.4451425,
          -12.933149
        ]
      }
    },
    {
      "type": "Feature",
      "id": 3368890,
      "properties": {
        "operator": "Prefeitura Municipal de Salvador",
        "operator:type": "public",
        "ref:CNES": "3368890",
        "source": "cnes;datasus;dados_abertos_saude",
        "official_name": "USF RECANTO DA LAGOA",
        "addr:street": "Rua Salvador",
        "addr:suburb": "Nova Brasilia de Val",
        "addr:city": "Salvador",
        "addr:state": "BA",
        "addr:country": "BR",
        "addr:postcode": "40731-070",
        "phone": "+55 71 3202-0691",
        "email": "usfrecantodalagoa1ba@gmail.com",
        "amenity": "clinic",
        "healthcare": "clinic",
        "name": "Unidade Básica de Saúde Usf Recanto da Lagoa",
        "short_name": "UBS Usf Recanto da Lagoa",
        "comment": "UBS",
        "qtd_equipes_esf": 4,
        "qtd_equipes_eap": 0,
        "qtd_equipes_total": 6,
        "capacidade_pnab": 14000,
        "nomes_equipes": "JARDIM VALERIA; LAGOA DA PAIXAO; ESB JARDIM VALERIA; RECANDO DA LAGOA; ESB LAGOA DA PAIXAO; FELICIDADE"
      },
      "geometry": {
        "type": "Point",
        "coordinates": [
          -38.44026,
          -12.85663
        ]
      }
    },
    {
      "type": "Feature",
      "id": 9412700,
      "properties": {
        "operator": "Prefeitura Municipal de Salvador",
        "operator:type": "public",
        "ref:CNES": "9412700",
        "source": "cnes;datasus;dados_abertos_saude",
        "official_name": "USF RECANTO DA LAGOA II",
        "addr:street": "Rua Muniz Ferreira",
        "addr:suburb": "Fazenda Coutos",
        "addr:city": "Salvador",
        "addr:state": "BA",
        "addr:country": "BR",
        "addr:postcode": "40301-110",
        "phone": "+55 46 3202-0702",
        "email": "usfrecantoii@gmail.com",
        "amenity": "clinic",
        "healthcare": "clinic",
        "name": "Unidade Básica de Saúde Usf Recanto da Lagoa II",
        "short_name": "UBS Usf Recanto da Lagoa II",
        "comment": "UBS",
        "qtd_equipes_esf": 3,
        "qtd_equipes_eap": 0,
        "qtd_equipes_total": 6,
        "capacidade_pnab": 10500,
        "nomes_equipes": "EQUIPE AMARELA; EQUIPE ROSA; EQUIPE AZUL; ESB EQUIPE ROSA; ESB EQUIPE AZUL; ESB EQUIPE AMARELA"
      },
      "geometry": {
        "type": "Point",
        "coordinates": [
          -38.4544927,
          -12.8484543
        ]
      }
    },
    {
      "type": "Feature",
      "id": 2821036,
      "properties": {
        "operator": "Prefeitura Municipal de Salvador",
        "operator:type": "public",
        "ref:CNES": "2821036",
        "source": "cnes;datasus;dados_abertos_saude",
        "official_name": "USF RIO SENA",
        "addr:street": "Rua Cardeal Jean",
        "addr:suburb": "Rio Sena",
        "addr:city": "Salvador",
        "addr:state": "BA",
        "addr:country": "BR",
        "addr:postcode": "40231-250",
        "phone": "+55 71 3611-5932",
        "email": "usfriosenagerencias@gmail.com",
        "amenity": "clinic",
        "healthcare": "clinic",
        "name": "Unidade Básica de Saúde Usf Rio Sena",
        "short_name": "UBS Usf Rio Sena",
        "comment": "UBS",
        "qtd_equipes_esf": 3,
        "qtd_equipes_eap": 0,
        "qtd_equipes_total": 5,
        "capacidade_pnab": 10500,
        "nomes_equipes": "RIO SENA; TEREZINHA; ALTO DO CRUZEIRO / EQUIPE 3; ESB TEREZINHA; ESB RIO SENA"
      },
      "geometry": {
        "type": "Point",
        "coordinates": [
          -38.4732298,
          -12.8804699
        ]
      }
    },
    {
      "type": "Feature",
      "id": 5373840,
      "properties": {
        "operator": "Prefeitura Municipal de Salvador",
        "operator:type": "public",
        "ref:CNES": "5373840",
        "source": "cnes;datasus;dados_abertos_saude",
        "official_name": "USF SAN MARTIN",
        "addr:street": "Avenida San Martin",
        "addr:suburb": "Fazenda Grande do Re",
        "addr:city": "Salvador",
        "addr:state": "BA",
        "addr:country": "BR",
        "addr:postcode": "40355-000",
        "phone": "+55 71 3202-0616",
        "email": "usfsanmartin@gmail.com",
        "amenity": "clinic",
        "healthcare": "clinic",
        "name": "Unidade Básica de Saúde Usf San Martin",
        "short_name": "UBS Usf San Martin",
        "comment": "UBS",
        "qtd_equipes_esf": 4,
        "qtd_equipes_eap": 0,
        "qtd_equipes_total": 6,
        "capacidade_pnab": 14000,
        "nomes_equipes": "PROGRESSO; ESB PROGRESSO; ESB ALEGRIA VERMELHA; ESPERANCA VERDE; ALEGRIA VERMELHA; CRAVINAS"
      },
      "geometry": {
        "type": "Point",
        "coordinates": [
          -38.484883,
          -12.941956
        ]
      }
    },
    {
      "type": "Feature",
      "id": 9577629,
      "properties": {
        "operator": "Prefeitura Municipal de Salvador",
        "operator:type": "public",
        "ref:CNES": "9577629",
        "source": "cnes;datasus;dados_abertos_saude",
        "official_name": "USF SAN MARTIN II",
        "addr:street": "Rua Direta Calafate",
        "addr:suburb": "San Martin",
        "addr:city": "Salvador",
        "addr:state": "BA",
        "addr:country": "BR",
        "addr:postcode": "40354-100",
        "phone": "+55 46 3202-1153",
        "email": "usfsanmartin2.dsscv.2025@gmail.com",
        "amenity": "clinic",
        "healthcare": "clinic",
        "name": "Unidade Básica de Saúde Usf San Martin II",
        "short_name": "UBS Usf San Martin II",
        "comment": "UBS",
        "qtd_equipes_esf": 4,
        "qtd_equipes_eap": 0,
        "qtd_equipes_total": 8,
        "capacidade_pnab": 14000,
        "nomes_equipes": "ESB EQUIPE 1; ESB EQUIPE 4; EQUIPE 4; EQUIPE 3; EQUIPE 2; ESB EQUIPE 2; ESB EQUIPE 3; EQUIPE 1"
      },
      "geometry": {
        "type": "Point",
        "coordinates": [
          -38.4797215,
          -12.9465959
        ]
      }
    },
    {
      "type": "Feature",
      "id": 63428,
      "properties": {
        "operator": "Prefeitura Municipal de Salvador",
        "operator:type": "public",
        "ref:CNES": "63428",
        "source": "cnes;datasus;dados_abertos_saude",
        "official_name": "USF SAN MARTIN III",
        "addr:street": "Rua Av San Martin",
        "addr:suburb": "Liberdade",
        "addr:city": "Salvador",
        "addr:state": "BA",
        "addr:country": "BR",
        "addr:postcode": "40355-000",
        "phone": "+55 71 3202-0622",
        "email": "ubssanmartin3@gmail.com",
        "amenity": "clinic",
        "healthcare": "clinic",
        "name": "Unidade Básica de Saúde Usf San Martin III",
        "short_name": "UBS Usf San Martin III",
        "comment": "UBS",
        "qtd_equipes_esf": 3,
        "qtd_equipes_eap": 0,
        "qtd_equipes_total": 5,
        "capacidade_pnab": 10500,
        "nomes_equipes": "ESB EQUIPE I; ESB EQUIPE III; EQUIPE II; EQUIPE I; EQUIPE III"
      },
      "geometry": {
        "type": "Point",
        "coordinates": [
          -38.4841204,
          -12.9825832
        ]
      }
    },
    {
      "type": "Feature",
      "id": 6807,
      "properties": {
        "operator": "Prefeitura Municipal de Salvador",
        "operator:type": "public",
        "ref:CNES": "6807",
        "source": "cnes;datasus;dados_abertos_saude",
        "official_name": "USF SANTA LUZIA",
        "addr:street": "Rua Almirante Alves Camara",
        "addr:housenumber": "112",
        "addr:suburb": "Eng Velho de Brotas",
        "addr:city": "Salvador",
        "addr:state": "BA",
        "addr:country": "BR",
        "addr:postcode": "40240-430",
        "phone": "+55 71 3202-0635",
        "email": "usfsantaluzia@gmail.com",
        "amenity": "clinic",
        "healthcare": "clinic",
        "name": "Unidade Básica de Saúde Usf Santa Luzia",
        "short_name": "UBS Usf Santa Luzia",
        "comment": "UBS",
        "qtd_equipes_esf": 5,
        "qtd_equipes_eap": 0,
        "qtd_equipes_total": 9,
        "capacidade_pnab": 17500,
        "nomes_equipes": "MARIA FELIPA; ESB JOSE RAMOS; ESB PRACA DOS ARTISTAS; BARIRI; ESB VILA AMERICA; PRACA DOS ARTISTAS; JOSE RAMOS; VILA AMERICA; ESB BARIRI"
      },
      "geometry": {
        "type": "Point",
        "coordinates": [
          -38.5013509,
          -12.9882861
        ]
      }
    },
    {
      "type": "Feature",
      "id": 5258,
      "properties": {
        "operator": "Prefeitura Municipal de Salvador",
        "operator:type": "public",
        "ref:CNES": "5258",
        "source": "cnes;datasus;dados_abertos_saude",
        "official_name": "USF SANTA MONICA",
        "addr:street": "Rua Aristides de Oliveira",
        "addr:housenumber": "3401",
        "addr:suburb": "Santa Monica",
        "addr:city": "Salvador",
        "addr:state": "BA",
        "addr:country": "BR",
        "addr:postcode": "40130-200",
        "phone": "+55 71 3202-0613",
        "email": "usfsantamonica@yahoo.com.br",
        "amenity": "clinic",
        "healthcare": "clinic",
        "name": "Unidade Básica de Saúde Usf Santa Monica",
        "short_name": "UBS Usf Santa Monica",
        "comment": "UBS",
        "qtd_equipes_esf": 2,
        "qtd_equipes_eap": 0,
        "qtd_equipes_total": 3,
        "capacidade_pnab": 7000,
        "nomes_equipes": "I POJUCAN; SAO BENEDITO; ESB SAO BENEDITO"
      },
      "geometry": {
        "type": "Point",
        "coordinates": [
          -38.486065,
          -12.949714
        ]
      }
    },
    {
      "type": "Feature",
      "id": 9885315,
      "properties": {
        "operator": "Prefeitura Municipal de Salvador",
        "operator:type": "public",
        "ref:CNES": "9885315",
        "source": "cnes;datasus;dados_abertos_saude",
        "official_name": "USF SAO CRISTOVAO",
        "addr:street": "Rua São Francisco",
        "addr:suburb": "São Cristóvão",
        "addr:city": "Salvador",
        "addr:state": "BA",
        "addr:country": "BR",
        "addr:postcode": "41301-110",
        "phone": "+55 71 3202-0894",
        "email": "usfsaocristovao@gmail.com",
        "amenity": "clinic",
        "healthcare": "clinic",
        "name": "Unidade Básica de Saúde Usf São Cristóvão",
        "short_name": "UBS Usf São Cristóvão",
        "comment": "UBS",
        "qtd_equipes_esf": 3,
        "qtd_equipes_eap": 0,
        "qtd_equipes_total": 6,
        "capacidade_pnab": 10500,
        "nomes_equipes": "EQUIPE 1; EQUIPE 2; ESB EQUIPE 1; ESB EQUIPE 3; ESB EQUIPE 2; EQUIPE 3"
      },
      "geometry": {
        "type": "Point",
        "coordinates": [
          -38.348701,
          -12.9115655
        ]
      }
    },
    {
      "type": "Feature",
      "id": 6363873,
      "properties": {
        "operator": "Prefeitura Municipal de Salvador",
        "operator:type": "public",
        "ref:CNES": "6363873",
        "source": "cnes;datasus;dados_abertos_saude",
        "official_name": "USF SAO JOAO DO CABRITO",
        "addr:street": "Rua dos Ferroviario Fim de Linha",
        "addr:housenumber": "122",
        "addr:suburb": "São João do Cabrito",
        "addr:city": "Salvador",
        "addr:state": "BA",
        "addr:country": "BR",
        "addr:postcode": "40717-430",
        "phone": "+55 71 3202-0676",
        "amenity": "clinic",
        "healthcare": "clinic",
        "name": "Unidade Básica de Saúde Usf São João do Cabrito",
        "short_name": "UBS Usf São João do Cabrito",
        "comment": "UBS",
        "qtd_equipes_esf": 3,
        "qtd_equipes_eap": 0,
        "qtd_equipes_total": 7,
        "capacidade_pnab": 10500,
        "nomes_equipes": "ESB SAO JOAO; SAO JOAO II; SAO JOAO; ESB SAO JOAO III; ESB SAO JOAO II; SAO JOAO III; NASF SAO JOAO DO CABRITO"
      },
      "geometry": {
        "type": "Point",
        "coordinates": [
          -38.487854,
          -12.905395
        ]
      }
    },
    {
      "type": "Feature",
      "id": 6388892,
      "properties": {
        "operator": "Prefeitura Municipal de Salvador",
        "operator:type": "public",
        "ref:CNES": "6388892",
        "source": "cnes;datasus;dados_abertos_saude",
        "official_name": "USF SAO JOSE DE BAIXO",
        "addr:street": "Rua Rodovia Sambra",
        "addr:suburb": "Lobato",
        "addr:city": "Salvador",
        "addr:state": "BA",
        "addr:country": "BR",
        "addr:postcode": "41270-545",
        "phone": "+55 71 3202-0645",
        "email": "dsite.sjb@salvador.ba.gov.br",
        "amenity": "clinic",
        "healthcare": "clinic",
        "name": "Unidade Básica de Saúde Usf São Jose de Baixo",
        "short_name": "UBS Usf São Jose de Baixo",
        "comment": "UBS",
        "qtd_equipes_esf": 3,
        "qtd_equipes_eap": 0,
        "qtd_equipes_total": 6,
        "capacidade_pnab": 10500,
        "nomes_equipes": "EQUIPE 1; ESB SAO JOSE III; SAO JOSE II; SAO JOSE III; ESB SAO JOSE II; EQUIPE 3"
      },
      "geometry": {
        "type": "Point",
        "coordinates": [
          -38.48809,
          -13.015283
        ]
      }
    },
    {
      "type": "Feature",
      "id": 9669965,
      "properties": {
        "operator": "Prefeitura Municipal de Salvador",
        "operator:type": "public",
        "ref:CNES": "9669965",
        "source": "cnes;datasus;dados_abertos_saude",
        "official_name": "USF SAO MARCOS",
        "addr:street": "Rua Djalma Sanches Atras da Arena Jaqueirao",
        "addr:suburb": "São Marcos",
        "addr:city": "Salvador",
        "addr:state": "BA",
        "addr:country": "BR",
        "addr:postcode": "41253-330",
        "phone": "+55 71 3202-0800",
        "email": "usf.saomarcos@salvador.ba.gov.br",
        "amenity": "clinic",
        "healthcare": "clinic",
        "name": "Unidade Básica de Saúde Usf São Marcos",
        "short_name": "UBS Usf São Marcos",
        "comment": "UBS",
        "qtd_equipes_esf": 4,
        "qtd_equipes_eap": 0,
        "qtd_equipes_total": 8,
        "capacidade_pnab": 14000,
        "nomes_equipes": "ESB EQUIPE SEMEAR; ESB EQUIPE 4; EQUIPE 3; ESB EQUIPE ALEGRIA; EQUIPE 4; EQUIPE ALEGRIA; EQUIPE SEMEAR; ESB EQUIPE 3"
      },
      "geometry": {
        "type": "Point",
        "coordinates": [
          -38.501426,
          -12.972226
        ]
      }
    },
    {
      "type": "Feature",
      "id": 3408019,
      "properties": {
        "operator": "Prefeitura Municipal de Salvador",
        "operator:type": "public",
        "ref:CNES": "3408019",
        "source": "cnes;datasus;dados_abertos_saude",
        "official_name": "USF SAO MARCOS II",
        "addr:street": "Rua Tv Elba Veloso",
        "addr:housenumber": "40",
        "addr:suburb": "São Marcos",
        "addr:city": "Salvador",
        "addr:state": "BA",
        "addr:country": "BR",
        "addr:postcode": "41250-162",
        "phone": "+55 71 3202-0805",
        "amenity": "clinic",
        "healthcare": "clinic",
        "name": "Unidade Básica de Saúde Usf São Marcos II",
        "short_name": "UBS Usf São Marcos II",
        "comment": "UBS",
        "qtd_equipes_esf": 4,
        "qtd_equipes_eap": 0,
        "qtd_equipes_total": 7,
        "capacidade_pnab": 14000,
        "nomes_equipes": "EQUIPE 1; EQUIPE 2; EQUIPE 3; EQUIPE IV; EQUIPE; EQUIPE I; EQUIPE III"
      },
      "geometry": {
        "type": "Point",
        "coordinates": [
          -38.4880471,
          -13.0146976
        ]
      }
    },
    {
      "type": "Feature",
      "id": 2653575,
      "properties": {
        "operator": "Prefeitura Municipal de Salvador",
        "operator:type": "public",
        "ref:CNES": "2653575",
        "source": "cnes;datasus;dados_abertos_saude",
        "official_name": "USF SAO TOME DE PARIPE",
        "addr:street": "Rua Santa Filomena",
        "addr:suburb": "São Tome de Paripe",
        "addr:city": "Salvador",
        "addr:state": "BA",
        "addr:country": "BR",
        "addr:postcode": "41300-000",
        "phone": "+55 71 3202-0677",
        "email": "usf.saotomedeparipe@salvador.ba.gov.br",
        "amenity": "clinic",
        "healthcare": "clinic",
        "name": "Unidade Básica de Saúde Usf São Tome de Paripe",
        "short_name": "UBS Usf São Tome de Paripe",
        "comment": "UBS",
        "qtd_equipes_esf": 3,
        "qtd_equipes_eap": 0,
        "qtd_equipes_total": 5,
        "capacidade_pnab": 10500,
        "nomes_equipes": "ESB SAO TOME DE PARIPE; BASE NAVAL; MURIBECA; SAO TOME DE PARIPE; ESB MURICEBA"
      },
      "geometry": {
        "type": "Point",
        "coordinates": [
          -38.4815508,
          -12.8220748
        ]
      }
    },
    {
      "type": "Feature",
      "id": 2972093,
      "properties": {
        "operator": "Prefeitura Municipal de Salvador",
        "operator:type": "public",
        "ref:CNES": "2972093",
        "source": "cnes;datasus;dados_abertos_saude",
        "official_name": "USF SUSSUARANA I",
        "addr:street": "Rua Santissima Trindade",
        "addr:suburb": "Sussuarana",
        "addr:city": "Salvador",
        "addr:state": "BA",
        "addr:country": "BR",
        "addr:postcode": "41213-148",
        "phone": "+55 46 3202-0882",
        "email": "usfsussuarana1@salvador.ba.gov.br",
        "amenity": "clinic",
        "healthcare": "clinic",
        "name": "Unidade Básica de Saúde Usf Sussuarana I",
        "short_name": "UBS Usf Sussuarana I",
        "comment": "UBS",
        "qtd_equipes_esf": 4,
        "qtd_equipes_eap": 0,
        "qtd_equipes_total": 8,
        "capacidade_pnab": 14000,
        "nomes_equipes": "ESB EQUIPE 1; ESB EQUIPE 3; ESB EQUIPE 4; ESB EQUIPE 2; EQUIPE 2; EQUIPE 1; EQUIPE 4; EQUIPE 3"
      },
      "geometry": {
        "type": "Point",
        "coordinates": [
          -38.4479555,
          -12.9298152
        ]
      }
    },
    {
      "type": "Feature",
      "id": 74098,
      "properties": {
        "operator": "Prefeitura Municipal de Salvador",
        "operator:type": "public",
        "ref:CNES": "74098",
        "source": "cnes;datasus;dados_abertos_saude",
        "official_name": "USF TEOTONIO VILELA II",
        "addr:street": "Rua Alameda Almirante Marques de Leao",
        "addr:suburb": "Fazenda Coutos III",
        "addr:city": "Salvador",
        "addr:state": "BA",
        "addr:country": "BR",
        "addr:postcode": "40730-230",
        "phone": "+55 71 3202-0678",
        "email": "usfteotonio2@salvador.ba.gov.br",
        "amenity": "clinic",
        "healthcare": "clinic",
        "name": "Unidade Básica de Saúde Usf Teotonio Vilela II",
        "short_name": "UBS Usf Teotonio Vilela II",
        "comment": "UBS",
        "qtd_equipes_esf": 4,
        "qtd_equipes_eap": 0,
        "qtd_equipes_total": 8,
        "capacidade_pnab": 14000,
        "nomes_equipes": "EQUIPE 01; EQUIPE 02; EQUIPE 03; EQUIPE 04; ESB EQUIPE 02; ESB EQUIPE 01; ESB EQUIPE 03; ESB EQUIPE 04"
      },
      "geometry": {
        "type": "Point",
        "coordinates": [
          -38.4581686,
          -12.8480913
        ]
      }
    },
    {
      "type": "Feature",
      "id": 9668373,
      "properties": {
        "operator": "Prefeitura Municipal de Salvador",
        "operator:type": "public",
        "ref:CNES": "9668373",
        "source": "cnes;datasus;dados_abertos_saude",
        "official_name": "USF TUBARAO",
        "addr:street": "Rua Dr Eduardo Dotto",
        "addr:housenumber": "1702",
        "addr:suburb": "Tubarao",
        "addr:city": "Salvador",
        "addr:state": "BA",
        "addr:country": "BR",
        "addr:postcode": "40800-010",
        "phone": "+55 46 3202-0679",
        "amenity": "clinic",
        "healthcare": "clinic",
        "name": "Unidade Básica de Saúde Usf Tubarao",
        "short_name": "UBS Usf Tubarao",
        "comment": "UBS",
        "qtd_equipes_esf": 3,
        "qtd_equipes_eap": 0,
        "qtd_equipes_total": 5,
        "capacidade_pnab": 10500,
        "nomes_equipes": "EQUIPE SOL; MAR; EQUIPE ONDA; ESB MAR; ESB EQUIPE ONDA"
      },
      "geometry": {
        "type": "Point",
        "coordinates": [
          -38.4695278,
          -12.8408921
        ]
      }
    },
    {
      "type": "Feature",
      "id": 5193,
      "properties": {
        "operator": "Prefeitura Municipal de Salvador",
        "operator:type": "public",
        "ref:CNES": "5193",
        "source": "cnes;datasus;dados_abertos_saude",
        "official_name": "USF URSULA CATHARINO GARCIA",
        "addr:street": "Rua Quintino Bocaiuva",
        "addr:housenumber": "08",
        "addr:suburb": "Garcia",
        "addr:city": "Salvador",
        "addr:state": "BA",
        "addr:country": "BR",
        "addr:postcode": "40100-240",
        "email": "usfgarcia@yahoo.com.br",
        "amenity": "clinic",
        "healthcare": "clinic",
        "name": "Unidade Básica de Saúde Usf Ursula Catharino Garcia",
        "short_name": "UBS Usf Ursula Catharino Garcia",
        "comment": "UBS",
        "qtd_equipes_esf": 3,
        "qtd_equipes_eap": 0,
        "qtd_equipes_total": 5,
        "capacidade_pnab": 10500,
        "nomes_equipes": "FAZENDA GARCIA; ARCO DO GARCIA; ESB FAZENDA GARCIA; NASF GARCIA; MARQUES DE OLINDA"
      },
      "geometry": {
        "type": "Point",
        "coordinates": [
          -38.5086197,
          -12.9905703
        ]
      }
    },
    {
      "type": "Feature",
      "id": 7872836,
      "properties": {
        "operator": "Prefeitura Municipal de Salvador",
        "operator:type": "public",
        "ref:CNES": "7872836",
        "source": "cnes;datasus;dados_abertos_saude",
        "official_name": "USF VALE DO CAMBONAS",
        "addr:street": "Rua Rio Cambonas",
        "addr:suburb": "Castelo Branco",
        "addr:city": "Salvador",
        "addr:state": "BA",
        "addr:country": "BR",
        "addr:postcode": "41387-200",
        "phone": "+55 71 3205-0805",
        "email": "usfcambonas@salvador.ba.gov.br",
        "amenity": "clinic",
        "healthcare": "clinic",
        "name": "Unidade Básica de Saúde Usf Vale do Cambonas",
        "short_name": "UBS Usf Vale do Cambonas",
        "comment": "UBS",
        "qtd_equipes_esf": 4,
        "qtd_equipes_eap": 0,
        "qtd_equipes_total": 8,
        "capacidade_pnab": 14000,
        "nomes_equipes": "CAMBONAS IV; CAMBONAS III; CAMBONAS II; CAMBONAS I; ESB CAMBONAS I; ESB CAMBONAS II; ESB CAMBONAS IV; ESB CAMBONAS III"
      },
      "geometry": {
        "type": "Point",
        "coordinates": [
          -38.4256053,
          -12.907236
        ]
      }
    },
    {
      "type": "Feature",
      "id": 126934,
      "properties": {
        "operator": "Prefeitura Municipal de Salvador",
        "operator:type": "public",
        "ref:CNES": "126934",
        "source": "cnes;datasus;dados_abertos_saude",
        "official_name": "USF VILA CANARIA",
        "addr:street": "Rua Coronel Nilton Sa",
        "addr:suburb": "Vila Canaria",
        "addr:city": "Salvador",
        "addr:state": "BA",
        "addr:country": "BR",
        "addr:postcode": "41390-045",
        "phone": "+55 46 3202-0802",
        "email": "usf.vilacanaria@salvador.ba.gov.br",
        "amenity": "clinic",
        "healthcare": "clinic",
        "name": "Unidade Básica de Saúde Usf Vila Canaria",
        "short_name": "UBS Usf Vila Canaria",
        "comment": "UBS",
        "qtd_equipes_esf": 4,
        "qtd_equipes_eap": 0,
        "qtd_equipes_total": 8,
        "capacidade_pnab": 14000,
        "nomes_equipes": "EQUIPE 3 AZUL; EQUIPE 1 VERDE; EQUIPE 4 AMARELA; EQUIPE 4 AMARELA; EQUIPE 3 - AZUL; EQUIPE 2; EQUIPE 1; EQUIPE 2 ROSA"
      },
      "geometry": {
        "type": "Point",
        "coordinates": [
          -38.4428369,
          -12.9116613
        ]
      }
    },
    {
      "type": "Feature",
      "id": 9749896,
      "properties": {
        "operator": "Prefeitura Municipal de Salvador",
        "operator:type": "public",
        "ref:CNES": "9749896",
        "source": "cnes;datasus;dados_abertos_saude",
        "official_name": "USF VILA FRATERNIDADE",
        "addr:street": "Rua Jose do Patrocinio",
        "addr:suburb": "Fazenda Coutos",
        "addr:city": "Salvador",
        "addr:state": "BA",
        "addr:country": "BR",
        "addr:postcode": "40730-100",
        "phone": "+55 71 3202-1888",
        "email": "usfraternidadegerencia@gmail.com",
        "amenity": "clinic",
        "healthcare": "clinic",
        "name": "Unidade Básica de Saúde Usf Vila Fraternidade",
        "short_name": "UBS Usf Vila Fraternidade",
        "comment": "UBS",
        "qtd_equipes_esf": 4,
        "qtd_equipes_eap": 0,
        "qtd_equipes_total": 7,
        "capacidade_pnab": 14000,
        "nomes_equipes": "EQUIPE IV; EQUUPE IV; EQUIPE III; MAR AZUL; COLINA DO MAR; ESB COLINA DO MAR; ESB MAR AZUL"
      },
      "geometry": {
        "type": "Point",
        "coordinates": [
          -38.677044,
          -12.897621
        ]
      }
    },
    {
      "type": "Feature",
      "id": 9996656,
      "properties": {
        "operator": "Prefeitura Municipal de Salvador",
        "operator:type": "public",
        "ref:CNES": "9996656",
        "source": "cnes;datasus;dados_abertos_saude",
        "official_name": "USF VILA NOVA DE PITUACU",
        "addr:street": "Rua São Jorge",
        "addr:suburb": "São Marcos",
        "addr:city": "Salvador",
        "addr:state": "BA",
        "addr:country": "BR",
        "addr:postcode": "41253-200",
        "phone": "+55 71 3202-0801",
        "amenity": "clinic",
        "healthcare": "clinic",
        "name": "Unidade Básica de Saúde Usf Vila Nova de Pituacu",
        "short_name": "UBS Usf Vila Nova de Pituacu",
        "comment": "UBS",
        "qtd_equipes_esf": 2,
        "qtd_equipes_eap": 0,
        "qtd_equipes_total": 4,
        "capacidade_pnab": 7000,
        "nomes_equipes": "EQUIPE 1; ESB EQUIPE 1; ESB EQUIPE 2; EQUIPE 2"
      },
      "geometry": {
        "type": "Point",
        "coordinates": [
          -38.439026,
          -12.9271178
        ]
      }
    },
    {
      "type": "Feature",
      "id": 9668675,
      "properties": {
        "operator": "Prefeitura Municipal de Salvador",
        "operator:type": "public",
        "ref:CNES": "9668675",
        "source": "cnes;datasus;dados_abertos_saude",
        "official_name": "USF VILA VERDE",
        "addr:street": "Rua Aliomar Baleeiro",
        "addr:housenumber": "12044",
        "addr:suburb": "Mussurunga",
        "addr:city": "Salvador",
        "addr:state": "BA",
        "addr:country": "BR",
        "addr:postcode": "41370-045",
        "phone": "+55 71 3202-1843",
        "email": "usfvilaverde.ssa@salvador.ba.gov.br",
        "amenity": "clinic",
        "healthcare": "clinic",
        "name": "Unidade Básica de Saúde Usf Vila Verde",
        "short_name": "UBS Usf Vila Verde",
        "comment": "UBS",
        "qtd_equipes_esf": 4,
        "qtd_equipes_eap": 0,
        "qtd_equipes_total": 8,
        "capacidade_pnab": 14000,
        "nomes_equipes": "ESB AMARELA; ESB EQUIPE VERDE; ESB AZUL; ESB ROSA; EQUIPE VERDE; AMARELA; ROSA; AZUL"
      },
      "geometry": {
        "type": "Point",
        "coordinates": [
          -38.3499821,
          -12.9109045
        ]
      }
    },
    {
      "type": "Feature",
      "id": 3270505,
      "properties": {
        "operator": "Prefeitura Municipal de Salvador",
        "operator:type": "public",
        "ref:CNES": "3270505",
        "source": "cnes;datasus;dados_abertos_saude",
        "official_name": "USF VISTA ALEGRE",
        "addr:street": "Rua Sabia",
        "addr:housenumber": "57",
        "addr:suburb": "Vista Alegre",
        "addr:city": "Salvador",
        "addr:state": "BA",
        "addr:country": "BR",
        "addr:postcode": "40230-050",
        "phone": "+55 71 3611-5913",
        "email": "usf.vistaalegre@salvador.ba.gov.br",
        "amenity": "clinic",
        "healthcare": "clinic",
        "name": "Unidade Básica de Saúde Usf Vista Alegre",
        "short_name": "UBS Usf Vista Alegre",
        "comment": "UBS",
        "qtd_equipes_esf": 2,
        "qtd_equipes_eap": 0,
        "qtd_equipes_total": 4,
        "capacidade_pnab": 7000,
        "nomes_equipes": "VISTA ALEGRE DE CIMA; VISTA ALEGRE DE BAIXO; NASF VISTA ALEGRE; ESB VISTA ALEGRE DE CIMA"
      },
      "geometry": {
        "type": "Point",
        "coordinates": [
          -38.3330944,
          -12.6996382
        ]
      }
    },
    {
      "type": "Feature",
      "id": 3850153,
      "properties": {
        "operator": "Prefeitura Municipal de Salvador",
        "operator:type": "public",
        "ref:CNES": "3850153",
        "source": "cnes;datasus;dados_abertos_saude",
        "official_name": "USF YOLANDA PIRES",
        "addr:street": "Rua Vereador Zezeu Ribeiro",
        "addr:housenumber": "605",
        "addr:suburb": "Fazenda Grande I Caj",
        "addr:city": "Salvador",
        "addr:state": "BA",
        "addr:country": "BR",
        "addr:postcode": "41339-104",
        "phone": "+55 71 3202-1738",
        "email": "usf.yolandapires@salvador.ba.gov.br",
        "amenity": "clinic",
        "healthcare": "clinic",
        "name": "Unidade Básica de Saúde Usf Yolanda Pires",
        "short_name": "UBS Usf Yolanda Pires",
        "comment": "UBS",
        "qtd_equipes_esf": 4,
        "qtd_equipes_eap": 0,
        "qtd_equipes_total": 7,
        "capacidade_pnab": 14000,
        "nomes_equipes": "ESB YOLANDA PIRES/INDEPENDENTE; ESB ESPERANCA; USF YOLANDA PIRES/INDEPENDENTE; USF YOLANDA PIRES/HUMANIZA; USF YOLANDA PIRES/CEM; ESPERANCA; NASF YOLANDA PIRES"
      },
      "geometry": {
        "type": "Point",
        "coordinates": [
          -38.3868313,
          -12.9006475
        ]
      }
    },
    {
      "type": "Feature",
      "id": 6337759,
      "properties": {
        "operator": "Prefeitura Municipal de Salvador",
        "operator:type": "public",
        "ref:CNES": "6337759",
        "source": "cnes;datasus;dados_abertos_saude",
        "official_name": "USF ZULMIRA BARROS COSTA AZUL",
        "addr:street": "Rua Desembargador Manoel Pereira",
        "addr:suburb": "Costa Azul",
        "addr:city": "Salvador",
        "addr:state": "BA",
        "addr:country": "BR",
        "addr:postcode": "41760-150",
        "email": "zulmira.bocadorio@gmail.com",
        "amenity": "clinic",
        "healthcare": "clinic",
        "name": "Unidade Básica de Saúde Usf Zulmira Barros Costa Azul",
        "short_name": "UBS Usf Zulmira Barros Costa Azul",
        "comment": "UBS",
        "qtd_equipes_esf": 2,
        "qtd_equipes_eap": 0,
        "qtd_equipes_total": 4,
        "capacidade_pnab": 7000,
        "nomes_equipes": "EQUIPE 2; EQUIPE 2; CEU; ESB CEU"
      },
      "geometry": {
        "type": "Point",
        "coordinates": [
          -38.4454969,
          -12.9903216
        ]
      }
    },
    {
      "type": "Feature",
      "id": 4235,
      "properties": {
        "operator": "Prefeitura Municipal de Salvador",
        "operator:type": "public",
        "ref:CNES": "4235",
        "source": "cnes;datasus;dados_abertos_saude",
        "official_name": "MULTICENTRO DE SAUDE AMARALINA DR ADRIANO PONDE",
        "addr:street": "Rua Visconde de Itab0rahy",
        "addr:housenumber": "1003",
        "addr:suburb": "Amaralina",
        "addr:city": "Salvador",
        "addr:state": "BA",
        "addr:country": "BR",
        "addr:postcode": "41900-000",
        "phone": "+55 71 3240-1811",
        "email": "lucia.almeida@providaos.org.br",
        "amenity": "clinic",
        "healthcare": "rehabilitation",
        "name": "Serviço de Reabilitação Física Nível Intermediário",
        "comment": "Reabilitação Física",
        "qtd_equipes_esf": 1,
        "qtd_equipes_eap": 0,
        "qtd_equipes_total": 1,
        "capacidade_pnab": 3500,
        "nomes_equipes": ""
      },
      "geometry": {
        "type": "Point",
        "coordinates": [
          -38.4880257,
          -13.0146767
        ]
      }
    },
    {
      "type": "Feature",
      "id": 4671244,
      "properties": {
        "operator": "Prefeitura Municipal de Salvador",
        "operator:type": "public",
        "ref:CNES": "4671244",
        "source": "cnes;datasus;dados_abertos_saude",
        "official_name": "MULTICENTRO DE SAUDE AME PIRAJA",
        "addr:street": "Estrada de Campinas",
        "addr:housenumber": "1051",
        "addr:suburb": "Campinas de Piraja",
        "addr:city": "Salvador",
        "addr:state": "BA",
        "addr:country": "BR",
        "addr:postcode": "41270-005",
        "phone": "+55 71 03901-4186",
        "email": "renata.menezes@unsvsaude.org",
        "amenity": "clinic",
        "healthcare": "rehabilitation",
        "name": "Serviço de Reabilitação Física Nível Intermediário",
        "comment": "Reabilitação Física",
        "qtd_equipes_esf": 1,
        "qtd_equipes_eap": 0,
        "qtd_equipes_total": 1,
        "capacidade_pnab": 3500,
        "nomes_equipes": ""
      },
      "geometry": {
        "type": "Point",
        "coordinates": [
          -38.4777035,
          -12.9332145
        ]
      }
    },
    {
      "type": "Feature",
      "id": 3956,
      "properties": {
        "operator": "Prefeitura Municipal de Salvador",
        "operator:type": "public",
        "ref:CNES": "3956",
        "source": "cnes;datasus;dados_abertos_saude",
        "official_name": "MULTICENTRO DE SAUDE CARLOS GOMES",
        "addr:street": "Rua Carlos Gomes",
        "addr:housenumber": "270",
        "addr:city": "Salvador",
        "addr:state": "BA",
        "addr:country": "BR",
        "addr:postcode": "40060-325",
        "phone": "+55 71 3025-9600",
        "email": "diretoria@mcs-carlosgomes.med.br",
        "amenity": "clinic",
        "healthcare": "rehabilitation",
        "name": "Serviço de Reabilitação Física Nível Intermediário",
        "comment": "Reabilitação Física",
        "qtd_equipes_esf": 1,
        "qtd_equipes_eap": 0,
        "qtd_equipes_total": 1,
        "capacidade_pnab": 3500,
        "nomes_equipes": ""
      },
      "geometry": {
        "type": "Point",
        "coordinates": [
          -38.4758048,
          -12.8653297
        ]
      }
    },
    {
      "type": "Feature",
      "id": 9007148,
      "properties": {
        "operator": "Prefeitura Municipal de Salvador",
        "operator:type": "public",
        "ref:CNES": "9007148",
        "source": "cnes;datasus;dados_abertos_saude",
        "official_name": "MULTICENTRO DE SAUDE LIBERDADE PROFESSOR BEZERRA LOPES",
        "addr:street": "Rua Lima e Silva Estrada da Liberdade",
        "addr:housenumber": "214",
        "addr:suburb": "Liberdade",
        "addr:city": "Salvador",
        "addr:state": "BA",
        "addr:country": "BR",
        "addr:postcode": "40375-500",
        "phone": "+55 71 3021-7300",
        "email": "gerenteadmlb@s3saude.com.br",
        "amenity": "clinic",
        "healthcare": "rehabilitation",
        "name": "Serviço de Reabilitação Física Nível Intermediário",
        "comment": "Reabilitação Física",
        "qtd_equipes_esf": 1,
        "qtd_equipes_eap": 0,
        "qtd_equipes_total": 1,
        "capacidade_pnab": 3500,
        "nomes_equipes": ""
      },
      "geometry": {
        "type": "Point",
        "coordinates": [
          -38.4879184,
          -13.0147603
        ]
      }
    },
    {
      "type": "Feature",
      "id": 7462859,
      "properties": {
        "operator": "Prefeitura Municipal de Salvador",
        "operator:type": "public",
        "ref:CNES": "7462859",
        "source": "cnes;datasus;dados_abertos_saude",
        "official_name": "MULTICENTRO DE SAUDE VALE DAS PEDRINHAS",
        "addr:street": "Avenida Vale das Pedrinhas",
        "addr:suburb": "Vale da Pedrinhas",
        "addr:city": "Salvador",
        "addr:state": "BA",
        "addr:country": "BR",
        "addr:postcode": "41181-900",
        "phone": "+55 71 2180-0254",
        "email": "gerenciamulticentrovp@hotmail.com",
        "amenity": "clinic",
        "healthcare": "rehabilitation",
        "name": "Serviço de Reabilitação Física Nível Intermediário",
        "comment": "Reabilitação Física",
        "qtd_equipes_esf": 1,
        "qtd_equipes_eap": 0,
        "qtd_equipes_total": 1,
        "capacidade_pnab": 3500,
        "nomes_equipes": ""
      },
      "geometry": {
        "type": "Point",
        "coordinates": [
          -38.4799465,
          -13.009579
        ]
      }
    },
    {
      "type": "Feature",
      "id": 2942208,
      "properties": {
        "operator": "Governo do Estado (BA)",
        "operator:type": "public",
        "ref:CNES": "2942208",
        "source": "cnes;datasus;dados_abertos_saude",
        "official_name": "POLICLINICA DE ESCADA",
        "addr:street": "Avenida Afranio Peixoto",
        "addr:suburb": "Escada",
        "addr:city": "Salvador",
        "addr:state": "BA",
        "addr:country": "BR",
        "addr:postcode": "40710-250",
        "amenity": "clinic",
        "healthcare": "rehabilitation",
        "name": "Serviço de Reabilitação Física Nível Intermediário",
        "comment": "Reabilitação Física",
        "qtd_equipes_esf": 1,
        "qtd_equipes_eap": 0,
        "qtd_equipes_total": 1,
        "capacidade_pnab": 3500,
        "nomes_equipes": ""
      },
      "geometry": {
        "type": "Point",
        "coordinates": [
          -38.4931594,
          -12.9378322
        ]
      }
    },
    {
      "type": "Feature",
      "id": 2942585,
      "properties": {
        "operator": "Governo do Estado (BA)",
        "operator:type": "public",
        "ref:CNES": "2942585",
        "source": "cnes;datasus;dados_abertos_saude",
        "official_name": "POLICLINICA DE NARANDIBA",
        "addr:street": "Avenida Edgard Santos",
        "addr:suburb": "Narandiba",
        "addr:city": "Salvador",
        "addr:state": "BA",
        "addr:country": "BR",
        "addr:postcode": "41192-900",
        "amenity": "clinic",
        "healthcare": "rehabilitation",
        "name": "Serviço de Reabilitação Física Nível Intermediário",
        "comment": "Reabilitação Física",
        "qtd_equipes_esf": 1,
        "qtd_equipes_eap": 0,
        "qtd_equipes_total": 1,
        "capacidade_pnab": 3500,
        "nomes_equipes": ""
      },
      "geometry": {
        "type": "Point",
        "coordinates": [
          -38.4457813,
          -12.9542079
        ]
      }
    },
    {
      "type": "Feature",
      "id": 5519934,
      "properties": {
        "operator": "Prefeitura Municipal de Salvador",
        "operator:type": "public",
        "ref:CNES": "5519934",
        "source": "cnes;datasus;dados_abertos_saude",
        "official_name": "SERVICO MEDICO UNIVERSITARIO RUBENS BRASIL SMURB",
        "addr:street": "Rua Padre Feijo",
        "addr:housenumber": "240",
        "addr:suburb": "Canela",
        "addr:city": "Salvador",
        "addr:state": "BA",
        "addr:country": "BR",
        "addr:postcode": "41750-300",
        "phone": "+55 71 3283-8700",
        "email": "smurb@ufba.br",
        "amenity": "clinic",
        "healthcare": "rehabilitation",
        "name": "Serviço de Reabilitação Física Nível Intermediário",
        "comment": "Reabilitação Física",
        "qtd_equipes_esf": 1,
        "qtd_equipes_eap": 0,
        "qtd_equipes_total": 1,
        "capacidade_pnab": 3500,
        "nomes_equipes": ""
      },
      "geometry": {
        "type": "Point",
        "coordinates": [
          -38.5199761,
          -12.9936021
        ]
      }
    },
    {
      "type": "Feature",
      "id": 262080,
      "properties": {
        "operator": "Prefeitura Municipal de Salvador",
        "operator:type": "public",
        "ref:CNES": "262080",
        "source": "cnes;datasus;dados_abertos_saude",
        "official_name": "ESQUADRAO DE SAUDE DE SALVADOR",
        "addr:street": "Rua Aer Santo Amaro do Ipitanga",
        "addr:suburb": "São Cristóvão",
        "addr:city": "Salvador",
        "addr:state": "BA",
        "addr:country": "BR",
        "addr:postcode": "40301-155",
        "email": "notafiscal@clinicasdoc.com.br",
        "amenity": "clinic",
        "healthcare": "clinic",
        "name": "Esquadrao de Saude de Salvador",
        "comment": "Outros Serviços de Saúde",
        "qtd_equipes_esf": 1,
        "qtd_equipes_eap": 0,
        "qtd_equipes_total": 1,
        "capacidade_pnab": 3500,
        "nomes_equipes": ""
      },
      "geometry": {
        "type": "Point",
        "coordinates": [
          -38.3312,
          -12.9111
        ]
      }
    },
    {
      "type": "Feature",
      "id": 3875,
      "properties": {
        "operator": "Governo do Estado (BA)",
        "operator:type": "public",
        "ref:CNES": "3875",
        "source": "cnes;datasus;dados_abertos_saude",
        "official_name": "HOSPITAL ANA NERY",
        "addr:street": "Rua Saldanha Marinho",
        "addr:suburb": "Caixa D Agua",
        "addr:city": "Salvador",
        "addr:state": "BA",
        "addr:country": "BR",
        "addr:postcode": "40320-010",
        "phone": "+55 71 3117-1800",
        "email": "faturamento@han.net.br",
        "amenity": "clinic",
        "healthcare": "clinic",
        "name": "Hospital Ana Nery",
        "comment": "Outros Serviços de Saúde",
        "qtd_equipes_esf": 1,
        "qtd_equipes_eap": 0,
        "qtd_equipes_total": 1,
        "capacidade_pnab": 3500,
        "nomes_equipes": ""
      },
      "geometry": {
        "type": "Point",
        "coordinates": [
          -38.4931637,
          -12.9575324
        ]
      }
    },
    {
      "type": "Feature",
      "id": 6595197,
      "properties": {
        "operator": "Governo do Estado (BA)",
        "operator:type": "public",
        "ref:CNES": "6595197",
        "source": "cnes;datasus;dados_abertos_saude",
        "official_name": "HOSPITAL DO SUBURBIO",
        "addr:street": "Rua Manuel Lino",
        "addr:housenumber": "141",
        "addr:suburb": "Periperi",
        "addr:city": "Salvador",
        "addr:state": "BA",
        "addr:country": "BR",
        "addr:postcode": "40726-390",
        "phone": "+55 71 3217-8600",
        "amenity": "clinic",
        "healthcare": "clinic",
        "name": "Hospital do Suburbio",
        "comment": "Outros Serviços de Saúde",
        "qtd_equipes_esf": 1,
        "qtd_equipes_eap": 0,
        "qtd_equipes_total": 1,
        "capacidade_pnab": 3500,
        "nomes_equipes": ""
      },
      "geometry": {
        "type": "Point",
        "coordinates": [
          -38.4565687,
          -12.8644392
        ]
      }
    },
    {
      "type": "Feature",
      "id": 3980,
      "properties": {
        "operator": "Governo do Estado (BA)",
        "operator:type": "public",
        "ref:CNES": "3980",
        "source": "cnes;datasus;dados_abertos_saude",
        "official_name": "HOSPITAL ELADIO LASSERRE",
        "addr:street": "Rua Coronel Azevedo",
        "addr:suburb": "Cajazeiras II",
        "addr:city": "Salvador",
        "addr:state": "BA",
        "addr:country": "BR",
        "addr:postcode": "41310-295",
        "phone": "+55 71 3395-5719",
        "email": "jamile.carvalho@iff-ba.org",
        "amenity": "clinic",
        "healthcare": "clinic",
        "name": "Hospital Eladio Lasserre",
        "comment": "Outros Serviços de Saúde",
        "qtd_equipes_esf": 1,
        "qtd_equipes_eap": 0,
        "qtd_equipes_total": 1,
        "capacidade_pnab": 3500,
        "nomes_equipes": ""
      },
      "geometry": {
        "type": "Point",
        "coordinates": [
          -38.4226227,
          -12.8893735
        ]
      }
    },
    {
      "type": "Feature",
      "id": 106526,
      "properties": {
        "operator": "Governo do Estado (BA)",
        "operator:type": "public",
        "ref:CNES": "106526",
        "source": "cnes;datasus;dados_abertos_saude",
        "official_name": "HOSPITAL ESTADUAL 2 DE JULHO",
        "addr:street": "Avenida Sete de Setembro",
        "addr:housenumber": "4161",
        "addr:suburb": "Barra",
        "addr:city": "Salvador",
        "addr:state": "BA",
        "addr:country": "BR",
        "addr:postcode": "40140-110",
        "amenity": "clinic",
        "healthcare": "clinic",
        "name": "Hospital Estadual 2 de Julho",
        "comment": "Outros Serviços de Saúde",
        "qtd_equipes_esf": 1,
        "qtd_equipes_eap": 0,
        "qtd_equipes_total": 1,
        "capacidade_pnab": 3500,
        "nomes_equipes": ""
      },
      "geometry": {
        "type": "Point",
        "coordinates": [
          -38.5323176,
          -13.0059552
        ]
      }
    },
    {
      "type": "Feature",
      "id": 3778,
      "properties": {
        "operator": "Governo do Estado (BA)",
        "operator:type": "public",
        "ref:CNES": "3778",
        "source": "cnes;datasus;dados_abertos_saude",
        "official_name": "HOSPITAL ESTADUAL DA MULHER",
        "addr:street": "Rua Barao de Cotegipe",
        "addr:housenumber": "1153",
        "addr:suburb": "Roma",
        "addr:city": "Salvador",
        "addr:state": "BA",
        "addr:country": "BR",
        "addr:postcode": "40411-900",
        "phone": "+55 71 3995-0680",
        "email": "faturamentohm.iff@gmail.com",
        "amenity": "clinic",
        "healthcare": "clinic",
        "name": "Hospital Estadual da Mulher",
        "comment": "Outros Serviços de Saúde",
        "qtd_equipes_esf": 1,
        "qtd_equipes_eap": 0,
        "qtd_equipes_total": 1,
        "capacidade_pnab": 3500,
        "nomes_equipes": ""
      },
      "geometry": {
        "type": "Point",
        "coordinates": [
          -38.5067475,
          -12.9373316
        ]
      }
    },
    {
      "type": "Feature",
      "id": 4294,
      "properties": {
        "operator": "Governo do Estado (BA)",
        "operator:type": "public",
        "ref:CNES": "4294",
        "source": "cnes;datasus;dados_abertos_saude",
        "official_name": "HOSPITAL GERAL DO ESTADO",
        "addr:street": "Rua Av Vasco da Gama",
        "addr:suburb": "Vasco da Gama",
        "addr:city": "Salvador",
        "addr:state": "BA",
        "addr:country": "BR",
        "addr:postcode": "40230-900",
        "phone": "+55 71 3117-5959",
        "email": "hge.contasmedicas@saude.ba.gov.br",
        "amenity": "clinic",
        "healthcare": "clinic",
        "name": "Hospital Geral do Estado",
        "comment": "Outros Serviços de Saúde",
        "qtd_equipes_esf": 1,
        "qtd_equipes_eap": 0,
        "qtd_equipes_total": 1,
        "capacidade_pnab": 3500,
        "nomes_equipes": ""
      },
      "geometry": {
        "type": "Point",
        "coordinates": [
          -38.4945683,
          -12.9962977
        ]
      }
    },
    {
      "type": "Feature",
      "id": 4073,
      "properties": {
        "operator": "Governo do Estado (BA)",
        "operator:type": "public",
        "ref:CNES": "4073",
        "source": "cnes;datasus;dados_abertos_saude",
        "official_name": "HOSPITAL GERAL ERNESTO SIMOES FILHO",
        "addr:street": "Rua do Pau Miudo",
        "addr:suburb": "Pau Miudo",
        "addr:city": "Salvador",
        "addr:state": "BA",
        "addr:country": "BR",
        "addr:postcode": "40320-840",
        "email": "luciano.bressy@saude.ba.gov.br",
        "amenity": "clinic",
        "healthcare": "clinic",
        "name": "Hospital Geral Ernesto Simoes Filho",
        "comment": "Outros Serviços de Saúde",
        "qtd_equipes_esf": 0,
        "qtd_equipes_eap": 0,
        "qtd_equipes_total": 1,
        "capacidade_pnab": 3500,
        "nomes_equipes": "EMAD HGESF"
      },
      "geometry": {
        "type": "Point",
        "coordinates": [
          -38.4861642,
          -12.959007
        ]
      }
    },
    {
      "type": "Feature",
      "id": 3859,
      "properties": {
        "operator": "Governo do Estado (BA)",
        "operator:type": "public",
        "ref:CNES": "3859",
        "source": "cnes;datasus;dados_abertos_saude",
        "official_name": "HOSPITAL GERAL ROBERTO SANTOS",
        "addr:street": "Estrada Saboeiro",
        "addr:suburb": "Saboeiro",
        "addr:city": "Salvador",
        "addr:state": "BA",
        "addr:country": "BR",
        "addr:postcode": "41180-900",
        "phone": "+55 71 3117-7500",
        "amenity": "clinic",
        "healthcare": "clinic",
        "name": "Hospital Geral Roberto Santos",
        "comment": "Outros Serviços de Saúde",
        "qtd_equipes_esf": 1,
        "qtd_equipes_eap": 0,
        "qtd_equipes_total": 1,
        "capacidade_pnab": 3500,
        "nomes_equipes": ""
      },
      "geometry": {
        "type": "Point",
        "coordinates": [
          -38.5013981,
          -12.9722103
        ]
      }
    },
    {
      "type": "Feature",
      "id": 2493845,
      "properties": {
        "operator": "Governo do Estado (BA)",
        "operator:type": "public",
        "ref:CNES": "2493845",
        "source": "cnes;datasus;dados_abertos_saude",
        "official_name": "HOSPITAL MANOEL VICTORINO",
        "addr:street": "Rua Praca Conselheiro Almeida Couto",
        "addr:housenumber": "412",
        "addr:suburb": "Nazare",
        "addr:city": "Salvador",
        "addr:state": "BA",
        "addr:country": "BR",
        "addr:postcode": "40050-405",
        "phone": "+55 71 3254-1250",
        "email": "coord.adm.hmv@fabamed.org.br",
        "amenity": "clinic",
        "healthcare": "clinic",
        "name": "Hospital Manoel Victorino",
        "comment": "Outros Serviços de Saúde",
        "qtd_equipes_esf": 1,
        "qtd_equipes_eap": 0,
        "qtd_equipes_total": 1,
        "capacidade_pnab": 3500,
        "nomes_equipes": ""
      },
      "geometry": {
        "type": "Point",
        "coordinates": [
          -38.5028177,
          -12.9728851
        ]
      }
    },
    {
      "type": "Feature",
      "id": 4982150,
      "properties": {
        "operator": "Governo do Estado (BA)",
        "operator:type": "public",
        "ref:CNES": "4982150",
        "source": "cnes;datasus;dados_abertos_saude",
        "official_name": "HOSPITAL MONT SERRAT",
        "addr:street": "Rua São Francisco",
        "addr:suburb": "Monte Serrat",
        "addr:city": "Salvador",
        "addr:state": "BA",
        "addr:country": "BR",
        "addr:postcode": "40415-006",
        "amenity": "clinic",
        "healthcare": "clinic",
        "name": "Hospital Mont Serrat",
        "comment": "Outros Serviços de Saúde",
        "qtd_equipes_esf": 1,
        "qtd_equipes_eap": 0,
        "qtd_equipes_total": 1,
        "capacidade_pnab": 3500,
        "nomes_equipes": ""
      },
      "geometry": {
        "type": "Point",
        "coordinates": [
          -38.4680989,
          -12.8603381
        ]
      }
    },
    {
      "type": "Feature",
      "id": 9443665,
      "properties": {
        "operator": "Prefeitura Municipal de Salvador",
        "operator:type": "public",
        "ref:CNES": "9443665",
        "source": "cnes;datasus;dados_abertos_saude",
        "official_name": "HOSPITAL MUNICIPAL DE SALVADOR HMS",
        "addr:street": "Rua Vereador Zezeu Ribeiro",
        "addr:suburb": "Boca da Mata",
        "addr:city": "Salvador",
        "addr:state": "BA",
        "addr:country": "BR",
        "addr:postcode": "41345-100",
        "phone": "+55 71 3202-3500",
        "email": "diretoria.hms@santacasaba.org.br",
        "amenity": "clinic",
        "healthcare": "clinic",
        "name": "Hospital Municipal de Salvador Hms",
        "comment": "Outros Serviços de Saúde",
        "qtd_equipes_esf": 0,
        "qtd_equipes_eap": 0,
        "qtd_equipes_total": 3,
        "capacidade_pnab": 3500,
        "nomes_equipes": "EQUIPE 2; EQUIPE 1; EQUIPE 1"
      },
      "geometry": {
        "type": "Point",
        "coordinates": [
          -38.3875672,
          -12.9008226
        ]
      }
    },
    {
      "type": "Feature",
      "id": 108375,
      "properties": {
        "operator": "Prefeitura Municipal de Salvador",
        "operator:type": "public",
        "ref:CNES": "108375",
        "source": "cnes;datasus;dados_abertos_saude",
        "official_name": "HOSPITAL MUNICIPAL DO HOMEM HMH",
        "addr:street": "Rua Plinio de Lima",
        "addr:housenumber": "1",
        "addr:suburb": "Mont Serrat",
        "addr:city": "Salvador",
        "addr:state": "BA",
        "addr:country": "BR",
        "addr:postcode": "40415-065",
        "phone": "+55 46 3797-1922",
        "email": "paulo.filho@irmadulce.org.br",
        "amenity": "clinic",
        "healthcare": "clinic",
        "name": "Hospital Municipal do Homem Hmh",
        "comment": "Outros Serviços de Saúde",
        "qtd_equipes_esf": 1,
        "qtd_equipes_eap": 0,
        "qtd_equipes_total": 1,
        "capacidade_pnab": 3500,
        "nomes_equipes": ""
      },
      "geometry": {
        "type": "Point",
        "coordinates": [
          -38.5107708,
          -12.9710829
        ]
      }
    },
    {
      "type": "Feature",
      "id": 5616387,
      "properties": {
        "operator": "Prefeitura Municipal de Salvador",
        "operator:type": "public",
        "ref:CNES": "5616387",
        "source": "cnes;datasus;dados_abertos_saude",
        "official_name": "HOSPITAL NAVAL DE SALVADOR",
        "addr:street": "Rua Av da Franca",
        "addr:housenumber": "1400",
        "addr:suburb": "Comercio",
        "addr:city": "Salvador",
        "addr:state": "BA",
        "addr:country": "BR",
        "addr:postcode": "40010-000",
        "phone": "+55 71 3241-2000",
        "amenity": "clinic",
        "healthcare": "clinic",
        "name": "Hospital Naval de Salvador",
        "comment": "Outros Serviços de Saúde",
        "qtd_equipes_esf": 1,
        "qtd_equipes_eap": 0,
        "qtd_equipes_total": 1,
        "capacidade_pnab": 3500,
        "nomes_equipes": ""
      },
      "geometry": {
        "type": "Point",
        "coordinates": [
          -38.5102,
          -12.9672
        ]
      }
    },
    {
      "type": "Feature",
      "id": 4987,
      "properties": {
        "operator": "Governo do Estado (BA)",
        "operator:type": "public",
        "ref:CNES": "4987",
        "source": "cnes;datasus;dados_abertos_saude",
        "official_name": "HOSPITAL PROFESSOR CARVALHO LUZ",
        "addr:street": "Rua Praca Conselheiro Almeida Couto",
        "addr:housenumber": "512",
        "addr:suburb": "Nazare",
        "addr:city": "Salvador",
        "addr:state": "BA",
        "addr:country": "BR",
        "addr:postcode": "40050-410",
        "phone": "+55 71 3326-3211",
        "email": "ivo.ferreira@iff-ba.org",
        "amenity": "clinic",
        "healthcare": "clinic",
        "name": "Hospital Professor Carvalho Luz",
        "comment": "Outros Serviços de Saúde",
        "qtd_equipes_esf": 1,
        "qtd_equipes_eap": 0,
        "qtd_equipes_total": 1,
        "capacidade_pnab": 3500,
        "nomes_equipes": ""
      },
      "geometry": {
        "type": "Point",
        "coordinates": [
          -38.50265,
          -12.973279
        ]
      }
    },
    {
      "type": "Feature",
      "id": 3816,
      "properties": {
        "operator": "Prefeitura Municipal de Salvador",
        "operator:type": "public",
        "ref:CNES": "3816",
        "source": "cnes;datasus;dados_abertos_saude",
        "official_name": "HOSPITAL UNIVERSITARIO PROFESSOR EDGARD SANTOS",
        "addr:street": "Rua Augusto Viana",
        "addr:suburb": "Canela",
        "addr:city": "Salvador",
        "addr:state": "BA",
        "addr:country": "BR",
        "addr:postcode": "40110-060",
        "amenity": "clinic",
        "healthcare": "clinic",
        "name": "Hospital Universitario Professor Edgard Santos",
        "comment": "Outros Serviços de Saúde",
        "qtd_equipes_esf": 1,
        "qtd_equipes_eap": 0,
        "qtd_equipes_total": 1,
        "capacidade_pnab": 3500,
        "nomes_equipes": ""
      },
      "geometry": {
        "type": "Point",
        "coordinates": [
          -38.5202202,
          -12.9931238
        ]
      }
    },
    {
      "type": "Feature",
      "id": 3921,
      "properties": {
        "operator": "Governo do Estado (BA)",
        "operator:type": "public",
        "ref:CNES": "3921",
        "source": "cnes;datasus;dados_abertos_saude",
        "official_name": "CICAN",
        "addr:street": "Rua Av Vasco da Gama",
        "addr:suburb": "Rio Vermelho",
        "addr:city": "Salvador",
        "addr:state": "BA",
        "addr:country": "BR",
        "addr:postcode": "40286-902",
        "phone": "+55 71 3118-8365",
        "email": "cican.contasmedicas@saude.ba.gov.br",
        "amenity": "clinic",
        "healthcare": "clinic",
        "name": "Cican",
        "comment": "Outros Serviços de Saúde",
        "qtd_equipes_esf": 1,
        "qtd_equipes_eap": 0,
        "qtd_equipes_total": 1,
        "capacidade_pnab": 3500,
        "nomes_equipes": ""
      },
      "geometry": {
        "type": "Point",
        "coordinates": [
          -38.5036816,
          -12.9830857
        ]
      }
    },
    {
      "type": "Feature",
      "id": 5436,
      "properties": {
        "operator": "Governo do Estado (BA)",
        "operator:type": "public",
        "ref:CNES": "5436",
        "source": "cnes;datasus;dados_abertos_saude",
        "official_name": "HOSPITAL ESPECIALIZADO MARIO LEAL",
        "addr:street": "Rua Conde do Porto Alegre",
        "addr:housenumber": "11",
        "addr:suburb": "Iapi",
        "addr:city": "Salvador",
        "addr:state": "BA",
        "addr:country": "BR",
        "addr:postcode": "40330-200",
        "phone": "+55 71 3117-0155",
        "email": "sesab.hmleal@saude.ba.gov.br",
        "amenity": "clinic",
        "healthcare": "clinic",
        "name": "Hospital Especializado Mario Leal",
        "comment": "Outros Serviços de Saúde",
        "qtd_equipes_esf": 1,
        "qtd_equipes_eap": 0,
        "qtd_equipes_total": 1,
        "capacidade_pnab": 3500,
        "nomes_equipes": ""
      },
      "geometry": {
        "type": "Point",
        "coordinates": [
          -38.511,
          -12.971
        ]
      }
    },
    {
      "type": "Feature",
      "id": 4065,
      "properties": {
        "operator": "Governo do Estado (BA)",
        "operator:type": "public",
        "ref:CNES": "4065",
        "source": "cnes;datasus;dados_abertos_saude",
        "official_name": "HOSPITAL ESPECIALIZADO OCTAVIO MANGABEIRA",
        "addr:street": "Rua Praca Conselheiro João Alfredo",
        "addr:suburb": "Pau Miudo",
        "addr:city": "Salvador",
        "addr:state": "BA",
        "addr:country": "BR",
        "addr:postcode": "40320-350",
        "phone": "+55 71 3117-1609",
        "email": "dgheom@gmail.com",
        "amenity": "clinic",
        "healthcare": "clinic",
        "name": "Hospital Especializado Octavio Mangabeira",
        "comment": "Outros Serviços de Saúde",
        "qtd_equipes_esf": 1,
        "qtd_equipes_eap": 0,
        "qtd_equipes_total": 1,
        "capacidade_pnab": 3500,
        "nomes_equipes": ""
      },
      "geometry": {
        "type": "Point",
        "coordinates": [
          -38.4853649,
          -12.9592161
        ]
      }
    },
    {
      "type": "Feature",
      "id": 4286,
      "properties": {
        "operator": "Governo do Estado (BA)",
        "operator:type": "public",
        "ref:CNES": "4286",
        "source": "cnes;datasus;dados_abertos_saude",
        "official_name": "HOSPITAL JULIANO MOREIRA",
        "addr:street": "Rua Av Edgar Santos",
        "addr:suburb": "Narandiba",
        "addr:city": "Salvador",
        "addr:state": "BA",
        "addr:country": "BR",
        "addr:postcode": "41211-005",
        "phone": "+55 71 3103-3905",
        "email": "hjm.dg@saude.ba.gov.br",
        "amenity": "clinic",
        "healthcare": "clinic",
        "name": "Hospital Juliano Moreira",
        "comment": "Outros Serviços de Saúde",
        "qtd_equipes_esf": 1,
        "qtd_equipes_eap": 0,
        "qtd_equipes_total": 1,
        "capacidade_pnab": 3500,
        "nomes_equipes": ""
      },
      "geometry": {
        "type": "Point",
        "coordinates": [
          -38.4491873,
          -12.9529113
        ]
      }
    },
    {
      "type": "Feature",
      "id": 4446321,
      "properties": {
        "operator": "Governo do Estado (BA)",
        "operator:type": "public",
        "ref:CNES": "4446321",
        "source": "cnes;datasus;dados_abertos_saude",
        "official_name": "HOSPITAL ORTOPEDICO DO ESTADO DA BAHIA",
        "addr:street": "Avenida Silveira Martins",
        "addr:housenumber": "355",
        "addr:suburb": "Cabula",
        "addr:city": "Salvador",
        "addr:state": "BA",
        "addr:country": "BR",
        "addr:postcode": "41150-000",
        "amenity": "clinic",
        "healthcare": "clinic",
        "name": "Hospital Ortopedico do Estado da Bahia",
        "comment": "Outros Serviços de Saúde",
        "qtd_equipes_esf": 1,
        "qtd_equipes_eap": 0,
        "qtd_equipes_total": 1,
        "capacidade_pnab": 3500,
        "nomes_equipes": ""
      },
      "geometry": {
        "type": "Point",
        "coordinates": [
          -38.4445209,
          -12.9628845
        ]
      }
    },
    {
      "type": "Feature",
      "id": 5428,
      "properties": {
        "operator": "Governo do Estado (BA)",
        "operator:type": "public",
        "ref:CNES": "5428",
        "source": "cnes;datasus;dados_abertos_saude",
        "official_name": "INSTITUTO COUTO MAIA",
        "addr:street": "Rua Coronel Azevedo",
        "addr:housenumber": "000999",
        "addr:suburb": "Cajazeiras II",
        "addr:city": "Salvador",
        "addr:state": "BA",
        "addr:country": "BR",
        "addr:postcode": "41332-010",
        "phone": "+55 71 3103-7153",
        "email": "icom.administrcao@saude.ba.gov.br",
        "amenity": "clinic",
        "healthcare": "clinic",
        "name": "Instituto Couto Maia",
        "comment": "Outros Serviços de Saúde",
        "qtd_equipes_esf": 1,
        "qtd_equipes_eap": 0,
        "qtd_equipes_total": 1,
        "capacidade_pnab": 3500,
        "nomes_equipes": ""
      },
      "geometry": {
        "type": "Point",
        "coordinates": [
          -38.4246505,
          -12.8856327
        ]
      }
    },
    {
      "type": "Feature",
      "id": 3794,
      "properties": {
        "operator": "Governo do Estado (BA)",
        "operator:type": "public",
        "ref:CNES": "3794",
        "source": "cnes;datasus;dados_abertos_saude",
        "official_name": "INSTITUTO DE PERINATOLOGIA DA BAHIA",
        "addr:street": "Rua Teixeira de Barros",
        "addr:housenumber": "72",
        "addr:suburb": "Brotas",
        "addr:city": "Salvador",
        "addr:state": "BA",
        "addr:country": "BR",
        "addr:postcode": "40279-080",
        "phone": "+55 71 3103-9316",
        "email": "iperba.rh@saude.ba.gov.br",
        "amenity": "clinic",
        "healthcare": "clinic",
        "name": "Instituto de Perinatologia da Bahia",
        "comment": "Outros Serviços de Saúde",
        "qtd_equipes_esf": 1,
        "qtd_equipes_eap": 0,
        "qtd_equipes_total": 1,
        "capacidade_pnab": 3500,
        "nomes_equipes": ""
      },
      "geometry": {
        "type": "Point",
        "coordinates": [
          -38.4768677,
          -12.9853432
        ]
      }
    },
    {
      "type": "Feature",
      "id": 3840,
      "properties": {
        "operator": "Governo do Estado (BA)",
        "operator:type": "public",
        "ref:CNES": "3840",
        "source": "cnes;datasus;dados_abertos_saude",
        "official_name": "MATERNIDADE ALBERT SABIN",
        "addr:street": "Estrada do Coqueiro Grande",
        "addr:suburb": "Cajazeiras",
        "addr:city": "Salvador",
        "addr:state": "BA",
        "addr:country": "BR",
        "addr:postcode": "41342-395",
        "phone": "+55 71 3253-5353",
        "email": "sesab.masabin@saude.gov.ba.br",
        "amenity": "clinic",
        "healthcare": "clinic",
        "name": "Maternidade Albert Sabin",
        "comment": "Outros Serviços de Saúde",
        "qtd_equipes_esf": 1,
        "qtd_equipes_eap": 0,
        "qtd_equipes_total": 1,
        "capacidade_pnab": 3500,
        "nomes_equipes": ""
      },
      "geometry": {
        "type": "Point",
        "coordinates": [
          -38.4057342,
          -12.9031882
        ]
      }
    },
    {
      "type": "Feature",
      "id": 8172919,
      "properties": {
        "operator": "Prefeitura Municipal de Salvador",
        "operator:type": "public",
        "ref:CNES": "8172919",
        "source": "cnes;datasus;dados_abertos_saude",
        "official_name": "MATERNIDADE E HOSPITAL DA CRIANCA DEPUTADO ALAN SANCHES",
        "addr:street": "Rua Caetano Moura",
        "addr:housenumber": "59",
        "addr:suburb": "Federacao",
        "addr:city": "Salvador",
        "addr:state": "BA",
        "addr:country": "BR",
        "addr:postcode": "40210-341",
        "phone": "+55 71 3202-1016",
        "email": "atencaohospitalar.sms@salvador.ba.gov.br",
        "amenity": "clinic",
        "healthcare": "clinic",
        "name": "Maternidade e Hospital da Crianca Deputado Alan Sanches",
        "comment": "Outros Serviços de Saúde",
        "qtd_equipes_esf": 1,
        "qtd_equipes_eap": 0,
        "qtd_equipes_total": 1,
        "capacidade_pnab": 3500,
        "nomes_equipes": ""
      },
      "geometry": {
        "type": "Point",
        "coordinates": [
          -38.4878862,
          -13.0148074
        ]
      }
    },
    {
      "type": "Feature",
      "id": 4081,
      "properties": {
        "operator": "Governo do Estado (BA)",
        "operator:type": "public",
        "ref:CNES": "4081",
        "source": "cnes;datasus;dados_abertos_saude",
        "official_name": "MATERNIDADE MARIA DA CONCEICAO DE JESUS",
        "addr:street": "Rua Av Afranio Peixoto",
        "addr:housenumber": "1492",
        "addr:suburb": "Coutos",
        "addr:city": "Salvador",
        "addr:state": "BA",
        "addr:country": "BR",
        "addr:postcode": "40470-630",
        "phone": "+55 71 3307-8601",
        "email": "mmcj.diretoriageral@saude.ba.gov.br",
        "amenity": "clinic",
        "healthcare": "clinic",
        "name": "Maternidade Maria da Conceicao de Jesus",
        "comment": "Outros Serviços de Saúde",
        "qtd_equipes_esf": 1,
        "qtd_equipes_eap": 0,
        "qtd_equipes_total": 1,
        "capacidade_pnab": 3500,
        "nomes_equipes": ""
      },
      "geometry": {
        "type": "Point",
        "coordinates": [
          -38.47343,
          -12.848721
        ]
      }
    },
    {
      "type": "Feature",
      "id": 3956369,
      "properties": {
        "operator": "Governo do Estado (BA)",
        "operator:type": "public",
        "ref:CNES": "3956369",
        "source": "cnes;datasus;dados_abertos_saude",
        "official_name": "MATERNIDADE PROFESSOR JOSE MARIA DE MAGALHAES NETO",
        "addr:street": "Rua Marques de Marica",
        "addr:suburb": "Pau Miudo",
        "addr:city": "Salvador",
        "addr:state": "BA",
        "addr:country": "BR",
        "addr:postcode": "40310-740",
        "phone": "+55 71 3256-8600",
        "amenity": "clinic",
        "healthcare": "clinic",
        "name": "Maternidade Professor Jose Maria de Magalhaes Neto",
        "comment": "Outros Serviços de Saúde",
        "qtd_equipes_esf": 1,
        "qtd_equipes_eap": 0,
        "qtd_equipes_total": 1,
        "capacidade_pnab": 3500,
        "nomes_equipes": ""
      },
      "geometry": {
        "type": "Point",
        "coordinates": [
          -38.5113848,
          -12.9711296
        ]
      }
    },
    {
      "type": "Feature",
      "id": 4170,
      "properties": {
        "operator": "Governo do Estado (BA)",
        "operator:type": "public",
        "ref:CNES": "4170",
        "source": "cnes;datasus;dados_abertos_saude",
        "official_name": "MATERNIDADE TSYLLA BALBINO",
        "addr:street": "Rua Ladeira de Quintas",
        "addr:suburb": "Quintas",
        "addr:city": "Salvador",
        "addr:state": "BA",
        "addr:country": "BR",
        "addr:postcode": "40300-315",
        "phone": "+55 46 3116-2096",
        "email": "sesab.mtbalbino@saude.ba.gov.br",
        "amenity": "clinic",
        "healthcare": "clinic",
        "name": "Maternidade Tsylla Balbino",
        "comment": "Outros Serviços de Saúde",
        "qtd_equipes_esf": 1,
        "qtd_equipes_eap": 0,
        "qtd_equipes_total": 1,
        "capacidade_pnab": 3500,
        "nomes_equipes": ""
      },
      "geometry": {
        "type": "Point",
        "coordinates": [
          -38.4916091,
          -12.9624991
        ]
      }
    },
    {
      "type": "Feature",
      "id": 5363,
      "properties": {
        "operator": "Governo do Estado (BA)",
        "operator:type": "public",
        "ref:CNES": "5363",
        "source": "cnes;datasus;dados_abertos_saude",
        "official_name": "UNIDADE DE PRONTO ATENDIMENTO DE SAO CAETANO UPA 24H",
        "addr:street": "Rua Anne Mariane Bittencourt",
        "addr:suburb": "São Caetano",
        "addr:city": "Salvador",
        "addr:state": "BA",
        "addr:country": "BR",
        "addr:postcode": "40391-286",
        "phone": "+55 71 3303-4808",
        "amenity": "clinic",
        "healthcare": "clinic",
        "emergency": "yes",
        "opening_hours": "24/7",
        "name": "UPA 24 Horas Maria Itália Freddo",
        "short_name": "UPA 24h",
        "comment": "UPA 24h",
        "qtd_equipes_esf": 1,
        "qtd_equipes_eap": 0,
        "qtd_equipes_total": 1,
        "capacidade_pnab": 3500,
        "nomes_equipes": ""
      },
      "geometry": {
        "type": "Point",
        "coordinates": [
          -38.4756875,
          -12.9356585
        ]
      }
    },
    {
      "type": "Feature",
      "id": 2470845,
      "properties": {
        "operator": "Governo do Estado (BA)",
        "operator:type": "public",
        "ref:CNES": "2470845",
        "source": "cnes;datasus;dados_abertos_saude",
        "official_name": "CENTRO DE INFORM ASSIST TOXICOLOGICA DA BAHIA CIATOX",
        "addr:street": "Estrada do Saboeiro",
        "addr:suburb": "Cabula",
        "addr:city": "Salvador",
        "addr:state": "BA",
        "addr:country": "BR",
        "addr:postcode": "41150-000",
        "phone": "+55 71 3103-4343",
        "email": "ciave.diretoria@saude.ba.gov.br",
        "amenity": "clinic",
        "healthcare": "clinic",
        "name": "Centro de Inform Assist Toxicologica da Bahia Ciatox",
        "comment": "Outros Serviços de Saúde",
        "qtd_equipes_esf": 1,
        "qtd_equipes_eap": 0,
        "qtd_equipes_total": 1,
        "capacidade_pnab": 3500,
        "nomes_equipes": ""
      },
      "geometry": {
        "type": "Point",
        "coordinates": [
          -38.450504,
          -12.956065
        ]
      }
    },
    {
      "type": "Feature",
      "id": 4456,
      "properties": {
        "operator": "Governo do Estado (BA)",
        "operator:type": "public",
        "ref:CNES": "4456",
        "source": "cnes;datasus;dados_abertos_saude",
        "official_name": "UNIDADE DE EMERGENCIA PROF HOSANAH D OLIVEIRA",
        "addr:street": "Rua Via Local Setor A",
        "addr:suburb": "Cajazeiras",
        "addr:city": "Salvador",
        "addr:state": "BA",
        "addr:country": "BR",
        "addr:postcode": "41338-800",
        "phone": "+55 71 3117-2166",
        "amenity": "clinic",
        "healthcare": "clinic",
        "name": "Unidade de Emergencia Prof Hosanah D Oliveira",
        "comment": "Outros Serviços de Saúde",
        "qtd_equipes_esf": 1,
        "qtd_equipes_eap": 0,
        "qtd_equipes_total": 1,
        "capacidade_pnab": 3500,
        "nomes_equipes": ""
      },
      "geometry": {
        "type": "Point",
        "coordinates": [
          -38.4126072,
          -12.8989029
        ]
      }
    },
    {
      "type": "Feature",
      "id": 258601,
      "properties": {
        "operator": "Prefeitura Municipal de Salvador",
        "operator:type": "public",
        "ref:CNES": "258601",
        "source": "cnes;datasus;dados_abertos_saude",
        "official_name": "PROCURADORIA DA REPUBLICA NO ESTADO DA BAHIA",
        "addr:street": "Rua Ivonne Silveira",
        "addr:housenumber": "243",
        "addr:suburb": "Doron",
        "addr:city": "Salvador",
        "addr:state": "BA",
        "addr:country": "BR",
        "addr:postcode": "41192-007",
        "phone": "+55 71 3617-2409",
        "email": "prba-servmedico@mpf.mp.br",
        "amenity": "clinic",
        "healthcare": "clinic",
        "name": "Procuradoria da Republica No Estado da Bahia",
        "comment": "Outros Serviços de Saúde",
        "qtd_equipes_esf": 1,
        "qtd_equipes_eap": 0,
        "qtd_equipes_total": 1,
        "capacidade_pnab": 3500,
        "nomes_equipes": ""
      },
      "geometry": {
        "type": "Point",
        "coordinates": [
          -38.4391911,
          -12.9662352
        ]
      }
    },
    {
      "type": "Feature",
      "id": 4253965,
      "properties": {
        "operator": "Prefeitura Municipal de Salvador",
        "operator:type": "public",
        "ref:CNES": "4253965",
        "source": "cnes;datasus;dados_abertos_saude",
        "official_name": "AMBULATORIO DE ATENCAO ESPECIALIZADA EM SAUDE LGBT",
        "addr:street": "Rua Carlos Gomes",
        "addr:housenumber": "270",
        "addr:suburb": "Dois de Julho",
        "addr:city": "Salvador",
        "addr:state": "BA",
        "addr:country": "BR",
        "addr:postcode": "40060-325",
        "phone": "+55 46 3202-1924",
        "email": "ambulatorio.lgbt@salvador.ba.gov.br",
        "amenity": "clinic",
        "healthcare": "clinic",
        "name": "Ambulatorio de Atencao Especializada em Saude Lgbt",
        "comment": "Centro de Especialidades",
        "qtd_equipes_esf": 1,
        "qtd_equipes_eap": 0,
        "qtd_equipes_total": 1,
        "capacidade_pnab": 3500,
        "nomes_equipes": ""
      },
      "geometry": {
        "type": "Point",
        "coordinates": [
          -38.4757769,
          -12.865314
        ]
      }
    },
    {
      "type": "Feature",
      "id": 7885776,
      "properties": {
        "operator": "Prefeitura Municipal de Salvador",
        "operator:type": "public",
        "ref:CNES": "7885776",
        "source": "cnes;datasus;dados_abertos_saude",
        "official_name": "AMBULATORIO INFANTIL DE ALERGIA ALIMENTAR",
        "addr:street": "Rua Av Centenario Complexo Municipal",
        "addr:suburb": "Centenario",
        "addr:city": "Salvador",
        "addr:state": "BA",
        "addr:country": "BR",
        "addr:postcode": "40100-180",
        "phone": "+55 71 3202-1533",
        "email": "ambulatorioplv.ssa@gmail.com",
        "amenity": "clinic",
        "healthcare": "clinic",
        "name": "Ambulatorio Infantil de Alergia Alimentar",
        "comment": "Centro de Especialidades",
        "qtd_equipes_esf": 1,
        "qtd_equipes_eap": 0,
        "qtd_equipes_total": 1,
        "capacidade_pnab": 3500,
        "nomes_equipes": ""
      },
      "geometry": {
        "type": "Point",
        "coordinates": [
          -38.5114373,
          -12.9909282
        ]
      }
    },
    {
      "type": "Feature",
      "id": 3436535,
      "properties": {
        "operator": "Prefeitura Municipal de Salvador",
        "operator:type": "public",
        "ref:CNES": "3436535",
        "source": "cnes;datasus;dados_abertos_saude",
        "official_name": "CEDAF CENTRO DOCENTE ASSISTENCAL DE FONOAUDIOLOGIA",
        "addr:street": "Rua Av Reitor Miguel Calmon",
        "addr:suburb": "Vale do Canela",
        "addr:city": "Salvador",
        "addr:state": "BA",
        "addr:country": "BR",
        "addr:postcode": "40231-300",
        "phone": "+55 71 98726-4079",
        "email": "cedaf@ufba.br",
        "amenity": "clinic",
        "healthcare": "clinic",
        "name": "Cedaf Centro Docente Assistencal de Fonoaudiologia",
        "comment": "Centro de Especialidades",
        "qtd_equipes_esf": 1,
        "qtd_equipes_eap": 0,
        "qtd_equipes_total": 1,
        "capacidade_pnab": 3500,
        "nomes_equipes": ""
      },
      "geometry": {
        "type": "Point",
        "coordinates": [
          -38.5217912,
          -12.990232
        ]
      }
    },
    {
      "type": "Feature",
      "id": 4031415,
      "properties": {
        "operator": "Governo do Estado (BA)",
        "operator:type": "public",
        "ref:CNES": "4031415",
        "source": "cnes;datasus;dados_abertos_saude",
        "official_name": "CEDAP CENTRO EST ESPECIALIZADO EM DIAG ASSIST E PESQUISA",
        "addr:street": "Rua Comendador Jose Alves Ferreira",
        "addr:housenumber": "240",
        "addr:suburb": "Garcia",
        "addr:city": "Salvador",
        "addr:state": "BA",
        "addr:country": "BR",
        "addr:postcode": "40100-160",
        "phone": "+55 71 3116-8888",
        "email": "sesab.cedap@saude.ba.gov.br",
        "amenity": "clinic",
        "healthcare": "clinic",
        "name": "Cedap Centro Est Especializado em Diag Assist e Pesquisa",
        "comment": "Centro de Especialidades",
        "qtd_equipes_esf": 1,
        "qtd_equipes_eap": 0,
        "qtd_equipes_total": 1,
        "capacidade_pnab": 3500,
        "nomes_equipes": ""
      },
      "geometry": {
        "type": "Point",
        "coordinates": [
          -38.5161928,
          -12.9900149
        ]
      }
    },
    {
      "type": "Feature",
      "id": 5185,
      "properties": {
        "operator": "Prefeitura Municipal de Salvador",
        "operator:type": "public",
        "ref:CNES": "5185",
        "source": "cnes;datasus;dados_abertos_saude",
        "official_name": "CEMOL CENTRO MUNICIPAL ODONTOLOGICO DA LIBERDADE",
        "addr:street": "Rua Lima e Silva",
        "addr:housenumber": "401",
        "addr:suburb": "Liberdade",
        "addr:city": "Salvador",
        "addr:state": "BA",
        "addr:country": "BR",
        "addr:postcode": "40375-500",
        "phone": "+55 71 3202-0612",
        "email": "primeirauao@gmail.com",
        "amenity": "dentist",
        "healthcare": "dentist",
        "name": "Centro de Especialidades Odontológicas (CEO)",
        "short_name": "CEO",
        "comment": "Odontologia (CEO)",
        "qtd_equipes_esf": 0,
        "qtd_equipes_eap": 0,
        "qtd_equipes_total": 0,
        "capacidade_pnab": 3500,
        "nomes_equipes": ""
      },
      "geometry": {
        "type": "Point",
        "coordinates": [
          -38.3110428,
          -12.6128458
        ]
      }
    },
    {
      "type": "Feature",
      "id": 2385236,
      "properties": {
        "operator": "Governo do Estado (BA)",
        "operator:type": "public",
        "ref:CNES": "2385236",
        "source": "cnes;datasus;dados_abertos_saude",
        "official_name": "CEN EST DE PREV E REABILITACAO DA PESSOA COM DEFICIENCIA",
        "addr:street": "Rua Av Antonio Carlos Magalhaes",
        "addr:suburb": "Pituba",
        "addr:city": "Salvador",
        "addr:state": "BA",
        "addr:country": "BR",
        "addr:postcode": "40280-000",
        "phone": "+55 71 3103-6202",
        "email": "sesab.cepred@saude.ba.gov.br",
        "amenity": "clinic",
        "healthcare": "rehabilitation",
        "name": "Centro Especializado em Reabilitação (CER)",
        "short_name": "CER",
        "comment": "Reabilitação (CER)",
        "qtd_equipes_esf": 1,
        "qtd_equipes_eap": 0,
        "qtd_equipes_total": 1,
        "capacidade_pnab": 3500,
        "nomes_equipes": ""
      },
      "geometry": {
        "type": "Point",
        "coordinates": [
          -38.468494,
          -12.983969
        ]
      }
    },
    {
      "type": "Feature",
      "id": 3494209,
      "properties": {
        "operator": "Governo do Estado (BA)",
        "operator:type": "public",
        "ref:CNES": "3494209",
        "source": "cnes;datasus;dados_abertos_saude",
        "official_name": "CENTRAL MEDICA PENITENCIARIA",
        "addr:street": "Rua Direta da Mata Escura",
        "addr:suburb": "Mata Escura",
        "addr:city": "Salvador",
        "addr:state": "BA",
        "addr:country": "BR",
        "addr:postcode": "41320-805",
        "phone": "+55 71 3117-2908",
        "email": "c.cnp@ceap.ba.gov.br",
        "amenity": "clinic",
        "healthcare": "clinic",
        "name": "Central Medica Penitenciaria",
        "comment": "Centro de Especialidades",
        "qtd_equipes_esf": 1,
        "qtd_equipes_eap": 0,
        "qtd_equipes_total": 1,
        "capacidade_pnab": 3500,
        "nomes_equipes": ""
      },
      "geometry": {
        "type": "Point",
        "coordinates": [
          -38.4605679,
          -12.9353511
        ]
      }
    },
    {
      "type": "Feature",
      "id": 2498049,
      "properties": {
        "operator": "Governo do Estado (BA)",
        "operator:type": "public",
        "ref:CNES": "2498049",
        "source": "cnes;datasus;dados_abertos_saude",
        "official_name": "CENTRO DE DIABETES E ENDOCRINOLOGIA DA BAHIA CEDEBA",
        "addr:street": "Rua Av Antonio Carlos Magalhaes",
        "addr:suburb": "Pituba Iguatemi",
        "addr:city": "Salvador",
        "addr:state": "BA",
        "addr:country": "BR",
        "addr:postcode": "40220-350",
        "phone": "(71) 3270-5672/5669",
        "email": "cedeba@saude.ba.gov.br",
        "amenity": "clinic",
        "healthcare": "clinic",
        "name": "Centro de Diabetes e Endocrinologia da Bahia Cedeba",
        "comment": "Centro de Especialidades",
        "qtd_equipes_esf": 1,
        "qtd_equipes_eap": 0,
        "qtd_equipes_total": 1,
        "capacidade_pnab": 3500,
        "nomes_equipes": ""
      },
      "geometry": {
        "type": "Point",
        "coordinates": [
          -38.5085392,
          -12.9758214
        ]
      }
    },
    {
      "type": "Feature",
      "id": 5937094,
      "properties": {
        "operator": "Prefeitura Municipal de Salvador",
        "operator:type": "public",
        "ref:CNES": "5937094",
        "source": "cnes;datasus;dados_abertos_saude",
        "official_name": "CENTRO DE REFERENCIA EM SAUDE DO TRABALHADOR CEREST",
        "addr:street": "Rua Av Vasco da Gama",
        "addr:housenumber": "4209",
        "addr:suburb": "Centenario",
        "addr:city": "Salvador",
        "addr:state": "BA",
        "addr:country": "BR",
        "addr:postcode": "40230-731",
        "phone": "3202-1803/1804",
        "email": "cerest.saude@salvador.ba.gov.br",
        "amenity": "clinic",
        "healthcare": "occupational_health",
        "name": "CEREST Macro Centro Sul",
        "short_name": "CEREST",
        "comment": "Saúde do Trabalhador (CEREST)",
        "qtd_equipes_esf": 1,
        "qtd_equipes_eap": 0,
        "qtd_equipes_total": 1,
        "capacidade_pnab": 3500,
        "nomes_equipes": ""
      },
      "geometry": {
        "type": "Point",
        "coordinates": [
          -38.4917164,
          -13.0010163
        ]
      }
    },
    {
      "type": "Feature",
      "id": 7824866,
      "properties": {
        "operator": "Prefeitura Municipal de Salvador",
        "operator:type": "public",
        "ref:CNES": "7824866",
        "source": "cnes;datasus;dados_abertos_saude",
        "official_name": "CENTRO DE SAUDE MENTAL ARISTIDES NOVIS",
        "addr:street": "Rua Av Laurindo Regis",
        "addr:housenumber": "01",
        "addr:suburb": "Engenho Velho de Bro",
        "addr:city": "Salvador",
        "addr:state": "BA",
        "addr:country": "BR",
        "addr:postcode": "40240-550",
        "phone": "+55 71 3202-0634",
        "email": "aristidesnovis.saude@gmail.com",
        "amenity": "clinic",
        "healthcare": "clinic",
        "name": "Centro de Saude Mental Aristides Novis",
        "comment": "Centro de Especialidades",
        "qtd_equipes_esf": 1,
        "qtd_equipes_eap": 0,
        "qtd_equipes_total": 1,
        "capacidade_pnab": 3500,
        "nomes_equipes": ""
      },
      "geometry": {
        "type": "Point",
        "coordinates": [
          -38.5014225,
          -12.9851204
        ]
      }
    },
    {
      "type": "Feature",
      "id": 3731405,
      "properties": {
        "operator": "Prefeitura Municipal de Salvador",
        "operator:type": "public",
        "ref:CNES": "3731405",
        "source": "cnes;datasus;dados_abertos_saude",
        "official_name": "CENTRO DE SAUDE MENTAL E REABILITACAO ALVARO RUBIM DE PINHO",
        "addr:street": "Rua Augusto Mendonca",
        "addr:housenumber": "15",
        "addr:suburb": "Bonfim",
        "addr:city": "Salvador",
        "addr:state": "BA",
        "addr:country": "BR",
        "addr:postcode": "40415-030",
        "phone": "+55 71 3202-0643",
        "amenity": "clinic",
        "healthcare": "rehabilitation",
        "name": "Centro Especializado em Reabilitação (CER)",
        "short_name": "CER",
        "comment": "Reabilitação (CER)",
        "qtd_equipes_esf": 1,
        "qtd_equipes_eap": 0,
        "qtd_equipes_total": 1,
        "capacidade_pnab": 3500,
        "nomes_equipes": ""
      },
      "geometry": {
        "type": "Point",
        "coordinates": [
          -38.5079598,
          -12.9292381
        ]
      }
    },
    {
      "type": "Feature",
      "id": 7824858,
      "properties": {
        "operator": "Prefeitura Municipal de Salvador",
        "operator:type": "public",
        "ref:CNES": "7824858",
        "source": "cnes;datasus;dados_abertos_saude",
        "official_name": "CENTRO DE SAUDE MENTAL OSWALDO CAMARGO",
        "addr:street": "Rua Itabuna",
        "addr:housenumber": "02",
        "addr:suburb": "Rio Vermelho",
        "addr:city": "Salvador",
        "addr:state": "BA",
        "addr:country": "BR",
        "addr:postcode": "41940-650",
        "phone": "+55 71 3202-0778",
        "email": "csmocamargo@salvador.ba.gov.br",
        "amenity": "clinic",
        "healthcare": "clinic",
        "name": "Centro de Saude Mental Oswaldo Camargo",
        "comment": "Centro de Especialidades",
        "qtd_equipes_esf": 1,
        "qtd_equipes_eap": 0,
        "qtd_equipes_total": 1,
        "capacidade_pnab": 3500,
        "nomes_equipes": ""
      },
      "geometry": {
        "type": "Point",
        "coordinates": [
          -38.491931,
          -13.0078114
        ]
      }
    },
    {
      "type": "Feature",
      "id": 4825942,
      "properties": {
        "operator": "Prefeitura Municipal de Salvador",
        "operator:type": "public",
        "ref:CNES": "4825942",
        "source": "cnes;datasus;dados_abertos_saude",
        "official_name": "CENTRO ESPECIALIZADO EM REABILITACAO CER CAJAZEIRAS",
        "addr:street": "Rua Juscelino Kubtischeck",
        "addr:housenumber": "28",
        "addr:suburb": "Cajazeiras Xi",
        "addr:city": "Salvador",
        "addr:state": "BA",
        "addr:country": "BR",
        "addr:postcode": "41347-090",
        "phone": "+55 71 3034-8370",
        "amenity": "clinic",
        "healthcare": "rehabilitation",
        "name": "Centro Especializado em Reabilitação (CER)",
        "short_name": "CER",
        "comment": "Reabilitação (CER)",
        "qtd_equipes_esf": 1,
        "qtd_equipes_eap": 0,
        "qtd_equipes_total": 1,
        "capacidade_pnab": 3500,
        "nomes_equipes": ""
      },
      "geometry": {
        "type": "Point",
        "coordinates": [
          -38.4881973,
          -13.014823
        ]
      }
    },
    {
      "type": "Feature",
      "id": 2557894,
      "properties": {
        "operator": "Governo do Estado (BA)",
        "operator:type": "public",
        "ref:CNES": "2557894",
        "source": "cnes;datasus;dados_abertos_saude",
        "official_name": "CENTRO ESTADUAL DE REFERENCIA EM SAUDE DO TRABALHADOR",
        "addr:street": "Rua Pedro Lessa",
        "addr:housenumber": "123",
        "addr:suburb": "Canela",
        "addr:city": "Salvador",
        "addr:state": "BA",
        "addr:country": "BR",
        "addr:postcode": "41745-002",
        "phone": "+55 71 3336-0012",
        "email": "divast.sesab@saude.ba.gov.br",
        "amenity": "clinic",
        "healthcare": "clinic",
        "name": "Centro Estadual de Referencia em Saude do Trabalhador",
        "comment": "Centro de Especialidades",
        "qtd_equipes_esf": 1,
        "qtd_equipes_eap": 0,
        "qtd_equipes_total": 1,
        "capacidade_pnab": 3500,
        "nomes_equipes": ""
      },
      "geometry": {
        "type": "Point",
        "coordinates": [
          -38.523672,
          -12.9939245
        ]
      }
    },
    {
      "type": "Feature",
      "id": 7034075,
      "properties": {
        "operator": "Prefeitura Municipal de Salvador",
        "operator:type": "public",
        "ref:CNES": "7034075",
        "source": "cnes;datasus;dados_abertos_saude",
        "official_name": "CEO ALTO DA CACHOEIRINHA",
        "addr:street": "Rua Alto da Cachoeirinha Edf do Fern Filgueiras",
        "addr:suburb": "Cabula Vi",
        "addr:city": "Salvador",
        "addr:state": "BA",
        "addr:country": "BR",
        "addr:postcode": "41180-700",
        "phone": "+55 46 3202-0928",
        "email": "ceocabula@salvador.ba.gov.br",
        "amenity": "dentist",
        "healthcare": "dentist",
        "name": "Centro de Especialidades Odontológicas (CEO)",
        "short_name": "CEO",
        "comment": "Odontologia (CEO)",
        "qtd_equipes_esf": 0,
        "qtd_equipes_eap": 0,
        "qtd_equipes_total": 0,
        "capacidade_pnab": 3500,
        "nomes_equipes": ""
      },
      "geometry": {
        "type": "Point",
        "coordinates": [
          -38.4376967,
          -12.9541869
        ]
      }
    },
    {
      "type": "Feature",
      "id": 5929229,
      "properties": {
        "operator": "Prefeitura Municipal de Salvador",
        "operator:type": "public",
        "ref:CNES": "5929229",
        "source": "cnes;datasus;dados_abertos_saude",
        "official_name": "CEO CAJAZEIRAS",
        "addr:street": "Rua Dep Jose Armando",
        "addr:housenumber": "18",
        "addr:suburb": "Cajazeira V",
        "addr:city": "Salvador",
        "addr:state": "BA",
        "addr:country": "BR",
        "addr:postcode": "41335-220",
        "phone": "+55 71 3202-1732",
        "email": "ceocajazeiras@yahoo.com.br",
        "amenity": "dentist",
        "healthcare": "dentist",
        "name": "Centro de Especialidades Odontológicas (CEO)",
        "short_name": "CEO",
        "comment": "Odontologia (CEO)",
        "qtd_equipes_esf": 0,
        "qtd_equipes_eap": 0,
        "qtd_equipes_total": 0,
        "capacidade_pnab": 3500,
        "nomes_equipes": ""
      },
      "geometry": {
        "type": "Point",
        "coordinates": [
          -38.3408526,
          -12.8903459
        ]
      }
    },
    {
      "type": "Feature",
      "id": 7660154,
      "properties": {
        "operator": "Prefeitura Municipal de Salvador",
        "operator:type": "public",
        "ref:CNES": "7660154",
        "source": "cnes;datasus;dados_abertos_saude",
        "official_name": "CEO CARLOS GOMES",
        "addr:street": "Rua Carlos Gomes",
        "addr:housenumber": "270",
        "addr:city": "Salvador",
        "addr:state": "BA",
        "addr:country": "BR",
        "addr:postcode": "40080-002",
        "phone": "+55 71 3202-1918",
        "amenity": "dentist",
        "healthcare": "dentist",
        "name": "Centro de Especialidades Odontológicas (CEO)",
        "short_name": "CEO",
        "comment": "Odontologia (CEO)",
        "qtd_equipes_esf": 0,
        "qtd_equipes_eap": 0,
        "qtd_equipes_total": 0,
        "capacidade_pnab": 3500,
        "nomes_equipes": ""
      },
      "geometry": {
        "type": "Point",
        "coordinates": [
          -38.4757733,
          -12.865527
        ]
      }
    },
    {
      "type": "Feature",
      "id": 5974941,
      "properties": {
        "operator": "Prefeitura Municipal de Salvador",
        "operator:type": "public",
        "ref:CNES": "5974941",
        "source": "cnes;datasus;dados_abertos_saude",
        "official_name": "CEO FEDERACAO",
        "addr:street": "Travessa Barao do Triunfo",
        "addr:housenumber": "54",
        "addr:suburb": "Federacao",
        "addr:city": "Salvador",
        "addr:state": "BA",
        "addr:country": "BR",
        "addr:postcode": "40231-070",
        "phone": "+55 71 99685-0230",
        "email": "ceofederacao.dsbrv@gmail.com",
        "amenity": "dentist",
        "healthcare": "dentist",
        "name": "Centro de Especialidades Odontológicas (CEO)",
        "short_name": "CEO",
        "comment": "Odontologia (CEO)",
        "qtd_equipes_esf": 0,
        "qtd_equipes_eap": 0,
        "qtd_equipes_total": 0,
        "capacidade_pnab": 3500,
        "nomes_equipes": ""
      },
      "geometry": {
        "type": "Point",
        "coordinates": [
          -38.4881973,
          -13.0147185
        ]
      }
    },
    {
      "type": "Feature",
      "id": 7660146,
      "properties": {
        "operator": "Prefeitura Municipal de Salvador",
        "operator:type": "public",
        "ref:CNES": "7660146",
        "source": "cnes;datasus;dados_abertos_saude",
        "official_name": "CEO MUSSURUNGA",
        "addr:street": "Rua Setor e Caminho 16 Rua 1",
        "addr:suburb": "Mussurunga I",
        "addr:city": "Salvador",
        "addr:state": "BA",
        "addr:country": "BR",
        "addr:postcode": "41490-000",
        "phone": "+55 46 3202-0752",
        "email": "raildaraujo@salvador.ba.gov.br",
        "amenity": "dentist",
        "healthcare": "dentist",
        "name": "Centro de Especialidades Odontológicas (CEO)",
        "short_name": "CEO",
        "comment": "Odontologia (CEO)",
        "qtd_equipes_esf": 0,
        "qtd_equipes_eap": 0,
        "qtd_equipes_total": 0,
        "capacidade_pnab": 3500,
        "nomes_equipes": ""
      },
      "geometry": {
        "type": "Point",
        "coordinates": [
          -38.4880257,
          -13.0143631
        ]
      }
    },
    {
      "type": "Feature",
      "id": 7660162,
      "properties": {
        "operator": "Prefeitura Municipal de Salvador",
        "operator:type": "public",
        "ref:CNES": "7660162",
        "source": "cnes;datasus;dados_abertos_saude",
        "official_name": "CEO PERIPERI",
        "addr:street": "Rua D Pedro II",
        "addr:suburb": "Periperi",
        "addr:city": "Salvador",
        "addr:state": "BA",
        "addr:country": "BR",
        "addr:postcode": "41200-020",
        "phone": "+55 71 3202-0649",
        "email": "ceoperiperi@salvador.ba.gov.br",
        "amenity": "dentist",
        "healthcare": "dentist",
        "name": "Centro de Especialidades Odontológicas (CEO)",
        "short_name": "CEO",
        "comment": "Odontologia (CEO)",
        "qtd_equipes_esf": 0,
        "qtd_equipes_eap": 0,
        "qtd_equipes_total": 0,
        "capacidade_pnab": 3500,
        "nomes_equipes": ""
      },
      "geometry": {
        "type": "Point",
        "coordinates": [
          -38.4722328,
          -12.8648223
        ]
      }
    },
    {
      "type": "Feature",
      "id": 7609,
      "properties": {
        "operator": "Governo do Estado (BA)",
        "operator:type": "public",
        "ref:CNES": "7609",
        "source": "cnes;datasus;dados_abertos_saude",
        "official_name": "CIMEB CENTRO DE INFUSOES E MEDS ESPECIALIZADOS DA BAHIA",
        "addr:street": "Avenida Laurindo Regis",
        "addr:suburb": "Engenho Velho de Bro",
        "addr:city": "Salvador",
        "addr:state": "BA",
        "addr:country": "BR",
        "addr:postcode": "40240-550",
        "phone": "+55 71 3117-1645",
        "email": "cimeb@saude.ba.gov.br",
        "amenity": "clinic",
        "healthcare": "clinic",
        "name": "Cimeb Centro de Infusoes e Meds Especializados da Bahia",
        "comment": "Centro de Especialidades",
        "qtd_equipes_esf": 1,
        "qtd_equipes_eap": 0,
        "qtd_equipes_total": 1,
        "capacidade_pnab": 3500,
        "nomes_equipes": ""
      },
      "geometry": {
        "type": "Point",
        "coordinates": [
          -38.4998446,
          -12.9851511
        ]
      }
    },
    {
      "type": "Feature",
      "id": 5398,
      "properties": {
        "operator": "Governo do Estado (BA)",
        "operator:type": "public",
        "ref:CNES": "5398",
        "source": "cnes;datasus;dados_abertos_saude",
        "official_name": "CREASI",
        "addr:street": "Avenida Antonio Carlos Magalhaes",
        "addr:suburb": "Iguatemi",
        "addr:city": "Salvador",
        "addr:state": "BA",
        "addr:country": "BR",
        "addr:postcode": "41820-000",
        "phone": "+55 71 3103-6126",
        "email": "sesab.creasi@saude.ba.gov.br",
        "amenity": "clinic",
        "healthcare": "clinic",
        "name": "Creasi",
        "comment": "Centro de Especialidades",
        "qtd_equipes_esf": 1,
        "qtd_equipes_eap": 0,
        "qtd_equipes_total": 1,
        "capacidade_pnab": 3500,
        "nomes_equipes": ""
      },
      "geometry": {
        "type": "Point",
        "coordinates": [
          -38.468487,
          -12.983988
        ]
      }
    },
    {
      "type": "Feature",
      "id": 148555,
      "properties": {
        "operator": "Governo do Estado (BA)",
        "operator:type": "public",
        "ref:CNES": "148555",
        "source": "cnes;datasus;dados_abertos_saude",
        "official_name": "DEPARTAMENTO MEDICO DA POLICIA CIVIL",
        "addr:street": "Rua Pc da Piedade",
        "addr:housenumber": "3",
        "addr:suburb": "Dois de Julho",
        "addr:city": "Salvador",
        "addr:state": "BA",
        "addr:country": "BR",
        "addr:postcode": "40060-300",
        "amenity": "clinic",
        "healthcare": "clinic",
        "name": "Departamento Medico da Policia Civil",
        "comment": "Centro de Especialidades",
        "qtd_equipes_esf": 1,
        "qtd_equipes_eap": 0,
        "qtd_equipes_total": 1,
        "capacidade_pnab": 3500,
        "nomes_equipes": ""
      },
      "geometry": {
        "type": "Point",
        "coordinates": [
          -38.5145004,
          -12.9831556
        ]
      }
    },
    {
      "type": "Feature",
      "id": 5045,
      "properties": {
        "operator": "Prefeitura Municipal de Salvador",
        "operator:type": "public",
        "ref:CNES": "5045",
        "source": "cnes;datasus;dados_abertos_saude",
        "official_name": "FACULDADE DE ODONTOLOGIA",
        "addr:street": "Rua Araujo Pinho",
        "addr:housenumber": "62",
        "addr:suburb": "Canela",
        "addr:city": "Salvador",
        "addr:state": "BA",
        "addr:country": "BR",
        "addr:postcode": "40110-150",
        "phone": "(71) 3283-9023/8964",
        "email": "odo@ufba.br",
        "amenity": "dentist",
        "healthcare": "dentist",
        "name": "Centro de Especialidades Odontológicas (CEO)",
        "short_name": "CEO",
        "comment": "Odontologia (CEO)",
        "qtd_equipes_esf": 0,
        "qtd_equipes_eap": 0,
        "qtd_equipes_total": 0,
        "capacidade_pnab": 3500,
        "nomes_equipes": ""
      },
      "geometry": {
        "type": "Point",
        "coordinates": [
          -38.5227317,
          -12.9931651
        ]
      }
    },
    {
      "type": "Feature",
      "id": 4966430,
      "properties": {
        "operator": "Prefeitura Municipal de Salvador",
        "operator:type": "public",
        "ref:CNES": "4966430",
        "source": "cnes;datasus;dados_abertos_saude",
        "official_name": "JUNTA MEDICA DO MUNICIPIO DE SALVADOR",
        "addr:street": "Avenida Joana Angelica",
        "addr:housenumber": "399",
        "addr:suburb": "Nazare",
        "addr:city": "Salvador",
        "addr:state": "BA",
        "addr:country": "BR",
        "addr:postcode": "40050-002",
        "phone": "71 32024114/32024136",
        "email": "adm.juntamedica@salvador.ba.gov.br",
        "amenity": "clinic",
        "healthcare": "clinic",
        "name": "Junta Medica do Municipio de Salvador",
        "comment": "Centro de Especialidades",
        "qtd_equipes_esf": 1,
        "qtd_equipes_eap": 0,
        "qtd_equipes_total": 1,
        "capacidade_pnab": 3500,
        "nomes_equipes": ""
      },
      "geometry": {
        "type": "Point",
        "coordinates": [
          -38.5026167,
          -12.9703283
        ]
      }
    },
    {
      "type": "Feature",
      "id": 7072,
      "properties": {
        "operator": "Prefeitura Municipal de Salvador",
        "operator:type": "public",
        "ref:CNES": "7072",
        "source": "cnes;datasus;dados_abertos_saude",
        "official_name": "SERVICO DE ATENCAO ESPECIALIZADA MARYMAR NOVAES",
        "addr:street": "Rua Arthur Bernardes",
        "addr:suburb": "Bonfim",
        "addr:city": "Salvador",
        "addr:state": "BA",
        "addr:country": "BR",
        "addr:postcode": "40415-050",
        "phone": "+55 71 3202-0646",
        "email": "saemeirimarnovaes@salvador.ba.gov.br",
        "amenity": "clinic",
        "healthcare": "clinic",
        "name": "Serviço de Atencao Especializada Marymar Novaes",
        "comment": "Centro de Especialidades",
        "qtd_equipes_esf": 1,
        "qtd_equipes_eap": 0,
        "qtd_equipes_total": 1,
        "capacidade_pnab": 3500,
        "nomes_equipes": ""
      },
      "geometry": {
        "type": "Point",
        "coordinates": [
          -38.5089898,
          -12.9293009
        ]
      }
    },
    {
      "type": "Feature",
      "id": 6929729,
      "properties": {
        "operator": "Prefeitura Municipal de Salvador",
        "operator:type": "public",
        "ref:CNES": "6929729",
        "source": "cnes;datasus;dados_abertos_saude",
        "official_name": "SERVICO DE ATENCAO ESPECIALIZADA SAE LIBERDADE",
        "addr:street": "Rua Domingos Requiao Ao Lado do 3 Centro",
        "addr:suburb": "Liberdade",
        "addr:city": "Salvador",
        "addr:state": "BA",
        "addr:country": "BR",
        "addr:postcode": "40325-470",
        "phone": "+55 46 3021-7300",
        "email": "lider_semae.lb@s3saude.com.br",
        "amenity": "clinic",
        "healthcare": "clinic",
        "name": "Serviço de Atencao Especializada Sae Liberdade",
        "comment": "Centro de Especialidades",
        "qtd_equipes_esf": 1,
        "qtd_equipes_eap": 0,
        "qtd_equipes_total": 1,
        "capacidade_pnab": 3500,
        "nomes_equipes": ""
      },
      "geometry": {
        "type": "Point",
        "coordinates": [
          -38.4879827,
          -13.014823
        ]
      }
    },
    {
      "type": "Feature",
      "id": 2470853,
      "properties": {
        "operator": "Prefeitura Municipal de Salvador",
        "operator:type": "public",
        "ref:CNES": "2470853",
        "source": "cnes;datasus;dados_abertos_saude",
        "official_name": "SERVICO DE ATENCAO ESPECIALIZADA SAO FRANCISCO",
        "addr:street": "Rua do Carro",
        "addr:housenumber": "72",
        "addr:suburb": "Nazare",
        "addr:city": "Salvador",
        "addr:state": "BA",
        "addr:country": "BR",
        "addr:postcode": "40040-240",
        "phone": "+55 71 3202-0898",
        "email": "saesaofrancisco@salvador.ba.gov.br",
        "amenity": "clinic",
        "healthcare": "clinic",
        "name": "Serviço de Atencao Especializada São Francisco",
        "comment": "Centro de Especialidades",
        "qtd_equipes_esf": 1,
        "qtd_equipes_eap": 0,
        "qtd_equipes_total": 1,
        "capacidade_pnab": 3500,
        "nomes_equipes": ""
      },
      "geometry": {
        "type": "Point",
        "coordinates": [
          -38.5076146,
          -12.978322
        ]
      }
    },
    {
      "type": "Feature",
      "id": 7048,
      "properties": {
        "operator": "Prefeitura Municipal de Salvador",
        "operator:type": "public",
        "ref:CNES": "7048",
        "source": "cnes;datasus;dados_abertos_saude",
        "official_name": "UAO 2",
        "addr:street": "Rua Av Vasco da Gama",
        "addr:housenumber": "224",
        "addr:suburb": "Brotas",
        "addr:city": "Salvador",
        "addr:state": "BA",
        "addr:country": "BR",
        "addr:postcode": "40240-090",
        "phone": "+55 46 3202-6028",
        "email": "postododique@gmail.com",
        "amenity": "clinic",
        "healthcare": "clinic",
        "name": "Uao 2",
        "comment": "Centro de Especialidades",
        "qtd_equipes_esf": 1,
        "qtd_equipes_eap": 0,
        "qtd_equipes_total": 1,
        "capacidade_pnab": 3500,
        "nomes_equipes": ""
      },
      "geometry": {
        "type": "Point",
        "coordinates": [
          -38.5038882,
          -12.9849407
        ]
      }
    },
    {
      "type": "Feature",
      "id": 7421907,
      "properties": {
        "operator": "Prefeitura Municipal de Salvador",
        "operator:type": "public",
        "ref:CNES": "7421907",
        "source": "cnes;datasus;dados_abertos_saude",
        "official_name": "CENTRO DE PESQUISAS GONCALO MUNIZ",
        "addr:street": "Rua Waldemar Falcao",
        "addr:housenumber": "121",
        "addr:suburb": "Candeal",
        "addr:city": "Salvador",
        "addr:state": "BA",
        "addr:country": "BR",
        "addr:postcode": "40296-710",
        "phone": "+55 71 3176-2284",
        "email": "carolina.rios@bahia.fiocruz.br",
        "amenity": "clinic",
        "healthcare": "diagnostic_centre",
        "name": "Centro de Pesquisas Goncalo Muniz",
        "comment": "Diagnóstico por Imagem",
        "qtd_equipes_esf": 1,
        "qtd_equipes_eap": 0,
        "qtd_equipes_total": 1,
        "capacidade_pnab": 3500,
        "nomes_equipes": ""
      },
      "geometry": {
        "type": "Point",
        "coordinates": [
          -38.4889056,
          -12.9977637
        ]
      }
    },
    {
      "type": "Feature",
      "id": 5047137,
      "properties": {
        "operator": "Prefeitura Municipal de Salvador",
        "operator:type": "public",
        "ref:CNES": "5047137",
        "source": "cnes;datasus;dados_abertos_saude",
        "official_name": "LAB DE ANALISES CLINICAS DA FACULDADE DE FARMACIA LACTFAR",
        "addr:street": "Rua Barao de Jeremoabo",
        "addr:housenumber": "147",
        "addr:suburb": "Ondina",
        "addr:city": "Salvador",
        "addr:state": "BA",
        "addr:country": "BR",
        "addr:postcode": "40170-280",
        "phone": "+55 46 3823-6974",
        "email": "adm.lactfar@gmail.com",
        "amenity": "clinic",
        "healthcare": "diagnostic_centre",
        "name": "Lab de Analises Clinicas da Faculdade de Farmácia Lactfar",
        "comment": "Diagnóstico por Imagem",
        "qtd_equipes_esf": 1,
        "qtd_equipes_eap": 0,
        "qtd_equipes_total": 1,
        "capacidade_pnab": 3500,
        "nomes_equipes": ""
      },
      "geometry": {
        "type": "Point",
        "coordinates": [
          -38.5086763,
          -13.0011703
        ]
      }
    },
    {
      "type": "Feature",
      "id": 2384663,
      "properties": {
        "operator": "Prefeitura Municipal de Salvador",
        "operator:type": "public",
        "ref:CNES": "2384663",
        "source": "cnes;datasus;dados_abertos_saude",
        "official_name": "LABORATORIO DE IMUNOLOGIA DO INSTDE CIENCIA DA SAUDE",
        "addr:street": "Rua Av Reitor Miguel Calmon",
        "addr:suburb": "Vale do Canela",
        "addr:city": "Salvador",
        "addr:state": "BA",
        "addr:country": "BR",
        "addr:postcode": "40110-100",
        "phone": "+55 71 3283-8935",
        "email": "labimuno@ufba.br",
        "amenity": "clinic",
        "healthcare": "diagnostic_centre",
        "name": "Laboratorio de Imunologia do Instde Ciencia da Saude",
        "comment": "Diagnóstico por Imagem",
        "qtd_equipes_esf": 1,
        "qtd_equipes_eap": 0,
        "qtd_equipes_total": 1,
        "capacidade_pnab": 3500,
        "nomes_equipes": ""
      },
      "geometry": {
        "type": "Point",
        "coordinates": [
          -38.5247076,
          -12.9927553
        ]
      }
    },
    {
      "type": "Feature",
      "id": 4589580,
      "properties": {
        "operator": "Prefeitura Municipal de Salvador",
        "operator:type": "public",
        "ref:CNES": "4589580",
        "source": "cnes;datasus;dados_abertos_saude",
        "official_name": "UNIDADE ODONTOLOGICA MOVEL III",
        "addr:street": "Rua do Carro 3 Andar",
        "addr:suburb": "Nazare",
        "addr:city": "Salvador",
        "addr:state": "BA",
        "addr:country": "BR",
        "addr:postcode": "40040-240",
        "amenity": "clinic",
        "healthcare": "clinic",
        "name": "Unidade Odontologica Movel III",
        "comment": "Outros Serviços de Saúde",
        "qtd_equipes_esf": 1,
        "qtd_equipes_eap": 0,
        "qtd_equipes_total": 1,
        "capacidade_pnab": 3500,
        "nomes_equipes": ""
      },
      "geometry": {
        "type": "Point",
        "coordinates": [
          -38.5080457,
          -12.9775858
        ]
      }
    },
    {
      "type": "Feature",
      "id": 7248695,
      "properties": {
        "operator": "Prefeitura Municipal de Salvador",
        "operator:type": "public",
        "ref:CNES": "7248695",
        "source": "cnes;datasus;dados_abertos_saude",
        "official_name": "AMBULANCHA BAHIA MARINA TN 79",
        "addr:street": "Rua Marques de Marica Complexo Cesar Araujo",
        "addr:suburb": "Pau Miudo",
        "addr:city": "Salvador",
        "addr:state": "BA",
        "addr:country": "BR",
        "addr:postcode": "40320-350",
        "phone": "(71) 3172-1201/1221",
        "emergency": "ambulance_station",
        "emergency_service": "technical_rescue",
        "opening_hours": "24/7",
        "name": "Base SAMU 192",
        "short_name": "SAMU 192",
        "comment": "SAMU 192",
        "qtd_equipes_esf": 0,
        "qtd_equipes_eap": 0,
        "qtd_equipes_total": 0,
        "capacidade_pnab": 3500,
        "nomes_equipes": ""
      },
      "geometry": {
        "type": "Point",
        "coordinates": [
          -38.4878111,
          -12.9591324
        ]
      }
    },
    {
      "type": "Feature",
      "id": 905178,
      "properties": {
        "operator": "Prefeitura Municipal de Salvador",
        "operator:type": "public",
        "ref:CNES": "905178",
        "source": "cnes;datasus;dados_abertos_saude",
        "official_name": "AMBULANCHA OC78",
        "addr:street": "Rua Marques de Marica Complexo Cesar de Araujo",
        "addr:suburb": "Pau Miudo",
        "addr:city": "Salvador",
        "addr:state": "BA",
        "addr:country": "BR",
        "addr:postcode": "40320-350",
        "phone": "3172-1211/1221",
        "emergency": "ambulance_station",
        "emergency_service": "technical_rescue",
        "opening_hours": "24/7",
        "name": "Base SAMU 192",
        "short_name": "SAMU 192",
        "comment": "SAMU 192",
        "qtd_equipes_esf": 0,
        "qtd_equipes_eap": 0,
        "qtd_equipes_total": 0,
        "capacidade_pnab": 3500,
        "nomes_equipes": ""
      },
      "geometry": {
        "type": "Point",
        "coordinates": [
          -38.4877831,
          -12.9591167
        ]
      }
    },
    {
      "type": "Feature",
      "id": 7037481,
      "properties": {
        "operator": "Prefeitura Municipal de Salvador",
        "operator:type": "public",
        "ref:CNES": "7037481",
        "source": "cnes;datasus;dados_abertos_saude",
        "official_name": "MOTOLANCIA MT 06",
        "addr:street": "Rua Marques de Marica Complexo Cesar Araujo",
        "addr:suburb": "Pau Miudo",
        "addr:city": "Salvador",
        "addr:state": "BA",
        "addr:country": "BR",
        "addr:postcode": "40320-350",
        "phone": "(71) 3172-1201/1221",
        "emergency": "ambulance_station",
        "emergency_service": "technical_rescue",
        "opening_hours": "24/7",
        "name": "Base SAMU 192",
        "short_name": "SAMU 192",
        "comment": "SAMU 192",
        "qtd_equipes_esf": 0,
        "qtd_equipes_eap": 0,
        "qtd_equipes_total": 0,
        "capacidade_pnab": 3500,
        "nomes_equipes": ""
      },
      "geometry": {
        "type": "Point",
        "coordinates": [
          -38.487559,
          -12.9592631
        ]
      }
    },
    {
      "type": "Feature",
      "id": 6995195,
      "properties": {
        "operator": "Prefeitura Municipal de Salvador",
        "operator:type": "public",
        "ref:CNES": "6995195",
        "source": "cnes;datasus;dados_abertos_saude",
        "official_name": "MOTOLANCIA MT 06 A",
        "addr:street": "Rua Marques de Marica Complexo Cesar Araujo",
        "addr:suburb": "Pau Miudo",
        "addr:city": "Salvador",
        "addr:state": "BA",
        "addr:country": "BR",
        "addr:postcode": "40320-350",
        "phone": "(71) 3172-1201/1221",
        "emergency": "ambulance_station",
        "emergency_service": "technical_rescue",
        "opening_hours": "24/7",
        "name": "Base SAMU 192",
        "short_name": "SAMU 192",
        "comment": "SAMU 192",
        "qtd_equipes_esf": 0,
        "qtd_equipes_eap": 0,
        "qtd_equipes_total": 0,
        "capacidade_pnab": 3500,
        "nomes_equipes": ""
      },
      "geometry": {
        "type": "Point",
        "coordinates": [
          -38.4875643,
          -12.9592997
        ]
      }
    },
    {
      "type": "Feature",
      "id": 7248709,
      "properties": {
        "operator": "Prefeitura Municipal de Salvador",
        "operator:type": "public",
        "ref:CNES": "7248709",
        "source": "cnes;datasus;dados_abertos_saude",
        "official_name": "MOTOLANCIA MT 07",
        "addr:street": "Rua Marques de Marica Complexo Cesar Araujo",
        "addr:suburb": "Pau Miudo",
        "addr:city": "Salvador",
        "addr:state": "BA",
        "addr:country": "BR",
        "addr:postcode": "40320-350",
        "phone": "(71) 3172-1201/1221",
        "emergency": "ambulance_station",
        "emergency_service": "technical_rescue",
        "opening_hours": "24/7",
        "name": "Base SAMU 192",
        "short_name": "SAMU 192",
        "comment": "SAMU 192",
        "qtd_equipes_esf": 0,
        "qtd_equipes_eap": 0,
        "qtd_equipes_total": 0,
        "capacidade_pnab": 3500,
        "nomes_equipes": ""
      },
      "geometry": {
        "type": "Point",
        "coordinates": [
          -38.487618,
          -12.9592683
        ]
      }
    },
    {
      "type": "Feature",
      "id": 7013833,
      "properties": {
        "operator": "Prefeitura Municipal de Salvador",
        "operator:type": "public",
        "ref:CNES": "7013833",
        "source": "cnes;datasus;dados_abertos_saude",
        "official_name": "MOTOLANCIA MT 07 A",
        "addr:street": "Rua Marques de Marica Complexo Cesar Araujo",
        "addr:suburb": "Pau Miudo",
        "addr:city": "Salvador",
        "addr:state": "BA",
        "addr:country": "BR",
        "addr:postcode": "40320-350",
        "phone": "+55 71 3202-1305",
        "emergency": "ambulance_station",
        "emergency_service": "technical_rescue",
        "opening_hours": "24/7",
        "name": "Base SAMU 192",
        "short_name": "SAMU 192",
        "comment": "SAMU 192",
        "qtd_equipes_esf": 0,
        "qtd_equipes_eap": 0,
        "qtd_equipes_total": 0,
        "capacidade_pnab": 3500,
        "nomes_equipes": ""
      },
      "geometry": {
        "type": "Point",
        "coordinates": [
          -38.4875643,
          -12.9592788
        ]
      }
    },
    {
      "type": "Feature",
      "id": 6988482,
      "properties": {
        "operator": "Prefeitura Municipal de Salvador",
        "operator:type": "public",
        "ref:CNES": "6988482",
        "source": "cnes;datasus;dados_abertos_saude",
        "official_name": "MOTOLANCIA MT 08",
        "addr:street": "Rua Marques de Marica Complexo Cesar Araujo",
        "addr:suburb": "Pau Miudo",
        "addr:city": "Salvador",
        "addr:state": "BA",
        "addr:country": "BR",
        "addr:postcode": "40320-350",
        "phone": "(71) 3172-1201/1221",
        "emergency": "ambulance_station",
        "emergency_service": "technical_rescue",
        "opening_hours": "24/7",
        "name": "Base SAMU 192",
        "short_name": "SAMU 192",
        "comment": "SAMU 192",
        "qtd_equipes_esf": 0,
        "qtd_equipes_eap": 0,
        "qtd_equipes_total": 0,
        "capacidade_pnab": 3500,
        "nomes_equipes": ""
      },
      "geometry": {
        "type": "Point",
        "coordinates": [
          -38.4875482,
          -12.959284
        ]
      }
    },
    {
      "type": "Feature",
      "id": 6997171,
      "properties": {
        "operator": "Prefeitura Municipal de Salvador",
        "operator:type": "public",
        "ref:CNES": "6997171",
        "source": "cnes;datasus;dados_abertos_saude",
        "official_name": "MOTOLANCIA MT 08 A",
        "addr:street": "Rua Marques de Marica Complexo Cesar Araujo",
        "addr:suburb": "Pau Miudo",
        "addr:city": "Salvador",
        "addr:state": "BA",
        "addr:country": "BR",
        "addr:postcode": "40320-350",
        "phone": "(71) 3172-1201/1221",
        "emergency": "ambulance_station",
        "emergency_service": "technical_rescue",
        "opening_hours": "24/7",
        "name": "Base SAMU 192",
        "short_name": "SAMU 192",
        "comment": "SAMU 192",
        "qtd_equipes_esf": 0,
        "qtd_equipes_eap": 0,
        "qtd_equipes_total": 0,
        "capacidade_pnab": 3500,
        "nomes_equipes": ""
      },
      "geometry": {
        "type": "Point",
        "coordinates": [
          -38.4875697,
          -12.9592945
        ]
      }
    },
    {
      "type": "Feature",
      "id": 7037511,
      "properties": {
        "operator": "Prefeitura Municipal de Salvador",
        "operator:type": "public",
        "ref:CNES": "7037511",
        "source": "cnes;datasus;dados_abertos_saude",
        "official_name": "MOTOLANCIA MT 09",
        "addr:street": "Rua Marques de Marica Complexo Cesar Araujo",
        "addr:suburb": "Pau Miudo",
        "addr:city": "Salvador",
        "addr:state": "BA",
        "addr:country": "BR",
        "addr:postcode": "40320-350",
        "phone": "+55 71 3202-1305",
        "emergency": "ambulance_station",
        "emergency_service": "technical_rescue",
        "opening_hours": "24/7",
        "name": "Base SAMU 192",
        "short_name": "SAMU 192",
        "comment": "SAMU 192",
        "qtd_equipes_esf": 0,
        "qtd_equipes_eap": 0,
        "qtd_equipes_total": 0,
        "capacidade_pnab": 3500,
        "nomes_equipes": ""
      },
      "geometry": {
        "type": "Point",
        "coordinates": [
          -38.4875858,
          -12.9592893
        ]
      }
    },
    {
      "type": "Feature",
      "id": 7037503,
      "properties": {
        "operator": "Prefeitura Municipal de Salvador",
        "operator:type": "public",
        "ref:CNES": "7037503",
        "source": "cnes;datasus;dados_abertos_saude",
        "official_name": "MOTOLANCIA MT 09 A",
        "addr:street": "Rua Marques de Marica Complexo Cesar Araujo",
        "addr:suburb": "Pau Miudo",
        "addr:city": "Salvador",
        "addr:state": "BA",
        "addr:country": "BR",
        "addr:postcode": "40320-350",
        "phone": "(71) 3172-1201/1221",
        "emergency": "ambulance_station",
        "emergency_service": "technical_rescue",
        "opening_hours": "24/7",
        "name": "Base SAMU 192",
        "short_name": "SAMU 192",
        "comment": "SAMU 192",
        "qtd_equipes_esf": 0,
        "qtd_equipes_eap": 0,
        "qtd_equipes_total": 0,
        "capacidade_pnab": 3500,
        "nomes_equipes": ""
      },
      "geometry": {
        "type": "Point",
        "coordinates": [
          -38.4875697,
          -12.959284
        ]
      }
    },
    {
      "type": "Feature",
      "id": 6988407,
      "properties": {
        "operator": "Prefeitura Municipal de Salvador",
        "operator:type": "public",
        "ref:CNES": "6988407",
        "source": "cnes;datasus;dados_abertos_saude",
        "official_name": "UNIDADE DE SUPORTE AVANCADA CC 70",
        "addr:street": "Rua Marques de Marica Complexo Cesar Araujo",
        "addr:suburb": "Pau Miudo",
        "addr:city": "Salvador",
        "addr:state": "BA",
        "addr:country": "BR",
        "addr:postcode": "40320-350",
        "phone": "(71) 3172-1201/1221",
        "emergency": "ambulance_station",
        "emergency_service": "technical_rescue",
        "opening_hours": "24/7",
        "name": "Base SAMU 192 - Suporte Avançado (USA)",
        "short_name": "SAMU USA",
        "comment": "SAMU 192",
        "qtd_equipes_esf": 0,
        "qtd_equipes_eap": 0,
        "qtd_equipes_total": 0,
        "capacidade_pnab": 3500,
        "nomes_equipes": ""
      },
      "geometry": {
        "type": "Point",
        "coordinates": [
          -38.4875751,
          -12.9592683
        ]
      }
    },
    {
      "type": "Feature",
      "id": 297364,
      "properties": {
        "operator": "Prefeitura Municipal de Salvador",
        "operator:type": "public",
        "ref:CNES": "297364",
        "source": "cnes;datasus;dados_abertos_saude",
        "official_name": "UNIDADE DE SUPORTE AVANCADO BR 05",
        "addr:street": "Rua Marques de Marica",
        "addr:suburb": "Pau Miudo",
        "addr:city": "Salvador",
        "addr:state": "BA",
        "addr:country": "BR",
        "addr:postcode": "40130-000",
        "emergency": "ambulance_station",
        "emergency_service": "technical_rescue",
        "opening_hours": "24/7",
        "name": "Base SAMU 192 - Suporte Avançado (USA)",
        "short_name": "SAMU USA",
        "comment": "SAMU 192",
        "qtd_equipes_esf": 0,
        "qtd_equipes_eap": 0,
        "qtd_equipes_total": 0,
        "capacidade_pnab": 3500,
        "nomes_equipes": ""
      },
      "geometry": {
        "type": "Point",
        "coordinates": [
          -38.4876823,
          -12.9592893
        ]
      }
    },
    {
      "type": "Feature",
      "id": 6988423,
      "properties": {
        "operator": "Prefeitura Municipal de Salvador",
        "operator:type": "public",
        "ref:CNES": "6988423",
        "source": "cnes;datasus;dados_abertos_saude",
        "official_name": "UNIDADE DE SUPORTE AVANCADO BR 60",
        "addr:street": "Rua Marques de Marica Complexo Cesar Araujo",
        "addr:suburb": "Pau Miudo",
        "addr:city": "Salvador",
        "addr:state": "BA",
        "addr:country": "BR",
        "addr:postcode": "40320-350",
        "phone": "(71) 3172-1201/1221",
        "emergency": "ambulance_station",
        "emergency_service": "technical_rescue",
        "opening_hours": "24/7",
        "name": "Base SAMU 192 - Suporte Avançado (USA)",
        "short_name": "SAMU USA",
        "comment": "SAMU 192",
        "qtd_equipes_esf": 0,
        "qtd_equipes_eap": 0,
        "qtd_equipes_total": 0,
        "capacidade_pnab": 3500,
        "nomes_equipes": ""
      },
      "geometry": {
        "type": "Point",
        "coordinates": [
          -38.4875643,
          -12.9592683
        ]
      }
    },
    {
      "type": "Feature",
      "id": 422444,
      "properties": {
        "operator": "Prefeitura Municipal de Salvador",
        "operator:type": "public",
        "ref:CNES": "422444",
        "source": "cnes;datasus;dados_abertos_saude",
        "official_name": "UNIDADE DE SUPORTE AVANCADO CB 02",
        "addr:street": "Rua Marques de Marica",
        "addr:suburb": "Pau Miudo",
        "addr:city": "Salvador",
        "addr:state": "BA",
        "addr:country": "BR",
        "addr:postcode": "40310-000",
        "emergency": "ambulance_station",
        "emergency_service": "technical_rescue",
        "opening_hours": "24/7",
        "name": "Base SAMU 192 - Suporte Avançado (USA)",
        "short_name": "SAMU USA",
        "comment": "SAMU 192",
        "qtd_equipes_esf": 0,
        "qtd_equipes_eap": 0,
        "qtd_equipes_total": 0,
        "capacidade_pnab": 3500,
        "nomes_equipes": ""
      },
      "geometry": {
        "type": "Point",
        "coordinates": [
          -38.4874678,
          -12.9593311
        ]
      }
    },
    {
      "type": "Feature",
      "id": 7037880,
      "properties": {
        "operator": "Prefeitura Municipal de Salvador",
        "operator:type": "public",
        "ref:CNES": "7037880",
        "source": "cnes;datasus;dados_abertos_saude",
        "official_name": "UNIDADE DE SUPORTE AVANCADO CN 10",
        "addr:street": "Rua Marques de Marica Complexo Cesar Araujo",
        "addr:suburb": "Pau Miudo",
        "addr:city": "Salvador",
        "addr:state": "BA",
        "addr:country": "BR",
        "addr:postcode": "40320-350",
        "phone": "(71) 3172-1201/1221",
        "emergency": "ambulance_station",
        "emergency_service": "technical_rescue",
        "opening_hours": "24/7",
        "name": "Base SAMU 192 - Suporte Avançado (USA)",
        "short_name": "SAMU USA",
        "comment": "SAMU 192",
        "qtd_equipes_esf": 0,
        "qtd_equipes_eap": 0,
        "qtd_equipes_total": 0,
        "capacidade_pnab": 3500,
        "nomes_equipes": ""
      },
      "geometry": {
        "type": "Point",
        "coordinates": [
          -38.4875471,
          -12.9592578
        ]
      }
    },
    {
      "type": "Feature",
      "id": 6988474,
      "properties": {
        "operator": "Prefeitura Municipal de Salvador",
        "operator:type": "public",
        "ref:CNES": "6988474",
        "source": "cnes;datasus;dados_abertos_saude",
        "official_name": "UNIDADE DE SUPORTE AVANCADO CZ 50",
        "addr:street": "Rua Marques de Marica Complexo Cesar Araujo",
        "addr:suburb": "Pau Miudo",
        "addr:city": "Salvador",
        "addr:state": "BA",
        "addr:country": "BR",
        "addr:postcode": "40320-350",
        "phone": "+55 71 98791-6352",
        "emergency": "ambulance_station",
        "emergency_service": "technical_rescue",
        "opening_hours": "24/7",
        "name": "Base SAMU 192 - Suporte Avançado (USA)",
        "short_name": "SAMU USA",
        "comment": "SAMU 192",
        "qtd_equipes_esf": 0,
        "qtd_equipes_eap": 0,
        "qtd_equipes_total": 0,
        "capacidade_pnab": 3500,
        "nomes_equipes": ""
      },
      "geometry": {
        "type": "Point",
        "coordinates": [
          -38.4875364,
          -12.9592631
        ]
      }
    },
    {
      "type": "Feature",
      "id": 7037937,
      "properties": {
        "operator": "Prefeitura Municipal de Salvador",
        "operator:type": "public",
        "ref:CNES": "7037937",
        "source": "cnes;datasus;dados_abertos_saude",
        "official_name": "UNIDADE DE SUPORTE AVANCADO IT 30",
        "addr:street": "Rua Marques de Marica Complexo Cesar Araujo",
        "addr:suburb": "Pau Miudo",
        "addr:city": "Salvador",
        "addr:state": "BA",
        "addr:country": "BR",
        "addr:postcode": "40320-350",
        "phone": "(71) 3172-1201/1221",
        "emergency": "ambulance_station",
        "emergency_service": "technical_rescue",
        "opening_hours": "24/7",
        "name": "Base SAMU 192 - Suporte Avançado (USA)",
        "short_name": "SAMU USA",
        "comment": "SAMU 192",
        "qtd_equipes_esf": 0,
        "qtd_equipes_eap": 0,
        "qtd_equipes_total": 0,
        "capacidade_pnab": 3500,
        "nomes_equipes": ""
      },
      "geometry": {
        "type": "Point",
        "coordinates": [
          -38.4875471,
          -12.9592893
        ]
      }
    },
    {
      "type": "Feature",
      "id": 297313,
      "properties": {
        "operator": "Prefeitura Municipal de Salvador",
        "operator:type": "public",
        "ref:CNES": "297313",
        "source": "cnes;datasus;dados_abertos_saude",
        "official_name": "UNIDADE DE SUPORTE AVANCADO PM 04",
        "addr:street": "Rua Marques de Marica",
        "addr:suburb": "Pau Miudo",
        "addr:city": "Salvador",
        "addr:state": "BA",
        "addr:country": "BR",
        "addr:postcode": "40130-000",
        "emergency": "ambulance_station",
        "emergency_service": "technical_rescue",
        "opening_hours": "24/7",
        "name": "Base SAMU 192 - Suporte Avançado (USA)",
        "short_name": "SAMU USA",
        "comment": "SAMU 192",
        "qtd_equipes_esf": 0,
        "qtd_equipes_eap": 0,
        "qtd_equipes_total": 0,
        "capacidade_pnab": 3500,
        "nomes_equipes": ""
      },
      "geometry": {
        "type": "Point",
        "coordinates": [
          -38.487618,
          -12.9592893
        ]
      }
    },
    {
      "type": "Feature",
      "id": 7248687,
      "properties": {
        "operator": "Prefeitura Municipal de Salvador",
        "operator:type": "public",
        "ref:CNES": "7248687",
        "source": "cnes;datasus;dados_abertos_saude",
        "official_name": "UNIDADE DE SUPORTE AVANCADO PM 40",
        "addr:street": "Rua Marques de Marica Complexo Cesar Araujo",
        "addr:suburb": "Pau Miudo",
        "addr:city": "Salvador",
        "addr:state": "BA",
        "addr:country": "BR",
        "addr:postcode": "40320-350",
        "phone": "(71) 3172-1201/1221",
        "emergency": "ambulance_station",
        "emergency_service": "technical_rescue",
        "opening_hours": "24/7",
        "name": "Base SAMU 192 - Suporte Avançado (USA)",
        "short_name": "SAMU USA",
        "comment": "SAMU 192",
        "qtd_equipes_esf": 0,
        "qtd_equipes_eap": 0,
        "qtd_equipes_total": 0,
        "capacidade_pnab": 3500,
        "nomes_equipes": ""
      },
      "geometry": {
        "type": "Point",
        "coordinates": [
          -38.4875257,
          -12.9592631
        ]
      }
    },
    {
      "type": "Feature",
      "id": 6988393,
      "properties": {
        "operator": "Prefeitura Municipal de Salvador",
        "operator:type": "public",
        "ref:CNES": "6988393",
        "source": "cnes;datasus;dados_abertos_saude",
        "official_name": "UNIDADE DE SUPORTE AVANCADO PP 20",
        "addr:street": "Rua Marques de Marica Complexo Cesar Araujo",
        "addr:suburb": "Pau Miudo",
        "addr:city": "Salvador",
        "addr:state": "BA",
        "addr:country": "BR",
        "addr:postcode": "40320-350",
        "phone": "(71) 3172-1201/1221",
        "emergency": "ambulance_station",
        "emergency_service": "technical_rescue",
        "opening_hours": "24/7",
        "name": "Base SAMU 192 - Suporte Avançado (USA)",
        "short_name": "SAMU USA",
        "comment": "SAMU 192",
        "qtd_equipes_esf": 0,
        "qtd_equipes_eap": 0,
        "qtd_equipes_total": 0,
        "capacidade_pnab": 3500,
        "nomes_equipes": ""
      },
      "geometry": {
        "type": "Point",
        "coordinates": [
          -38.4875364,
          -12.9592422
        ]
      }
    },
    {
      "type": "Feature",
      "id": 297348,
      "properties": {
        "operator": "Prefeitura Municipal de Salvador",
        "operator:type": "public",
        "ref:CNES": "297348",
        "source": "cnes;datasus;dados_abertos_saude",
        "official_name": "UNIDADE DE SUPORTE AVANCADO PR 03",
        "addr:street": "Rua Marques de Marica",
        "addr:suburb": "Pau Miudo",
        "addr:city": "Salvador",
        "addr:state": "BA",
        "addr:country": "BR",
        "addr:postcode": "40130-000",
        "emergency": "ambulance_station",
        "emergency_service": "technical_rescue",
        "opening_hours": "24/7",
        "name": "Base SAMU 192 - Suporte Avançado (USA)",
        "short_name": "SAMU USA",
        "comment": "SAMU 192",
        "qtd_equipes_esf": 0,
        "qtd_equipes_eap": 0,
        "qtd_equipes_total": 0,
        "capacidade_pnab": 3500,
        "nomes_equipes": ""
      },
      "geometry": {
        "type": "Point",
        "coordinates": [
          -38.4875257,
          -12.9592997
        ]
      }
    },
    {
      "type": "Feature",
      "id": 6988415,
      "properties": {
        "operator": "Prefeitura Municipal de Salvador",
        "operator:type": "public",
        "ref:CNES": "6988415",
        "source": "cnes;datasus;dados_abertos_saude",
        "official_name": "UNIDADE DE SUPORTE AVANCADO SM 01",
        "addr:street": "Rua Marques de Marica Complexo Cesar Araujo",
        "addr:suburb": "Pau Miudo",
        "addr:city": "Salvador",
        "addr:state": "BA",
        "addr:country": "BR",
        "addr:postcode": "40320-350",
        "phone": "(71) 3172-1201/1221",
        "emergency": "ambulance_station",
        "emergency_service": "technical_rescue",
        "opening_hours": "24/7",
        "name": "Base SAMU 192 - Suporte Avançado (USA)",
        "short_name": "SAMU USA",
        "comment": "SAMU 192",
        "qtd_equipes_esf": 0,
        "qtd_equipes_eap": 0,
        "qtd_equipes_total": 0,
        "capacidade_pnab": 3500,
        "nomes_equipes": ""
      },
      "geometry": {
        "type": "Point",
        "coordinates": [
          -38.4875482,
          -12.9592683
        ]
      }
    },
    {
      "type": "Feature",
      "id": 285633,
      "properties": {
        "operator": "Prefeitura Municipal de Salvador",
        "operator:type": "public",
        "ref:CNES": "285633",
        "source": "cnes;datasus;dados_abertos_saude",
        "official_name": "UNIDADE DE SUPORTE BASICO BQ 49",
        "addr:street": "Rua Marques de Marica",
        "addr:suburb": "Pau Miudo",
        "addr:city": "Salvador",
        "addr:state": "BA",
        "addr:country": "BR",
        "addr:postcode": "40310-000",
        "emergency": "ambulance_station",
        "emergency_service": "technical_rescue",
        "opening_hours": "24/7",
        "name": "Base SAMU 192",
        "short_name": "SAMU 192",
        "comment": "SAMU 192",
        "qtd_equipes_esf": 0,
        "qtd_equipes_eap": 0,
        "qtd_equipes_total": 0,
        "capacidade_pnab": 3500,
        "nomes_equipes": ""
      },
      "geometry": {
        "type": "Point",
        "coordinates": [
          -38.4877896,
          -12.9593311
        ]
      }
    },
    {
      "type": "Feature",
      "id": 6987168,
      "properties": {
        "operator": "Prefeitura Municipal de Salvador",
        "operator:type": "public",
        "ref:CNES": "6987168",
        "source": "cnes;datasus;dados_abertos_saude",
        "official_name": "UNIDADE DE SUPORTE BASICO BR 61",
        "addr:street": "Rua Marques de Marica Complexo Cesar Araujo",
        "addr:suburb": "Pau Miudo",
        "addr:city": "Salvador",
        "addr:state": "BA",
        "addr:country": "BR",
        "addr:postcode": "40320-350",
        "phone": "(71) 3172-1201/1221",
        "emergency": "ambulance_station",
        "emergency_service": "technical_rescue",
        "opening_hours": "24/7",
        "name": "Base SAMU 192",
        "short_name": "SAMU 192",
        "comment": "SAMU 192",
        "qtd_equipes_esf": 0,
        "qtd_equipes_eap": 0,
        "qtd_equipes_total": 0,
        "capacidade_pnab": 3500,
        "nomes_equipes": ""
      },
      "geometry": {
        "type": "Point",
        "coordinates": [
          -38.4875804,
          -12.9592788
        ]
      }
    },
    {
      "type": "Feature",
      "id": 6987176,
      "properties": {
        "operator": "Prefeitura Municipal de Salvador",
        "operator:type": "public",
        "ref:CNES": "6987176",
        "source": "cnes;datasus;dados_abertos_saude",
        "official_name": "UNIDADE DE SUPORTE BASICO BR 62",
        "addr:street": "Rua Marques de Marica Complexo Cesar Araujo",
        "addr:suburb": "Pau Miudo",
        "addr:city": "Salvador",
        "addr:state": "BA",
        "addr:country": "BR",
        "addr:postcode": "40320-350",
        "phone": "(71) 3172-1201/1221",
        "emergency": "ambulance_station",
        "emergency_service": "technical_rescue",
        "opening_hours": "24/7",
        "name": "Base SAMU 192",
        "short_name": "SAMU 192",
        "comment": "SAMU 192",
        "qtd_equipes_esf": 0,
        "qtd_equipes_eap": 0,
        "qtd_equipes_total": 0,
        "capacidade_pnab": 3500,
        "nomes_equipes": ""
      },
      "geometry": {
        "type": "Point",
        "coordinates": [
          -38.4875482,
          -12.9593102
        ]
      }
    },
    {
      "type": "Feature",
      "id": 297143,
      "properties": {
        "operator": "Prefeitura Municipal de Salvador",
        "operator:type": "public",
        "ref:CNES": "297143",
        "source": "cnes;datasus;dados_abertos_saude",
        "official_name": "UNIDADE DE SUPORTE BASICO BR 63",
        "addr:street": "Rua Marques de Marica",
        "addr:suburb": "Pau Miudo",
        "addr:city": "Salvador",
        "addr:state": "BA",
        "addr:country": "BR",
        "addr:postcode": "40130-000",
        "emergency": "ambulance_station",
        "emergency_service": "technical_rescue",
        "opening_hours": "24/7",
        "name": "Base SAMU 192",
        "short_name": "SAMU 192",
        "comment": "SAMU 192",
        "qtd_equipes_esf": 0,
        "qtd_equipes_eap": 0,
        "qtd_equipes_total": 0,
        "capacidade_pnab": 3500,
        "nomes_equipes": ""
      },
      "geometry": {
        "type": "Point",
        "coordinates": [
          -38.4874249,
          -12.9592893
        ]
      }
    },
    {
      "type": "Feature",
      "id": 297119,
      "properties": {
        "operator": "Prefeitura Municipal de Salvador",
        "operator:type": "public",
        "ref:CNES": "297119",
        "source": "cnes;datasus;dados_abertos_saude",
        "official_name": "UNIDADE DE SUPORTE BASICO BR 64",
        "addr:street": "Rua Marques de Marica",
        "addr:suburb": "Pau Miudo",
        "addr:city": "Salvador",
        "addr:state": "BA",
        "addr:country": "BR",
        "addr:postcode": "40130-000",
        "emergency": "ambulance_station",
        "emergency_service": "technical_rescue",
        "opening_hours": "24/7",
        "name": "Base SAMU 192",
        "short_name": "SAMU 192",
        "comment": "SAMU 192",
        "qtd_equipes_esf": 0,
        "qtd_equipes_eap": 0,
        "qtd_equipes_total": 0,
        "capacidade_pnab": 3500,
        "nomes_equipes": ""
      },
      "geometry": {
        "type": "Point",
        "coordinates": [
          -38.4875815,
          -12.9592997
        ]
      }
    },
    {
      "type": "Feature",
      "id": 297232,
      "properties": {
        "operator": "Prefeitura Municipal de Salvador",
        "operator:type": "public",
        "ref:CNES": "297232",
        "source": "cnes;datasus;dados_abertos_saude",
        "official_name": "UNIDADE DE SUPORTE BASICO BR 65",
        "addr:street": "Rua Marques de Marica",
        "addr:suburb": "Pau Miudo",
        "addr:city": "Salvador",
        "addr:state": "BA",
        "addr:country": "BR",
        "addr:postcode": "40130-000",
        "emergency": "ambulance_station",
        "emergency_service": "technical_rescue",
        "opening_hours": "24/7",
        "name": "Base SAMU 192",
        "short_name": "SAMU 192",
        "comment": "SAMU 192",
        "qtd_equipes_esf": 0,
        "qtd_equipes_eap": 0,
        "qtd_equipes_total": 0,
        "capacidade_pnab": 3500,
        "nomes_equipes": ""
      },
      "geometry": {
        "type": "Point",
        "coordinates": [
          -38.4872746,
          -12.9592265
        ]
      }
    },
    {
      "type": "Feature",
      "id": 297283,
      "properties": {
        "operator": "Prefeitura Municipal de Salvador",
        "operator:type": "public",
        "ref:CNES": "297283",
        "source": "cnes;datasus;dados_abertos_saude",
        "official_name": "UNIDADE DE SUPORTE BASICO BR 66",
        "addr:street": "Rua Marques de Marica",
        "addr:suburb": "Pau Miudo",
        "addr:city": "Salvador",
        "addr:state": "BA",
        "addr:country": "BR",
        "addr:postcode": "40130-000",
        "emergency": "ambulance_station",
        "emergency_service": "technical_rescue",
        "opening_hours": "24/7",
        "name": "Base SAMU 192",
        "short_name": "SAMU 192",
        "comment": "SAMU 192",
        "qtd_equipes_esf": 0,
        "qtd_equipes_eap": 0,
        "qtd_equipes_total": 0,
        "capacidade_pnab": 3500,
        "nomes_equipes": ""
      },
      "geometry": {
        "type": "Point",
        "coordinates": [
          -38.4875815,
          -12.9592683
        ]
      }
    },
    {
      "type": "Feature",
      "id": 6987257,
      "properties": {
        "operator": "Prefeitura Municipal de Salvador",
        "operator:type": "public",
        "ref:CNES": "6987257",
        "source": "cnes;datasus;dados_abertos_saude",
        "official_name": "UNIDADE DE SUPORTE BASICO CB 25",
        "addr:street": "Rua Marques de Marica Complexo Cessar Araujo",
        "addr:suburb": "Pau Miudo",
        "addr:city": "Salvador",
        "addr:state": "BA",
        "addr:country": "BR",
        "addr:postcode": "40320-350",
        "phone": "(71) 3172-1201/1221",
        "emergency": "ambulance_station",
        "emergency_service": "technical_rescue",
        "opening_hours": "24/7",
        "name": "Base SAMU 192",
        "short_name": "SAMU 192",
        "comment": "SAMU 192",
        "qtd_equipes_esf": 0,
        "qtd_equipes_eap": 0,
        "qtd_equipes_total": 0,
        "capacidade_pnab": 3500,
        "nomes_equipes": ""
      },
      "geometry": {
        "type": "Point",
        "coordinates": [
          -38.4875417,
          -12.9592631
        ]
      }
    },
    {
      "type": "Feature",
      "id": 6987699,
      "properties": {
        "operator": "Prefeitura Municipal de Salvador",
        "operator:type": "public",
        "ref:CNES": "6987699",
        "source": "cnes;datasus;dados_abertos_saude",
        "official_name": "UNIDADE DE SUPORTE BASICO CB 26",
        "addr:street": "Rua Marques de Marica Complexo Cesar Araujo",
        "addr:suburb": "Pau Miudo",
        "addr:city": "Salvador",
        "addr:state": "BA",
        "addr:country": "BR",
        "addr:postcode": "40320-350",
        "phone": "(71) 3172-1201/1221",
        "emergency": "ambulance_station",
        "emergency_service": "technical_rescue",
        "opening_hours": "24/7",
        "name": "Base SAMU 192",
        "short_name": "SAMU 192",
        "comment": "SAMU 192",
        "qtd_equipes_esf": 0,
        "qtd_equipes_eap": 0,
        "qtd_equipes_total": 0,
        "capacidade_pnab": 3500,
        "nomes_equipes": ""
      },
      "geometry": {
        "type": "Point",
        "coordinates": [
          -38.4876072,
          -12.9592474
        ]
      }
    },
    {
      "type": "Feature",
      "id": 6987702,
      "properties": {
        "operator": "Prefeitura Municipal de Salvador",
        "operator:type": "public",
        "ref:CNES": "6987702",
        "source": "cnes;datasus;dados_abertos_saude",
        "official_name": "UNIDADE DE SUPORTE BASICO CB 27",
        "addr:street": "Rua Marques de Marica Complexo Cesar Araujo",
        "addr:suburb": "Pau Miudo",
        "addr:city": "Salvador",
        "addr:state": "BA",
        "addr:country": "BR",
        "addr:postcode": "40320-350",
        "phone": "(71) 3172-1201/1221",
        "emergency": "ambulance_station",
        "emergency_service": "technical_rescue",
        "opening_hours": "24/7",
        "name": "Base SAMU 192",
        "short_name": "SAMU 192",
        "comment": "SAMU 192",
        "qtd_equipes_esf": 0,
        "qtd_equipes_eap": 0,
        "qtd_equipes_total": 0,
        "capacidade_pnab": 3500,
        "nomes_equipes": ""
      },
      "geometry": {
        "type": "Point",
        "coordinates": [
          -38.4875364,
          -12.9592736
        ]
      }
    },
    {
      "type": "Feature",
      "id": 296473,
      "properties": {
        "operator": "Prefeitura Municipal de Salvador",
        "operator:type": "public",
        "ref:CNES": "296473",
        "source": "cnes;datasus;dados_abertos_saude",
        "official_name": "UNIDADE DE SUPORTE BASICO CB 28",
        "addr:street": "Rua Marques de Marica",
        "addr:suburb": "Pau Miudo",
        "addr:city": "Salvador",
        "addr:state": "BA",
        "addr:country": "BR",
        "addr:postcode": "40310-000",
        "emergency": "ambulance_station",
        "emergency_service": "technical_rescue",
        "opening_hours": "24/7",
        "name": "Base SAMU 192",
        "short_name": "SAMU 192",
        "comment": "SAMU 192",
        "qtd_equipes_esf": 0,
        "qtd_equipes_eap": 0,
        "qtd_equipes_total": 0,
        "capacidade_pnab": 3500,
        "nomes_equipes": ""
      },
      "geometry": {
        "type": "Point",
        "coordinates": [
          -38.4876609,
          -12.9592474
        ]
      }
    },
    {
      "type": "Feature",
      "id": 6987265,
      "properties": {
        "operator": "Prefeitura Municipal de Salvador",
        "operator:type": "public",
        "ref:CNES": "6987265",
        "source": "cnes;datasus;dados_abertos_saude",
        "official_name": "UNIDADE DE SUPORTE BASICO CC 71",
        "addr:street": "Rua Marques de Marica Complexo Cesar Araujo",
        "addr:suburb": "Pau Miudo",
        "addr:city": "Salvador",
        "addr:state": "BA",
        "addr:country": "BR",
        "addr:postcode": "40320-350",
        "phone": "(71) 3172-1201/1221",
        "emergency": "ambulance_station",
        "emergency_service": "technical_rescue",
        "opening_hours": "24/7",
        "name": "Base SAMU 192",
        "short_name": "SAMU 192",
        "comment": "SAMU 192",
        "qtd_equipes_esf": 0,
        "qtd_equipes_eap": 0,
        "qtd_equipes_total": 0,
        "capacidade_pnab": 3500,
        "nomes_equipes": ""
      },
      "geometry": {
        "type": "Point",
        "coordinates": [
          -38.4875751,
          -12.959305
        ]
      }
    },
    {
      "type": "Feature",
      "id": 6987273,
      "properties": {
        "operator": "Prefeitura Municipal de Salvador",
        "operator:type": "public",
        "ref:CNES": "6987273",
        "source": "cnes;datasus;dados_abertos_saude",
        "official_name": "UNIDADE DE SUPORTE BASICO CC 72",
        "addr:street": "Rua Marques de Marica Complexo Cesar Araujo",
        "addr:suburb": "Pau Miudo",
        "addr:city": "Salvador",
        "addr:state": "BA",
        "addr:country": "BR",
        "addr:postcode": "40320-350",
        "phone": "(71) 3172-1201/1221",
        "emergency": "ambulance_station",
        "emergency_service": "technical_rescue",
        "opening_hours": "24/7",
        "name": "Base SAMU 192",
        "short_name": "SAMU 192",
        "comment": "SAMU 192",
        "qtd_equipes_esf": 0,
        "qtd_equipes_eap": 0,
        "qtd_equipes_total": 0,
        "capacidade_pnab": 3500,
        "nomes_equipes": ""
      },
      "geometry": {
        "type": "Point",
        "coordinates": [
          -38.4876502,
          -12.9591742
        ]
      }
    },
    {
      "type": "Feature",
      "id": 6987761,
      "properties": {
        "operator": "Prefeitura Municipal de Salvador",
        "operator:type": "public",
        "ref:CNES": "6987761",
        "source": "cnes;datasus;dados_abertos_saude",
        "official_name": "UNIDADE DE SUPORTE BASICO CC 73",
        "addr:street": "Rua Marques de Marica Complexo Cesar Araujo",
        "addr:suburb": "Pau Miudo",
        "addr:city": "Salvador",
        "addr:state": "BA",
        "addr:country": "BR",
        "addr:postcode": "40320-350",
        "phone": "(71) 3172-1201/1221",
        "emergency": "ambulance_station",
        "emergency_service": "technical_rescue",
        "opening_hours": "24/7",
        "name": "Base SAMU 192",
        "short_name": "SAMU 192",
        "comment": "SAMU 192",
        "qtd_equipes_esf": 0,
        "qtd_equipes_eap": 0,
        "qtd_equipes_total": 0,
        "capacidade_pnab": 3500,
        "nomes_equipes": ""
      },
      "geometry": {
        "type": "Point",
        "coordinates": [
          -38.4875364,
          -12.9592997
        ]
      }
    },
    {
      "type": "Feature",
      "id": 4289692,
      "properties": {
        "operator": "Prefeitura Municipal de Salvador",
        "operator:type": "public",
        "ref:CNES": "4289692",
        "source": "cnes;datasus;dados_abertos_saude",
        "official_name": "UNIDADE DE SUPORTE BASICO CC 74",
        "addr:street": "Rua Marque de Marica",
        "addr:suburb": "Pau Miudo",
        "addr:city": "Salvador",
        "addr:state": "BA",
        "addr:country": "BR",
        "addr:postcode": "40320-350",
        "emergency": "ambulance_station",
        "emergency_service": "technical_rescue",
        "opening_hours": "24/7",
        "name": "Base SAMU 192",
        "short_name": "SAMU 192",
        "comment": "SAMU 192",
        "qtd_equipes_esf": 0,
        "qtd_equipes_eap": 0,
        "qtd_equipes_total": 0,
        "capacidade_pnab": 3500,
        "nomes_equipes": ""
      },
      "geometry": {
        "type": "Point",
        "coordinates": [
          -38.4837398,
          -12.9602342
        ]
      }
    },
    {
      "type": "Feature",
      "id": 6987710,
      "properties": {
        "operator": "Prefeitura Municipal de Salvador",
        "operator:type": "public",
        "ref:CNES": "6987710",
        "source": "cnes;datasus;dados_abertos_saude",
        "official_name": "UNIDADE DE SUPORTE BASICO CN 11",
        "addr:street": "Rua Marques de Marica Complexo Cesar Araujo",
        "addr:suburb": "Pau Miudo",
        "addr:city": "Salvador",
        "addr:state": "BA",
        "addr:country": "BR",
        "addr:postcode": "40320-350",
        "phone": "(71) 3172-1201/1221",
        "emergency": "ambulance_station",
        "emergency_service": "technical_rescue",
        "opening_hours": "24/7",
        "name": "Base SAMU 192",
        "short_name": "SAMU 192",
        "comment": "SAMU 192",
        "qtd_equipes_esf": 0,
        "qtd_equipes_eap": 0,
        "qtd_equipes_total": 0,
        "capacidade_pnab": 3500,
        "nomes_equipes": ""
      },
      "geometry": {
        "type": "Point",
        "coordinates": [
          -38.4875858,
          -12.9592788
        ]
      }
    },
    {
      "type": "Feature",
      "id": 6987311,
      "properties": {
        "operator": "Prefeitura Municipal de Salvador",
        "operator:type": "public",
        "ref:CNES": "6987311",
        "source": "cnes;datasus;dados_abertos_saude",
        "official_name": "UNIDADE DE SUPORTE BASICO CN 12",
        "addr:street": "Rua Marques de Marica Complexo Cesar Araujo",
        "addr:suburb": "Pau Miudo",
        "addr:city": "Salvador",
        "addr:state": "BA",
        "addr:country": "BR",
        "addr:postcode": "40320-350",
        "phone": "3172-1201/1221",
        "emergency": "ambulance_station",
        "emergency_service": "technical_rescue",
        "opening_hours": "24/7",
        "name": "Base SAMU 192",
        "short_name": "SAMU 192",
        "comment": "SAMU 192",
        "qtd_equipes_esf": 0,
        "qtd_equipes_eap": 0,
        "qtd_equipes_total": 0,
        "capacidade_pnab": 3500,
        "nomes_equipes": ""
      },
      "geometry": {
        "type": "Point",
        "coordinates": [
          -38.4875965,
          -12.9593102
        ]
      }
    },
    {
      "type": "Feature",
      "id": 6987303,
      "properties": {
        "operator": "Prefeitura Municipal de Salvador",
        "operator:type": "public",
        "ref:CNES": "6987303",
        "source": "cnes;datasus;dados_abertos_saude",
        "official_name": "UNIDADE DE SUPORTE BASICO CN 13",
        "addr:street": "Rua Marques de Marica Complexo Cesar Araujo",
        "addr:suburb": "Pau Miudo",
        "addr:city": "Salvador",
        "addr:state": "BA",
        "addr:country": "BR",
        "addr:postcode": "40320-350",
        "phone": "(71) 3172-1201/1221",
        "emergency": "ambulance_station",
        "emergency_service": "technical_rescue",
        "opening_hours": "24/7",
        "name": "Base SAMU 192",
        "short_name": "SAMU 192",
        "comment": "SAMU 192",
        "qtd_equipes_esf": 0,
        "qtd_equipes_eap": 0,
        "qtd_equipes_total": 0,
        "capacidade_pnab": 3500,
        "nomes_equipes": ""
      },
      "geometry": {
        "type": "Point",
        "coordinates": [
          -38.4875697,
          -12.9592736
        ]
      }
    },
    {
      "type": "Feature",
      "id": 6987419,
      "properties": {
        "operator": "Prefeitura Municipal de Salvador",
        "operator:type": "public",
        "ref:CNES": "6987419",
        "source": "cnes;datasus;dados_abertos_saude",
        "official_name": "UNIDADE DE SUPORTE BASICO CZ 51",
        "addr:street": "Rua Marques de Marica Complexo Cesar Araujo",
        "addr:suburb": "Pau Miudo",
        "addr:city": "Salvador",
        "addr:state": "BA",
        "addr:country": "BR",
        "addr:postcode": "40320-350",
        "phone": "(71) 3172-1201/1221",
        "emergency": "ambulance_station",
        "emergency_service": "technical_rescue",
        "opening_hours": "24/7",
        "name": "Base SAMU 192",
        "short_name": "SAMU 192",
        "comment": "SAMU 192",
        "qtd_equipes_esf": 0,
        "qtd_equipes_eap": 0,
        "qtd_equipes_total": 0,
        "capacidade_pnab": 3500,
        "nomes_equipes": ""
      },
      "geometry": {
        "type": "Point",
        "coordinates": [
          -38.4875578,
          -12.9592683
        ]
      }
    },
    {
      "type": "Feature",
      "id": 6987559,
      "properties": {
        "operator": "Prefeitura Municipal de Salvador",
        "operator:type": "public",
        "ref:CNES": "6987559",
        "source": "cnes;datasus;dados_abertos_saude",
        "official_name": "UNIDADE DE SUPORTE BASICO CZ 52",
        "addr:street": "Rua Marques de Marica Complexo Cesar Araujo",
        "addr:suburb": "Pau Miudo",
        "addr:city": "Salvador",
        "addr:state": "BA",
        "addr:country": "BR",
        "addr:postcode": "40320-350",
        "phone": "(71) 3172-1201/1221",
        "emergency": "ambulance_station",
        "emergency_service": "technical_rescue",
        "opening_hours": "24/7",
        "name": "Base SAMU 192",
        "short_name": "SAMU 192",
        "comment": "SAMU 192",
        "qtd_equipes_esf": 0,
        "qtd_equipes_eap": 0,
        "qtd_equipes_total": 0,
        "capacidade_pnab": 3500,
        "nomes_equipes": ""
      },
      "geometry": {
        "type": "Point",
        "coordinates": [
          -38.4875804,
          -12.9592893
        ]
      }
    },
    {
      "type": "Feature",
      "id": 296589,
      "properties": {
        "operator": "Prefeitura Municipal de Salvador",
        "operator:type": "public",
        "ref:CNES": "296589",
        "source": "cnes;datasus;dados_abertos_saude",
        "official_name": "UNIDADE DE SUPORTE BASICO CZ 53",
        "addr:street": "Rua Marques de Marica",
        "addr:suburb": "Pau Miudo",
        "addr:city": "Salvador",
        "addr:state": "BA",
        "addr:country": "BR",
        "addr:postcode": "40310-000",
        "emergency": "ambulance_station",
        "emergency_service": "technical_rescue",
        "opening_hours": "24/7",
        "name": "Base SAMU 192",
        "short_name": "SAMU 192",
        "comment": "SAMU 192",
        "qtd_equipes_esf": 0,
        "qtd_equipes_eap": 0,
        "qtd_equipes_total": 0,
        "capacidade_pnab": 3500,
        "nomes_equipes": ""
      },
      "geometry": {
        "type": "Point",
        "coordinates": [
          -38.4878325,
          -12.9592683
        ]
      }
    },
    {
      "type": "Feature",
      "id": 6987583,
      "properties": {
        "operator": "Prefeitura Municipal de Salvador",
        "operator:type": "public",
        "ref:CNES": "6987583",
        "source": "cnes;datasus;dados_abertos_saude",
        "official_name": "UNIDADE DE SUPORTE BASICO IT 31",
        "addr:street": "Rua Marques de Marica Complexo Cesar Araujo",
        "addr:suburb": "Pau Miudo",
        "addr:city": "Salvador",
        "addr:state": "BA",
        "addr:country": "BR",
        "addr:postcode": "40320-350",
        "phone": "(71) 3172-1201/1221",
        "emergency": "ambulance_station",
        "emergency_service": "technical_rescue",
        "opening_hours": "24/7",
        "name": "Base SAMU 192",
        "short_name": "SAMU 192",
        "comment": "SAMU 192",
        "qtd_equipes_esf": 0,
        "qtd_equipes_eap": 0,
        "qtd_equipes_total": 0,
        "capacidade_pnab": 3500,
        "nomes_equipes": ""
      },
      "geometry": {
        "type": "Point",
        "coordinates": [
          -38.4874034,
          -12.9593102
        ]
      }
    },
    {
      "type": "Feature",
      "id": 6987591,
      "properties": {
        "operator": "Prefeitura Municipal de Salvador",
        "operator:type": "public",
        "ref:CNES": "6987591",
        "source": "cnes;datasus;dados_abertos_saude",
        "official_name": "UNIDADE DE SUPORTE BASICO IT 32",
        "addr:street": "Rua Marques de Marica Complexo Cesar Araujo",
        "addr:suburb": "Pau Miudo",
        "addr:city": "Salvador",
        "addr:state": "BA",
        "addr:country": "BR",
        "addr:postcode": "40320-350",
        "phone": "(71) 3172-1201/1221",
        "emergency": "ambulance_station",
        "emergency_service": "technical_rescue",
        "opening_hours": "24/7",
        "name": "Base SAMU 192",
        "short_name": "SAMU 192",
        "comment": "SAMU 192",
        "qtd_equipes_esf": 0,
        "qtd_equipes_eap": 0,
        "qtd_equipes_total": 0,
        "capacidade_pnab": 3500,
        "nomes_equipes": ""
      },
      "geometry": {
        "type": "Point",
        "coordinates": [
          -38.4875471,
          -12.9592631
        ]
      }
    },
    {
      "type": "Feature",
      "id": 7037546,
      "properties": {
        "operator": "Prefeitura Municipal de Salvador",
        "operator:type": "public",
        "ref:CNES": "7037546",
        "source": "cnes;datasus;dados_abertos_saude",
        "official_name": "UNIDADE DE SUPORTE BASICO JA 37",
        "addr:street": "Rua Marques de Marica Complexo Cesar Araujo",
        "addr:suburb": "Pau Miudo",
        "addr:city": "Salvador",
        "addr:state": "BA",
        "addr:country": "BR",
        "addr:postcode": "40320-350",
        "phone": "(71) 3172-1201/1221",
        "emergency": "ambulance_station",
        "emergency_service": "technical_rescue",
        "opening_hours": "24/7",
        "name": "Base SAMU 192",
        "short_name": "SAMU 192",
        "comment": "SAMU 192",
        "qtd_equipes_esf": 0,
        "qtd_equipes_eap": 0,
        "qtd_equipes_total": 0,
        "capacidade_pnab": 3500,
        "nomes_equipes": ""
      },
      "geometry": {
        "type": "Point",
        "coordinates": [
          -38.4875578,
          -12.9592945
        ]
      }
    },
    {
      "type": "Feature",
      "id": 7248725,
      "properties": {
        "operator": "Prefeitura Municipal de Salvador",
        "operator:type": "public",
        "ref:CNES": "7248725",
        "source": "cnes;datasus;dados_abertos_saude",
        "official_name": "UNIDADE DE SUPORTE BASICO JA 38",
        "addr:street": "Rua Marques de Marica Complexo Casar Araujo",
        "addr:suburb": "Pau Miudo",
        "addr:city": "Salvador",
        "addr:state": "BA",
        "addr:country": "BR",
        "addr:postcode": "40320-350",
        "phone": "(71) 3172-1201/1221",
        "emergency": "ambulance_station",
        "emergency_service": "technical_rescue",
        "opening_hours": "24/7",
        "name": "Base SAMU 192",
        "short_name": "SAMU 192",
        "comment": "SAMU 192",
        "qtd_equipes_esf": 0,
        "qtd_equipes_eap": 0,
        "qtd_equipes_total": 0,
        "capacidade_pnab": 3500,
        "nomes_equipes": ""
      },
      "geometry": {
        "type": "Point",
        "coordinates": [
          -38.4875643,
          -12.9592945
        ]
      }
    },
    {
      "type": "Feature",
      "id": 4289684,
      "properties": {
        "operator": "Prefeitura Municipal de Salvador",
        "operator:type": "public",
        "ref:CNES": "4289684",
        "source": "cnes;datasus;dados_abertos_saude",
        "official_name": "UNIDADE DE SUPORTE BASICO JA 39",
        "addr:street": "Rua Marques de Marica",
        "addr:suburb": "Pau Miudo",
        "addr:city": "Salvador",
        "addr:state": "BA",
        "addr:country": "BR",
        "addr:postcode": "40320-350",
        "emergency": "ambulance_station",
        "emergency_service": "technical_rescue",
        "opening_hours": "24/7",
        "name": "Base SAMU 192",
        "short_name": "SAMU 192",
        "comment": "SAMU 192",
        "qtd_equipes_esf": 0,
        "qtd_equipes_eap": 0,
        "qtd_equipes_total": 0,
        "capacidade_pnab": 3500,
        "nomes_equipes": ""
      },
      "geometry": {
        "type": "Point",
        "coordinates": [
          -38.4837119,
          -12.9602185
        ]
      }
    },
    {
      "type": "Feature",
      "id": 297305,
      "properties": {
        "operator": "Prefeitura Municipal de Salvador",
        "operator:type": "public",
        "ref:CNES": "297305",
        "source": "cnes;datasus;dados_abertos_saude",
        "official_name": "UNIDADE DE SUPORTE BASICO PB 67",
        "addr:street": "Rua Marques de Marica",
        "addr:suburb": "Pau Miudo",
        "addr:city": "Salvador",
        "addr:state": "BA",
        "addr:country": "BR",
        "addr:postcode": "40130-000",
        "emergency": "ambulance_station",
        "emergency_service": "technical_rescue",
        "opening_hours": "24/7",
        "name": "Base SAMU 192",
        "short_name": "SAMU 192",
        "comment": "SAMU 192",
        "qtd_equipes_esf": 0,
        "qtd_equipes_eap": 0,
        "qtd_equipes_total": 0,
        "capacidade_pnab": 3500,
        "nomes_equipes": ""
      },
      "geometry": {
        "type": "Point",
        "coordinates": [
          -38.487339,
          -12.9592893
        ]
      }
    },
    {
      "type": "Feature",
      "id": 297194,
      "properties": {
        "operator": "Prefeitura Municipal de Salvador",
        "operator:type": "public",
        "ref:CNES": "297194",
        "source": "cnes;datasus;dados_abertos_saude",
        "official_name": "UNIDADE DE SUPORTE BASICO PB 68",
        "addr:street": "Rua Marques de Marica",
        "addr:suburb": "Pau Miudo",
        "addr:city": "Salvador",
        "addr:state": "BA",
        "addr:country": "BR",
        "addr:postcode": "40130-000",
        "emergency": "ambulance_station",
        "emergency_service": "technical_rescue",
        "opening_hours": "24/7",
        "name": "Base SAMU 192",
        "short_name": "SAMU 192",
        "comment": "SAMU 192",
        "qtd_equipes_esf": 0,
        "qtd_equipes_eap": 0,
        "qtd_equipes_total": 0,
        "capacidade_pnab": 3500,
        "nomes_equipes": ""
      },
      "geometry": {
        "type": "Point",
        "coordinates": [
          -38.4874249,
          -12.9592265
        ]
      }
    },
    {
      "type": "Feature",
      "id": 6987370,
      "properties": {
        "operator": "Prefeitura Municipal de Salvador",
        "operator:type": "public",
        "ref:CNES": "6987370",
        "source": "cnes;datasus;dados_abertos_saude",
        "official_name": "UNIDADE DE SUPORTE BASICO PM 41",
        "addr:street": "Rua Marques de Marica Complexo Cesar Araujo",
        "addr:suburb": "Pau Miudo",
        "addr:city": "Salvador",
        "addr:state": "BA",
        "addr:country": "BR",
        "addr:postcode": "40320-350",
        "phone": "(71) 3172-1201/1221",
        "emergency": "ambulance_station",
        "emergency_service": "technical_rescue",
        "opening_hours": "24/7",
        "name": "Base SAMU 192",
        "short_name": "SAMU 192",
        "comment": "SAMU 192",
        "qtd_equipes_esf": 0,
        "qtd_equipes_eap": 0,
        "qtd_equipes_total": 0,
        "capacidade_pnab": 3500,
        "nomes_equipes": ""
      },
      "geometry": {
        "type": "Point",
        "coordinates": [
          -38.4875471,
          -12.9592788
        ]
      }
    },
    {
      "type": "Feature",
      "id": 6987389,
      "properties": {
        "operator": "Prefeitura Municipal de Salvador",
        "operator:type": "public",
        "ref:CNES": "6987389",
        "source": "cnes;datasus;dados_abertos_saude",
        "official_name": "UNIDADE DE SUPORTE BASICO PM 42",
        "addr:street": "Rua Marques de Marica Complexo Cesar Araujo",
        "addr:suburb": "Pau Miudo",
        "addr:city": "Salvador",
        "addr:state": "BA",
        "addr:country": "BR",
        "addr:postcode": "40320-350",
        "phone": "(71) 3172-1201/1221",
        "emergency": "ambulance_station",
        "emergency_service": "technical_rescue",
        "opening_hours": "24/7",
        "name": "Base SAMU 192",
        "short_name": "SAMU 192",
        "comment": "SAMU 192",
        "qtd_equipes_esf": 0,
        "qtd_equipes_eap": 0,
        "qtd_equipes_total": 0,
        "capacidade_pnab": 3500,
        "nomes_equipes": ""
      },
      "geometry": {
        "type": "Point",
        "coordinates": [
          -38.4875429,
          -12.9592683
        ]
      }
    },
    {
      "type": "Feature",
      "id": 6987680,
      "properties": {
        "operator": "Prefeitura Municipal de Salvador",
        "operator:type": "public",
        "ref:CNES": "6987680",
        "source": "cnes;datasus;dados_abertos_saude",
        "official_name": "UNIDADE DE SUPORTE BASICO PM 43",
        "addr:street": "Rua Marques de Marica Complexo Cesar Araujo",
        "addr:suburb": "Pau Miudo",
        "addr:city": "Salvador",
        "addr:state": "BA",
        "addr:country": "BR",
        "addr:postcode": "40320-350",
        "phone": "(71) 3272-1201/1221",
        "emergency": "ambulance_station",
        "emergency_service": "technical_rescue",
        "opening_hours": "24/7",
        "name": "Base SAMU 192",
        "short_name": "SAMU 192",
        "comment": "SAMU 192",
        "qtd_equipes_esf": 0,
        "qtd_equipes_eap": 0,
        "qtd_equipes_total": 0,
        "capacidade_pnab": 3500,
        "nomes_equipes": ""
      },
      "geometry": {
        "type": "Point",
        "coordinates": [
          -38.4875471,
          -12.9592945
        ]
      }
    },
    {
      "type": "Feature",
      "id": 6987729,
      "properties": {
        "operator": "Prefeitura Municipal de Salvador",
        "operator:type": "public",
        "ref:CNES": "6987729",
        "source": "cnes;datasus;dados_abertos_saude",
        "official_name": "UNIDADE DE SUPORTE BASICO PM 44",
        "addr:street": "Rua Marques de Marica Complexo Cesar Araujo",
        "addr:suburb": "Pau Miudo",
        "addr:city": "Salvador",
        "addr:state": "BA",
        "addr:country": "BR",
        "addr:postcode": "40320-350",
        "phone": "(71) 3172-1201/1221",
        "emergency": "ambulance_station",
        "emergency_service": "technical_rescue",
        "opening_hours": "24/7",
        "name": "Base SAMU 192",
        "short_name": "SAMU 192",
        "comment": "SAMU 192",
        "qtd_equipes_esf": 0,
        "qtd_equipes_eap": 0,
        "qtd_equipes_total": 0,
        "capacidade_pnab": 3500,
        "nomes_equipes": ""
      },
      "geometry": {
        "type": "Point",
        "coordinates": [
          -38.4875417,
          -12.9592526
        ]
      }
    },
    {
      "type": "Feature",
      "id": 6987737,
      "properties": {
        "operator": "Prefeitura Municipal de Salvador",
        "operator:type": "public",
        "ref:CNES": "6987737",
        "source": "cnes;datasus;dados_abertos_saude",
        "official_name": "UNIDADE DE SUPORTE BASICO PM 45",
        "addr:street": "Rua Marques de Marica Complexo Cesar Araujo",
        "addr:suburb": "Pau Miudo",
        "addr:city": "Salvador",
        "addr:state": "BA",
        "addr:country": "BR",
        "addr:postcode": "40320-350",
        "phone": "(71) 3172-1201/1221",
        "emergency": "ambulance_station",
        "emergency_service": "technical_rescue",
        "opening_hours": "24/7",
        "name": "Base SAMU 192",
        "short_name": "SAMU 192",
        "comment": "SAMU 192",
        "qtd_equipes_esf": 0,
        "qtd_equipes_eap": 0,
        "qtd_equipes_total": 0,
        "capacidade_pnab": 3500,
        "nomes_equipes": ""
      },
      "geometry": {
        "type": "Point",
        "coordinates": [
          -38.4876609,
          -12.959122
        ]
      }
    },
    {
      "type": "Feature",
      "id": 297208,
      "properties": {
        "operator": "Prefeitura Municipal de Salvador",
        "operator:type": "public",
        "ref:CNES": "297208",
        "source": "cnes;datasus;dados_abertos_saude",
        "official_name": "UNIDADE DE SUPORTE BASICO PM 46",
        "addr:street": "Rua Marques de Marica",
        "addr:suburb": "Pau Miudo",
        "addr:city": "Salvador",
        "addr:state": "BA",
        "addr:country": "BR",
        "addr:postcode": "40130-000",
        "emergency": "ambulance_station",
        "emergency_service": "technical_rescue",
        "opening_hours": "24/7",
        "name": "Base SAMU 192",
        "short_name": "SAMU 192",
        "comment": "SAMU 192",
        "qtd_equipes_esf": 0,
        "qtd_equipes_eap": 0,
        "qtd_equipes_total": 0,
        "capacidade_pnab": 3500,
        "nomes_equipes": ""
      },
      "geometry": {
        "type": "Point",
        "coordinates": [
          -38.4875536,
          -12.9592526
        ]
      }
    },
    {
      "type": "Feature",
      "id": 296996,
      "properties": {
        "operator": "Prefeitura Municipal de Salvador",
        "operator:type": "public",
        "ref:CNES": "296996",
        "source": "cnes;datasus;dados_abertos_saude",
        "official_name": "UNIDADE DE SUPORTE BASICO PM 47",
        "addr:street": "Rua Marques de Marica",
        "addr:suburb": "Pau Miudo",
        "addr:city": "Salvador",
        "addr:state": "BA",
        "addr:country": "BR",
        "addr:postcode": "40310-000",
        "emergency": "ambulance_station",
        "emergency_service": "technical_rescue",
        "opening_hours": "24/7",
        "name": "Base SAMU 192",
        "short_name": "SAMU 192",
        "comment": "SAMU 192",
        "qtd_equipes_esf": 0,
        "qtd_equipes_eap": 0,
        "qtd_equipes_total": 0,
        "capacidade_pnab": 3500,
        "nomes_equipes": ""
      },
      "geometry": {
        "type": "Point",
        "coordinates": [
          -38.4873176,
          -12.9592474
        ]
      }
    },
    {
      "type": "Feature",
      "id": 4289706,
      "properties": {
        "operator": "Prefeitura Municipal de Salvador",
        "operator:type": "public",
        "ref:CNES": "4289706",
        "source": "cnes;datasus;dados_abertos_saude",
        "official_name": "UNIDADE DE SUPORTE BASICO PM 48",
        "addr:street": "Rua Marques de Marica",
        "addr:suburb": "Pau Miudo",
        "addr:city": "Salvador",
        "addr:state": "BA",
        "addr:country": "BR",
        "addr:postcode": "40320-350",
        "emergency": "ambulance_station",
        "emergency_service": "technical_rescue",
        "opening_hours": "24/7",
        "name": "Base SAMU 192",
        "short_name": "SAMU 192",
        "comment": "SAMU 192",
        "qtd_equipes_esf": 0,
        "qtd_equipes_eap": 0,
        "qtd_equipes_total": 0,
        "capacidade_pnab": 3500,
        "nomes_equipes": ""
      },
      "geometry": {
        "type": "Point",
        "coordinates": [
          -38.4837119,
          -12.9602499
        ]
      }
    },
    {
      "type": "Feature",
      "id": 7037554,
      "properties": {
        "operator": "Prefeitura Municipal de Salvador",
        "operator:type": "public",
        "ref:CNES": "7037554",
        "source": "cnes;datasus;dados_abertos_saude",
        "official_name": "UNIDADE DE SUPORTE BASICO PP 21",
        "addr:street": "Rua Marques de Marica Complexo Cesar Auaraujo",
        "addr:suburb": "Pau Miudo",
        "addr:city": "Salvador",
        "addr:state": "BA",
        "addr:country": "BR",
        "addr:postcode": "40320-350",
        "phone": "(71) 3172-1201/1221",
        "emergency": "ambulance_station",
        "emergency_service": "technical_rescue",
        "opening_hours": "24/7",
        "name": "Base SAMU 192",
        "short_name": "SAMU 192",
        "comment": "SAMU 192",
        "qtd_equipes_esf": 0,
        "qtd_equipes_eap": 0,
        "qtd_equipes_total": 0,
        "capacidade_pnab": 3500,
        "nomes_equipes": ""
      },
      "geometry": {
        "type": "Point",
        "coordinates": [
          -38.4875525,
          -12.9593102
        ]
      }
    },
    {
      "type": "Feature",
      "id": 6987672,
      "properties": {
        "operator": "Prefeitura Municipal de Salvador",
        "operator:type": "public",
        "ref:CNES": "6987672",
        "source": "cnes;datasus;dados_abertos_saude",
        "official_name": "UNIDADE DE SUPORTE BASICO PP 22",
        "addr:street": "Rua Marques de Marica Complexo Cesar Araujo",
        "addr:suburb": "Pau Miudo",
        "addr:city": "Salvador",
        "addr:state": "BA",
        "addr:country": "BR",
        "addr:postcode": "40320-350",
        "phone": "(71) 3172-1201/1221",
        "emergency": "ambulance_station",
        "emergency_service": "technical_rescue",
        "opening_hours": "24/7",
        "name": "Base SAMU 192",
        "short_name": "SAMU 192",
        "comment": "SAMU 192",
        "qtd_equipes_esf": 0,
        "qtd_equipes_eap": 0,
        "qtd_equipes_total": 0,
        "capacidade_pnab": 3500,
        "nomes_equipes": ""
      },
      "geometry": {
        "type": "Point",
        "coordinates": [
          -38.4875858,
          -12.9593102
        ]
      }
    },
    {
      "type": "Feature",
      "id": 4289714,
      "properties": {
        "operator": "Prefeitura Municipal de Salvador",
        "operator:type": "public",
        "ref:CNES": "4289714",
        "source": "cnes;datasus;dados_abertos_saude",
        "official_name": "UNIDADE DE SUPORTE BASICO PP 23",
        "addr:street": "Rua Marques de Marica",
        "addr:suburb": "Pau Miudo",
        "addr:city": "Salvador",
        "addr:state": "BA",
        "addr:country": "BR",
        "addr:postcode": "40320-350",
        "emergency": "ambulance_station",
        "emergency_service": "technical_rescue",
        "opening_hours": "24/7",
        "name": "Base SAMU 192",
        "short_name": "SAMU 192",
        "comment": "SAMU 192",
        "qtd_equipes_esf": 0,
        "qtd_equipes_eap": 0,
        "qtd_equipes_total": 0,
        "capacidade_pnab": 3500,
        "nomes_equipes": ""
      },
      "geometry": {
        "type": "Point",
        "coordinates": [
          -38.4837398,
          -12.9602656
        ]
      }
    },
    {
      "type": "Feature",
      "id": 7037538,
      "properties": {
        "operator": "Prefeitura Municipal de Salvador",
        "operator:type": "public",
        "ref:CNES": "7037538",
        "source": "cnes;datasus;dados_abertos_saude",
        "official_name": "UNIDADE DE SUPORTE BASICO PR 33",
        "addr:street": "Rua Marques de Marica Complexo Cesar Araujo",
        "addr:suburb": "Pau Miudo",
        "addr:city": "Salvador",
        "addr:state": "BA",
        "addr:country": "BR",
        "addr:postcode": "40320-350",
        "phone": "(71) 3172-1201/1221",
        "emergency": "ambulance_station",
        "emergency_service": "technical_rescue",
        "opening_hours": "24/7",
        "name": "Base SAMU 192",
        "short_name": "SAMU 192",
        "comment": "SAMU 192",
        "qtd_equipes_esf": 0,
        "qtd_equipes_eap": 0,
        "qtd_equipes_total": 0,
        "capacidade_pnab": 3500,
        "nomes_equipes": ""
      },
      "geometry": {
        "type": "Point",
        "coordinates": [
          -38.4875751,
          -12.9592631
        ]
      }
    },
    {
      "type": "Feature",
      "id": 6997449,
      "properties": {
        "operator": "Prefeitura Municipal de Salvador",
        "operator:type": "public",
        "ref:CNES": "6997449",
        "source": "cnes;datasus;dados_abertos_saude",
        "official_name": "UNIDADE DE SUPORTE BASICO PR 34",
        "addr:street": "Rua Marques de Marica Complexo Cesar Araujo",
        "addr:suburb": "Pau Miudo",
        "addr:city": "Salvador",
        "addr:state": "BA",
        "addr:country": "BR",
        "addr:postcode": "40320-350",
        "phone": "(71) 3172-1201/1221",
        "emergency": "ambulance_station",
        "emergency_service": "technical_rescue",
        "opening_hours": "24/7",
        "name": "Base SAMU 192",
        "short_name": "SAMU 192",
        "comment": "SAMU 192",
        "qtd_equipes_esf": 0,
        "qtd_equipes_eap": 0,
        "qtd_equipes_total": 0,
        "capacidade_pnab": 3500,
        "nomes_equipes": ""
      },
      "geometry": {
        "type": "Point",
        "coordinates": [
          -38.4875751,
          -12.9593155
        ]
      }
    },
    {
      "type": "Feature",
      "id": 6987249,
      "properties": {
        "operator": "Prefeitura Municipal de Salvador",
        "operator:type": "public",
        "ref:CNES": "6987249",
        "source": "cnes;datasus;dados_abertos_saude",
        "official_name": "UNIDADE DE SUPORTE BASICO PR 35",
        "addr:street": "Rua Marques de Marica Complexo Cesar Araujo",
        "addr:suburb": "Pau Miudo",
        "addr:city": "Salvador",
        "addr:state": "BA",
        "addr:country": "BR",
        "addr:postcode": "40320-350",
        "phone": "(71) 3172-1201/1221",
        "emergency": "ambulance_station",
        "emergency_service": "technical_rescue",
        "opening_hours": "24/7",
        "name": "Base SAMU 192",
        "short_name": "SAMU 192",
        "comment": "SAMU 192",
        "qtd_equipes_esf": 0,
        "qtd_equipes_eap": 0,
        "qtd_equipes_total": 0,
        "capacidade_pnab": 3500,
        "nomes_equipes": ""
      },
      "geometry": {
        "type": "Point",
        "coordinates": [
          -38.4876084,
          -12.9592997
        ]
      }
    },
    {
      "type": "Feature",
      "id": 285617,
      "properties": {
        "operator": "Prefeitura Municipal de Salvador",
        "operator:type": "public",
        "ref:CNES": "285617",
        "source": "cnes;datasus;dados_abertos_saude",
        "official_name": "UNIDADE DE SUPORTE BASICO PR 36",
        "addr:street": "Rua Riua Marques de Marica",
        "addr:suburb": "Pau Miudo",
        "addr:city": "Salvador",
        "addr:state": "BA",
        "addr:country": "BR",
        "addr:postcode": "40310-000",
        "emergency": "ambulance_station",
        "emergency_service": "technical_rescue",
        "opening_hours": "24/7",
        "name": "Base SAMU 192",
        "short_name": "SAMU 192",
        "comment": "SAMU 192",
        "qtd_equipes_esf": 0,
        "qtd_equipes_eap": 0,
        "qtd_equipes_total": 0,
        "capacidade_pnab": 3500,
        "nomes_equipes": ""
      },
      "geometry": {
        "type": "Point",
        "coordinates": [
          -38.4873819,
          -12.9593938
        ]
      }
    },
    {
      "type": "Feature",
      "id": 6997392,
      "properties": {
        "operator": "Prefeitura Municipal de Salvador",
        "operator:type": "public",
        "ref:CNES": "6997392",
        "source": "cnes;datasus;dados_abertos_saude",
        "official_name": "UNIDADE DE SUPORTE BASICO SC 54",
        "addr:street": "Rua Marques de Marica Complexo Cesar Araujo",
        "addr:suburb": "Pau Miudo",
        "addr:city": "Salvador",
        "addr:state": "BA",
        "addr:country": "BR",
        "addr:postcode": "40320-350",
        "phone": "(71) 3172-1201/1221",
        "emergency": "ambulance_station",
        "emergency_service": "technical_rescue",
        "opening_hours": "24/7",
        "name": "Base SAMU 192",
        "short_name": "SAMU 192",
        "comment": "SAMU 192",
        "qtd_equipes_esf": 0,
        "qtd_equipes_eap": 0,
        "qtd_equipes_total": 0,
        "capacidade_pnab": 3500,
        "nomes_equipes": ""
      },
      "geometry": {
        "type": "Point",
        "coordinates": [
          -38.4876191,
          -12.9592997
        ]
      }
    },
    {
      "type": "Feature",
      "id": 285536,
      "properties": {
        "operator": "Prefeitura Municipal de Salvador",
        "operator:type": "public",
        "ref:CNES": "285536",
        "source": "cnes;datasus;dados_abertos_saude",
        "official_name": "UNIDADE DE SUPORTE BASICO SC 55",
        "addr:street": "Rua Marques de Marica",
        "addr:suburb": "Pau Miudo",
        "addr:city": "Salvador",
        "addr:state": "BA",
        "addr:country": "BR",
        "addr:postcode": "40310-000",
        "emergency": "ambulance_station",
        "emergency_service": "technical_rescue",
        "opening_hours": "24/7",
        "name": "Base SAMU 192",
        "short_name": "SAMU 192",
        "comment": "SAMU 192",
        "qtd_equipes_esf": 0,
        "qtd_equipes_eap": 0,
        "qtd_equipes_total": 0,
        "capacidade_pnab": 3500,
        "nomes_equipes": ""
      },
      "geometry": {
        "type": "Point",
        "coordinates": [
          -38.487536,
          -12.959284
        ]
      }
    },
    {
      "type": "Feature",
      "id": 6997457,
      "properties": {
        "operator": "Prefeitura Municipal de Salvador",
        "operator:type": "public",
        "ref:CNES": "6997457",
        "source": "cnes;datasus;dados_abertos_saude",
        "official_name": "UNIDADE DE SUPORTE BASICO SM 17",
        "addr:street": "Rua Marques de Marica Complexo Cesar Araujo",
        "addr:suburb": "Pau Miudo",
        "addr:city": "Salvador",
        "addr:state": "BA",
        "addr:country": "BR",
        "addr:postcode": "40320-350",
        "phone": "(71) 3172-1201/1221",
        "emergency": "ambulance_station",
        "emergency_service": "technical_rescue",
        "opening_hours": "24/7",
        "name": "Base SAMU 192",
        "short_name": "SAMU 192",
        "comment": "SAMU 192",
        "qtd_equipes_esf": 0,
        "qtd_equipes_eap": 0,
        "qtd_equipes_total": 0,
        "capacidade_pnab": 3500,
        "nomes_equipes": ""
      },
      "geometry": {
        "type": "Point",
        "coordinates": [
          -38.487618,
          -12.9592788
        ]
      }
    },
    {
      "type": "Feature",
      "id": 6997384,
      "properties": {
        "operator": "Prefeitura Municipal de Salvador",
        "operator:type": "public",
        "ref:CNES": "6997384",
        "source": "cnes;datasus;dados_abertos_saude",
        "official_name": "UNIDADE DE SUPORTE BASICO SM 18",
        "addr:street": "Rua Marques de Marica Complexo Cesar Araujo",
        "addr:suburb": "Pau Miudo",
        "addr:city": "Salvador",
        "addr:state": "BA",
        "addr:country": "BR",
        "addr:postcode": "40320-350",
        "phone": "(71) 3172-1201/1221",
        "emergency": "ambulance_station",
        "emergency_service": "technical_rescue",
        "opening_hours": "24/7",
        "name": "Base SAMU 192",
        "short_name": "SAMU 192",
        "comment": "SAMU 192",
        "qtd_equipes_esf": 0,
        "qtd_equipes_eap": 0,
        "qtd_equipes_total": 0,
        "capacidade_pnab": 3500,
        "nomes_equipes": ""
      },
      "geometry": {
        "type": "Point",
        "coordinates": [
          -38.4875364,
          -12.9592526
        ]
      }
    },
    {
      "type": "Feature",
      "id": 6997341,
      "properties": {
        "operator": "Prefeitura Municipal de Salvador",
        "operator:type": "public",
        "ref:CNES": "6997341",
        "source": "cnes;datasus;dados_abertos_saude",
        "official_name": "UNIDADE DE SUPORTE BASICO SM 19",
        "addr:street": "Rua Marques de Marica Complexo Cesar Araujo",
        "addr:suburb": "Pau Miudo",
        "addr:city": "Salvador",
        "addr:state": "BA",
        "addr:country": "BR",
        "addr:postcode": "40320-350",
        "phone": "(71) 3172-1201/1221",
        "emergency": "ambulance_station",
        "emergency_service": "technical_rescue",
        "opening_hours": "24/7",
        "name": "Base SAMU 192",
        "short_name": "SAMU 192",
        "comment": "SAMU 192",
        "qtd_equipes_esf": 0,
        "qtd_equipes_eap": 0,
        "qtd_equipes_total": 0,
        "capacidade_pnab": 3500,
        "nomes_equipes": ""
      },
      "geometry": {
        "type": "Point",
        "coordinates": [
          -38.4875751,
          -12.9592997
        ]
      }
    },
    {
      "type": "Feature",
      "id": 6997422,
      "properties": {
        "operator": "Prefeitura Municipal de Salvador",
        "operator:type": "public",
        "ref:CNES": "6997422",
        "source": "cnes;datasus;dados_abertos_saude",
        "official_name": "UNIDADE DE SUPORTE BASICO VL 56",
        "addr:street": "Rua Marques de Marica Complexo Cesar Auaraujo",
        "addr:suburb": "Pau Miudo",
        "addr:city": "Salvador",
        "addr:state": "BA",
        "addr:country": "BR",
        "addr:postcode": "40320-350",
        "phone": "(71) 3172-1201/1221",
        "emergency": "ambulance_station",
        "emergency_service": "technical_rescue",
        "opening_hours": "24/7",
        "name": "Base SAMU 192",
        "short_name": "SAMU 192",
        "comment": "SAMU 192",
        "qtd_equipes_esf": 0,
        "qtd_equipes_eap": 0,
        "qtd_equipes_total": 0,
        "capacidade_pnab": 3500,
        "nomes_equipes": ""
      },
      "geometry": {
        "type": "Point",
        "coordinates": [
          -38.4875858,
          -12.9592736
        ]
      }
    },
    {
      "type": "Feature",
      "id": 7248733,
      "properties": {
        "operator": "Prefeitura Municipal de Salvador",
        "operator:type": "public",
        "ref:CNES": "7248733",
        "source": "cnes;datasus;dados_abertos_saude",
        "official_name": "UNIDADE DE SUPORTE BASICO VL 57",
        "addr:street": "Rua Marques de Marica Complexo Cesar Araujo",
        "addr:suburb": "Pau Miudo",
        "addr:city": "Salvador",
        "addr:state": "BA",
        "addr:country": "BR",
        "addr:postcode": "40320-350",
        "phone": "(71) 3172-1201/1221",
        "emergency": "ambulance_station",
        "emergency_service": "technical_rescue",
        "opening_hours": "24/7",
        "name": "Base SAMU 192",
        "short_name": "SAMU 192",
        "comment": "SAMU 192",
        "qtd_equipes_esf": 0,
        "qtd_equipes_eap": 0,
        "qtd_equipes_total": 0,
        "capacidade_pnab": 3500,
        "nomes_equipes": ""
      },
      "geometry": {
        "type": "Point",
        "coordinates": [
          -38.4875751,
          -12.9593311
        ]
      }
    },
    {
      "type": "Feature",
      "id": 5741920,
      "properties": {
        "operator": "Governo do Estado (BA)",
        "operator:type": "public",
        "ref:CNES": "5741920",
        "source": "cnes;datasus;dados_abertos_saude",
        "official_name": "FAMAR FARMACIA AMBULATORIAL DE MEDS DO APARELHO RESPIRATORIO",
        "addr:street": "Rua Praca Conselheiro João Alfredo",
        "addr:housenumber": "11",
        "addr:suburb": "Pau Miudo",
        "addr:city": "Salvador",
        "addr:state": "BA",
        "addr:country": "BR",
        "addr:postcode": "40320-840",
        "email": "sesabafhcom@saude.ba.gov.br",
        "amenity": "pharmacy",
        "healthcare": "pharmacy",
        "dispensing": "yes",
        "name": "Famar Farmácia Ambulatorial de Meds do Aparelho Respiratorio",
        "comment": "Farmácia Pública",
        "qtd_equipes_esf": 0,
        "qtd_equipes_eap": 0,
        "qtd_equipes_total": 0,
        "capacidade_pnab": 3500,
        "nomes_equipes": ""
      },
      "geometry": {
        "type": "Point",
        "coordinates": [
          -38.4890365,
          -12.9588666
        ]
      }
    },
    {
      "type": "Feature",
      "id": 9984658,
      "properties": {
        "operator": "Prefeitura Municipal de Salvador",
        "operator:type": "public",
        "ref:CNES": "9984658",
        "source": "cnes;datasus;dados_abertos_saude",
        "official_name": "UDM COMERCIO",
        "addr:street": "Rua Miguel Calmon",
        "addr:suburb": "Comercio",
        "addr:city": "Salvador",
        "addr:state": "BA",
        "addr:country": "BR",
        "addr:postcode": "40301-110",
        "amenity": "pharmacy",
        "healthcare": "pharmacy",
        "dispensing": "yes",
        "name": "Udm Comercio",
        "comment": "Farmácia Pública",
        "qtd_equipes_esf": 0,
        "qtd_equipes_eap": 0,
        "qtd_equipes_total": 0,
        "capacidade_pnab": 3500,
        "nomes_equipes": ""
      },
      "geometry": {
        "type": "Point",
        "coordinates": [
          -38.5135683,
          -12.9717389
        ]
      }
    },
    {
      "type": "Feature",
      "id": 2660121,
      "properties": {
        "operator": "Prefeitura Municipal de Salvador",
        "operator:type": "public",
        "ref:CNES": "2660121",
        "source": "cnes;datasus;dados_abertos_saude",
        "official_name": "CENTRO DE CONTROLE DE ZOONOSES",
        "addr:street": "Rua do Mocambo",
        "addr:suburb": "Trobogi",
        "addr:city": "Salvador",
        "addr:state": "BA",
        "addr:country": "BR",
        "addr:postcode": "41720-010",
        "phone": "+55 71 3202-0981",
        "email": "admi.ccz@salvador.ba.gov.br",
        "office": "government",
        "government": "healthcare",
        "name": "Vigilância Sanitária Municipal",
        "short_name": "VISA",
        "comment": "Vigilância Sanitária",
        "qtd_equipes_esf": 0,
        "qtd_equipes_eap": 0,
        "qtd_equipes_total": 0,
        "capacidade_pnab": 3500,
        "nomes_equipes": ""
      },
      "geometry": {
        "type": "Point",
        "coordinates": [
          -38.4072483,
          -12.9250345
        ]
      }
    },
    {
      "type": "Feature",
      "id": 9709037,
      "properties": {
        "operator": "Governo do Estado (BA)",
        "operator:type": "public",
        "ref:CNES": "9709037",
        "source": "cnes;datasus;dados_abertos_saude",
        "official_name": "SERVICO DE VERIFICACAO DE OBITO DE SALVADOR E RMS",
        "addr:street": "Avenida Centenario Salvador",
        "addr:suburb": "Garcia",
        "addr:city": "Salvador",
        "addr:state": "BA",
        "addr:country": "BR",
        "addr:postcode": "41745-002",
        "phone": "+55 71 3116-4601",
        "email": "svo.secretaria@saude.ba.gov.br",
        "office": "government",
        "government": "healthcare",
        "name": "Vigilância Sanitária Municipal",
        "short_name": "VISA",
        "comment": "Vigilância Sanitária",
        "qtd_equipes_esf": 0,
        "qtd_equipes_eap": 0,
        "qtd_equipes_total": 0,
        "capacidade_pnab": 3500,
        "nomes_equipes": ""
      },
      "geometry": {
        "type": "Point",
        "coordinates": [
          -38.4812772,
          -12.9822499
        ]
      }
    },
    {
      "type": "Feature",
      "id": 2511266,
      "properties": {
        "operator": "Prefeitura Municipal de Salvador",
        "operator:type": "public",
        "ref:CNES": "2511266",
        "source": "cnes;datasus;dados_abertos_saude",
        "official_name": "VIGILANCIA EM SAUDE",
        "addr:street": "Avenida Vasco da Gama",
        "addr:housenumber": "4209",
        "addr:suburb": "Brotas",
        "addr:city": "Salvador",
        "addr:state": "BA",
        "addr:country": "BR",
        "addr:postcode": "40286-000",
        "phone": "(71) 32021704/1703",
        "email": "dvis.saude@salvador.ba.gov.br",
        "office": "government",
        "government": "healthcare",
        "name": "Vigilância Sanitária Municipal",
        "short_name": "VISA",
        "comment": "Vigilância Sanitária",
        "qtd_equipes_esf": 0,
        "qtd_equipes_eap": 0,
        "qtd_equipes_total": 0,
        "capacidade_pnab": 3500,
        "nomes_equipes": ""
      },
      "geometry": {
        "type": "Point",
        "coordinates": [
          -38.5036537,
          -12.98307
        ]
      }
    },
    {
      "type": "Feature",
      "id": 816884,
      "properties": {
        "operator": "Prefeitura Municipal de Salvador",
        "operator:type": "public",
        "ref:CNES": "816884",
        "source": "cnes;datasus;dados_abertos_saude",
        "official_name": "VISAMB",
        "addr:street": "Rua Av Vasco da Gama",
        "addr:housenumber": "4209",
        "addr:suburb": "Brotas",
        "addr:city": "Salvador",
        "addr:state": "BA",
        "addr:country": "BR",
        "addr:postcode": "40285-900",
        "phone": "+55 71 3202-1735",
        "email": "visamb.sms@gmail.com",
        "office": "government",
        "government": "healthcare",
        "name": "Vigilância Sanitária Municipal",
        "short_name": "VISA",
        "comment": "Vigilância Sanitária",
        "qtd_equipes_esf": 0,
        "qtd_equipes_eap": 0,
        "qtd_equipes_total": 0,
        "capacidade_pnab": 3500,
        "nomes_equipes": ""
      },
      "geometry": {
        "type": "Point",
        "coordinates": [
          -38.4975157,
          -12.9940518
        ]
      }
    },
    {
      "type": "Feature",
      "id": 5597692,
      "properties": {
        "operator": "Prefeitura Municipal de Salvador",
        "operator:type": "public",
        "ref:CNES": "5597692",
        "source": "cnes;datasus;dados_abertos_saude",
        "official_name": "DISTRITO SANITARIO BARRA RIO VERMELHO",
        "addr:street": "Rua Av Centenario",
        "addr:housenumber": "488",
        "addr:suburb": "Garcia",
        "addr:city": "Salvador",
        "addr:state": "BA",
        "addr:country": "BR",
        "addr:postcode": "40100-180",
        "phone": "(71) 3202-1503/1518",
        "email": "saude.dsbrv@gmail.com",
        "office": "government",
        "government": "healthcare",
        "name": "Secretaria Municipal de Saúde de Pato Branco",
        "short_name": "SMS Pato Branco",
        "comment": "Secretaria Municipal de Saúde",
        "qtd_equipes_esf": 0,
        "qtd_equipes_eap": 0,
        "qtd_equipes_total": 0,
        "capacidade_pnab": 3500,
        "nomes_equipes": ""
      },
      "geometry": {
        "type": "Point",
        "coordinates": [
          -38.5114574,
          -12.9908212
        ]
      }
    },
    {
      "type": "Feature",
      "id": 5597684,
      "properties": {
        "operator": "Prefeitura Municipal de Salvador",
        "operator:type": "public",
        "ref:CNES": "5597684",
        "source": "cnes;datasus;dados_abertos_saude",
        "official_name": "DISTRITO SANITARIO BOCA DO RIO",
        "addr:street": "Rua Brasilia",
        "addr:housenumber": "09",
        "addr:suburb": "Imbui",
        "addr:city": "Salvador",
        "addr:state": "BA",
        "addr:country": "BR",
        "addr:postcode": "41710-580",
        "phone": "+55 46 3202-0953",
        "email": "dsbrio.saude@gmail.com",
        "office": "government",
        "government": "healthcare",
        "name": "Secretaria Municipal de Saúde de Pato Branco",
        "short_name": "SMS Pato Branco",
        "comment": "Secretaria Municipal de Saúde",
        "qtd_equipes_esf": 0,
        "qtd_equipes_eap": 0,
        "qtd_equipes_total": 0,
        "capacidade_pnab": 3500,
        "nomes_equipes": ""
      },
      "geometry": {
        "type": "Point",
        "coordinates": [
          -38.3538621,
          -12.9363563
        ]
      }
    },
    {
      "type": "Feature",
      "id": 5459702,
      "properties": {
        "operator": "Prefeitura Municipal de Salvador",
        "operator:type": "public",
        "ref:CNES": "5459702",
        "source": "cnes;datasus;dados_abertos_saude",
        "official_name": "DISTRITO SANITARIO CABULA BEIRU",
        "addr:street": "Rua Jurucutus",
        "addr:suburb": "Saboeiro",
        "addr:city": "Salvador",
        "addr:state": "BA",
        "addr:country": "BR",
        "addr:postcode": "40015-010",
        "phone": "+55 46 3202-0945",
        "email": "coordenacao.dscb@salvador.ba.gov.br",
        "office": "government",
        "government": "healthcare",
        "name": "Secretaria Municipal de Saúde de Pato Branco",
        "short_name": "SMS Pato Branco",
        "comment": "Secretaria Municipal de Saúde",
        "qtd_equipes_esf": 0,
        "qtd_equipes_eap": 0,
        "qtd_equipes_total": 0,
        "capacidade_pnab": 3500,
        "nomes_equipes": ""
      },
      "geometry": {
        "type": "Point",
        "coordinates": [
          -38.4483612,
          -12.9598643
        ]
      }
    },
    {
      "type": "Feature",
      "id": 5495792,
      "properties": {
        "operator": "Prefeitura Municipal de Salvador",
        "operator:type": "public",
        "ref:CNES": "5495792",
        "source": "cnes;datasus;dados_abertos_saude",
        "official_name": "DISTRITO SANITARIO CENTRO HISTORICO",
        "addr:street": "Rua do Carro",
        "addr:housenumber": "72",
        "addr:suburb": "Nazare",
        "addr:city": "Salvador",
        "addr:state": "BA",
        "addr:country": "BR",
        "addr:postcode": "40040-240",
        "phone": "71 32020904/32020902",
        "email": "distritodsch@gmail.com",
        "office": "government",
        "government": "healthcare",
        "name": "Secretaria Municipal de Saúde de Pato Branco",
        "short_name": "SMS Pato Branco",
        "comment": "Secretaria Municipal de Saúde",
        "qtd_equipes_esf": 0,
        "qtd_equipes_eap": 0,
        "qtd_equipes_total": 0,
        "capacidade_pnab": 3500,
        "nomes_equipes": ""
      },
      "geometry": {
        "type": "Point",
        "coordinates": [
          -38.5075867,
          -12.9783063
        ]
      }
    },
    {
      "type": "Feature",
      "id": 5437903,
      "properties": {
        "operator": "Prefeitura Municipal de Salvador",
        "operator:type": "public",
        "ref:CNES": "5437903",
        "source": "cnes;datasus;dados_abertos_saude",
        "official_name": "DISTRITO SANITARIO DE BROTAS",
        "addr:street": "Rua Fortunato Benjamim Saback",
        "addr:suburb": "Sete Portas",
        "addr:city": "Salvador",
        "addr:state": "BA",
        "addr:country": "BR",
        "addr:postcode": "40243-005",
        "phone": "+55 71 3202-0843",
        "email": "distritobrotas@salvador.ba.gov.br",
        "office": "government",
        "government": "healthcare",
        "name": "Secretaria Municipal de Saúde de Pato Branco",
        "short_name": "SMS Pato Branco",
        "comment": "Secretaria Municipal de Saúde",
        "qtd_equipes_esf": 0,
        "qtd_equipes_eap": 0,
        "qtd_equipes_total": 0,
        "capacidade_pnab": 3500,
        "nomes_equipes": ""
      },
      "geometry": {
        "type": "Point",
        "coordinates": [
          -38.48809,
          -13.0150948
        ]
      }
    },
    {
      "type": "Feature",
      "id": 5460255,
      "properties": {
        "operator": "Prefeitura Municipal de Salvador",
        "operator:type": "public",
        "ref:CNES": "5460255",
        "source": "cnes;datasus;dados_abertos_saude",
        "official_name": "DISTRITO SANITARIO DE CAJAZEIRAS",
        "addr:street": "Rua Endeo Nascimento",
        "addr:suburb": "Cajazeiras III",
        "addr:city": "Salvador",
        "addr:state": "BA",
        "addr:country": "BR",
        "addr:postcode": "41310-380",
        "phone": "+55 71 3202-5306",
        "email": "dscajazeiras@hotmail.com",
        "office": "government",
        "government": "healthcare",
        "name": "Secretaria Municipal de Saúde de Pato Branco",
        "short_name": "SMS Pato Branco",
        "comment": "Secretaria Municipal de Saúde",
        "qtd_equipes_esf": 0,
        "qtd_equipes_eap": 0,
        "qtd_equipes_total": 0,
        "capacidade_pnab": 3500,
        "nomes_equipes": ""
      },
      "geometry": {
        "type": "Point",
        "coordinates": [
          -38.4311306,
          -12.8862569
        ]
      }
    },
    {
      "type": "Feature",
      "id": 5460271,
      "properties": {
        "operator": "Prefeitura Municipal de Salvador",
        "operator:type": "public",
        "ref:CNES": "5460271",
        "source": "cnes;datasus;dados_abertos_saude",
        "official_name": "DISTRITO SANITARIO ITAPAGIPE",
        "addr:street": "Rua Henrique Dias",
        "addr:housenumber": "249",
        "addr:suburb": "Bonfim",
        "addr:city": "Salvador",
        "addr:state": "BA",
        "addr:country": "BR",
        "addr:postcode": "40415-275",
        "phone": "+55 71 3202-0917",
        "email": "dsitapagipe@gmail.com",
        "office": "government",
        "government": "healthcare",
        "name": "Secretaria Municipal de Saúde de Pato Branco",
        "short_name": "SMS Pato Branco",
        "comment": "Secretaria Municipal de Saúde",
        "qtd_equipes_esf": 0,
        "qtd_equipes_eap": 0,
        "qtd_equipes_total": 0,
        "capacidade_pnab": 3500,
        "nomes_equipes": ""
      },
      "geometry": {
        "type": "Point",
        "coordinates": [
          -38.5057691,
          -12.9260813
        ]
      }
    },
    {
      "type": "Feature",
      "id": 5460301,
      "properties": {
        "operator": "Prefeitura Municipal de Salvador",
        "operator:type": "public",
        "ref:CNES": "5460301",
        "source": "cnes;datasus;dados_abertos_saude",
        "official_name": "DISTRITO SANITARIO ITAPUA",
        "addr:street": "Rua A Caminho 02 Setor B",
        "addr:suburb": "Mussurunga",
        "addr:city": "Salvador",
        "addr:state": "BA",
        "addr:country": "BR",
        "addr:postcode": "41311-010",
        "phone": "3611-7221/7203",
        "email": "dsitapuan.coordenacao@gmail.com",
        "office": "government",
        "government": "healthcare",
        "name": "Secretaria Municipal de Saúde de Pato Branco",
        "short_name": "SMS Pato Branco",
        "comment": "Secretaria Municipal de Saúde",
        "qtd_equipes_esf": 0,
        "qtd_equipes_eap": 0,
        "qtd_equipes_total": 0,
        "capacidade_pnab": 3500,
        "nomes_equipes": ""
      },
      "geometry": {
        "type": "Point",
        "coordinates": [
          -38.4879827,
          -13.0144467
        ]
      }
    },
    {
      "type": "Feature",
      "id": 5460263,
      "properties": {
        "operator": "Prefeitura Municipal de Salvador",
        "operator:type": "public",
        "ref:CNES": "5460263",
        "source": "cnes;datasus;dados_abertos_saude",
        "official_name": "DISTRITO SANITARIO LIBERDADE",
        "addr:street": "Rua do Queimado",
        "addr:housenumber": "17",
        "addr:suburb": "Liberdade",
        "addr:city": "Salvador",
        "addr:state": "BA",
        "addr:country": "BR",
        "addr:postcode": "40320-200",
        "phone": "+55 46 3202-1598",
        "email": "dslib@salvador.ba.gov.br",
        "office": "government",
        "government": "healthcare",
        "name": "Secretaria Municipal de Saúde de Pato Branco",
        "short_name": "SMS Pato Branco",
        "comment": "Secretaria Municipal de Saúde",
        "qtd_equipes_esf": 0,
        "qtd_equipes_eap": 0,
        "qtd_equipes_total": 0,
        "capacidade_pnab": 3500,
        "nomes_equipes": ""
      },
      "geometry": {
        "type": "Point",
        "coordinates": [
          -38.4881759,
          -13.0146976
        ]
      }
    },
    {
      "type": "Feature",
      "id": 5536529,
      "properties": {
        "operator": "Prefeitura Municipal de Salvador",
        "operator:type": "public",
        "ref:CNES": "5536529",
        "source": "cnes;datasus;dados_abertos_saude",
        "official_name": "DISTRITO SANITARIO PAU DA LIMA",
        "addr:street": "Rua Antonio Ribeiro Terreo e 1 e 2 Andar",
        "addr:housenumber": "09",
        "addr:suburb": "Vale dos Lagos",
        "addr:city": "Salvador",
        "addr:state": "BA",
        "addr:country": "BR",
        "addr:postcode": "41250-410",
        "phone": "(71) 3611-7837/7836",
        "email": "dsplima@gmail.com",
        "office": "government",
        "government": "healthcare",
        "name": "Secretaria Municipal de Saúde de Pato Branco",
        "short_name": "SMS Pato Branco",
        "comment": "Secretaria Municipal de Saúde",
        "qtd_equipes_esf": 0,
        "qtd_equipes_eap": 0,
        "qtd_equipes_total": 0,
        "capacidade_pnab": 3500,
        "nomes_equipes": ""
      },
      "geometry": {
        "type": "Point",
        "coordinates": [
          -38.48809,
          -13.0152412
        ]
      }
    },
    {
      "type": "Feature",
      "id": 5550041,
      "properties": {
        "operator": "Prefeitura Municipal de Salvador",
        "operator:type": "public",
        "ref:CNES": "5550041",
        "source": "cnes;datasus;dados_abertos_saude",
        "official_name": "DISTRITO SANITARIO SAO CAETANO VALERIA",
        "addr:street": "Rua Lot Jd Lobato Q 134 L 8 1 Andar Terreo",
        "addr:suburb": "São Caetano",
        "addr:city": "Salvador",
        "addr:state": "BA",
        "addr:country": "BR",
        "addr:postcode": "40390-355",
        "phone": "+55 71 3202-0928",
        "office": "government",
        "government": "healthcare",
        "name": "Secretaria Municipal de Saúde de Pato Branco",
        "short_name": "SMS Pato Branco",
        "comment": "Secretaria Municipal de Saúde",
        "qtd_equipes_esf": 0,
        "qtd_equipes_eap": 0,
        "qtd_equipes_total": 0,
        "capacidade_pnab": 3500,
        "nomes_equipes": ""
      },
      "geometry": {
        "type": "Point",
        "coordinates": [
          -38.4769589,
          -12.9316589
        ]
      }
    },
    {
      "type": "Feature",
      "id": 5495806,
      "properties": {
        "operator": "Prefeitura Municipal de Salvador",
        "operator:type": "public",
        "ref:CNES": "5495806",
        "source": "cnes;datasus;dados_abertos_saude",
        "official_name": "DISTRITO SANITARIO SUBURBIO FERROVIARIO",
        "addr:street": "Rua Jose Pires Castelo Branco",
        "addr:housenumber": "30",
        "addr:suburb": "Praia Grande",
        "addr:city": "Salvador",
        "addr:state": "BA",
        "addr:country": "BR",
        "addr:postcode": "40720-720",
        "phone": "(71)3202-0924/0919",
        "email": "dssf.saudesalvador@gmail.com",
        "office": "government",
        "government": "healthcare",
        "name": "Secretaria Municipal de Saúde de Pato Branco",
        "short_name": "SMS Pato Branco",
        "comment": "Secretaria Municipal de Saúde",
        "qtd_equipes_esf": 0,
        "qtd_equipes_eap": 0,
        "qtd_equipes_total": 0,
        "capacidade_pnab": 3500,
        "nomes_equipes": ""
      },
      "geometry": {
        "type": "Point",
        "coordinates": [
          -38.4764717,
          -12.8713669
        ]
      }
    },
    {
      "type": "Feature",
      "id": 9911936,
      "properties": {
        "operator": "Prefeitura Municipal de Salvador",
        "operator:type": "public",
        "ref:CNES": "9911936",
        "source": "cnes;datasus;dados_abertos_saude",
        "official_name": "FUNDACAO ESTATAL SAUDE DA FAMILIA DA BAHIA FESF",
        "addr:street": "Avenida Estados Unidos",
        "addr:housenumber": "397",
        "addr:suburb": "Comercio",
        "addr:city": "Salvador",
        "addr:state": "BA",
        "addr:country": "BR",
        "addr:postcode": "40010-020",
        "phone": "+55 71 3417-3568",
        "email": "cnesfesfsus@fesfsus.ba.gov.br",
        "office": "government",
        "government": "healthcare",
        "name": "Secretaria Municipal de Saúde de Pato Branco",
        "short_name": "SMS Pato Branco",
        "comment": "Secretaria Municipal de Saúde",
        "qtd_equipes_esf": 0,
        "qtd_equipes_eap": 0,
        "qtd_equipes_total": 0,
        "capacidade_pnab": 3500,
        "nomes_equipes": ""
      },
      "geometry": {
        "type": "Point",
        "coordinates": [
          -38.5105862,
          -12.9686176
        ]
      }
    },
    {
      "type": "Feature",
      "id": 4031407,
      "properties": {
        "operator": "Governo do Estado (BA)",
        "operator:type": "public",
        "ref:CNES": "4031407",
        "source": "cnes;datasus;dados_abertos_saude",
        "official_name": "NUCLEO REGIONAL DE SAUDE LESTE SALVADOR SEDE",
        "addr:street": "Rua Carlos Gomes",
        "addr:housenumber": "266",
        "addr:city": "Salvador",
        "addr:state": "BA",
        "addr:country": "BR",
        "addr:postcode": "40060-325",
        "phone": "71 3116-9333/3116932",
        "office": "government",
        "government": "healthcare",
        "name": "7ª Regional de Saúde de Pato Branco (SESA-PR)",
        "short_name": "7ª RS SESA",
        "comment": "Regional de Saúde (Estadual)",
        "qtd_equipes_esf": 0,
        "qtd_equipes_eap": 0,
        "qtd_equipes_total": 0,
        "capacidade_pnab": 3500,
        "nomes_equipes": ""
      },
      "geometry": {
        "type": "Point",
        "coordinates": [
          -38.4757768,
          -12.8653454
        ]
      }
    },
    {
      "type": "Feature",
      "id": 7106521,
      "properties": {
        "operator": "Governo do Estado (BA)",
        "operator:type": "public",
        "ref:CNES": "7106521",
        "source": "cnes;datasus;dados_abertos_saude",
        "official_name": "SECRETARIA DA SAUDE DO ESTADO DA BAHIA",
        "addr:street": "Rua Iv Avenida Plataforma Vi",
        "addr:housenumber": "400",
        "addr:suburb": "Paralela",
        "addr:city": "Salvador",
        "addr:state": "BA",
        "addr:country": "BR",
        "addr:postcode": "41745-002",
        "office": "government",
        "government": "healthcare",
        "name": "Secretaria Municipal de Saúde de Pato Branco",
        "short_name": "SMS Pato Branco",
        "comment": "Secretaria Municipal de Saúde",
        "qtd_equipes_esf": 0,
        "qtd_equipes_eap": 0,
        "qtd_equipes_total": 1,
        "capacidade_pnab": 3500,
        "nomes_equipes": "ATENCAO PSICOSSOCIAL"
      },
      "geometry": {
        "type": "Point",
        "coordinates": [
          -38.46338,
          -12.97777
        ]
      }
    },
    {
      "type": "Feature",
      "id": 6385907,
      "properties": {
        "operator": "Prefeitura Municipal de Salvador",
        "operator:type": "public",
        "ref:CNES": "6385907",
        "source": "cnes;datasus;dados_abertos_saude",
        "official_name": "SECRETARIA MUNICIPAL DE SAUDE DE SALVADOR",
        "addr:street": "Rua da Grecia",
        "addr:housenumber": "03",
        "addr:suburb": "Comercio",
        "addr:city": "Salvador",
        "addr:state": "BA",
        "addr:country": "BR",
        "addr:postcode": "40010-010",
        "phone": "(71) 3186-1000/1074",
        "email": "ascom.saude@salvador.ba.gov.br",
        "office": "government",
        "government": "healthcare",
        "name": "Secretaria Municipal de Saúde de Pato Branco",
        "short_name": "SMS Pato Branco",
        "comment": "Secretaria Municipal de Saúde",
        "qtd_equipes_esf": 0,
        "qtd_equipes_eap": 0,
        "qtd_equipes_total": 0,
        "capacidade_pnab": 3500,
        "nomes_equipes": ""
      },
      "geometry": {
        "type": "Point",
        "coordinates": [
          -38.513571,
          -12.9717624
        ]
      }
    },
    {
      "type": "Feature",
      "id": 4148398,
      "properties": {
        "operator": "Prefeitura Municipal de Salvador",
        "operator:type": "public",
        "ref:CNES": "4148398",
        "source": "cnes;datasus;dados_abertos_saude",
        "official_name": "CENTRO EST DE REF DOENCA FALC R VALENTIM",
        "addr:street": "Rua Av Centenario Salvador",
        "addr:housenumber": "201",
        "addr:suburb": "Garcia",
        "addr:city": "Salvador",
        "addr:state": "BA",
        "addr:country": "BR",
        "addr:postcode": "40150-370",
        "email": "anelisa.streva@hemoba.ba.gov.br",
        "amenity": "blood_donation",
        "healthcare": "blood_donation",
        "name": "Hemonúcleo de Pato Branco (HEMEPAR)",
        "short_name": "Hemepar Pato Branco",
        "comment": "Doação de Sangue (HEMEPAR)",
        "qtd_equipes_esf": 0,
        "qtd_equipes_eap": 0,
        "qtd_equipes_total": 0,
        "capacidade_pnab": 3500,
        "nomes_equipes": ""
      },
      "geometry": {
        "type": "Point",
        "coordinates": [
          -38.507131,
          -12.9888241
        ]
      }
    },
    {
      "type": "Feature",
      "id": 6149,
      "properties": {
        "operator": "Prefeitura Municipal de Salvador",
        "operator:type": "public",
        "ref:CNES": "6149",
        "source": "cnes;datasus;dados_abertos_saude",
        "official_name": "FUNDACAO HEMOBA",
        "addr:street": "Rua Ladeira do Hospital Geral",
        "addr:suburb": "Brotas",
        "addr:city": "Salvador",
        "addr:state": "BA",
        "addr:country": "BR",
        "addr:postcode": "40286-240",
        "phone": "+55 71 3116-5690",
        "email": "direg.hemoba@hemoba.ba.gov.br",
        "amenity": "blood_donation",
        "healthcare": "blood_donation",
        "name": "Hemonúcleo de Pato Branco (HEMEPAR)",
        "short_name": "Hemepar Pato Branco",
        "comment": "Doação de Sangue (HEMEPAR)",
        "qtd_equipes_esf": 0,
        "qtd_equipes_eap": 0,
        "qtd_equipes_total": 0,
        "capacidade_pnab": 3500,
        "nomes_equipes": ""
      },
      "geometry": {
        "type": "Point",
        "coordinates": [
          -38.4920723,
          -12.9974322
        ]
      }
    },
    {
      "type": "Feature",
      "id": 6648460,
      "properties": {
        "operator": "Prefeitura Municipal de Salvador",
        "operator:type": "public",
        "ref:CNES": "6648460",
        "source": "cnes;datasus;dados_abertos_saude",
        "official_name": "CAPS AD III GEY ESPINHEIRA",
        "addr:street": "Estrada Campinas de Piraja",
        "addr:housenumber": "61",
        "addr:suburb": "Campinas de Piraja",
        "addr:city": "Salvador",
        "addr:state": "BA",
        "addr:country": "BR",
        "addr:postcode": "40100-000",
        "phone": "+55 71 3202-0694",
        "amenity": "clinic",
        "healthcare": "psychiatry",
        "healthcare:speciality": "psychiatry",
        "name": "Centro de Atenção Psicossocial (CAPS II)",
        "short_name": "CAPS II",
        "comment": "CAPS II",
        "qtd_equipes_esf": 1,
        "qtd_equipes_eap": 0,
        "qtd_equipes_total": 1,
        "capacidade_pnab": 3500,
        "nomes_equipes": ""
      },
      "geometry": {
        "type": "Point",
        "coordinates": [
          -38.4701675,
          -12.9248358
        ]
      }
    },
    {
      "type": "Feature",
      "id": 3391655,
      "properties": {
        "operator": "Prefeitura Municipal de Salvador",
        "operator:type": "public",
        "ref:CNES": "3391655",
        "source": "cnes;datasus;dados_abertos_saude",
        "official_name": "CAPS AD PERNAMBUES",
        "addr:street": "Rua Conde Pereira Carneiro",
        "addr:housenumber": "271",
        "addr:suburb": "Pernanbues",
        "addr:city": "Salvador",
        "addr:state": "BA",
        "addr:country": "BR",
        "addr:postcode": "41100-000",
        "phone": "3202-0821/99741-1125",
        "email": "capsadpernambues@salvador.ba.gov.br",
        "amenity": "clinic",
        "healthcare": "psychiatry",
        "healthcare:speciality": "psychiatry",
        "name": "Centro de Atenção Psicossocial (CAPS II)",
        "short_name": "CAPS II",
        "comment": "CAPS II",
        "qtd_equipes_esf": 1,
        "qtd_equipes_eap": 0,
        "qtd_equipes_total": 1,
        "capacidade_pnab": 3500,
        "nomes_equipes": ""
      },
      "geometry": {
        "type": "Point",
        "coordinates": [
          -38.4647924,
          -12.9685396
        ]
      }
    },
    {
      "type": "Feature",
      "id": 3236633,
      "properties": {
        "operator": "Prefeitura Municipal de Salvador",
        "operator:type": "public",
        "ref:CNES": "3236633",
        "source": "cnes;datasus;dados_abertos_saude",
        "official_name": "CAPS AGUAS CLARAS",
        "addr:street": "Rua Coronel Azevedo",
        "addr:suburb": "Cajazeiras II",
        "addr:city": "Salvador",
        "addr:state": "BA",
        "addr:country": "BR",
        "addr:postcode": "41310-295",
        "phone": "+55 71 3202-0710",
        "email": "capsaguasclaras@salvador.ba.gov.br",
        "amenity": "clinic",
        "healthcare": "psychiatry",
        "healthcare:speciality": "psychiatry",
        "name": "Centro de Atenção Psicossocial (CAPS II)",
        "short_name": "CAPS II",
        "comment": "CAPS II",
        "qtd_equipes_esf": 1,
        "qtd_equipes_eap": 0,
        "qtd_equipes_total": 1,
        "capacidade_pnab": 3500,
        "nomes_equipes": ""
      },
      "geometry": {
        "type": "Point",
        "coordinates": [
          -38.4216785,
          -12.8885368
        ]
      }
    },
    {
      "type": "Feature",
      "id": 5476674,
      "properties": {
        "operator": "Prefeitura Municipal de Salvador",
        "operator:type": "public",
        "ref:CNES": "5476674",
        "source": "cnes;datasus;dados_abertos_saude",
        "official_name": "CAPS EDUARDO SABACK DIAS DE MORAES",
        "addr:street": "Rua Conde Pereira Carneiro",
        "addr:housenumber": "139",
        "addr:suburb": "Pernambues",
        "addr:city": "Salvador",
        "addr:state": "BA",
        "addr:country": "BR",
        "addr:postcode": "41100-010",
        "phone": "+55 46 3202-0826",
        "email": "caps.eduardosaback@salvador.ba.gov.br",
        "amenity": "clinic",
        "healthcare": "psychiatry",
        "healthcare:speciality": "psychiatry",
        "name": "Centro de Atenção Psicossocial (CAPS II)",
        "short_name": "CAPS II",
        "comment": "CAPS II",
        "qtd_equipes_esf": 1,
        "qtd_equipes_eap": 0,
        "qtd_equipes_total": 1,
        "capacidade_pnab": 3500,
        "nomes_equipes": ""
      },
      "geometry": {
        "type": "Point",
        "coordinates": [
          -38.4648299,
          -12.9687618
        ]
      }
    },
    {
      "type": "Feature",
      "id": 4670833,
      "properties": {
        "operator": "Prefeitura Municipal de Salvador",
        "operator:type": "public",
        "ref:CNES": "4670833",
        "source": "cnes;datasus;dados_abertos_saude",
        "official_name": "CAPS IA AREAL",
        "addr:street": "Rua Araua",
        "addr:suburb": "Ribeira",
        "addr:city": "Salvador",
        "addr:state": "BA",
        "addr:country": "BR",
        "addr:postcode": "40421-030",
        "phone": "+55 71 99628-5061",
        "email": "capsiaareal@salvador.ba.gov.br",
        "amenity": "clinic",
        "healthcare": "psychiatry",
        "healthcare:speciality": "psychiatry",
        "name": "Centro de Atenção Psicossocial (CAPS II)",
        "short_name": "CAPS II",
        "comment": "CAPS II",
        "qtd_equipes_esf": 1,
        "qtd_equipes_eap": 0,
        "qtd_equipes_total": 1,
        "capacidade_pnab": 3500,
        "nomes_equipes": ""
      },
      "geometry": {
        "type": "Point",
        "coordinates": [
          -38.4949485,
          -12.9196904
        ]
      }
    },
    {
      "type": "Feature",
      "id": 5351723,
      "properties": {
        "operator": "Prefeitura Municipal de Salvador",
        "operator:type": "public",
        "ref:CNES": "5351723",
        "source": "cnes;datasus;dados_abertos_saude",
        "official_name": "CAPS II ANTONIO ROBERTO PELLEGRINO JARDIM BAIANO",
        "addr:street": "Rua Arquimedes Goncalves",
        "addr:housenumber": "226",
        "addr:suburb": "Nazare",
        "addr:city": "Salvador",
        "addr:state": "BA",
        "addr:country": "BR",
        "addr:postcode": "40050-300",
        "phone": "+55 71 3202-0605",
        "amenity": "clinic",
        "healthcare": "psychiatry",
        "healthcare:speciality": "psychiatry",
        "name": "Centro de Atenção Psicossocial (CAPS II)",
        "short_name": "CAPS II",
        "comment": "CAPS II",
        "qtd_equipes_esf": 1,
        "qtd_equipes_eap": 0,
        "qtd_equipes_total": 1,
        "capacidade_pnab": 3500,
        "nomes_equipes": ""
      },
      "geometry": {
        "type": "Point",
        "coordinates": [
          -38.5063666,
          -12.9809052
        ]
      }
    },
    {
      "type": "Feature",
      "id": 4421,
      "properties": {
        "operator": "Prefeitura Municipal de Salvador",
        "operator:type": "public",
        "ref:CNES": "4421",
        "source": "cnes;datasus;dados_abertos_saude",
        "official_name": "CAPS II ARISTIDES NOVIS",
        "addr:street": "Rua Av Laurindo Regis",
        "addr:housenumber": "01",
        "addr:suburb": "Engenho Velho Brotas",
        "addr:city": "Salvador",
        "addr:state": "BA",
        "addr:country": "BR",
        "addr:postcode": "40240-550",
        "phone": "+55 46 3202-0632",
        "email": "capsaristidesnovis@gmail.com",
        "amenity": "clinic",
        "healthcare": "psychiatry",
        "healthcare:speciality": "psychiatry",
        "name": "Centro de Atenção Psicossocial (CAPS II)",
        "short_name": "CAPS II",
        "comment": "CAPS II",
        "qtd_equipes_esf": 1,
        "qtd_equipes_eap": 0,
        "qtd_equipes_total": 1,
        "capacidade_pnab": 3500,
        "nomes_equipes": ""
      },
      "geometry": {
        "type": "Point",
        "coordinates": [
          -38.5013946,
          -12.9851047
        ]
      }
    },
    {
      "type": "Feature",
      "id": 5712297,
      "properties": {
        "operator": "Prefeitura Municipal de Salvador",
        "operator:type": "public",
        "ref:CNES": "5712297",
        "source": "cnes;datasus;dados_abertos_saude",
        "official_name": "CAPS II FRANCO BASAGLIA",
        "addr:street": "Rua Aristoteles Costa Leal",
        "addr:housenumber": "36",
        "addr:suburb": "Piata",
        "addr:city": "Salvador",
        "addr:state": "BA",
        "addr:country": "BR",
        "addr:postcode": "41650-400",
        "phone": "+55 71 3202-0747",
        "amenity": "clinic",
        "healthcare": "psychiatry",
        "healthcare:speciality": "psychiatry",
        "name": "Centro de Atenção Psicossocial (CAPS II)",
        "short_name": "CAPS II",
        "comment": "CAPS II",
        "qtd_equipes_esf": 1,
        "qtd_equipes_eap": 0,
        "qtd_equipes_total": 1,
        "capacidade_pnab": 3500,
        "nomes_equipes": ""
      },
      "geometry": {
        "type": "Point",
        "coordinates": [
          -38.378613,
          -12.9515625
        ]
      }
    },
    {
      "type": "Feature",
      "id": 6336116,
      "properties": {
        "operator": "Prefeitura Municipal de Salvador",
        "operator:type": "public",
        "ref:CNES": "6336116",
        "source": "cnes;datasus;dados_abertos_saude",
        "official_name": "CAPS II LIBERDADE",
        "addr:street": "Rua R Jardim Vera Cruz Qd 01 Lote 06",
        "addr:housenumber": "197",
        "addr:suburb": "Iapi",
        "addr:city": "Salvador",
        "addr:state": "BA",
        "addr:country": "BR",
        "addr:postcode": "40340-580",
        "phone": "+55 71 3202-0617",
        "email": "caps.liberdade@salvador.ba.gov.br",
        "amenity": "clinic",
        "healthcare": "psychiatry",
        "healthcare:speciality": "psychiatry",
        "name": "Centro de Atenção Psicossocial (CAPS II)",
        "short_name": "CAPS II",
        "comment": "CAPS II",
        "qtd_equipes_esf": 1,
        "qtd_equipes_eap": 0,
        "qtd_equipes_total": 1,
        "capacidade_pnab": 3500,
        "nomes_equipes": ""
      },
      "geometry": {
        "type": "Point",
        "coordinates": [
          -38.483257,
          -12.952305
        ]
      }
    },
    {
      "type": "Feature",
      "id": 6598404,
      "properties": {
        "operator": "Prefeitura Municipal de Salvador",
        "operator:type": "public",
        "ref:CNES": "6598404",
        "source": "cnes;datasus;dados_abertos_saude",
        "official_name": "CAPS II NISE DA SILVEIRA",
        "addr:street": "Rua Jerusalem",
        "addr:housenumber": "15",
        "addr:suburb": "Faz Grande II Cajaze",
        "addr:city": "Salvador",
        "addr:state": "BA",
        "addr:country": "BR",
        "addr:postcode": "41345-539",
        "phone": "+55 46 3202-0716",
        "email": "capsiinise@salvador.ba.gov.br",
        "amenity": "clinic",
        "healthcare": "psychiatry",
        "healthcare:speciality": "psychiatry",
        "name": "Centro de Atenção Psicossocial (CAPS II)",
        "short_name": "CAPS II",
        "comment": "CAPS II",
        "qtd_equipes_esf": 1,
        "qtd_equipes_eap": 0,
        "qtd_equipes_total": 1,
        "capacidade_pnab": 3500,
        "nomes_equipes": ""
      },
      "geometry": {
        "type": "Point",
        "coordinates": [
          -38.4065938,
          -12.9028855
        ]
      }
    },
    {
      "type": "Feature",
      "id": 4227,
      "properties": {
        "operator": "Prefeitura Municipal de Salvador",
        "operator:type": "public",
        "ref:CNES": "4227",
        "source": "cnes;datasus;dados_abertos_saude",
        "official_name": "CAPS II OSWALDO CAMARGO",
        "addr:street": "Rua Itabuna",
        "addr:housenumber": "02",
        "addr:suburb": "Rio Vermelho",
        "addr:city": "Salvador",
        "addr:state": "BA",
        "addr:country": "BR",
        "addr:postcode": "41940-650",
        "phone": "+55 71 3202-0769",
        "email": "capsoswaldocamargo@salvador.ba.gov.br",
        "amenity": "clinic",
        "healthcare": "psychiatry",
        "healthcare:speciality": "psychiatry",
        "name": "Centro de Atenção Psicossocial (CAPS II)",
        "short_name": "CAPS II",
        "comment": "CAPS II",
        "qtd_equipes_esf": 1,
        "qtd_equipes_eap": 0,
        "qtd_equipes_total": 1,
        "capacidade_pnab": 3500,
        "nomes_equipes": ""
      },
      "geometry": {
        "type": "Point",
        "coordinates": [
          -38.4919095,
          -13.0078193
        ]
      }
    },
    {
      "type": "Feature",
      "id": 6498582,
      "properties": {
        "operator": "Prefeitura Municipal de Salvador",
        "operator:type": "public",
        "ref:CNES": "6498582",
        "source": "cnes;datasus;dados_abertos_saude",
        "official_name": "CAPS II PAU DA LIMA",
        "addr:street": "Rua Estrada das Muricoca",
        "addr:housenumber": "01",
        "addr:suburb": "Vale dos Lagos",
        "addr:city": "Salvador",
        "addr:state": "BA",
        "addr:country": "BR",
        "addr:postcode": "41215-350",
        "phone": "+55 71 3202-0794",
        "amenity": "clinic",
        "healthcare": "psychiatry",
        "healthcare:speciality": "psychiatry",
        "name": "Centro de Atenção Psicossocial (CAPS II)",
        "short_name": "CAPS II",
        "comment": "CAPS II",
        "qtd_equipes_esf": 1,
        "qtd_equipes_eap": 0,
        "qtd_equipes_total": 1,
        "capacidade_pnab": 3500,
        "nomes_equipes": ""
      },
      "geometry": {
        "type": "Point",
        "coordinates": [
          -38.4880739,
          -13.0147525
        ]
      }
    },
    {
      "type": "Feature",
      "id": 6484999,
      "properties": {
        "operator": "Prefeitura Municipal de Salvador",
        "operator:type": "public",
        "ref:CNES": "6484999",
        "source": "cnes;datasus;dados_abertos_saude",
        "official_name": "CAPS II SAO CAETANO VALERIA",
        "addr:street": "Rua Professor Francisco Goes Calmon",
        "addr:suburb": "São Caetano",
        "addr:city": "Salvador",
        "addr:state": "BA",
        "addr:country": "BR",
        "addr:postcode": "40390-675",
        "phone": "+55 71 3202-1894",
        "email": "capsiisaocaetanovaleria@gmail.com",
        "amenity": "clinic",
        "healthcare": "psychiatry",
        "healthcare:speciality": "psychiatry",
        "name": "Centro de Atenção Psicossocial (CAPS II)",
        "short_name": "CAPS II",
        "comment": "CAPS II",
        "qtd_equipes_esf": 1,
        "qtd_equipes_eap": 0,
        "qtd_equipes_total": 1,
        "capacidade_pnab": 3500,
        "nomes_equipes": ""
      },
      "geometry": {
        "type": "Point",
        "coordinates": [
          -38.4794426,
          -12.9344038
        ]
      }
    },
    {
      "type": "Feature",
      "id": 6239854,
      "properties": {
        "operator": "Prefeitura Municipal de Salvador",
        "operator:type": "public",
        "ref:CNES": "6239854",
        "source": "cnes;datasus;dados_abertos_saude",
        "official_name": "CAPS II UFBA",
        "addr:street": "Rua Leovigildo Filgueiras",
        "addr:housenumber": "392",
        "addr:suburb": "Garcia",
        "addr:city": "Salvador",
        "addr:state": "BA",
        "addr:country": "BR",
        "addr:postcode": "40100-050",
        "phone": "719913-7893/32838050",
        "email": "capsgarcia@salvador.ba.gov.br",
        "amenity": "clinic",
        "healthcare": "psychiatry",
        "healthcare:speciality": "psychiatry",
        "name": "Centro de Atenção Psicossocial (CAPS II)",
        "short_name": "CAPS II",
        "comment": "CAPS II",
        "qtd_equipes_esf": 1,
        "qtd_equipes_eap": 0,
        "qtd_equipes_total": 1,
        "capacidade_pnab": 3500,
        "nomes_equipes": ""
      },
      "geometry": {
        "type": "Point",
        "coordinates": [
          -38.5198607,
          -12.9897493
        ]
      }
    },
    {
      "type": "Feature",
      "id": 8438765,
      "properties": {
        "operator": "Prefeitura Municipal de Salvador",
        "operator:type": "public",
        "ref:CNES": "8438765",
        "source": "cnes;datasus;dados_abertos_saude",
        "official_name": "CAPS III MANE DENDE",
        "addr:street": "Rua Ana Preta",
        "addr:suburb": "Alto da Terezinha",
        "addr:city": "Salvador",
        "addr:state": "BA",
        "addr:country": "BR",
        "addr:postcode": "40711-078",
        "email": "caps3ijmanedende@salvador.ba.gov.br",
        "amenity": "clinic",
        "healthcare": "psychiatry",
        "healthcare:speciality": "psychiatry",
        "name": "Centro de Atenção Psicossocial (CAPS II)",
        "short_name": "CAPS II",
        "comment": "CAPS II",
        "qtd_equipes_esf": 1,
        "qtd_equipes_eap": 0,
        "qtd_equipes_total": 1,
        "capacidade_pnab": 3500,
        "nomes_equipes": ""
      },
      "geometry": {
        "type": "Point",
        "coordinates": [
          -38.4878755,
          -13.0148648
        ]
      }
    },
    {
      "type": "Feature",
      "id": 5466245,
      "properties": {
        "operator": "Prefeitura Municipal de Salvador",
        "operator:type": "public",
        "ref:CNES": "5466245",
        "source": "cnes;datasus;dados_abertos_saude",
        "official_name": "CAPS III ROSA GARCIA JARDIM ARMACAO",
        "addr:street": "Rua Pedro Silva Ribeiro",
        "addr:suburb": "Jardim Armacao",
        "addr:city": "Salvador",
        "addr:state": "BA",
        "addr:country": "BR",
        "addr:postcode": "41750-260",
        "phone": "+55 71 3202-0736",
        "email": "capsjardimarmacao@salvador.ba.gov.br",
        "amenity": "clinic",
        "healthcare": "psychiatry",
        "healthcare:speciality": "psychiatry",
        "name": "Centro de Atenção Psicossocial (CAPS II)",
        "short_name": "CAPS II",
        "comment": "CAPS II",
        "qtd_equipes_esf": 1,
        "qtd_equipes_eap": 0,
        "qtd_equipes_total": 1,
        "capacidade_pnab": 3500,
        "nomes_equipes": ""
      },
      "geometry": {
        "type": "Point",
        "coordinates": [
          -38.4376972,
          -12.9821371
        ]
      }
    },
    {
      "type": "Feature",
      "id": 5858232,
      "properties": {
        "operator": "Prefeitura Municipal de Salvador",
        "operator:type": "public",
        "ref:CNES": "5858232",
        "source": "cnes;datasus;dados_abertos_saude",
        "official_name": "CAPS MARIA CELIA DA ROCHA",
        "addr:street": "Rua Jose Pires Castelo Branco Av Afranio Peixoto",
        "addr:housenumber": "7196",
        "addr:suburb": "Itacaranha",
        "addr:city": "Salvador",
        "addr:state": "BA",
        "addr:country": "BR",
        "addr:postcode": "40713-580",
        "phone": "+55 46 3397-2846",
        "amenity": "clinic",
        "healthcare": "psychiatry",
        "healthcare:speciality": "psychiatry",
        "name": "Centro de Atenção Psicossocial (CAPS II)",
        "short_name": "CAPS II",
        "comment": "CAPS II",
        "qtd_equipes_esf": 1,
        "qtd_equipes_eap": 0,
        "qtd_equipes_total": 1,
        "capacidade_pnab": 3500,
        "nomes_equipes": ""
      },
      "geometry": {
        "type": "Point",
        "coordinates": [
          -38.4881544,
          -13.0146558
        ]
      }
    },
    {
      "type": "Feature",
      "id": 4391,
      "properties": {
        "operator": "Prefeitura Municipal de Salvador",
        "operator:type": "public",
        "ref:CNES": "4391",
        "source": "cnes;datasus;dados_abertos_saude",
        "official_name": "CAPS PROFESSOR ADILSON PEIXOTO SAMPAIO",
        "addr:street": "Rua do Ceu",
        "addr:housenumber": "77",
        "addr:suburb": "Caminho de Areia",
        "addr:city": "Salvador",
        "addr:state": "BA",
        "addr:country": "BR",
        "addr:postcode": "40150-110",
        "phone": "+55 71 3202-0642",
        "email": "dsete.ads@salvador.ba.gov.br",
        "amenity": "clinic",
        "healthcare": "psychiatry",
        "healthcare:speciality": "psychiatry",
        "name": "Centro de Atenção Psicossocial (CAPS II)",
        "short_name": "CAPS II",
        "comment": "CAPS II",
        "qtd_equipes_esf": 1,
        "qtd_equipes_eap": 0,
        "qtd_equipes_total": 1,
        "capacidade_pnab": 3500,
        "nomes_equipes": ""
      },
      "geometry": {
        "type": "Point",
        "coordinates": [
          -38.3720456,
          -12.9430747
        ]
      }
    },
    {
      "type": "Feature",
      "id": 3479498,
      "properties": {
        "operator": "Prefeitura Municipal de Salvador",
        "operator:type": "public",
        "ref:CNES": "3479498",
        "source": "cnes;datasus;dados_abertos_saude",
        "official_name": "CAPSIA LIBERDADE",
        "addr:street": "Rua Conde do Porto Alegre",
        "addr:housenumber": "11",
        "addr:suburb": "Iapi",
        "addr:city": "Salvador",
        "addr:state": "BA",
        "addr:country": "BR",
        "addr:postcode": "40330-201",
        "phone": "71 36119011/36110618",
        "email": "capsia.liberdade@salvador.ba.gov.br",
        "amenity": "clinic",
        "healthcare": "psychiatry",
        "healthcare:speciality": "psychiatry",
        "name": "Centro de Atenção Psicossocial Infanto-Juvenil (CAPSi)",
        "short_name": "CAPSi",
        "comment": "CAPSi (Infanto-Juvenil)",
        "qtd_equipes_esf": 1,
        "qtd_equipes_eap": 0,
        "qtd_equipes_total": 1,
        "capacidade_pnab": 3500,
        "nomes_equipes": ""
      },
      "geometry": {
        "type": "Point",
        "coordinates": [
          -38.4829402,
          -12.9541451
        ]
      }
    },
    {
      "type": "Feature",
      "id": 7095341,
      "properties": {
        "operator": "Governo do Estado (BA)",
        "operator:type": "public",
        "ref:CNES": "7095341",
        "source": "cnes;datasus;dados_abertos_saude",
        "official_name": "CENTRO DE ATENCAO PSICOSSOCIAL GREGORIO DE MATOS",
        "addr:street": "Rua Frei Vicente",
        "addr:housenumber": "16",
        "addr:suburb": "Centro Historico",
        "addr:city": "Salvador",
        "addr:state": "BA",
        "addr:country": "BR",
        "addr:postcode": "40026-030",
        "phone": "+55 71 98240-7242",
        "email": "capsad_gregoriodematos@yahoo.com.br",
        "amenity": "clinic",
        "healthcare": "psychiatry",
        "healthcare:speciality": "psychiatry",
        "name": "Centro de Atenção Psicossocial (CAPS II)",
        "short_name": "CAPS II",
        "comment": "CAPS II",
        "qtd_equipes_esf": 1,
        "qtd_equipes_eap": 0,
        "qtd_equipes_total": 1,
        "capacidade_pnab": 3500,
        "nomes_equipes": ""
      },
      "geometry": {
        "type": "Point",
        "coordinates": [
          -38.5103363,
          -12.972361
        ]
      }
    },
    {
      "type": "Feature",
      "id": 5292395,
      "properties": {
        "operator": "Prefeitura Municipal de Salvador",
        "operator:type": "public",
        "ref:CNES": "5292395",
        "source": "cnes;datasus;dados_abertos_saude",
        "official_name": "CENTRO DE ATENCAO PSICOSSOCIAL PROF LUIZ MEIRA LESSA CAPS I",
        "addr:street": "Rua das Mangaloeiras Casa",
        "addr:housenumber": "32",
        "addr:suburb": "Jaguaribe",
        "addr:city": "Salvador",
        "addr:state": "BA",
        "addr:country": "BR",
        "addr:postcode": "41651-070",
        "phone": "+55 71 3202-0746",
        "email": "capsimeiralessa@salvador.ba.gov.br",
        "amenity": "clinic",
        "healthcare": "psychiatry",
        "healthcare:speciality": "psychiatry",
        "name": "Centro de Atenção Psicossocial (CAPS II)",
        "short_name": "CAPS II",
        "comment": "CAPS II",
        "qtd_equipes_esf": 1,
        "qtd_equipes_eap": 0,
        "qtd_equipes_total": 1,
        "capacidade_pnab": 3500,
        "nomes_equipes": ""
      },
      "geometry": {
        "type": "Point",
        "coordinates": [
          -38.4880149,
          -13.0147316
        ]
      }
    },
    {
      "type": "Feature",
      "id": 7000901,
      "properties": {
        "operator": "Prefeitura Municipal de Salvador",
        "operator:type": "public",
        "ref:CNES": "7000901",
        "source": "cnes;datasus;dados_abertos_saude",
        "official_name": "DISTRITO SANITARIO ESPECIAL INDIGENA BAHIA",
        "addr:street": "Rua Erico Verissimo",
        "addr:housenumber": "80",
        "addr:suburb": "Itaigara",
        "addr:city": "Salvador",
        "addr:state": "BA",
        "addr:country": "BR",
        "addr:postcode": "41815-340",
        "phone": "+55 71 3235-5644",
        "amenity": "clinic",
        "healthcare": "clinic",
        "name": "Distrito Sanitario Especial Indigena Bahia",
        "comment": "Outros Serviços de Saúde",
        "qtd_equipes_esf": 1,
        "qtd_equipes_eap": 0,
        "qtd_equipes_total": 1,
        "capacidade_pnab": 3500,
        "nomes_equipes": ""
      },
      "geometry": {
        "type": "Point",
        "coordinates": [
          -38.4595756,
          -12.9978957
        ]
      }
    },
    {
      "type": "Feature",
      "id": 7033974,
      "properties": {
        "operator": "Prefeitura Municipal de Salvador",
        "operator:type": "public",
        "ref:CNES": "7033974",
        "source": "cnes;datasus;dados_abertos_saude",
        "official_name": "PA ALFREDO BUREAU",
        "addr:street": "Rua Jaime Sapolnik",
        "addr:suburb": "Boca do Rio",
        "addr:city": "Salvador",
        "addr:state": "BA",
        "addr:country": "BR",
        "addr:postcode": "41720-075",
        "phone": "+55 71 3273-4699",
        "email": "faturamento.12@igh.org.br",
        "amenity": "clinic",
        "healthcare": "clinic",
        "name": "Pa Alfredo Bureau",
        "comment": "Outros Serviços de Saúde",
        "qtd_equipes_esf": 0,
        "qtd_equipes_eap": 0,
        "qtd_equipes_total": 2,
        "capacidade_pnab": 3500,
        "nomes_equipes": "EQUIPE VERDE; EQUIPE AMARELA"
      },
      "geometry": {
        "type": "Point",
        "coordinates": [
          -38.429752,
          -12.9730283
        ]
      }
    },
    {
      "type": "Feature",
      "id": 4445252,
      "properties": {
        "operator": "Prefeitura Municipal de Salvador",
        "operator:type": "public",
        "ref:CNES": "4445252",
        "source": "cnes;datasus;dados_abertos_saude",
        "official_name": "PA ILHA DE MARE",
        "addr:street": "Rua Ilha de Mare",
        "addr:suburb": "Praia Grande",
        "addr:city": "Salvador",
        "addr:state": "BA",
        "addr:country": "BR",
        "addr:postcode": "42500-710",
        "phone": "+55 71 3202-1842",
        "amenity": "clinic",
        "healthcare": "clinic",
        "name": "Pa Ilha de Mare",
        "comment": "Outros Serviços de Saúde",
        "qtd_equipes_esf": 1,
        "qtd_equipes_eap": 0,
        "qtd_equipes_total": 1,
        "capacidade_pnab": 3500,
        "nomes_equipes": ""
      },
      "geometry": {
        "type": "Point",
        "coordinates": [
          -38.5333228,
          -12.7666235
        ]
      }
    },
    {
      "type": "Feature",
      "id": 7033753,
      "properties": {
        "operator": "Prefeitura Municipal de Salvador",
        "operator:type": "public",
        "ref:CNES": "7033753",
        "source": "cnes;datasus;dados_abertos_saude",
        "official_name": "PA MARIA DA CONCEICAO SANTIAGO IMBASSAY",
        "addr:street": "Rua Marques de Marica",
        "addr:suburb": "Pau Miudo",
        "addr:city": "Salvador",
        "addr:state": "BA",
        "addr:country": "BR",
        "addr:postcode": "40301-000",
        "phone": "+55 71 4042-9450",
        "email": "pa16imbassay@gmail.com",
        "amenity": "clinic",
        "healthcare": "clinic",
        "name": "Pa Maria da Conceicao Santiago Imbassay",
        "comment": "Outros Serviços de Saúde",
        "qtd_equipes_esf": 0,
        "qtd_equipes_eap": 0,
        "qtd_equipes_total": 2,
        "capacidade_pnab": 3500,
        "nomes_equipes": "EQUIPE 1; EMAD I PA Mª CONC IMBASSAY"
      },
      "geometry": {
        "type": "Point",
        "coordinates": [
          -38.4881195,
          -13.0147734
        ]
      }
    },
    {
      "type": "Feature",
      "id": 9729968,
      "properties": {
        "operator": "Prefeitura Municipal de Salvador",
        "operator:type": "public",
        "ref:CNES": "9729968",
        "source": "cnes;datasus;dados_abertos_saude",
        "official_name": "PA ORLANDO IMBASSAHY",
        "addr:street": "Rua Tancredo Neves",
        "addr:suburb": "Bairro da Paz",
        "addr:city": "Salvador",
        "addr:state": "BA",
        "addr:country": "BR",
        "addr:postcode": "41515-235",
        "phone": "+55 71 98791-1206",
        "amenity": "clinic",
        "healthcare": "clinic",
        "name": "Pa Orlando Imbassahy",
        "comment": "Outros Serviços de Saúde",
        "qtd_equipes_esf": 1,
        "qtd_equipes_eap": 0,
        "qtd_equipes_total": 1,
        "capacidade_pnab": 3500,
        "nomes_equipes": ""
      },
      "geometry": {
        "type": "Point",
        "coordinates": [
          -38.3807867,
          -12.9347552
        ]
      }
    },
    {
      "type": "Feature",
      "id": 28460,
      "properties": {
        "operator": "Prefeitura Municipal de Salvador",
        "operator:type": "public",
        "ref:CNES": "28460",
        "source": "cnes;datasus;dados_abertos_saude",
        "official_name": "PA PERNAMBUES EDSON T BARBOSA",
        "addr:street": "Rua Av Hilda 1 e 2 Andar",
        "addr:housenumber": "02",
        "addr:suburb": "Pernambues",
        "addr:city": "Salvador",
        "addr:state": "BA",
        "addr:country": "BR",
        "addr:postcode": "41110-200",
        "phone": "+55 71 3273-4664",
        "email": "paedsonteixeira@salvador.ba.gov.br",
        "amenity": "clinic",
        "healthcare": "clinic",
        "name": "Pa Pernambues Edson T Barbosa",
        "comment": "Outros Serviços de Saúde",
        "qtd_equipes_esf": 0,
        "qtd_equipes_eap": 0,
        "qtd_equipes_total": 2,
        "capacidade_pnab": 3500,
        "nomes_equipes": "EQUIPE 2; EQUIPE 1"
      },
      "geometry": {
        "type": "Point",
        "coordinates": [
          -38.4880471,
          -13.0149485
        ]
      }
    },
    {
      "type": "Feature",
      "id": 7033850,
      "properties": {
        "operator": "Prefeitura Municipal de Salvador",
        "operator:type": "public",
        "ref:CNES": "7033850",
        "source": "cnes;datasus;dados_abertos_saude",
        "official_name": "PA RODRIGO ARGOLO",
        "addr:street": "Rua Pernambuco",
        "addr:suburb": "Tancredo Neves",
        "addr:city": "Salvador",
        "addr:state": "BA",
        "addr:country": "BR",
        "addr:postcode": "41205-140",
        "phone": "+55 71 3202-1272",
        "email": "parodrigoargolo@salvador.ba.gov.br",
        "amenity": "clinic",
        "healthcare": "clinic",
        "name": "Pa Rodrigo Argolo",
        "comment": "Outros Serviços de Saúde",
        "qtd_equipes_esf": 1,
        "qtd_equipes_eap": 0,
        "qtd_equipes_total": 1,
        "capacidade_pnab": 3500,
        "nomes_equipes": ""
      },
      "geometry": {
        "type": "Point",
        "coordinates": [
          -38.4463415,
          -12.9453882
        ]
      }
    },
    {
      "type": "Feature",
      "id": 6994237,
      "properties": {
        "operator": "Prefeitura Municipal de Salvador",
        "operator:type": "public",
        "ref:CNES": "6994237",
        "source": "cnes;datasus;dados_abertos_saude",
        "official_name": "PRONTO ATENDIMENTO PSIQUIATRICO PAP",
        "addr:street": "Rua Av Centenario 1 Andar",
        "addr:suburb": "Centenario",
        "addr:city": "Salvador",
        "addr:state": "BA",
        "addr:country": "BR",
        "addr:postcode": "40100-180",
        "phone": "+55 71 99991-5010",
        "email": "papsiquiatrico@gmail.com",
        "amenity": "clinic",
        "healthcare": "clinic",
        "name": "Pronto Atendimento Psiquiatrico Pap",
        "comment": "Outros Serviços de Saúde",
        "qtd_equipes_esf": 1,
        "qtd_equipes_eap": 0,
        "qtd_equipes_total": 1,
        "capacidade_pnab": 3500,
        "nomes_equipes": ""
      },
      "geometry": {
        "type": "Point",
        "coordinates": [
          -38.4879827,
          -13.0146976
        ]
      }
    },
    {
      "type": "Feature",
      "id": 7587,
      "properties": {
        "operator": "Governo do Estado (BA)",
        "operator:type": "public",
        "ref:CNES": "7587",
        "source": "cnes;datasus;dados_abertos_saude",
        "official_name": "UNIDADE DE EMERGENCIA MAE HILDA JITOLU",
        "addr:street": "Rua Direta Curuzu",
        "addr:suburb": "Liberdade",
        "addr:city": "Salvador",
        "addr:state": "BA",
        "addr:country": "BR",
        "addr:postcode": "40365-230",
        "phone": "+55 71 3256-1443",
        "email": "sesab.uecuruzu@saude.ba.gov.br",
        "amenity": "clinic",
        "healthcare": "clinic",
        "name": "Unidade de Emergencia Mae Hilda Jitolu",
        "comment": "Outros Serviços de Saúde",
        "qtd_equipes_esf": 1,
        "qtd_equipes_eap": 0,
        "qtd_equipes_total": 1,
        "capacidade_pnab": 3500,
        "nomes_equipes": ""
      },
      "geometry": {
        "type": "Point",
        "coordinates": [
          -38.4880579,
          -13.014614
        ]
      }
    },
    {
      "type": "Feature",
      "id": 3913,
      "properties": {
        "operator": "Governo do Estado (BA)",
        "operator:type": "public",
        "ref:CNES": "3913",
        "source": "cnes;datasus;dados_abertos_saude",
        "official_name": "UNIDADE EMERGENCIA GERCINO COELHO",
        "addr:street": "Rua 8 de Novembro",
        "addr:suburb": "Piraja",
        "addr:city": "Salvador",
        "addr:state": "BA",
        "addr:country": "BR",
        "addr:postcode": "40290-200",
        "phone": "+55 71 3117-2589",
        "email": "uep_saude@hotmail.com",
        "amenity": "clinic",
        "healthcare": "clinic",
        "name": "Unidade Emergencia Gercino Coelho",
        "comment": "Outros Serviços de Saúde",
        "qtd_equipes_esf": 1,
        "qtd_equipes_eap": 0,
        "qtd_equipes_total": 1,
        "capacidade_pnab": 3500,
        "nomes_equipes": ""
      },
      "geometry": {
        "type": "Point",
        "coordinates": [
          -38.4638383,
          -12.9016776
        ]
      }
    },
    {
      "type": "Feature",
      "id": 28568,
      "properties": {
        "operator": "Prefeitura Municipal de Salvador",
        "operator:type": "public",
        "ref:CNES": "28568",
        "source": "cnes;datasus;dados_abertos_saude",
        "official_name": "UNIDADE PRONTO ATENDIMENTO SAO MARCOS",
        "addr:street": "Rua Djalma Sanches",
        "addr:suburb": "São Marcos",
        "addr:city": "Salvador",
        "addr:state": "BA",
        "addr:country": "BR",
        "addr:postcode": "41253-330",
        "phone": "+55 71 3202-0784",
        "email": "upasaomarcos@salvador.ba.gov.br",
        "amenity": "clinic",
        "healthcare": "clinic",
        "name": "Unidade Pronto Atendimento São Marcos",
        "comment": "Outros Serviços de Saúde",
        "qtd_equipes_esf": 0,
        "qtd_equipes_eap": 0,
        "qtd_equipes_total": 2,
        "capacidade_pnab": 3500,
        "nomes_equipes": "EQUIPE II; EQUIPE I"
      },
      "geometry": {
        "type": "Point",
        "coordinates": [
          -38.4348278,
          -12.9245591
        ]
      }
    },
    {
      "type": "Feature",
      "id": 7986076,
      "properties": {
        "operator": "Prefeitura Municipal de Salvador",
        "operator:type": "public",
        "ref:CNES": "7986076",
        "source": "cnes;datasus;dados_abertos_saude",
        "official_name": "UPA 24H BROTAS",
        "addr:street": "Rua Jardim Madalena",
        "addr:housenumber": "461",
        "addr:suburb": "Brotas",
        "addr:city": "Salvador",
        "addr:state": "BA",
        "addr:country": "BR",
        "addr:postcode": "40285-505",
        "phone": "+55 71 2180-2539",
        "email": "upabrotas.saude@gmail.com",
        "amenity": "clinic",
        "healthcare": "clinic",
        "emergency": "yes",
        "opening_hours": "24/7",
        "name": "UPA 24 Horas Maria Itália Freddo",
        "short_name": "UPA 24h",
        "comment": "UPA 24h",
        "qtd_equipes_esf": 1,
        "qtd_equipes_eap": 0,
        "qtd_equipes_total": 1,
        "capacidade_pnab": 3500,
        "nomes_equipes": ""
      },
      "geometry": {
        "type": "Point",
        "coordinates": [
          -38.481789,
          -12.9865036
        ]
      }
    },
    {
      "type": "Feature",
      "id": 204595,
      "properties": {
        "operator": "Prefeitura Municipal de Salvador",
        "operator:type": "public",
        "ref:CNES": "204595",
        "source": "cnes;datasus;dados_abertos_saude",
        "official_name": "UPA 24H CIDADE BAIXA SANTO ANTONIO",
        "addr:street": "Avenida Dendenzeiros",
        "addr:housenumber": "01",
        "addr:suburb": "Bonfim",
        "addr:city": "Salvador",
        "addr:state": "BA",
        "addr:country": "BR",
        "addr:postcode": "40420-010",
        "phone": "+55 71 3877-3900",
        "email": "alexandre.carvalho@salvador.ba.gov.br",
        "amenity": "clinic",
        "healthcare": "clinic",
        "emergency": "yes",
        "opening_hours": "24/7",
        "name": "UPA 24 Horas Maria Itália Freddo",
        "short_name": "UPA 24h",
        "comment": "UPA 24h",
        "qtd_equipes_esf": 0,
        "qtd_equipes_eap": 0,
        "qtd_equipes_total": 2,
        "capacidade_pnab": 3500,
        "nomes_equipes": "EQUIPE 1; EQUIPE 2"
      },
      "geometry": {
        "type": "Point",
        "coordinates": [
          -38.4880042,
          -13.0145722
        ]
      }
    },
    {
      "type": "Feature",
      "id": 4340,
      "properties": {
        "operator": "Prefeitura Municipal de Salvador",
        "operator:type": "public",
        "ref:CNES": "4340",
        "source": "cnes;datasus;dados_abertos_saude",
        "official_name": "UPA 24H DR HELIO MACHADO",
        "addr:street": "Rua da Cacimba",
        "addr:housenumber": "97",
        "addr:suburb": "Itapua",
        "addr:city": "Salvador",
        "addr:state": "BA",
        "addr:country": "BR",
        "addr:postcode": "41610-655",
        "phone": "+55 71 3202-0968",
        "email": "upaheliomachado@salvador.ba.gov.br",
        "amenity": "clinic",
        "healthcare": "clinic",
        "emergency": "yes",
        "opening_hours": "24/7",
        "name": "UPA 24 Horas Maria Itália Freddo",
        "short_name": "UPA 24h",
        "comment": "UPA 24h",
        "qtd_equipes_esf": 0,
        "qtd_equipes_eap": 0,
        "qtd_equipes_total": 1,
        "capacidade_pnab": 3500,
        "nomes_equipes": "EQUIPE 01"
      },
      "geometry": {
        "type": "Point",
        "coordinates": [
          -38.3663322,
          -12.9479257
        ]
      }
    },
    {
      "type": "Feature",
      "id": 9019308,
      "properties": {
        "operator": "Prefeitura Municipal de Salvador",
        "operator:type": "public",
        "ref:CNES": "9019308",
        "source": "cnes;datasus;dados_abertos_saude",
        "official_name": "UPA 24H PARIPE",
        "addr:street": "Rua Av São Luis Antiga Estrada de São Tome de Paripe",
        "addr:suburb": "Paripe",
        "addr:city": "Salvador",
        "addr:state": "BA",
        "addr:country": "BR",
        "addr:postcode": "40717-180",
        "phone": "+55 71 99900-4240",
        "amenity": "clinic",
        "healthcare": "clinic",
        "emergency": "yes",
        "opening_hours": "24/7",
        "name": "UPA 24 Horas Maria Itália Freddo",
        "short_name": "UPA 24h",
        "comment": "UPA 24h",
        "qtd_equipes_esf": 1,
        "qtd_equipes_eap": 0,
        "qtd_equipes_total": 1,
        "capacidade_pnab": 3500,
        "nomes_equipes": ""
      },
      "geometry": {
        "type": "Point",
        "coordinates": [
          -38.4653261,
          -12.8328285
        ]
      }
    },
    {
      "type": "Feature",
      "id": 7894015,
      "properties": {
        "operator": "Prefeitura Municipal de Salvador",
        "operator:type": "public",
        "ref:CNES": "7894015",
        "source": "cnes;datasus;dados_abertos_saude",
        "official_name": "UPA 24H PARQUE SAO CRISTOVAO",
        "addr:street": "Rua Marcos Moreira Solter",
        "addr:suburb": "Parque São Cristóvão",
        "addr:city": "Salvador",
        "addr:state": "BA",
        "addr:country": "BR",
        "addr:postcode": "41510-808",
        "phone": "+55 71 3273-4690",
        "email": "elza.zacarias@igh.org.br",
        "amenity": "clinic",
        "healthcare": "clinic",
        "emergency": "yes",
        "opening_hours": "24/7",
        "name": "UPA 24 Horas Maria Itália Freddo",
        "short_name": "UPA 24h",
        "comment": "UPA 24h",
        "qtd_equipes_esf": 0,
        "qtd_equipes_eap": 0,
        "qtd_equipes_total": 2,
        "capacidade_pnab": 3500,
        "nomes_equipes": "EQUIPE 1; EQUIPE 2"
      },
      "geometry": {
        "type": "Point",
        "coordinates": [
          -38.3678885,
          -12.9073338
        ]
      }
    },
    {
      "type": "Feature",
      "id": 9030158,
      "properties": {
        "operator": "Prefeitura Municipal de Salvador",
        "operator:type": "public",
        "ref:CNES": "9030158",
        "source": "cnes;datasus;dados_abertos_saude",
        "official_name": "UPA 24H PIRAJA SANTO INACIO",
        "addr:street": "Rua Direta de Santo Inacio",
        "addr:suburb": "Santo Inacio",
        "addr:city": "Salvador",
        "addr:state": "BA",
        "addr:country": "BR",
        "addr:postcode": "41231-010",
        "phone": "+55 71 3273-4673",
        "email": "upapiraja@salvador.ba.gov.br",
        "amenity": "clinic",
        "healthcare": "clinic",
        "emergency": "yes",
        "opening_hours": "24/7",
        "name": "UPA 24 Horas Maria Itália Freddo",
        "short_name": "UPA 24h",
        "comment": "UPA 24h",
        "qtd_equipes_esf": 0,
        "qtd_equipes_eap": 0,
        "qtd_equipes_total": 2,
        "capacidade_pnab": 3500,
        "nomes_equipes": "EQUIPE I; EQUIPE II"
      },
      "geometry": {
        "type": "Point",
        "coordinates": [
          -38.4638383,
          -12.9316724
        ]
      }
    },
    {
      "type": "Feature",
      "id": 4774,
      "properties": {
        "operator": "Prefeitura Municipal de Salvador",
        "operator:type": "public",
        "ref:CNES": "4774",
        "source": "cnes;datasus;dados_abertos_saude",
        "official_name": "UPA 24H PROF ADROALDO ALBERGARIA",
        "addr:street": "Rua das Pedrinhas",
        "addr:housenumber": "358",
        "addr:suburb": "Periperi",
        "addr:city": "Salvador",
        "addr:state": "BA",
        "addr:country": "BR",
        "addr:postcode": "41200-020",
        "phone": "+55 71 99606-3692",
        "email": "rhupaadroaldoalbergaria@gmail.com",
        "amenity": "clinic",
        "healthcare": "clinic",
        "emergency": "yes",
        "opening_hours": "24/7",
        "name": "UPA 24 Horas Maria Itália Freddo",
        "short_name": "UPA 24h",
        "comment": "UPA 24h",
        "qtd_equipes_esf": 0,
        "qtd_equipes_eap": 0,
        "qtd_equipes_total": 3,
        "capacidade_pnab": 3500,
        "nomes_equipes": "EQUIPE 2; EQUIPE EMAP; EQUIPE 1"
      },
      "geometry": {
        "type": "Point",
        "coordinates": [
          -38.3570158,
          -12.9243691
        ]
      }
    },
    {
      "type": "Feature",
      "id": 7521316,
      "properties": {
        "operator": "Prefeitura Municipal de Salvador",
        "operator:type": "public",
        "ref:CNES": "7521316",
        "source": "cnes;datasus;dados_abertos_saude",
        "official_name": "UPA 24H SAN MARTIN",
        "addr:street": "Rua do Forno",
        "addr:suburb": "San Martin",
        "addr:city": "Salvador",
        "addr:state": "BA",
        "addr:country": "BR",
        "addr:postcode": "40010-010",
        "phone": "+55 71 99373-1970",
        "email": "sin.upasm@yahoo.com",
        "amenity": "clinic",
        "healthcare": "clinic",
        "emergency": "yes",
        "opening_hours": "24/7",
        "name": "UPA 24 Horas Maria Itália Freddo",
        "short_name": "UPA 24h",
        "comment": "UPA 24h",
        "qtd_equipes_esf": 0,
        "qtd_equipes_eap": 0,
        "qtd_equipes_total": 2,
        "capacidade_pnab": 3500,
        "nomes_equipes": "EQUIPE 2; EQUIPE I"
      },
      "geometry": {
        "type": "Point",
        "coordinates": [
          -38.4811163,
          -12.9468311
        ]
      }
    },
    {
      "type": "Feature",
      "id": 7633149,
      "properties": {
        "operator": "Prefeitura Municipal de Salvador",
        "operator:type": "public",
        "ref:CNES": "7633149",
        "source": "cnes;datasus;dados_abertos_saude",
        "official_name": "UPA 24H VALE DOS BARRIS",
        "addr:street": "Rua Praca João Mangabeira Rotula Av Vale dos Barris",
        "addr:suburb": "Barris",
        "addr:city": "Salvador",
        "addr:state": "BA",
        "addr:country": "BR",
        "addr:postcode": "40070-055",
        "phone": "(71) 3277-5489/5486",
        "email": "alexsandro.souza@salvador.ba.gov.br",
        "amenity": "clinic",
        "healthcare": "clinic",
        "emergency": "yes",
        "opening_hours": "24/7",
        "name": "UPA 24 Horas Maria Itália Freddo",
        "short_name": "UPA 24h",
        "comment": "UPA 24h",
        "qtd_equipes_esf": 0,
        "qtd_equipes_eap": 0,
        "qtd_equipes_total": 3,
        "capacidade_pnab": 3500,
        "nomes_equipes": "EQUIPE 2; EQUIPE 1; EQUIPE 1"
      },
      "geometry": {
        "type": "Point",
        "coordinates": [
          -38.5119107,
          -12.9897026
        ]
      }
    },
    {
      "type": "Feature",
      "id": 7476469,
      "properties": {
        "operator": "Prefeitura Municipal de Salvador",
        "operator:type": "public",
        "ref:CNES": "7476469",
        "source": "cnes;datasus;dados_abertos_saude",
        "official_name": "UPA 24H VALERIA",
        "addr:street": "Rua do Lavrador",
        "addr:suburb": "Valeria",
        "addr:city": "Salvador",
        "addr:state": "BA",
        "addr:country": "BR",
        "addr:postcode": "41300-470",
        "phone": "+55 71 3273-4695",
        "email": "patricia.smacedo@salvador.ba.gov.br",
        "amenity": "clinic",
        "healthcare": "clinic",
        "emergency": "yes",
        "opening_hours": "24/7",
        "name": "UPA 24 Horas Maria Itália Freddo",
        "short_name": "UPA 24h",
        "comment": "UPA 24h",
        "qtd_equipes_esf": 0,
        "qtd_equipes_eap": 0,
        "qtd_equipes_total": 2,
        "capacidade_pnab": 3500,
        "nomes_equipes": "EQUIPE 1; EQUIPE 2"
      },
      "geometry": {
        "type": "Point",
        "coordinates": [
          -38.4385456,
          -12.8660369
        ]
      }
    },
    {
      "type": "Feature",
      "id": 7596871,
      "properties": {
        "operator": "Governo do Estado (BA)",
        "operator:type": "public",
        "ref:CNES": "7596871",
        "source": "cnes;datasus;dados_abertos_saude",
        "official_name": "UPA DO CABULA",
        "addr:street": "Estrada Saboeiro",
        "addr:suburb": "Saboeiro",
        "addr:city": "Salvador",
        "addr:state": "BA",
        "addr:country": "BR",
        "addr:postcode": "41180-900",
        "phone": "+55 71 3387-4745",
        "amenity": "clinic",
        "healthcare": "clinic",
        "emergency": "yes",
        "opening_hours": "24/7",
        "name": "UPA 24 Horas Maria Itália Freddo",
        "short_name": "UPA 24h",
        "comment": "UPA 24h",
        "qtd_equipes_esf": 1,
        "qtd_equipes_eap": 0,
        "qtd_equipes_total": 1,
        "capacidade_pnab": 3500,
        "nomes_equipes": ""
      },
      "geometry": {
        "type": "Point",
        "coordinates": [
          -38.451215,
          -12.9565812
        ]
      }
    },
    {
      "type": "Feature",
      "id": 7613881,
      "properties": {
        "operator": "Governo do Estado (BA)",
        "operator:type": "public",
        "ref:CNES": "7613881",
        "source": "cnes;datasus;dados_abertos_saude",
        "official_name": "NUCLEO DE TELESSAUDE DO ESTADO DA BAHIA",
        "addr:street": "Avenida Luis Viana Filho Cab Salvador",
        "addr:housenumber": "400",
        "addr:suburb": "Centro Administrativ",
        "addr:city": "Salvador",
        "addr:state": "BA",
        "addr:country": "BR",
        "addr:postcode": "41745-002",
        "phone": "+55 71 3115-4151",
        "email": "telessaude.adm@saude.ba.gov.br",
        "amenity": "clinic",
        "healthcare": "clinic",
        "name": "Nucleo de Telessaude do Estado da Bahia",
        "comment": "Outros Serviços de Saúde",
        "qtd_equipes_esf": 1,
        "qtd_equipes_eap": 0,
        "qtd_equipes_total": 1,
        "capacidade_pnab": 3500,
        "nomes_equipes": ""
      },
      "geometry": {
        "type": "Point",
        "coordinates": [
          -38.4261097,
          -12.9512216
        ]
      }
    },
    {
      "type": "Feature",
      "id": 5099978,
      "properties": {
        "operator": "Prefeitura Municipal de Salvador",
        "operator:type": "public",
        "ref:CNES": "5099978",
        "source": "cnes;datasus;dados_abertos_saude",
        "official_name": "CENTRAL DE REGULACAO MEDICA DAS URGENCIAS SAMU",
        "addr:street": "Rua Marques de Marica Complexo Cesar Araujo",
        "addr:suburb": "Pau Miudo",
        "addr:city": "Salvador",
        "addr:state": "BA",
        "addr:country": "BR",
        "addr:postcode": "40320-350",
        "phone": "(71) 3202-1340/1342",
        "emergency": "ambulance_station",
        "emergency_service": "technical_rescue",
        "opening_hours": "24/7",
        "name": "Central de Regulação Médica das Urgências (SAMU 192)",
        "short_name": "Regulação SAMU 192",
        "comment": "SAMU 192",
        "qtd_equipes_esf": 0,
        "qtd_equipes_eap": 0,
        "qtd_equipes_total": 0,
        "capacidade_pnab": 3500,
        "nomes_equipes": ""
      },
      "geometry": {
        "type": "Point",
        "coordinates": [
          -38.4875965,
          -12.9589651
        ]
      }
    },
    {
      "type": "Feature",
      "id": 6487300,
      "properties": {
        "operator": "Prefeitura Municipal de Salvador",
        "operator:type": "public",
        "ref:CNES": "6487300",
        "source": "cnes;datasus;dados_abertos_saude",
        "official_name": "LABORATORIO CENTRAL DE SALVADOR",
        "addr:street": "Rua Av Visconde de Itaborahy",
        "addr:housenumber": "989",
        "addr:suburb": "Amaralina",
        "addr:city": "Salvador",
        "addr:state": "BA",
        "addr:country": "BR",
        "addr:postcode": "41900-031",
        "phone": "3202-1773/72/69/1770",
        "email": "laboratoriocentralsalvador@gmail.com",
        "amenity": "clinic",
        "healthcare": "clinic",
        "name": "Laboratorio Central de Salvador",
        "comment": "Outros Serviços de Saúde",
        "qtd_equipes_esf": 1,
        "qtd_equipes_eap": 0,
        "qtd_equipes_total": 1,
        "capacidade_pnab": 3500,
        "nomes_equipes": ""
      },
      "geometry": {
        "type": "Point",
        "coordinates": [
          -38.478324,
          -13.0133723
        ]
      }
    },
    {
      "type": "Feature",
      "id": 4162,
      "properties": {
        "operator": "Governo do Estado (BA)",
        "operator:type": "public",
        "ref:CNES": "4162",
        "source": "cnes;datasus;dados_abertos_saude",
        "official_name": "LABORATORIO CENTRAL DE SAUDE PUBLICA PROF GONCALO MUNIZ",
        "addr:street": "Rua Waldemar Falcao",
        "addr:housenumber": "123",
        "addr:suburb": "Horto Florestal",
        "addr:city": "Salvador",
        "addr:state": "BA",
        "addr:country": "BR",
        "addr:postcode": "40295-010",
        "phone": "+55 71 3356-1414",
        "amenity": "clinic",
        "healthcare": "clinic",
        "name": "Laboratorio Central de Saude Publica Prof Goncalo Muniz",
        "comment": "Outros Serviços de Saúde",
        "qtd_equipes_esf": 1,
        "qtd_equipes_eap": 0,
        "qtd_equipes_total": 1,
        "capacidade_pnab": 3500,
        "nomes_equipes": ""
      },
      "geometry": {
        "type": "Point",
        "coordinates": [
          -38.4860914,
          -12.9942413
        ]
      }
    },
    {
      "type": "Feature",
      "id": 6354580,
      "properties": {
        "operator": "Governo do Estado (BA)",
        "operator:type": "public",
        "ref:CNES": "6354580",
        "source": "cnes;datasus;dados_abertos_saude",
        "official_name": "CENTRAL ESTADUAL DE REGULACAO",
        "addr:street": "Rua Av Luiz Viana Filho 4 Avenida",
        "addr:housenumber": "400",
        "addr:suburb": "Centro Administrativ",
        "addr:city": "Salvador",
        "addr:state": "BA",
        "addr:country": "BR",
        "addr:postcode": "41745-002",
        "phone": "+55 71 3117-5724",
        "office": "government",
        "government": "healthcare",
        "name": "Sistema Municipal de Auditoria e Regulação em Saúde",
        "comment": "Auditoria e Regulação",
        "qtd_equipes_esf": 0,
        "qtd_equipes_eap": 0,
        "qtd_equipes_total": 0,
        "capacidade_pnab": 3500,
        "nomes_equipes": ""
      },
      "geometry": {
        "type": "Point",
        "coordinates": [
          -38.5108352,
          -12.9709783
        ]
      }
    },
    {
      "type": "Feature",
      "id": 7134843,
      "properties": {
        "operator": "Prefeitura Municipal de Salvador",
        "operator:type": "public",
        "ref:CNES": "7134843",
        "source": "cnes;datasus;dados_abertos_saude",
        "official_name": "CENTRAL MUNICIPAL DE REGULACAO",
        "addr:street": "Rua Marques de Marica Complex Cesar Araujo",
        "addr:suburb": "Pau Miudo",
        "addr:city": "Salvador",
        "addr:state": "BA",
        "addr:country": "BR",
        "addr:postcode": "40320-350",
        "phone": "71 32021401/1400",
        "email": "cmr.subcoord@salvador.ba.gov.br",
        "office": "government",
        "government": "healthcare",
        "name": "Sistema Municipal de Auditoria e Regulação em Saúde",
        "comment": "Auditoria e Regulação",
        "qtd_equipes_esf": 0,
        "qtd_equipes_eap": 0,
        "qtd_equipes_total": 0,
        "capacidade_pnab": 3500,
        "nomes_equipes": ""
      },
      "geometry": {
        "type": "Point",
        "coordinates": [
          -38.4875697,
          -12.9588188
        ]
      }
    },
    {
      "type": "Feature",
      "id": 7570538,
      "properties": {
        "operator": "Governo do Estado (BA)",
        "operator:type": "public",
        "ref:CNES": "7570538",
        "source": "cnes;datasus;dados_abertos_saude",
        "official_name": "CENTRAL ESTADUAL DE TRANSPLANTES DA BAHIA",
        "addr:street": "Rua Direta do Saboeiro",
        "addr:suburb": "Cabula",
        "addr:city": "Salvador",
        "addr:state": "BA",
        "addr:country": "BR",
        "addr:postcode": "41180-310",
        "amenity": "clinic",
        "healthcare": "clinic",
        "name": "Central Estadual de Transplantes da Bahia",
        "comment": "Outros Serviços de Saúde",
        "qtd_equipes_esf": 1,
        "qtd_equipes_eap": 0,
        "qtd_equipes_total": 1,
        "capacidade_pnab": 3500,
        "nomes_equipes": ""
      },
      "geometry": {
        "type": "Point",
        "coordinates": [
          -38.5098267,
          -12.969891
        ]
      }
    },
    {
      "type": "Feature",
      "id": 212938,
      "properties": {
        "operator": "Prefeitura Municipal de Salvador",
        "operator:type": "public",
        "ref:CNES": "212938",
        "source": "cnes;datasus;dados_abertos_saude",
        "official_name": "CEMADI",
        "addr:street": "Avenida Vasco da Gama",
        "addr:housenumber": "4209",
        "addr:suburb": "Vasco da Gama",
        "addr:city": "Salvador",
        "addr:state": "BA",
        "addr:country": "BR",
        "addr:postcode": "40286-000",
        "phone": "+55 46 3202-1716",
        "email": "cemadi.ssa@salvador.gov.br",
        "office": "government",
        "government": "healthcare",
        "name": "Cemadi",
        "comment": "Suprimentos / Logística",
        "qtd_equipes_esf": 0,
        "qtd_equipes_eap": 0,
        "qtd_equipes_total": 0,
        "capacidade_pnab": 3500,
        "nomes_equipes": ""
      },
      "geometry": {
        "type": "Point",
        "coordinates": [
          -38.4919904,
          -13.0081577
        ]
      }
    },
    {
      "type": "Feature",
      "id": 430463,
      "properties": {
        "operator": "Governo do Estado (BA)",
        "operator:type": "public",
        "ref:CNES": "430463",
        "source": "cnes;datasus;dados_abertos_saude",
        "official_name": "CENTRAL FARMACEUTICA DO ESTADO DA BAHIA CEFARBA",
        "addr:street": "Rua Antonio Andrade",
        "addr:housenumber": "67",
        "addr:suburb": "Porto Seco Piraja",
        "addr:city": "Salvador",
        "addr:state": "BA",
        "addr:country": "BR",
        "addr:postcode": "41233-015",
        "email": "dasf.cefarba@saude.ba.gov.br",
        "office": "government",
        "government": "healthcare",
        "name": "Central Farmaceutica do Estado da Bahia Cefarba",
        "comment": "Suprimentos / Logística",
        "qtd_equipes_esf": 0,
        "qtd_equipes_eap": 0,
        "qtd_equipes_total": 0,
        "capacidade_pnab": 3500,
        "nomes_equipes": ""
      },
      "geometry": {
        "type": "Point",
        "coordinates": [
          -38.4551223,
          -12.9116216
        ]
      }
    },
    {
      "type": "Feature",
      "id": 5994268,
      "properties": {
        "operator": "Governo do Estado (BA)",
        "operator:type": "public",
        "ref:CNES": "5994268",
        "source": "cnes;datasus;dados_abertos_saude",
        "official_name": "HCT HOSPITAL DE CUSTODIA E TRATAMENTO",
        "addr:street": "Rua Afranio Peixoto",
        "addr:housenumber": "000",
        "addr:suburb": "Baixa do Fiscal",
        "addr:city": "Salvador",
        "addr:state": "BA",
        "addr:country": "BR",
        "addr:postcode": "41505-580",
        "phone": "+55 71 3117-6568",
        "office": "government",
        "government": "healthcare",
        "name": "Hct Hospital de Custodia e Tratamento",
        "comment": "Suprimentos / Logística",
        "qtd_equipes_esf": 0,
        "qtd_equipes_eap": 0,
        "qtd_equipes_total": 2,
        "capacidade_pnab": 3500,
        "nomes_equipes": "ECP - HCT; EAPP - HCT"
      },
      "geometry": {
        "type": "Point",
        "coordinates": [
          -38.328019,
          -12.691676
        ]
      }
    }
  ]
}