{
  "type": "FeatureCollection",
  "name": "Estabelecimentos Públicos de Saúde - DEMAS / CNES",
  "crs": {
    "type": "name",
    "properties": {
      "name": "urn:ogc:def:crs:OGC:1.3:CRS84"
    }
  },
  "features": [
    {
      "type": "Feature",
      "id": 6695566,
      "properties": {
        "operator": "Prefeitura Municipal de Rio de Janeiro",
        "operator:type": "public",
        "ref:CNES": "6695566",
        "source": "cnes;datasus;dados_abertos_saude",
        "official_name": "SMS PS CASS AP 10",
        "addr:street": "Rua Afonso Cavalcante",
        "addr:housenumber": "455",
        "addr:suburb": "Cidade Nova",
        "addr:city": "Rio de Janeiro",
        "addr:state": "RJ",
        "addr:country": "BR",
        "addr:postcode": "20211-901",
        "phone": "+55 21 2976-3332",
        "email": "anamengo@terra.com.br",
        "amenity": "clinic",
        "healthcare": "clinic",
        "name": "Unidade Básica de Saúde Sms Ps Cass Ap 10",
        "short_name": "UBS Sms Ps Cass Ap 10",
        "comment": "UBS",
        "qtd_equipes_esf": 1,
        "qtd_equipes_eap": 0,
        "qtd_equipes_total": 1,
        "capacidade_pnab": 3500,
        "nomes_equipes": ""
      },
      "geometry": {
        "type": "Point",
        "coordinates": [
          -43.20536,
          -22.91121
        ]
      }
    },
    {
      "type": "Feature",
      "id": 4723066,
      "properties": {
        "operator": "Governo do Estado (RJ)",
        "operator:type": "public",
        "ref:CNES": "4723066",
        "source": "cnes;datasus;dados_abertos_saude",
        "official_name": "SEAP CGSP RJ AMB INSTITUTO PENAL SANTO EXPEDITO",
        "addr:street": "Estrada do Guandu do Sena",
        "addr:housenumber": "1902",
        "addr:suburb": "Bangu",
        "addr:city": "Rio de Janeiro",
        "addr:state": "RJ",
        "addr:country": "BR",
        "addr:postcode": "21810-011",
        "phone": "+55 21 2333-4641",
        "amenity": "clinic",
        "healthcare": "clinic",
        "name": "Unidade Básica de Saúde Seap Cgsp Rj Amb Instituto Penal Santo Expedito",
        "short_name": "UBS Seap Cgsp Rj Amb Instituto Penal Santo Expedito",
        "comment": "UBS",
        "qtd_equipes_esf": 1,
        "qtd_equipes_eap": 0,
        "qtd_equipes_total": 1,
        "capacidade_pnab": 3500,
        "nomes_equipes": ""
      },
      "geometry": {
        "type": "Point",
        "coordinates": [
          -43.52999,
          -22.85813
        ]
      }
    },
    {
      "type": "Feature",
      "id": 2270757,
      "properties": {
        "operator": "Governo do Estado (RJ)",
        "operator:type": "public",
        "ref:CNES": "2270757",
        "source": "cnes;datasus;dados_abertos_saude",
        "official_name": "SEAP CGSP RJ AMB PRESIDIO EVARISTO DE MORAES",
        "addr:street": "Rua Bartolomeu de Gusmao",
        "addr:housenumber": "1100",
        "addr:suburb": "São Cristóvão",
        "addr:city": "Rio de Janeiro",
        "addr:state": "RJ",
        "addr:country": "BR",
        "addr:postcode": "20941-160",
        "phone": "+55 21 2334-1841",
        "email": "presidioevaristodemoraes@gmail.com",
        "amenity": "clinic",
        "healthcare": "clinic",
        "name": "Unidade Básica de Saúde Seap Cgsp Rj Amb Presidio Evaristo de Moraes",
        "short_name": "UBS Seap Cgsp Rj Amb Presidio Evaristo de Moraes",
        "comment": "UBS",
        "qtd_equipes_esf": 1,
        "qtd_equipes_eap": 0,
        "qtd_equipes_total": 1,
        "capacidade_pnab": 3500,
        "nomes_equipes": ""
      },
      "geometry": {
        "type": "Point",
        "coordinates": [
          -43.20843,
          -22.90335
        ]
      }
    },
    {
      "type": "Feature",
      "id": 7692390,
      "properties": {
        "operator": "Governo do Estado (RJ)",
        "operator:type": "public",
        "ref:CNES": "7692390",
        "source": "cnes;datasus;dados_abertos_saude",
        "official_name": "SEPPEN CGSP RJ AMB UNIDADE MATERNO INFANTIL",
        "addr:street": "Estrada Guandu do Sena",
        "addr:housenumber": "1902",
        "addr:suburb": "Bangu",
        "addr:city": "Rio de Janeiro",
        "addr:state": "RJ",
        "addr:country": "BR",
        "addr:postcode": "21854-002",
        "phone": "+55 21 3465-9712",
        "email": "lindaseapumi@gmail.com",
        "amenity": "clinic",
        "healthcare": "clinic",
        "name": "Unidade Básica de Saúde Seppen Cgsp Rj Amb Unidade Materno Infantil",
        "short_name": "UBS Seppen Cgsp Rj Amb Unidade Materno Infantil",
        "comment": "UBS",
        "qtd_equipes_esf": 1,
        "qtd_equipes_eap": 0,
        "qtd_equipes_total": 1,
        "capacidade_pnab": 3500,
        "nomes_equipes": ""
      },
      "geometry": {
        "type": "Point",
        "coordinates": [
          -43.20744,
          -22.90839
        ]
      }
    },
    {
      "type": "Feature",
      "id": 4351754,
      "properties": {
        "operator": "Governo do Estado (RJ)",
        "operator:type": "public",
        "ref:CNES": "4351754",
        "source": "cnes;datasus;dados_abertos_saude",
        "official_name": "SEPPEN CGSP RJ INSTITUTO PENAL CANDIDO MENDES",
        "addr:street": "Rua Camerino",
        "addr:housenumber": "41",
        "addr:city": "Rio de Janeiro",
        "addr:state": "RJ",
        "addr:country": "BR",
        "addr:postcode": "20080-010",
        "phone": "+55 46 2332-5594",
        "email": "seapcm@seap.rj.gov.br",
        "amenity": "clinic",
        "healthcare": "clinic",
        "name": "Unidade Básica de Saúde Seppen Cgsp Rj Instituto Penal Candido Mendes",
        "short_name": "UBS Seppen Cgsp Rj Instituto Penal Candido Mendes",
        "comment": "UBS",
        "qtd_equipes_esf": 1,
        "qtd_equipes_eap": 0,
        "qtd_equipes_total": 1,
        "capacidade_pnab": 3500,
        "nomes_equipes": ""
      },
      "geometry": {
        "type": "Point",
        "coordinates": [
          -43.28592,
          -22.66558
        ]
      }
    },
    {
      "type": "Feature",
      "id": 6996914,
      "properties": {
        "operator": "Governo do Estado (RJ)",
        "operator:type": "public",
        "ref:CNES": "6996914",
        "source": "cnes;datasus;dados_abertos_saude",
        "official_name": "SEPPEN RJ AMBULATORIO CAD PUBLICA JOSE FREDERICO MARQUES",
        "addr:street": "Rua Celio Nascimento",
        "addr:suburb": "Benfica",
        "addr:city": "Rio de Janeiro",
        "addr:state": "RJ",
        "addr:country": "BR",
        "addr:postcode": "20930-050",
        "phone": "+55 46 2334-5829",
        "email": "seapfm@seap.rj.gov.br",
        "amenity": "clinic",
        "healthcare": "clinic",
        "name": "Unidade Básica de Saúde Seppen Rj Ambulatorio Cad Publica Jose Frederico Marques",
        "short_name": "UBS Seppen Rj Ambulatorio Cad Publica Jose Frederico Marques",
        "comment": "UBS",
        "qtd_equipes_esf": 1,
        "qtd_equipes_eap": 0,
        "qtd_equipes_total": 1,
        "capacidade_pnab": 3500,
        "nomes_equipes": ""
      },
      "geometry": {
        "type": "Point",
        "coordinates": [
          -43.235739,
          -22.888891
        ]
      }
    },
    {
      "type": "Feature",
      "id": 9057722,
      "properties": {
        "operator": "Prefeitura Municipal de Rio de Janeiro",
        "operator:type": "public",
        "ref:CNES": "9057722",
        "source": "cnes;datasus;dados_abertos_saude",
        "official_name": "SMS CF ADERSON FERNANDES AP 33",
        "addr:street": "Rua Ururai",
        "addr:suburb": "Honorio Gurgel",
        "addr:city": "Rio de Janeiro",
        "addr:state": "RJ",
        "addr:country": "BR",
        "addr:postcode": "21511-000",
        "phone": "97502-8524/3361-3432",
        "email": "cfadersonfernandes@gmail.com",
        "amenity": "clinic",
        "healthcare": "clinic",
        "name": "Unidade Básica de Saúde Sms Cf Aderson Fernandes Ap 33",
        "short_name": "UBS Sms Cf Aderson Fernandes Ap 33",
        "comment": "UBS",
        "qtd_equipes_esf": 4,
        "qtd_equipes_eap": 0,
        "qtd_equipes_total": 5,
        "capacidade_pnab": 14000,
        "nomes_equipes": "AGENOR PORTO; SAFIRAS; TEOFILO MESQUITA; CAJATUBA; AGENOR PORTO ESB"
      },
      "geometry": {
        "type": "Point",
        "coordinates": [
          -43.35589,
          -22.83946
        ]
      }
    },
    {
      "type": "Feature",
      "id": 5476607,
      "properties": {
        "operator": "Prefeitura Municipal de Rio de Janeiro",
        "operator:type": "public",
        "ref:CNES": "5476607",
        "source": "cnes;datasus;dados_abertos_saude",
        "official_name": "SMS CF ADIB JATENE AP 31",
        "addr:street": "Avenida Bento Ribeiro Dantas",
        "addr:suburb": "Mare",
        "addr:city": "Rio de Janeiro",
        "addr:state": "RJ",
        "addr:country": "BR",
        "addr:postcode": "21046-175",
        "phone": "+55 21 98591-0012",
        "email": "cfaj.cap31@gmail.com",
        "amenity": "clinic",
        "healthcare": "clinic",
        "name": "Unidade Básica de Saúde Sms Cf Adib Jatene Ap 31",
        "short_name": "UBS Sms Cf Adib Jatene Ap 31",
        "comment": "UBS",
        "qtd_equipes_esf": 9,
        "qtd_equipes_eap": 0,
        "qtd_equipes_total": 13,
        "capacidade_pnab": 31500,
        "nomes_equipes": "SELETIVA; GUSTAVO CAPANEMA ESB; MERENGUE ESB; OBRINHA; EMULTI ADIB JATENE; PROF PAULO FREIRE; PRACA DO SALSA; PRACA DO SALSA ESB; VILA DO PINHEIRO; MERENGUE; GUSTAVO CAPANEMA; VILA RESIDENCIAL; SAO JOSE OPERARIO"
      },
      "geometry": {
        "type": "Point",
        "coordinates": [
          -43.2393014,
          -22.8654496
        ]
      }
    },
    {
      "type": "Feature",
      "id": 7892802,
      "properties": {
        "operator": "Prefeitura Municipal de Rio de Janeiro",
        "operator:type": "public",
        "ref:CNES": "7892802",
        "source": "cnes;datasus;dados_abertos_saude",
        "official_name": "SMS CF ADOLFO FERREIRA DE CARVALHO AP 33",
        "addr:street": "Estrada João Paulo",
        "addr:housenumber": "1007",
        "addr:suburb": "Barros Filho",
        "addr:city": "Rio de Janeiro",
        "addr:state": "RJ",
        "addr:country": "BR",
        "addr:postcode": "21512-002",
        "phone": "975127203/3106-8864",
        "email": "cfadolfofcarvalho@gmail.com",
        "amenity": "clinic",
        "healthcare": "clinic",
        "name": "Unidade Básica de Saúde Sms Cf Adolfo Ferreira de Carvalho Ap 33",
        "short_name": "UBS Sms Cf Adolfo Ferreira de Carvalho Ap 33",
        "comment": "UBS",
        "qtd_equipes_esf": 8,
        "qtd_equipes_eap": 0,
        "qtd_equipes_total": 12,
        "capacidade_pnab": 28000,
        "nomes_equipes": "HAROLDO; EMULTI ADOLFO FERREIRA; BRASIL; PEIXOTO ESB; PROENCA ROSA ESB; BEIJA FLOR; PROENCA ROSA; JOANA DARC; SERINHAEM; PEIXOTO; BELA VISTA; JOANA DARC ESB"
      },
      "geometry": {
        "type": "Point",
        "coordinates": [
          -43.36183,
          -22.84109
        ]
      }
    },
    {
      "type": "Feature",
      "id": 199338,
      "properties": {
        "operator": "Prefeitura Municipal de Rio de Janeiro",
        "operator:type": "public",
        "ref:CNES": "199338",
        "source": "cnes;datasus;dados_abertos_saude",
        "official_name": "SMS CF ADV MARIO PIRES DA SILVA AP 33",
        "addr:street": "Rua Praca Marcia Mendes",
        "addr:suburb": "Campinho",
        "addr:city": "Rio de Janeiro",
        "addr:state": "RJ",
        "addr:country": "BR",
        "addr:postcode": "21341-410",
        "phone": "+55 46 97510-6310",
        "email": "mariopires.cap33@gmail.com",
        "amenity": "clinic",
        "healthcare": "clinic",
        "name": "Unidade Básica de Saúde Sms Cf Adv Mario Pires da Silva Ap 33",
        "short_name": "UBS Sms Cf Adv Mario Pires da Silva Ap 33",
        "comment": "UBS",
        "qtd_equipes_esf": 4,
        "qtd_equipes_eap": 0,
        "qtd_equipes_total": 6,
        "capacidade_pnab": 14000,
        "nomes_equipes": "EMULTI MARIO PIRES; PADRE DEHON; BARAO DO AMPARO; COMENDADOR PINTO; COMENDADOR PINTO ESB; WALDEMAR FALCAO"
      },
      "geometry": {
        "type": "Point",
        "coordinates": [
          -43.35414,
          -22.88333
        ]
      }
    },
    {
      "type": "Feature",
      "id": 5620287,
      "properties": {
        "operator": "Prefeitura Municipal de Rio de Janeiro",
        "operator:type": "public",
        "ref:CNES": "5620287",
        "source": "cnes;datasus;dados_abertos_saude",
        "official_name": "SMS CF AGENOR DE MIRANDA ARAUJO NETO AP 52",
        "addr:street": "Estrada do Mato Alto",
        "addr:suburb": "Campo Grande",
        "addr:city": "Rio de Janeiro",
        "addr:state": "RJ",
        "addr:country": "BR",
        "addr:postcode": "23030-440",
        "phone": "+55 21 2042-2460",
        "email": "gerentelgoc@gmail.com",
        "amenity": "clinic",
        "healthcare": "clinic",
        "name": "Unidade Básica de Saúde Sms Cf Agenor de Miranda Araujo Neto Ap 52",
        "short_name": "UBS Sms Cf Agenor de Miranda Araujo Neto Ap 52",
        "comment": "UBS",
        "qtd_equipes_esf": 6,
        "qtd_equipes_eap": 0,
        "qtd_equipes_total": 8,
        "capacidade_pnab": 21000,
        "nomes_equipes": "VALOURA; PESSOA CAVALCANTE ESB; MARIO LARRUBIA; PESSOA CAVALCANTE; LAMEGO; JURARI ESB; JURARI; OLAVO GAMA"
      },
      "geometry": {
        "type": "Point",
        "coordinates": [
          -43.5764273,
          -22.9466949
        ]
      }
    },
    {
      "type": "Feature",
      "id": 7896204,
      "properties": {
        "operator": "Prefeitura Municipal de Rio de Janeiro",
        "operator:type": "public",
        "ref:CNES": "7896204",
        "source": "cnes;datasus;dados_abertos_saude",
        "official_name": "SMS CF ALICE DE JESUS REGO AP 53",
        "addr:street": "Estrada dos Palmares",
        "addr:suburb": "Santa Cruz",
        "addr:city": "Rio de Janeiro",
        "addr:state": "RJ",
        "addr:country": "BR",
        "addr:postcode": "23575-270",
        "phone": "+55 21 2418-4256",
        "email": "cfajr.cap53@gmail.com",
        "amenity": "clinic",
        "healthcare": "clinic",
        "name": "Unidade Básica de Saúde Sms Cf Alice de Jesus Rego Ap 53",
        "short_name": "UBS Sms Cf Alice de Jesus Rego Ap 53",
        "comment": "UBS",
        "qtd_equipes_esf": 4,
        "qtd_equipes_eap": 0,
        "qtd_equipes_total": 6,
        "capacidade_pnab": 14000,
        "nomes_equipes": "NOVO CONDOMINIO ESB; JESUITAS ESB; NOVO CONDOMINIO; BAIXADINHA; MERCADANTE; JESUITAS"
      },
      "geometry": {
        "type": "Point",
        "coordinates": [
          -43.66632,
          -22.88444
        ]
      }
    },
    {
      "type": "Feature",
      "id": 3567567,
      "properties": {
        "operator": "Prefeitura Municipal de Rio de Janeiro",
        "operator:type": "public",
        "ref:CNES": "3567567",
        "source": "cnes;datasus;dados_abertos_saude",
        "official_name": "SMS CF ALKINDAR SOARES PEREIRA FILHO AP 52",
        "addr:street": "Estrada da Pedra",
        "addr:suburb": "Guaratiba",
        "addr:city": "Rio de Janeiro",
        "addr:state": "RJ",
        "addr:country": "BR",
        "addr:postcode": "23012-140",
        "phone": "+55 21 2042-9690",
        "email": "gerentealkindar@gmail.com",
        "amenity": "clinic",
        "healthcare": "clinic",
        "name": "Unidade Básica de Saúde Sms Cf Alkindar Soares Pereira Filho Ap 52",
        "short_name": "UBS Sms Cf Alkindar Soares Pereira Filho Ap 52",
        "comment": "UBS",
        "qtd_equipes_esf": 7,
        "qtd_equipes_eap": 0,
        "qtd_equipes_total": 9,
        "capacidade_pnab": 24500,
        "nomes_equipes": "MARIA REGINA; ALCIDES FRANCO; CAMBUI; MARIA DA PENHA ESB; MARIA DA PENHA; MARIA DA GLORIA; MARIA TEREZA; MARIA DA CONCEICAO; MARIA DA GLORIA ESB"
      },
      "geometry": {
        "type": "Point",
        "coordinates": [
          -43.6484667,
          -22.9757565
        ]
      }
    },
    {
      "type": "Feature",
      "id": 5179726,
      "properties": {
        "operator": "Prefeitura Municipal de Rio de Janeiro",
        "operator:type": "public",
        "ref:CNES": "5179726",
        "source": "cnes;datasus;dados_abertos_saude",
        "official_name": "SMS CF ALOYSIO AUGUSTO NOVIS AP 31",
        "addr:street": "Avenida Bras de Pina",
        "addr:housenumber": "651",
        "addr:suburb": "Penha Circular",
        "addr:city": "Rio de Janeiro",
        "addr:state": "RJ",
        "addr:country": "BR",
        "addr:postcode": "21070-031",
        "phone": "+55 21 98591-0082",
        "email": "cfaloysionoviscap31@gmail.com",
        "amenity": "clinic",
        "healthcare": "clinic",
        "name": "Unidade Básica de Saúde Sms Cf Aloysio Augusto Novis Ap 31",
        "short_name": "UBS Sms Cf Aloysio Augusto Novis Ap 31",
        "comment": "UBS",
        "qtd_equipes_esf": 8,
        "qtd_equipes_eap": 0,
        "qtd_equipes_total": 12,
        "capacidade_pnab": 28000,
        "nomes_equipes": "ACIOLI; CRATO; MANGUEIRINHA; MILTON SANTOS; TOMAZ LOPES; MANGUEIRINHA ESB; EMULTI ALOYSIO AUGUSTO NOVIS 1; SERENO; FE ESB; BENTO CARDOSO; EMULTI ALOYSIO AUGUSTO NOVIS 2; FE"
      },
      "geometry": {
        "type": "Point",
        "coordinates": [
          -43.290104,
          -22.8376566
        ]
      }
    },
    {
      "type": "Feature",
      "id": 9128867,
      "properties": {
        "operator": "Prefeitura Municipal de Rio de Janeiro",
        "operator:type": "public",
        "ref:CNES": "9128867",
        "source": "cnes;datasus;dados_abertos_saude",
        "official_name": "SMS CF AMAURY BOTTANY AP 33",
        "addr:street": "Rua Av Monsenhor Felix",
        "addr:housenumber": "512",
        "addr:suburb": "Iraja",
        "addr:city": "Rio de Janeiro",
        "addr:state": "RJ",
        "addr:country": "BR",
        "addr:postcode": "21361-132",
        "phone": "+55 46 97519-7697",
        "email": "amaurybottany@gmail.com",
        "amenity": "clinic",
        "healthcare": "clinic",
        "name": "Unidade Básica de Saúde Sms Cf Amaury Bottany Ap 33",
        "short_name": "UBS Sms Cf Amaury Bottany Ap 33",
        "comment": "UBS",
        "qtd_equipes_esf": 4,
        "qtd_equipes_eap": 0,
        "qtd_equipes_total": 7,
        "capacidade_pnab": 14000,
        "nomes_equipes": "PEREIRA DE ARAUJO ESB; HONORIO DE ALMEIDA; ENCANTAMENTO; CISPLATINA; HONORIO DE ALMEIDA ESB; EMULTI AMAURY BOTTANY; PEREIRA DE ARAUJO"
      },
      "geometry": {
        "type": "Point",
        "coordinates": [
          -43.32244,
          -22.8463
        ]
      }
    },
    {
      "type": "Feature",
      "id": 9101764,
      "properties": {
        "operator": "Prefeitura Municipal de Rio de Janeiro",
        "operator:type": "public",
        "ref:CNES": "9101764",
        "source": "cnes;datasus;dados_abertos_saude",
        "official_name": "SMS CF AMELIA DOS SANTOS FERREIRA AP 32",
        "addr:street": "Rua Pompilio de Albuquerque",
        "addr:housenumber": "386",
        "addr:suburb": "Agua Santa",
        "addr:city": "Rio de Janeiro",
        "addr:state": "RJ",
        "addr:country": "BR",
        "addr:postcode": "20745-125",
        "phone": "+55 21 3798-9322",
        "email": "cfameliaferreira@gmail.com",
        "amenity": "clinic",
        "healthcare": "clinic",
        "name": "Unidade Básica de Saúde Sms Cf Amelia dos Santos Ferreira Ap 32",
        "short_name": "UBS Sms Cf Amelia dos Santos Ferreira Ap 32",
        "comment": "UBS",
        "qtd_equipes_esf": 8,
        "qtd_equipes_eap": 0,
        "qtd_equipes_total": 12,
        "capacidade_pnab": 28000,
        "nomes_equipes": "FAZENDINHA; EMULTI 32 AMELIA DOS SANTOS; FAGUNDES VARELA; FAGUNDES VARELA ESB; SILVA BRAGA ESB; PAU FERRO ESB; CAMILA BRAVO; FRANCISCO FRAGOSO; SILVA BRAGA; POCONE; PAU FERRO; MONTEIRO DA LUZ"
      },
      "geometry": {
        "type": "Point",
        "coordinates": [
          -43.3043631,
          -22.9028079
        ]
      }
    },
    {
      "type": "Feature",
      "id": 3567540,
      "properties": {
        "operator": "Prefeitura Municipal de Rio de Janeiro",
        "operator:type": "public",
        "ref:CNES": "3567540",
        "source": "cnes;datasus;dados_abertos_saude",
        "official_name": "SMS CF ANA GONZAGA AP 52",
        "addr:street": "Rua Praca João Wesley",
        "addr:housenumber": "07",
        "addr:suburb": "Inhoaiba",
        "addr:city": "Rio de Janeiro",
        "addr:state": "RJ",
        "addr:country": "BR",
        "addr:postcode": "23059-540",
        "phone": "+55 21 2042-9648",
        "email": "gerenteag@gmail.com",
        "amenity": "clinic",
        "healthcare": "clinic",
        "name": "Unidade Básica de Saúde Sms Cf Ana Gonzaga Ap 52",
        "short_name": "UBS Sms Cf Ana Gonzaga Ap 52",
        "comment": "UBS",
        "qtd_equipes_esf": 5,
        "qtd_equipes_eap": 0,
        "qtd_equipes_total": 7,
        "capacidade_pnab": 17500,
        "nomes_equipes": "REALEZA; CANAA; VILA ESPERANCA; JOAO WESLEY; VILA ESPERANCA ESB; ARAPACU; CANAA ESB"
      },
      "geometry": {
        "type": "Point",
        "coordinates": [
          -43.595099,
          -22.912705
        ]
      }
    },
    {
      "type": "Feature",
      "id": 6869009,
      "properties": {
        "operator": "Prefeitura Municipal de Rio de Janeiro",
        "operator:type": "public",
        "ref:CNES": "6869009",
        "source": "cnes;datasus;dados_abertos_saude",
        "official_name": "SMS CF ANA MARIA CONCEICAO DOS SANTOS CORREIA AP 33",
        "addr:street": "Avenida Vicente de Carvalho",
        "addr:housenumber": "1086",
        "addr:suburb": "Vila Kosmos",
        "addr:city": "Rio de Janeiro",
        "addr:state": "RJ",
        "addr:country": "BR",
        "addr:postcode": "21210-530",
        "phone": "97534-9456/3352-7818",
        "email": "cfanamariaconceicao.ipase@gmail.com",
        "amenity": "clinic",
        "healthcare": "clinic",
        "name": "Unidade Básica de Saúde Sms Cf Ana Maria Conceicao dos Santos Correia Ap 33",
        "short_name": "UBS Sms Cf Ana Maria Conceicao dos Santos Correia Ap 33",
        "comment": "UBS",
        "qtd_equipes_esf": 8,
        "qtd_equipes_eap": 0,
        "qtd_equipes_total": 11,
        "capacidade_pnab": 28000,
        "nomes_equipes": "BERNARDO TAVEIRA; EMULTI ANA MARIA; GETULIO MACHADO II; SERVINO MENGARDA ESB; VALE DO LUAR ESB; VALE DO LUAR; PAULA BARROS; CARIOCA; ALECRIM; GETULIO MACHADO I; SERVINO MENGARDA"
      },
      "geometry": {
        "type": "Point",
        "coordinates": [
          -43.30613,
          -22.84965
        ]
      }
    },
    {
      "type": "Feature",
      "id": 8078106,
      "properties": {
        "operator": "Prefeitura Municipal de Rio de Janeiro",
        "operator:type": "public",
        "ref:CNES": "8078106",
        "source": "cnes;datasus;dados_abertos_saude",
        "official_name": "SMS CF ANDARAI AP 22",
        "addr:street": "Rua Paulo Brito",
        "addr:housenumber": "409",
        "addr:suburb": "Andarai",
        "addr:city": "Rio de Janeiro",
        "addr:state": "RJ",
        "addr:country": "BR",
        "addr:postcode": "20541-195",
        "amenity": "clinic",
        "healthcare": "clinic",
        "name": "Unidade Básica de Saúde Sms Cf Andarai Ap 22",
        "short_name": "UBS Sms Cf Andarai Ap 22",
        "comment": "UBS",
        "qtd_equipes_esf": 3,
        "qtd_equipes_eap": 0,
        "qtd_equipes_total": 3,
        "capacidade_pnab": 10500,
        "nomes_equipes": "GASTAO PENALVA I; ANDARAI; GASTAO PENALVA II"
      },
      "geometry": {
        "type": "Point",
        "coordinates": [
          -43.2537669,
          -22.9278056
        ]
      }
    },
    {
      "type": "Feature",
      "id": 6713564,
      "properties": {
        "operator": "Prefeitura Municipal de Rio de Janeiro",
        "operator:type": "public",
        "ref:CNES": "6713564",
        "source": "cnes;datasus;dados_abertos_saude",
        "official_name": "SMS CF ANNA NERY AP 32",
        "addr:street": "Rua Ana Neri Com Rua General Belford",
        "addr:suburb": "Rocha",
        "addr:city": "Rio de Janeiro",
        "addr:state": "RJ",
        "addr:country": "BR",
        "addr:postcode": "20960-082",
        "phone": "+55 21 3936-0267",
        "email": "cfannanery@gmail.com",
        "amenity": "clinic",
        "healthcare": "clinic",
        "name": "Unidade Básica de Saúde Sms Cf Anna Nery Ap 32",
        "short_name": "UBS Sms Cf Anna Nery Ap 32",
        "comment": "UBS",
        "qtd_equipes_esf": 5,
        "qtd_equipes_eap": 0,
        "qtd_equipes_total": 8,
        "capacidade_pnab": 17500,
        "nomes_equipes": "CAMBORIU ESB; JOSE FELIX ESB; DR GARNIER; JOSE FELIX; ALMIRANTE ARY PARREIRAS; MAGALHAES CASTRO; CAMBORIU; EMULTI ANNA NERY"
      },
      "geometry": {
        "type": "Point",
        "coordinates": [
          -43.252266,
          -22.900553
        ]
      }
    },
    {
      "type": "Feature",
      "id": 6808077,
      "properties": {
        "operator": "Prefeitura Municipal de Rio de Janeiro",
        "operator:type": "public",
        "ref:CNES": "6808077",
        "source": "cnes;datasus;dados_abertos_saude",
        "official_name": "SMS CF ANTHIDIO DIAS DA SILVEIRA AP 32",
        "addr:street": "Avenida Dom Helder Camara",
        "addr:suburb": "Jacarezinho",
        "addr:city": "Rio de Janeiro",
        "addr:state": "RJ",
        "addr:country": "BR",
        "addr:postcode": "20973-011",
        "phone": "+55 21 3613-8277",
        "email": "csfanthidio@gmail.com",
        "amenity": "clinic",
        "healthcare": "clinic",
        "name": "Unidade Básica de Saúde Sms Cf Anthidio Dias da Silveira Ap 32",
        "short_name": "UBS Sms Cf Anthidio Dias da Silveira Ap 32",
        "comment": "UBS",
        "qtd_equipes_esf": 7,
        "qtd_equipes_eap": 0,
        "qtd_equipes_total": 11,
        "capacidade_pnab": 24500,
        "nomes_equipes": "DARCI VARGAS; CNAR JACAREZINHO; FAZENDINHA; CONCORDIA; XV DE AGOSTO; PONTILHAO; MIGUEL ANGELO; VIUVA CLAUDIO; MIGUEL ANGELO ESB; DARCI VARGAS ESB; EMULTI ANTHIDIO DIAS"
      },
      "geometry": {
        "type": "Point",
        "coordinates": [
          -43.254109,
          -22.883676
        ]
      }
    },
    {
      "type": "Feature",
      "id": 3416321,
      "properties": {
        "operator": "Prefeitura Municipal de Rio de Janeiro",
        "operator:type": "public",
        "ref:CNES": "3416321",
        "source": "cnes;datasus;dados_abertos_saude",
        "official_name": "SMS CF ANTONIO GONCALVES DA SILVA AP 51",
        "addr:street": "Estrada do Engenho Novo",
        "addr:suburb": "Realengo",
        "addr:city": "Rio de Janeiro",
        "addr:state": "RJ",
        "addr:country": "BR",
        "addr:postcode": "21730-320",
        "phone": "+55 21 3613-8313",
        "email": "cfantoniogoncalves@gmail.com",
        "amenity": "clinic",
        "healthcare": "clinic",
        "name": "Unidade Básica de Saúde Sms Cf Antonio Goncalves da Silva Ap 51",
        "short_name": "UBS Sms Cf Antonio Goncalves da Silva Ap 51",
        "comment": "UBS",
        "qtd_equipes_esf": 6,
        "qtd_equipes_eap": 0,
        "qtd_equipes_total": 9,
        "capacidade_pnab": 21000,
        "nomes_equipes": "LEOPOLDINA; GENESIS; SOL; CONJUNTO AGUA BRANCA; VILA BEIJA FLOR; SUPERACAO ESB; CONJUNTO AGUA BRANCA ESB; SUPERACAO; EMULTI ANTONIO/NILDO"
      },
      "geometry": {
        "type": "Point",
        "coordinates": [
          -43.425547,
          -22.866117
        ]
      }
    },
    {
      "type": "Feature",
      "id": 7036914,
      "properties": {
        "operator": "Prefeitura Municipal de Rio de Janeiro",
        "operator:type": "public",
        "ref:CNES": "7036914",
        "source": "cnes;datasus;dados_abertos_saude",
        "official_name": "SMS CF ANTONIO GONCALVES VILLA SOBRINHO AP 52",
        "addr:street": "Estrada do Campinho",
        "addr:housenumber": "2899",
        "addr:suburb": "Campo Grande",
        "addr:city": "Rio de Janeiro",
        "addr:state": "RJ",
        "addr:country": "BR",
        "addr:postcode": "23070-220",
        "phone": "+55 21 3394-3043",
        "email": "cfagvs@gmail.com",
        "amenity": "clinic",
        "healthcare": "clinic",
        "name": "Unidade Básica de Saúde Sms Cf Antonio Goncalves Villa Sobrinho Ap 52",
        "short_name": "UBS Sms Cf Antonio Goncalves Villa Sobrinho Ap 52",
        "comment": "UBS",
        "qtd_equipes_esf": 6,
        "qtd_equipes_eap": 0,
        "qtd_equipes_total": 9,
        "capacidade_pnab": 21000,
        "nomes_equipes": "OSVALDO SERPA; OSVALDO SERPA ESB; EMULTI CAMPINHO; ROBERTO LYRA; JAPOATA; JARICI; BARROCAS; JAPOATA ESB; VILA PALMARES"
      },
      "geometry": {
        "type": "Point",
        "coordinates": [
          -43.5904461,
          -22.892229
        ]
      }
    },
    {
      "type": "Feature",
      "id": 3820599,
      "properties": {
        "operator": "Prefeitura Municipal de Rio de Janeiro",
        "operator:type": "public",
        "ref:CNES": "3820599",
        "source": "cnes;datasus;dados_abertos_saude",
        "official_name": "SMS CF ARMANDO PALHARES AGUINAGA AP 51",
        "addr:street": "Rua Av Santa Cruz",
        "addr:suburb": "Realengo",
        "addr:city": "Rio de Janeiro",
        "addr:state": "RJ",
        "addr:country": "BR",
        "addr:postcode": "21765-020",
        "phone": "+55 21 3613-8316",
        "email": "cfarmandopalhares@gmail.com",
        "amenity": "clinic",
        "healthcare": "clinic",
        "name": "Unidade Básica de Saúde Sms Cf Armando Palhares Aguinaga Ap 51",
        "short_name": "UBS Sms Cf Armando Palhares Aguinaga Ap 51",
        "comment": "UBS",
        "qtd_equipes_esf": 10,
        "qtd_equipes_eap": 0,
        "qtd_equipes_total": 14,
        "capacidade_pnab": 35000,
        "nomes_equipes": "IMPERADOR ESB; MAGOARI; JAMBO II; HELENA; SANTO ANGELO; IMPERADOR; CAPITAO TEIXEIRA II; CAPITAO TEIXEIRA ESB; DONA OLIMPIA; DR. LESSA; JAMBO I; CAPITAO TEIXEIRA I; DONA OLIMPIA ESB; EMULTI ARMANDO/ROGERIO"
      },
      "geometry": {
        "type": "Point",
        "coordinates": [
          -43.429867,
          -22.878972
        ]
      }
    },
    {
      "type": "Feature",
      "id": 9071385,
      "properties": {
        "operator": "Prefeitura Municipal de Rio de Janeiro",
        "operator:type": "public",
        "ref:CNES": "9071385",
        "source": "cnes;datasus;dados_abertos_saude",
        "official_name": "SMS CF ARTHUR BISPO DO ROSARIO AP 40",
        "addr:street": "Rua Sampaio Correa",
        "addr:suburb": "Jacarepagua",
        "addr:city": "Rio de Janeiro",
        "addr:state": "RJ",
        "addr:country": "BR",
        "addr:postcode": "22713-570",
        "phone": "+55 46 2042-3676",
        "email": "cfarthurbispo@gmail.com",
        "amenity": "clinic",
        "healthcare": "clinic",
        "name": "Unidade Básica de Saúde Sms Cf Arthur Bispo do Rosario Ap 40",
        "short_name": "UBS Sms Cf Arthur Bispo do Rosario Ap 40",
        "comment": "UBS",
        "qtd_equipes_esf": 8,
        "qtd_equipes_eap": 0,
        "qtd_equipes_total": 12,
        "capacidade_pnab": 28000,
        "nomes_equipes": "IPADU; ENTRE RIOS ESB; SAMPAIO CORREA ESB; ARARAS CLARAS; ADAUTO BOTELHO; ENTRE RIOS; OUTEIRO SANTO; SAMPAIO CORREA; SANTA AGUEDA; EMULTI - COLONIA; MATA ATLANTICA; ARARAS CLARAS ESB"
      },
      "geometry": {
        "type": "Point",
        "coordinates": [
          -43.3899415,
          -22.9375387
        ]
      }
    },
    {
      "type": "Feature",
      "id": 6804209,
      "properties": {
        "operator": "Prefeitura Municipal de Rio de Janeiro",
        "operator:type": "public",
        "ref:CNES": "6804209",
        "source": "cnes;datasus;dados_abertos_saude",
        "official_name": "SMS CF ASSIS VALENTE AP 31",
        "addr:street": "Rua Est das Canarias Com Av Bras Crispin Praca",
        "addr:suburb": "Galeao",
        "addr:city": "Rio de Janeiro",
        "addr:state": "RJ",
        "addr:country": "BR",
        "addr:postcode": "21931-582",
        "phone": "+55 21 98591-0034",
        "email": "cfassisvalente@vivario.org.br",
        "amenity": "clinic",
        "healthcare": "clinic",
        "name": "Unidade Básica de Saúde Sms Cf Assis Valente Ap 31",
        "short_name": "UBS Sms Cf Assis Valente Ap 31",
        "comment": "UBS",
        "qtd_equipes_esf": 10,
        "qtd_equipes_eap": 0,
        "qtd_equipes_total": 12,
        "capacidade_pnab": 35000,
        "nomes_equipes": "FLAMINGO; SANTOS DUMONT ESB; SANTOS DUMONT; AVIAO; EMA I; SABIA; AGUIA DOURADA ESB; FENIX; EMA III; EMA II; 14 BIS; AGUIA DOURADA"
      },
      "geometry": {
        "type": "Point",
        "coordinates": [
          -43.2271807,
          -22.8110453
        ]
      }
    },
    {
      "type": "Feature",
      "id": 6023320,
      "properties": {
        "operator": "Prefeitura Municipal de Rio de Janeiro",
        "operator:type": "public",
        "ref:CNES": "6023320",
        "source": "cnes;datasus;dados_abertos_saude",
        "official_name": "SMS CF AUGUSTO BOAL AP 31",
        "addr:street": "Rua Av Guilherme Maxwel",
        "addr:housenumber": "901",
        "addr:suburb": "Mare",
        "addr:city": "Rio de Janeiro",
        "addr:state": "RJ",
        "addr:country": "BR",
        "addr:postcode": "21040-211",
        "phone": "+55 21 98591-0058",
        "email": "adm.cfab@gmail.com",
        "amenity": "clinic",
        "healthcare": "clinic",
        "name": "Unidade Básica de Saúde Sms Cf Augusto Boal Ap 31",
        "short_name": "UBS Sms Cf Augusto Boal Ap 31",
        "comment": "UBS",
        "qtd_equipes_esf": 7,
        "qtd_equipes_eap": 0,
        "qtd_equipes_total": 10,
        "capacidade_pnab": 24500,
        "nomes_equipes": "BENTO RIBEIRO DANTAS; PRACA DO 18; OROSINA; CASINHAS; PROCLAMACAO; EMULTI AUGUSTO BOAL; OLIVEIRA; TIMBAU; BENTO RIBEIRO DANTAS ESB; TIMBAU ESB"
      },
      "geometry": {
        "type": "Point",
        "coordinates": [
          -43.2419683,
          -22.8656068
        ]
      }
    },
    {
      "type": "Feature",
      "id": 7892810,
      "properties": {
        "operator": "Prefeitura Municipal de Rio de Janeiro",
        "operator:type": "public",
        "ref:CNES": "7892810",
        "source": "cnes;datasus;dados_abertos_saude",
        "official_name": "SMS CF BARBARA MOSLEY DE SOUZA AP 40",
        "addr:street": "Avenida Otavio Malta",
        "addr:suburb": "Anil",
        "addr:city": "Rio de Janeiro",
        "addr:state": "RJ",
        "addr:country": "BR",
        "addr:postcode": "22765-820",
        "phone": "+55 46 2042-3660",
        "email": "gerbarbaramosley2019@gmail.com",
        "amenity": "clinic",
        "healthcare": "clinic",
        "name": "Unidade Básica de Saúde Sms Cf Barbara Mosley de Souza Ap 40",
        "short_name": "UBS Sms Cf Barbara Mosley de Souza Ap 40",
        "comment": "UBS",
        "qtd_equipes_esf": 9,
        "qtd_equipes_eap": 0,
        "qtd_equipes_total": 14,
        "capacidade_pnab": 31500,
        "nomes_equipes": "MARGARIDA ESB; LIRIO; ROSA ESB; TULIPA ESB; AMOR PERFEITO ESB; EMULTI - ANIL; AZALEIA; JARDINS; ROSA; TULIPA; MARGARIDA; VIOLETA; AMOR PERFEITO; DALIA"
      },
      "geometry": {
        "type": "Point",
        "coordinates": [
          -43.3423479,
          -22.9542626
        ]
      }
    },
    {
      "type": "Feature",
      "id": 6820018,
      "properties": {
        "operator": "Prefeitura Municipal de Rio de Janeiro",
        "operator:type": "public",
        "ref:CNES": "6820018",
        "source": "cnes;datasus;dados_abertos_saude",
        "official_name": "SMS CF BARBARA STARFIELD AP 32",
        "addr:street": "Rua Volta Grande",
        "addr:suburb": "Del Castilho",
        "addr:city": "Rio de Janeiro",
        "addr:state": "RJ",
        "addr:country": "BR",
        "addr:postcode": "21051-100",
        "phone": "+55 21 3798-9342",
        "email": "starfield32@gmail.com",
        "amenity": "clinic",
        "healthcare": "clinic",
        "name": "Unidade Básica de Saúde Sms Cf Barbara Starfield Ap 32",
        "short_name": "UBS Sms Cf Barbara Starfield Ap 32",
        "comment": "UBS",
        "qtd_equipes_esf": 9,
        "qtd_equipes_eap": 0,
        "qtd_equipes_total": 11,
        "capacidade_pnab": 31500,
        "nomes_equipes": "DARKE DE MATOS; VOLTA GRANDE ESB; DARKE DE MATOS ESB; DOMINGOS DE MAGALHAES; PIRES DE CARVALHO; FELIX FERREIRA II; DARKE DE MATOS II; VOLTA GRANDE; DOMINGOS DE MAGALHAES II; PIRES DE CARVALHO II; FELIX FERREIRA"
      },
      "geometry": {
        "type": "Point",
        "coordinates": [
          -43.268802,
          -22.877967
        ]
      }
    },
    {
      "type": "Feature",
      "id": 6914152,
      "properties": {
        "operator": "Prefeitura Municipal de Rio de Janeiro",
        "operator:type": "public",
        "ref:CNES": "6914152",
        "source": "cnes;datasus;dados_abertos_saude",
        "official_name": "SMS CF BIBI VOGEL AP 32",
        "addr:street": "Estrada Adhemar Bebiano",
        "addr:housenumber": "3686",
        "addr:suburb": "Engenho da Rainha",
        "addr:city": "Rio de Janeiro",
        "addr:state": "RJ",
        "addr:country": "BR",
        "addr:postcode": "20766-721",
        "phone": "+55 21 97092-0449",
        "email": "cfbibivogel@gmail.com",
        "amenity": "clinic",
        "healthcare": "clinic",
        "name": "Unidade Básica de Saúde Sms Cf Bibi Vogel Ap 32",
        "short_name": "UBS Sms Cf Bibi Vogel Ap 32",
        "comment": "UBS",
        "qtd_equipes_esf": 7,
        "qtd_equipes_eap": 0,
        "qtd_equipes_total": 10,
        "capacidade_pnab": 24500,
        "nomes_equipes": "ADHEMAR BEBIANO; MALACACHETA; HORTOLANDIA; CANITAR; MARECHAL CASTELO BRANCO; EMULTI BIBI VOGEL; HORTOLANDIA ESB; CANITAR ESB; MANUEL MAURICIO; MOREIA"
      },
      "geometry": {
        "type": "Point",
        "coordinates": [
          -43.2913272,
          -22.8653441
        ]
      }
    },
    {
      "type": "Feature",
      "id": 8428514,
      "properties": {
        "operator": "Prefeitura Municipal de Rio de Janeiro",
        "operator:type": "public",
        "ref:CNES": "8428514",
        "source": "cnes;datasus;dados_abertos_saude",
        "official_name": "SMS CF CAMORIM AP 40",
        "addr:street": "Estrada do Camorim",
        "addr:housenumber": "205",
        "addr:suburb": "Jacarepagua",
        "addr:city": "Rio de Janeiro",
        "addr:state": "RJ",
        "addr:country": "BR",
        "addr:postcode": "22780-070",
        "amenity": "clinic",
        "healthcare": "clinic",
        "name": "Unidade Básica de Saúde Sms Cf Camorim Ap 40",
        "short_name": "UBS Sms Cf Camorim Ap 40",
        "comment": "UBS",
        "qtd_equipes_esf": 1,
        "qtd_equipes_eap": 0,
        "qtd_equipes_total": 1,
        "capacidade_pnab": 3500,
        "nomes_equipes": ""
      },
      "geometry": {
        "type": "Point",
        "coordinates": [
          -43.416474,
          -22.9690062
        ]
      }
    },
    {
      "type": "Feature",
      "id": 9111344,
      "properties": {
        "operator": "Prefeitura Municipal de Rio de Janeiro",
        "operator:type": "public",
        "ref:CNES": "9111344",
        "source": "cnes;datasus;dados_abertos_saude",
        "official_name": "SMS CF CANDIDO RIBEIRO DA SILVA FILHO AP 33",
        "addr:street": "Avenida São Felix",
        "addr:housenumber": "601",
        "addr:suburb": "Vista Alegre",
        "addr:city": "Rio de Janeiro",
        "addr:state": "RJ",
        "addr:country": "BR",
        "addr:postcode": "21235-610",
        "phone": "97521-5918/3148-2086",
        "email": "cfcandinho@gmail.com",
        "amenity": "clinic",
        "healthcare": "clinic",
        "name": "Unidade Básica de Saúde Sms Cf Candido Ribeiro da Silva Filho Ap 33",
        "short_name": "UBS Sms Cf Candido Ribeiro da Silva Filho Ap 33",
        "comment": "UBS",
        "qtd_equipes_esf": 4,
        "qtd_equipes_eap": 0,
        "qtd_equipes_total": 7,
        "capacidade_pnab": 14000,
        "nomes_equipes": "MAUES ESB; MAUES; CAPITAO CRUZ; EMILIO MIRANDA; INSPIRACAO; EMULTI CANDIDO RIBEIRO; CAPITAO CRUZ ESB"
      },
      "geometry": {
        "type": "Point",
        "coordinates": [
          -43.31226,
          -22.83269
        ]
      }
    },
    {
      "type": "Feature",
      "id": 6496989,
      "properties": {
        "operator": "Prefeitura Municipal de Rio de Janeiro",
        "operator:type": "public",
        "ref:CNES": "6496989",
        "source": "cnes;datasus;dados_abertos_saude",
        "official_name": "SMS CF CANTAGALO PAVAO PAVAOZINHO AP 21",
        "addr:street": "Rua Ladeira Saint Roman",
        "addr:housenumber": "172",
        "addr:suburb": "Copacabana",
        "addr:city": "Rio de Janeiro",
        "addr:state": "RJ",
        "addr:country": "BR",
        "addr:postcode": "22071-060",
        "phone": "+55 21 3613-8290",
        "email": "cfppg.cap21@gmail.com",
        "amenity": "clinic",
        "healthcare": "clinic",
        "name": "Unidade Básica de Saúde Sms Cf Cantagalo Pavao Pavaozinho Ap 21",
        "short_name": "UBS Sms Cf Cantagalo Pavao Pavaozinho Ap 21",
        "comment": "UBS",
        "qtd_equipes_esf": 4,
        "qtd_equipes_eap": 0,
        "qtd_equipes_total": 6,
        "capacidade_pnab": 14000,
        "nomes_equipes": "CANTAGALO ESB; SAINT ROMAN; PAVAOZINHO; CANTAGALO; PAVAO; PAVAOZINHO ESB"
      },
      "geometry": {
        "type": "Point",
        "coordinates": [
          -43.196405,
          -22.981562
        ]
      }
    },
    {
      "type": "Feature",
      "id": 7052049,
      "properties": {
        "operator": "Prefeitura Municipal de Rio de Janeiro",
        "operator:type": "public",
        "ref:CNES": "7052049",
        "source": "cnes;datasus;dados_abertos_saude",
        "official_name": "SMS CF CARIOCA AP 32",
        "addr:street": "Rua Bergamo",
        "addr:housenumber": "320",
        "addr:suburb": "Rocha",
        "addr:city": "Rio de Janeiro",
        "addr:state": "RJ",
        "addr:country": "BR",
        "addr:postcode": "20960-045",
        "phone": "+55 21 97092-0426",
        "email": "bairrocarioca32@gmail.com",
        "amenity": "clinic",
        "healthcare": "clinic",
        "name": "Unidade Básica de Saúde Sms Cf Carioca Ap 32",
        "short_name": "UBS Sms Cf Carioca Ap 32",
        "comment": "UBS",
        "qtd_equipes_esf": 3,
        "qtd_equipes_eap": 0,
        "qtd_equipes_total": 4,
        "capacidade_pnab": 10500,
        "nomes_equipes": "MOGI MIRIM; ITAPOA; BERGAMO; BERGAMO ESB"
      },
      "geometry": {
        "type": "Point",
        "coordinates": [
          -43.246296,
          -22.895056
        ]
      }
    },
    {
      "type": "Feature",
      "id": 7119798,
      "properties": {
        "operator": "Prefeitura Municipal de Rio de Janeiro",
        "operator:type": "public",
        "ref:CNES": "7119798",
        "source": "cnes;datasus;dados_abertos_saude",
        "official_name": "SMS CF CARLOS NERY DA COSTA FILHO AP 33",
        "addr:street": "Rua Clarimundo de Melo",
        "addr:housenumber": "847",
        "addr:suburb": "Quintino Bocaiuva",
        "addr:city": "Rio de Janeiro",
        "addr:state": "RJ",
        "addr:country": "BR",
        "addr:postcode": "21311-282",
        "phone": "+55 46 97506-2458",
        "email": "cfcarlosnery.cap33@gmail.com",
        "amenity": "clinic",
        "healthcare": "clinic",
        "name": "Unidade Básica de Saúde Sms Cf Carlos Nery da Costa Filho Ap 33",
        "short_name": "UBS Sms Cf Carlos Nery da Costa Filho Ap 33",
        "comment": "UBS",
        "qtd_equipes_esf": 6,
        "qtd_equipes_eap": 0,
        "qtd_equipes_total": 8,
        "capacidade_pnab": 21000,
        "nomes_equipes": "FRANCO VAZ; OLINA; BLUMENAU; SACU; BALBINA; GARCIA PIRES; BLUMENAU ESB; SACU ESB"
      },
      "geometry": {
        "type": "Point",
        "coordinates": [
          -43.32441,
          -22.89129
        ]
      }
    },
    {
      "type": "Feature",
      "id": 6632831,
      "properties": {
        "operator": "Prefeitura Municipal de Rio de Janeiro",
        "operator:type": "public",
        "ref:CNES": "6632831",
        "source": "cnes;datasus;dados_abertos_saude",
        "official_name": "SMS CF CHAPEU MANGUEIRA E BABILONIA AP 21",
        "addr:street": "Rua Ladeira Ari Barroso",
        "addr:suburb": "Leme",
        "addr:city": "Rio de Janeiro",
        "addr:state": "RJ",
        "addr:country": "BR",
        "addr:postcode": "22010-060",
        "phone": "+55 21 3613-8343",
        "email": "sfchapeubabilonia@gmail.com",
        "amenity": "clinic",
        "healthcare": "clinic",
        "name": "Unidade Básica de Saúde Sms Cf Chapeu Mangueira e Babilonia Ap 21",
        "short_name": "UBS Sms Cf Chapeu Mangueira e Babilonia Ap 21",
        "comment": "UBS",
        "qtd_equipes_esf": 2,
        "qtd_equipes_eap": 0,
        "qtd_equipes_total": 2,
        "capacidade_pnab": 7000,
        "nomes_equipes": "CHAPEU MANGUEIRA; BABILONIA"
      },
      "geometry": {
        "type": "Point",
        "coordinates": [
          -43.1692653,
          -22.9605773
        ]
      }
    },
    {
      "type": "Feature",
      "id": 193089,
      "properties": {
        "operator": "Prefeitura Municipal de Rio de Janeiro",
        "operator:type": "public",
        "ref:CNES": "193089",
        "source": "cnes;datasus;dados_abertos_saude",
        "official_name": "SMS CF CRISTIANI VIEIRA PINHO AP 51",
        "addr:street": "Rua Praca Lealdina Muniz",
        "addr:suburb": "Bangu",
        "addr:city": "Rio de Janeiro",
        "addr:state": "RJ",
        "addr:country": "BR",
        "addr:postcode": "21820-005",
        "email": "ger.cristianivieira.cap51@gmail.com",
        "amenity": "clinic",
        "healthcare": "clinic",
        "name": "Unidade Básica de Saúde Sms Cf Cristiani Vieira Pinho Ap 51",
        "short_name": "UBS Sms Cf Cristiani Vieira Pinho Ap 51",
        "comment": "UBS",
        "qtd_equipes_esf": 6,
        "qtd_equipes_eap": 0,
        "qtd_equipes_total": 9,
        "capacidade_pnab": 21000,
        "nomes_equipes": "RIO DA PRATA; PAULA LOPES ESB; AMANAJO; USINA; BARAO DE CAPANEMA ESB; DOZE DE FEVEREIRO; EMULTI CRISTIANI / WALDYR; BARAO DE CAPANEMA; PAULA LOPES"
      },
      "geometry": {
        "type": "Point",
        "coordinates": [
          -43.465417,
          -22.888278
        ]
      }
    },
    {
      "type": "Feature",
      "id": 9078983,
      "properties": {
        "operator": "Prefeitura Municipal de Rio de Janeiro",
        "operator:type": "public",
        "ref:CNES": "9078983",
        "source": "cnes;datasus;dados_abertos_saude",
        "official_name": "SMS CF CYPRIANO DAS CHAGAS MEDEIROS AP 33",
        "addr:street": "Rua Jumirim",
        "addr:housenumber": "87",
        "addr:suburb": "Coelho Neto",
        "addr:city": "Rio de Janeiro",
        "addr:state": "RJ",
        "addr:country": "BR",
        "addr:postcode": "21510-580",
        "phone": "97508-7445/3450-4311",
        "email": "cfcyprianocm@hotmail.com",
        "amenity": "clinic",
        "healthcare": "clinic",
        "name": "Unidade Básica de Saúde Sms Cf Cypriano das Chagas Medeiros Ap 33",
        "short_name": "UBS Sms Cf Cypriano das Chagas Medeiros Ap 33",
        "comment": "UBS",
        "qtd_equipes_esf": 8,
        "qtd_equipes_eap": 0,
        "qtd_equipes_total": 11,
        "capacidade_pnab": 28000,
        "nomes_equipes": "ARATANGI; ZUINARA; ARAPEI; JAQUEIRA ESB; DIAMANTES; COELHO NETO; MAMBUCABA; ARISTOTELES; ARATANGI ESB; ZUINARA ESB; JAQUEIRA"
      },
      "geometry": {
        "type": "Point",
        "coordinates": [
          -43.34821,
          -22.83622
        ]
      }
    },
    {
      "type": "Feature",
      "id": 6677711,
      "properties": {
        "operator": "Prefeitura Municipal de Rio de Janeiro",
        "operator:type": "public",
        "ref:CNES": "6677711",
        "source": "cnes;datasus;dados_abertos_saude",
        "official_name": "SMS CF DALMIR DE ABREU SALGADO AP 52",
        "addr:street": "Estrada do Magarca",
        "addr:housenumber": "1831",
        "addr:suburb": "Guaratiba",
        "addr:city": "Rio de Janeiro",
        "addr:state": "RJ",
        "addr:country": "BR",
        "addr:postcode": "23031-204",
        "phone": "+55 21 3311-5326",
        "email": "gerentecfdas@gmail.com",
        "amenity": "clinic",
        "healthcare": "clinic",
        "name": "Unidade Básica de Saúde Sms Cf Dalmir de Abreu Salgado Ap 52",
        "short_name": "UBS Sms Cf Dalmir de Abreu Salgado Ap 52",
        "comment": "UBS",
        "qtd_equipes_esf": 6,
        "qtd_equipes_eap": 0,
        "qtd_equipes_total": 9,
        "capacidade_pnab": 21000,
        "nomes_equipes": "EMULTI MONTEIRO MAGARCA; BRILHO DO SOL ESB; CANTAGALO; BRILHO DO SOL; CATA-VENTO; MARIA MAURITA; CABUCU DE BAIXO; SANTA PAULA ESB; SANTA PAULA"
      },
      "geometry": {
        "type": "Point",
        "coordinates": [
          -43.5909703,
          -22.9419599
        ]
      }
    },
    {
      "type": "Feature",
      "id": 7108265,
      "properties": {
        "operator": "Prefeitura Municipal de Rio de Janeiro",
        "operator:type": "public",
        "ref:CNES": "7108265",
        "source": "cnes;datasus;dados_abertos_saude",
        "official_name": "SMS CF DANTE ROMANO JUNIOR AP 33",
        "addr:street": "Rua Carolina Machado",
        "addr:suburb": "Marechal Hermes",
        "addr:city": "Rio de Janeiro",
        "addr:state": "RJ",
        "addr:country": "BR",
        "addr:postcode": "21557-150",
        "phone": "97540-2089/2489-6838",
        "email": "cfdanteromanojunior@gmail.com",
        "amenity": "clinic",
        "healthcare": "clinic",
        "name": "Unidade Básica de Saúde Sms Cf Dante Romano Junior Ap 33",
        "short_name": "UBS Sms Cf Dante Romano Junior Ap 33",
        "comment": "UBS",
        "qtd_equipes_esf": 9,
        "qtd_equipes_eap": 0,
        "qtd_equipes_total": 13,
        "capacidade_pnab": 31500,
        "nomes_equipes": "BAGDA; MARIO DA MOTA; MONTE CARMELO; MARAPENDI; MARAPENDI ESB; BAGDA ESB; MARIO HERMES ESB; BELIZE; CURURIPE; EMULTI DANTE ROMANO; CANAA; MONTESE; MARIO HERMES"
      },
      "geometry": {
        "type": "Point",
        "coordinates": [
          -43.37054,
          -22.86003
        ]
      }
    },
    {
      "type": "Feature",
      "id": 5154197,
      "properties": {
        "operator": "Prefeitura Municipal de Rio de Janeiro",
        "operator:type": "public",
        "ref:CNES": "5154197",
        "source": "cnes;datasus;dados_abertos_saude",
        "official_name": "SMS CF DAVID CAPISTRANO FILHO AP 52",
        "addr:street": "Avenida Cesario de Melo",
        "addr:suburb": "Inhoaiba",
        "addr:city": "Rio de Janeiro",
        "addr:state": "RJ",
        "addr:country": "BR",
        "addr:postcode": "23045-210",
        "phone": "+55 21 3384-1569",
        "email": "gerentecfdcf@gmail.com",
        "amenity": "clinic",
        "healthcare": "clinic",
        "name": "Unidade Básica de Saúde Sms Cf David Capistrano Filho Ap 52",
        "short_name": "UBS Sms Cf David Capistrano Filho Ap 52",
        "comment": "UBS",
        "qtd_equipes_esf": 4,
        "qtd_equipes_eap": 0,
        "qtd_equipes_total": 6,
        "capacidade_pnab": 14000,
        "nomes_equipes": "PARQUE ESPERANCA ESB; MORANGA ESB; ALVORADA; ALDO BOTELHO; MORANGA; PARQUE ESPERANCA"
      },
      "geometry": {
        "type": "Point",
        "coordinates": [
          -43.5347483,
          -22.9113708
        ]
      }
    },
    {
      "type": "Feature",
      "id": 6660185,
      "properties": {
        "operator": "Prefeitura Municipal de Rio de Janeiro",
        "operator:type": "public",
        "ref:CNES": "6660185",
        "source": "cnes;datasus;dados_abertos_saude",
        "official_name": "SMS CF DEOLINDO COUTO AP 53",
        "addr:street": "Rua Santo Augurio",
        "addr:housenumber": "40",
        "addr:suburb": "Santa Cruz",
        "addr:city": "Rio de Janeiro",
        "addr:state": "RJ",
        "addr:country": "BR",
        "addr:postcode": "23510-220",
        "phone": "+55 21 3158-9665",
        "email": "cfdc.cap53@gmail.com",
        "amenity": "clinic",
        "healthcare": "clinic",
        "name": "Unidade Básica de Saúde Sms Cf Deolindo Couto Ap 53",
        "short_name": "UBS Sms Cf Deolindo Couto Ap 53",
        "comment": "UBS",
        "qtd_equipes_esf": 5,
        "qtd_equipes_eap": 0,
        "qtd_equipes_total": 7,
        "capacidade_pnab": 17500,
        "nomes_equipes": "MARQUES DE ERVAL; DR. CONTINENTINO; PEDRINHAS; JAQUEIRA ESB; JAQUEIRA; PEDRINHAS ESB; BONS AMIGOS"
      },
      "geometry": {
        "type": "Point",
        "coordinates": [
          -43.67527,
          -22.91983
        ]
      }
    },
    {
      "type": "Feature",
      "id": 9131884,
      "properties": {
        "operator": "Prefeitura Municipal de Rio de Janeiro",
        "operator:type": "public",
        "ref:CNES": "9131884",
        "source": "cnes;datasus;dados_abertos_saude",
        "official_name": "SMS CF DEPUTADO PEDRO FERNANDES FILHO AP 33",
        "addr:street": "Rua Praca Nossa Senhora da Apresentacao",
        "addr:suburb": "Iraja",
        "addr:city": "Rio de Janeiro",
        "addr:state": "RJ",
        "addr:country": "BR",
        "addr:postcode": "21231-220",
        "phone": "97530-2036/3371-0144",
        "email": "cfdeppedrofernandesfilho@gmail.com",
        "amenity": "clinic",
        "healthcare": "clinic",
        "name": "Unidade Básica de Saúde Sms Cf Deputado Pedro Fernandes Filho Ap 33",
        "short_name": "UBS Sms Cf Deputado Pedro Fernandes Filho Ap 33",
        "comment": "UBS",
        "qtd_equipes_esf": 6,
        "qtd_equipes_eap": 0,
        "qtd_equipes_total": 9,
        "capacidade_pnab": 21000,
        "nomes_equipes": "ROCHA FREIRE; AVEIRO; EMULTI PEDRO FERNANDES; AVEIRO ESB; DULIO COSTA ESB; MANOEL DE ARAUJO; DULIO COSTA; OTELO ROSA; SAMIN"
      },
      "geometry": {
        "type": "Point",
        "coordinates": [
          -43.32822,
          -22.83018
        ]
      }
    },
    {
      "type": "Feature",
      "id": 9345515,
      "properties": {
        "operator": "Prefeitura Municipal de Rio de Janeiro",
        "operator:type": "public",
        "ref:CNES": "9345515",
        "source": "cnes;datasus;dados_abertos_saude",
        "official_name": "SMS CF DINIZ BATISTA DOS SANTOS AP 31",
        "addr:street": "Avenida Brigadeiro Trompowsky",
        "addr:suburb": "Mare",
        "addr:city": "Rio de Janeiro",
        "addr:state": "RJ",
        "addr:country": "BR",
        "addr:postcode": "21044-020",
        "phone": "+55 21 98591-0043",
        "email": "cfdinizbatista@gmail.com",
        "amenity": "clinic",
        "healthcare": "clinic",
        "name": "Unidade Básica de Saúde Sms Cf Diniz Batista dos Santos Ap 31",
        "short_name": "UBS Sms Cf Diniz Batista dos Santos Ap 31",
        "comment": "UBS",
        "qtd_equipes_esf": 6,
        "qtd_equipes_eap": 0,
        "qtd_equipes_total": 9,
        "capacidade_pnab": 21000,
        "nomes_equipes": "PORTINARI ESB; CONQUISTA; ARI LEAO; EMULTI DINIZ BATISTA; SAO PEDRO; BRIGADEIRO TROMPOWSKI; ARAUJO; PORTINARI; BRIGADEIRO TROMPOWSKI ESB"
      },
      "geometry": {
        "type": "Point",
        "coordinates": [
          -43.245,
          -22.846
        ]
      }
    },
    {
      "type": "Feature",
      "id": 6023975,
      "properties": {
        "operator": "Prefeitura Municipal de Rio de Janeiro",
        "operator:type": "public",
        "ref:CNES": "6023975",
        "source": "cnes;datasus;dados_abertos_saude",
        "official_name": "SMS CF DONA ZICA AP 10",
        "addr:street": "Rua João Rodrigues",
        "addr:housenumber": "43",
        "addr:suburb": "São Francisco Xavier",
        "addr:city": "Rio de Janeiro",
        "addr:state": "RJ",
        "addr:country": "BR",
        "addr:postcode": "20960-010",
        "phone": "+55 21 3496-9228",
        "email": "cfdonazica.cap10@gmail.com",
        "amenity": "clinic",
        "healthcare": "clinic",
        "name": "Unidade Básica de Saúde Sms Cf Dona Zica Ap 10",
        "short_name": "UBS Sms Cf Dona Zica Ap 10",
        "comment": "UBS",
        "qtd_equipes_esf": 5,
        "qtd_equipes_eap": 0,
        "qtd_equipes_total": 7,
        "capacidade_pnab": 17500,
        "nomes_equipes": "ESB BURACO QUENTE; ESB CHALE; TELEGRAFO; CHALE; CANDELARIA; BURACO QUENTE; ENTORNO"
      },
      "geometry": {
        "type": "Point",
        "coordinates": [
          -43.243,
          -22.9014
        ]
      }
    },
    {
      "type": "Feature",
      "id": 9715444,
      "properties": {
        "operator": "Prefeitura Municipal de Rio de Janeiro",
        "operator:type": "public",
        "ref:CNES": "9715444",
        "source": "cnes;datasus;dados_abertos_saude",
        "official_name": "SMS CF DR MYRTES AMORELLI GONZAGA AP 52",
        "addr:street": "Estrada do Lameirao Pequeno",
        "addr:suburb": "Campo Grande",
        "addr:city": "Rio de Janeiro",
        "addr:state": "RJ",
        "addr:country": "BR",
        "addr:postcode": "23017-320",
        "email": "cflameirao@gmail.com",
        "amenity": "clinic",
        "healthcare": "clinic",
        "name": "Unidade Básica de Saúde Sms Cf Dr Myrtes Amorelli Gonzaga Ap 52",
        "short_name": "UBS Sms Cf Dr Myrtes Amorelli Gonzaga Ap 52",
        "comment": "UBS",
        "qtd_equipes_esf": 6,
        "qtd_equipes_eap": 0,
        "qtd_equipes_total": 9,
        "capacidade_pnab": 21000,
        "nomes_equipes": "LAMEIRAO ESB; EMULTI RIO DA PRATA; MONTE SANTO ESB; SANTA RITA; SAO JERONIMO; LAMEIRAO; ARNALDO EUGENIO; VILA JARDIM; MONTE SANTO"
      },
      "geometry": {
        "type": "Point",
        "coordinates": [
          -43.5909404,
          -22.9419443
        ]
      }
    },
    {
      "type": "Feature",
      "id": 8062900,
      "properties": {
        "operator": "Prefeitura Municipal de Rio de Janeiro",
        "operator:type": "public",
        "ref:CNES": "8062900",
        "source": "cnes;datasus;dados_abertos_saude",
        "official_name": "SMS CF DYMAS JOSEPH PELLEGRIN AP 40",
        "addr:street": "Rua Sérgio de Carvalho",
        "addr:housenumber": "75",
        "addr:suburb": "Itanhanga",
        "addr:city": "Rio de Janeiro",
        "addr:state": "RJ",
        "addr:country": "BR",
        "addr:postcode": "22641-220",
        "phone": "+55 46 2042-3659",
        "email": "cfdymasjp@gmail.com",
        "amenity": "clinic",
        "healthcare": "clinic",
        "name": "Unidade Básica de Saúde Sms Cf Dymas Joseph Pellegrin Ap 40",
        "short_name": "UBS Sms Cf Dymas Joseph Pellegrin Ap 40",
        "comment": "UBS",
        "qtd_equipes_esf": 3,
        "qtd_equipes_eap": 0,
        "qtd_equipes_total": 3,
        "capacidade_pnab": 10500,
        "nomes_equipes": "PAZ DA FLORESTA; ITABUNA DA FLORESTA; MANGUEZAL"
      },
      "geometry": {
        "type": "Point",
        "coordinates": [
          -43.2979826,
          -22.9891325
        ]
      }
    },
    {
      "type": "Feature",
      "id": 6762042,
      "properties": {
        "operator": "Prefeitura Municipal de Rio de Janeiro",
        "operator:type": "public",
        "ref:CNES": "6762042",
        "source": "cnes;datasus;dados_abertos_saude",
        "official_name": "SMS CF EDNEY CANAZARO DE OLIVEIRA AP 32",
        "addr:street": "Avenida Marechal Rondom C Rua Antunes Garcia",
        "addr:suburb": "Sampaio",
        "addr:city": "Rio de Janeiro",
        "addr:state": "RJ",
        "addr:country": "BR",
        "addr:postcode": "20950-060",
        "phone": "+55 21 3796-0103",
        "email": "edneycanazarodeoliveira@gmail.com",
        "amenity": "clinic",
        "healthcare": "clinic",
        "name": "Unidade Básica de Saúde Sms Cf Edney Canazaro de Oliveira Ap 32",
        "short_name": "UBS Sms Cf Edney Canazaro de Oliveira Ap 32",
        "comment": "UBS",
        "qtd_equipes_esf": 6,
        "qtd_equipes_eap": 0,
        "qtd_equipes_total": 9,
        "capacidade_pnab": 21000,
        "nomes_equipes": "SAO PAULO ESB; CERQUEIRA LIMA ESB; CERQUEIRA LIMA; ALZIRA VALDETARO; MANOEL MIRANDA; BELA VISTA; CONSELHEIRO JOBIM; SAO PAULO; EMULTI CB EDNEY CANAZARO"
      },
      "geometry": {
        "type": "Point",
        "coordinates": [
          -43.2626617,
          -22.9038569
        ]
      }
    },
    {
      "type": "Feature",
      "id": 6671020,
      "properties": {
        "operator": "Prefeitura Municipal de Rio de Janeiro",
        "operator:type": "public",
        "ref:CNES": "6671020",
        "source": "cnes;datasus;dados_abertos_saude",
        "official_name": "SMS CF EDSON ABDALLA SAAD AP 53",
        "addr:street": "Avenida Cesario de Melo",
        "addr:housenumber": "25",
        "addr:suburb": "Santa Cruz",
        "addr:city": "Rio de Janeiro",
        "addr:state": "RJ",
        "addr:country": "BR",
        "addr:postcode": "23575-070",
        "phone": "+55 21 3365-5365",
        "email": "cfeas.cap53@gmail.com",
        "amenity": "clinic",
        "healthcare": "clinic",
        "name": "Unidade Básica de Saúde Sms Cf Edson Abdalla Saad Ap 53",
        "short_name": "UBS Sms Cf Edson Abdalla Saad Ap 53",
        "comment": "UBS",
        "qtd_equipes_esf": 6,
        "qtd_equipes_eap": 0,
        "qtd_equipes_total": 8,
        "capacidade_pnab": 21000,
        "nomes_equipes": "PALESTINA; PRACA DO MAIA; PRACA DO MAIA ESB; VETERANO ESB; ESPERANCA; MARCOLINA; VETERANO; CENTRO CULTURAL"
      },
      "geometry": {
        "type": "Point",
        "coordinates": [
          -43.65571,
          -22.9315
        ]
      }
    },
    {
      "type": "Feature",
      "id": 7985657,
      "properties": {
        "operator": "Prefeitura Municipal de Rio de Janeiro",
        "operator:type": "public",
        "ref:CNES": "7985657",
        "source": "cnes;datasus;dados_abertos_saude",
        "official_name": "SMS CF EIDIMIR THIAGO DE SOUZA AP 31",
        "addr:street": "Rua Cordovil",
        "addr:housenumber": "1242",
        "addr:suburb": "Cordovil",
        "addr:city": "Rio de Janeiro",
        "addr:state": "RJ",
        "addr:country": "BR",
        "addr:postcode": "21250-450",
        "phone": "+55 21 98591-0029",
        "email": "cfeidimirthiagosouza@gmail.com",
        "amenity": "clinic",
        "healthcare": "clinic",
        "name": "Unidade Básica de Saúde Sms Cf Eidimir Thiago de Souza Ap 31",
        "short_name": "UBS Sms Cf Eidimir Thiago de Souza Ap 31",
        "comment": "UBS",
        "qtd_equipes_esf": 6,
        "qtd_equipes_eap": 0,
        "qtd_equipes_total": 10,
        "capacidade_pnab": 21000,
        "nomes_equipes": "JUPITER; ROSAS ESB; ROSAS; SAO SEBASTIAO; MELGACO; LAGUNA; CORDOVIL; CORDOVIL ESB; EMULTI EIDIMIR THIAGO; LAGUNA ESB"
      },
      "geometry": {
        "type": "Point",
        "coordinates": [
          -43.3094968,
          -22.8232239
        ]
      }
    },
    {
      "type": "Feature",
      "id": 6742130,
      "properties": {
        "operator": "Prefeitura Municipal de Rio de Janeiro",
        "operator:type": "public",
        "ref:CNES": "6742130",
        "source": "cnes;datasus;dados_abertos_saude",
        "official_name": "SMS CF EMYGDIO ALVES COSTA FILHO AP 32",
        "addr:street": "Rua do Lazer",
        "addr:housenumber": "153",
        "addr:suburb": "Pilares",
        "addr:city": "Rio de Janeiro",
        "addr:state": "RJ",
        "addr:country": "BR",
        "addr:postcode": "20760-230",
        "phone": "+55 21 3437-4741",
        "email": "cfea.adm@gmail.com",
        "amenity": "clinic",
        "healthcare": "clinic",
        "name": "Unidade Básica de Saúde Sms Cf Emygdio Alves Costa Filho Ap 32",
        "short_name": "UBS Sms Cf Emygdio Alves Costa Filho Ap 32",
        "comment": "UBS",
        "qtd_equipes_esf": 5,
        "qtd_equipes_eap": 0,
        "qtd_equipes_total": 8,
        "capacidade_pnab": 17500,
        "nomes_equipes": "ALVARO DE MIRANDA; MAJOR ADERBAL COSTA ESB; MARIO BAHIA ESB; EMULTI EMYGDIO ALVES COSTA Fº; AGUIA DE OURO; ENGENHO; MARIO BAHIA; MAJOR ADERBAL COSTA"
      },
      "geometry": {
        "type": "Point",
        "coordinates": [
          -43.287658,
          -22.881505
        ]
      }
    },
    {
      "type": "Feature",
      "id": 5044685,
      "properties": {
        "operator": "Prefeitura Municipal de Rio de Janeiro",
        "operator:type": "public",
        "ref:CNES": "5044685",
        "source": "cnes;datasus;dados_abertos_saude",
        "official_name": "SMS CF ENFERMEIRA EDMA VALADAO AP 33",
        "addr:street": "Rua Av Brasil",
        "addr:housenumber": "18476",
        "addr:suburb": "Acari",
        "addr:city": "Rio de Janeiro",
        "addr:state": "RJ",
        "addr:country": "BR",
        "addr:postcode": "21530-000",
        "phone": "97530-8889/2475-2515",
        "email": "cfedmavaladao.cap33@gmail.com",
        "amenity": "clinic",
        "healthcare": "clinic",
        "name": "Unidade Básica de Saúde Sms Cf Enfermeira Edma Valadao Ap 33",
        "short_name": "UBS Sms Cf Enfermeira Edma Valadao Ap 33",
        "comment": "UBS",
        "qtd_equipes_esf": 7,
        "qtd_equipes_eap": 0,
        "qtd_equipes_total": 9,
        "capacidade_pnab": 24500,
        "nomes_equipes": "VILA ESPERANCA; FIM DO MUNDO; AMARELINHO; PRINCIPAL; PRINCIPAL ESB; VILA RICA; PROJETADA; UNIAO; UNIAO ESB"
      },
      "geometry": {
        "type": "Point",
        "coordinates": [
          -43.33788,
          -22.82503
        ]
      }
    },
    {
      "type": "Feature",
      "id": 189200,
      "properties": {
        "operator": "Prefeitura Municipal de Rio de Janeiro",
        "operator:type": "public",
        "ref:CNES": "189200",
        "source": "cnes;datasus;dados_abertos_saude",
        "official_name": "SMS CF ENGENHEIRO SANITARISTA PAULO D AGUILA AP 33",
        "addr:street": "Rua Jorge Schmidt",
        "addr:housenumber": "331",
        "addr:suburb": "Marechal Hermes",
        "addr:city": "Rio de Janeiro",
        "addr:state": "RJ",
        "addr:country": "BR",
        "addr:postcode": "21610-645",
        "phone": "+55 46 97527-0567",
        "email": "cfespaulodaguila@gmail.com",
        "amenity": "clinic",
        "healthcare": "clinic",
        "name": "Unidade Básica de Saúde Sms Cf Engenheiro Sanitarista Paulo D Aguila Ap 33",
        "short_name": "UBS Sms Cf Engenheiro Sanitarista Paulo D Aguila Ap 33",
        "comment": "UBS",
        "qtd_equipes_esf": 3,
        "qtd_equipes_eap": 0,
        "qtd_equipes_total": 5,
        "capacidade_pnab": 10500,
        "nomes_equipes": "FREI SAMPAIO; FREI SAMPAIO ESB; CARLOS CHAGAS; COSTA FILHO; EMULTI PAULO DAGUILLA"
      },
      "geometry": {
        "type": "Point",
        "coordinates": [
          -43.37117,
          -22.86427
        ]
      }
    },
    {
      "type": "Feature",
      "id": 6793231,
      "properties": {
        "operator": "Prefeitura Municipal de Rio de Janeiro",
        "operator:type": "public",
        "ref:CNES": "6793231",
        "source": "cnes;datasus;dados_abertos_saude",
        "official_name": "SMS CF EPITACIO SOARES REIS AP 33",
        "addr:street": "Rua Av Chisostomo Pimentel de Oliveira",
        "addr:suburb": "Pavuna",
        "addr:city": "Rio de Janeiro",
        "addr:state": "RJ",
        "addr:country": "BR",
        "addr:postcode": "21650-001",
        "phone": "97517-8056/2455-5671",
        "email": "cfepitaciosoaresreis@gmail.com",
        "amenity": "clinic",
        "healthcare": "clinic",
        "name": "Unidade Básica de Saúde Sms Cf Epitacio Soares Reis Ap 33",
        "short_name": "UBS Sms Cf Epitacio Soares Reis Ap 33",
        "comment": "UBS",
        "qtd_equipes_esf": 6,
        "qtd_equipes_eap": 0,
        "qtd_equipes_total": 8,
        "capacidade_pnab": 21000,
        "nomes_equipes": "CHRISOSTOMO PIMENTEL; VILLAGE; CHAPADINHO; COMENDADOR GUERRA; PROF BERNADINO ROCHA; PAULA FONSECA ESB; CHRISOSTOMO PIMENTEL ESB; PAULA FONSECA"
      },
      "geometry": {
        "type": "Point",
        "coordinates": [
          -43.37301,
          -22.81331
        ]
      }
    },
    {
      "type": "Feature",
      "id": 9131795,
      "properties": {
        "operator": "Prefeitura Municipal de Rio de Janeiro",
        "operator:type": "public",
        "ref:CNES": "9131795",
        "source": "cnes;datasus;dados_abertos_saude",
        "official_name": "SMS CF ERIVALDO FERNANDES NOBREGA AP 32",
        "addr:street": "Rua Rio Grande do Sul",
        "addr:housenumber": "26",
        "addr:suburb": "Meier",
        "addr:city": "Rio de Janeiro",
        "addr:state": "RJ",
        "addr:country": "BR",
        "addr:postcode": "20775-100",
        "phone": "+55 21 3798-9325",
        "email": "cferivaldofnobrega@gmail.com",
        "amenity": "clinic",
        "healthcare": "clinic",
        "name": "Unidade Básica de Saúde Sms Cf Erivaldo Fernandes Nobrega Ap 32",
        "short_name": "UBS Sms Cf Erivaldo Fernandes Nobrega Ap 32",
        "comment": "UBS",
        "qtd_equipes_esf": 5,
        "qtd_equipes_eap": 0,
        "qtd_equipes_total": 6,
        "capacidade_pnab": 17500,
        "nomes_equipes": "HERMINIA; JARDIM DO MEIER; VISCONDE DE TOCANTINS; MARILIA DIRCEU; HERMINIA ESB; PRACA AVAI"
      },
      "geometry": {
        "type": "Point",
        "coordinates": [
          -43.2785987,
          -22.8983773
        ]
      }
    },
    {
      "type": "Feature",
      "id": 2280310,
      "properties": {
        "operator": "Prefeitura Municipal de Rio de Janeiro",
        "operator:type": "public",
        "ref:CNES": "2280310",
        "source": "cnes;datasus;dados_abertos_saude",
        "official_name": "SMS CF ERNANI DE PAIVA FERREIRA BRAGA AP 53",
        "addr:street": "Avenida João Xxiii",
        "addr:suburb": "Santa Cruz",
        "addr:city": "Rio de Janeiro",
        "addr:state": "RJ",
        "addr:country": "BR",
        "addr:postcode": "23560-352",
        "phone": "+55 21 3395-3412",
        "email": "cfeb.cap53@gmail.com",
        "amenity": "clinic",
        "healthcare": "clinic",
        "name": "Unidade Básica de Saúde Sms Cf Ernani de Paiva Ferreira Braga Ap 53",
        "short_name": "UBS Sms Cf Ernani de Paiva Ferreira Braga Ap 53",
        "comment": "UBS",
        "qtd_equipes_esf": 8,
        "qtd_equipes_eap": 0,
        "qtd_equipes_total": 11,
        "capacidade_pnab": 28000,
        "nomes_equipes": "MIECIMO ESB; JOAO XXIII ESB; PADRE GUILHERME DECAMINADA; SERAFIM VIEGAS; EMULTI ERNANI BRAGA; GUANDU E GUANDU VELHO; MIECIMO; JOAO XXIII; HORTO FLORESTAL; VILLAGE ATLANTA; GUANDU I E LIBERDADE"
      },
      "geometry": {
        "type": "Point",
        "coordinates": [
          -43.101,
          -22.90479
        ]
      }
    },
    {
      "type": "Feature",
      "id": 6028233,
      "properties": {
        "operator": "Prefeitura Municipal de Rio de Janeiro",
        "operator:type": "public",
        "ref:CNES": "6028233",
        "source": "cnes;datasus;dados_abertos_saude",
        "official_name": "SMS CF ESTACIO DE SA AP 10",
        "addr:street": "Rua do Bispo",
        "addr:housenumber": "159",
        "addr:suburb": "Rio Comprido",
        "addr:city": "Rio de Janeiro",
        "addr:state": "RJ",
        "addr:country": "BR",
        "addr:postcode": "20261-066",
        "phone": "+55 21 3512-9543",
        "email": "cfestaciodesa.cap10@gmail.com",
        "amenity": "clinic",
        "healthcare": "clinic",
        "name": "Unidade Básica de Saúde Sms Cf Estacio de Sa Ap 10",
        "short_name": "UBS Sms Cf Estacio de Sa Ap 10",
        "comment": "UBS",
        "qtd_equipes_esf": 6,
        "qtd_equipes_eap": 0,
        "qtd_equipes_total": 8,
        "capacidade_pnab": 21000,
        "nomes_equipes": "CITISO ESF; ESB MATINHA; VISTA ALEGRE; MATINHA; BISPO; AURELIANO PORTUGAL; ESB VISTA ALEGRE; JOAQUIM PIZARRO"
      },
      "geometry": {
        "type": "Point",
        "coordinates": [
          -43.21485,
          -22.92559
        ]
      }
    },
    {
      "type": "Feature",
      "id": 9057706,
      "properties": {
        "operator": "Prefeitura Municipal de Rio de Janeiro",
        "operator:type": "public",
        "ref:CNES": "9057706",
        "source": "cnes;datasus;dados_abertos_saude",
        "official_name": "SMS CF ESTIVADORES AP 10",
        "addr:street": "Avenida do Exercito",
        "addr:housenumber": "99",
        "addr:suburb": "São Cristóvão",
        "addr:city": "Rio de Janeiro",
        "addr:state": "RJ",
        "addr:country": "BR",
        "addr:postcode": "20910-025",
        "phone": "+55 21 3936-0434",
        "email": "cfestivadores.cap10@gmail.com",
        "amenity": "clinic",
        "healthcare": "clinic",
        "name": "Unidade Básica de Saúde Sms Cf Estivadores Ap 10",
        "short_name": "UBS Sms Cf Estivadores Ap 10",
        "comment": "UBS",
        "qtd_equipes_esf": 3,
        "qtd_equipes_eap": 0,
        "qtd_equipes_total": 4,
        "capacidade_pnab": 10500,
        "nomes_equipes": "SAO LUIS GONZAGA; QUINTA DA BOA VISTA; IMPERIAL; ESB QUINTA DA BOA VISTA"
      },
      "geometry": {
        "type": "Point",
        "coordinates": [
          -43.22438,
          -22.90158
        ]
      }
    },
    {
      "type": "Feature",
      "id": 7723296,
      "properties": {
        "operator": "Prefeitura Municipal de Rio de Janeiro",
        "operator:type": "public",
        "ref:CNES": "7723296",
        "source": "cnes;datasus;dados_abertos_saude",
        "official_name": "SMS CF EVERTON DE SOUZA SANTOS AP 52",
        "addr:street": "Estrada de Moricaba",
        "addr:suburb": "Senador Vasconcelos",
        "addr:city": "Rio de Janeiro",
        "addr:state": "RJ",
        "addr:country": "BR",
        "addr:postcode": "23012-006",
        "phone": "+55 21 3364-7596",
        "email": "cfeverton.adm@gmail.com",
        "amenity": "clinic",
        "healthcare": "clinic",
        "name": "Unidade Básica de Saúde Sms Cf Everton de Souza Santos Ap 52",
        "short_name": "UBS Sms Cf Everton de Souza Santos Ap 52",
        "comment": "UBS",
        "qtd_equipes_esf": 6,
        "qtd_equipes_eap": 0,
        "qtd_equipes_total": 10,
        "capacidade_pnab": 21000,
        "nomes_equipes": "DOIS RIACHOS; MARCONDES DA LUZ; SATELITE; MORICABA; SATELITE ESB; DOIS RIACHOS ESB; CNAR DESTERRO; IBIRITE; EMULTI MORICABA; CAMPO PEQUENO"
      },
      "geometry": {
        "type": "Point",
        "coordinates": [
          -43.53475,
          -22.89912
        ]
      }
    },
    {
      "type": "Feature",
      "id": 7722494,
      "properties": {
        "operator": "Prefeitura Municipal de Rio de Janeiro",
        "operator:type": "public",
        "ref:CNES": "7722494",
        "source": "cnes;datasus;dados_abertos_saude",
        "official_name": "SMS CF FAIM PEDRO AP 51",
        "addr:street": "Rua Marechal Agricola",
        "addr:suburb": "Realengo",
        "addr:city": "Rio de Janeiro",
        "addr:state": "RJ",
        "addr:country": "BR",
        "addr:postcode": "21735-370",
        "phone": "+55 21 3613-8291",
        "email": "clinicaffpedro@gmail.com",
        "amenity": "clinic",
        "healthcare": "clinic",
        "name": "Unidade Básica de Saúde Sms Cf Faim Pedro Ap 51",
        "short_name": "UBS Sms Cf Faim Pedro Ap 51",
        "comment": "UBS",
        "qtd_equipes_esf": 6,
        "qtd_equipes_eap": 0,
        "qtd_equipes_total": 10,
        "capacidade_pnab": 21000,
        "nomes_equipes": "BARAO; MALOCA; PEDRO ALCANTARA; OLINDA; MARECHAL; OLINDA ESB; CNAR PADRE MIGUEL; MALOCA ESB; EMULTI FAIM/PADRE MIGUEL; CADETES"
      },
      "geometry": {
        "type": "Point",
        "coordinates": [
          -43.432256,
          -22.872742
        ]
      }
    },
    {
      "type": "Feature",
      "id": 6664075,
      "properties": {
        "operator": "Prefeitura Municipal de Rio de Janeiro",
        "operator:type": "public",
        "ref:CNES": "6664075",
        "source": "cnes;datasus;dados_abertos_saude",
        "official_name": "SMS CF FELIPPE CARDOSO AP 31",
        "addr:street": "Avenida Nossa Senhora da Penha",
        "addr:housenumber": "42",
        "addr:suburb": "Penha",
        "addr:city": "Rio de Janeiro",
        "addr:state": "RJ",
        "addr:country": "BR",
        "addr:postcode": "21070-390",
        "phone": "+55 21 98591-0024",
        "email": "cffelipecardoso31@gmail.com",
        "amenity": "clinic",
        "healthcare": "clinic",
        "name": "Unidade Básica de Saúde Sms Cf Felippe Cardoso Ap 31",
        "short_name": "UBS Sms Cf Felippe Cardoso Ap 31",
        "comment": "UBS",
        "qtd_equipes_esf": 19,
        "qtd_equipes_eap": 0,
        "qtd_equipes_total": 27,
        "capacidade_pnab": 66500,
        "nomes_equipes": "CARACOL I; IPOJUCA; ARY BARROSO I; GROTAO; SAO LUCAS; SAO JOSE; TRES REIS; PARQUE SHANGAI ESB; EMULTI FELIPPE CARDOSO 1; SAO LUCAS ESB; PARQUE SHANGAI; ANGRA DOS REIS II; CARACOL II; VILA CRUZEIRO II; ARY BARROSO III; ARY BARROSO II; EMULTI FELIPPE CARDOSO 2; QUATRO BICAS; ANGRA DOS REIS I; SOUZA NETO; TRES REIS ESB; COQUEIRO ESB; IPOJUCA ESB; COQUEIRO; CNAR PENHA; GIRASSOL; VILA CRUZEIRO I"
      },
      "geometry": {
        "type": "Point",
        "coordinates": [
          -43.27896,
          -22.84261
        ]
      }
    },
    {
      "type": "Feature",
      "id": 2277298,
      "properties": {
        "operator": "Prefeitura Municipal de Rio de Janeiro",
        "operator:type": "public",
        "ref:CNES": "2277298",
        "source": "cnes;datasus;dados_abertos_saude",
        "official_name": "SMS CF FERNANDO A BRAGA LOPES AP 10",
        "addr:street": "Rua Carlos Seidl",
        "addr:housenumber": "785",
        "addr:suburb": "Caju",
        "addr:city": "Rio de Janeiro",
        "addr:state": "RJ",
        "addr:country": "BR",
        "addr:postcode": "20931-004",
        "phone": "+55 21 3878-5063",
        "email": "cfbragalopes.cap10@gmail.com",
        "amenity": "clinic",
        "healthcare": "clinic",
        "name": "Unidade Básica de Saúde Sms Cf Fernando A Braga Lopes Ap 10",
        "short_name": "UBS Sms Cf Fernando A Braga Lopes Ap 10",
        "comment": "UBS",
        "qtd_equipes_esf": 3,
        "qtd_equipes_eap": 0,
        "qtd_equipes_total": 5,
        "capacidade_pnab": 10500,
        "nomes_equipes": "ESB JADE; RUBI; EMULTI CARIOCA DA GEMA; ESF JADE; SAFIRA"
      },
      "geometry": {
        "type": "Point",
        "coordinates": [
          -43.22247,
          -22.87595
        ]
      }
    },
    {
      "type": "Feature",
      "id": 6023916,
      "properties": {
        "operator": "Prefeitura Municipal de Rio de Janeiro",
        "operator:type": "public",
        "ref:CNES": "6023916",
        "source": "cnes;datasus;dados_abertos_saude",
        "official_name": "SMS CF FIORELLO RAYMUNDO AP 51",
        "addr:street": "Rua Acafrao",
        "addr:suburb": "Bangu",
        "addr:city": "Rio de Janeiro",
        "addr:state": "RJ",
        "addr:country": "BR",
        "addr:postcode": "21870-330",
        "phone": "+55 21 3613-8286",
        "email": "cffiorelloraymundo@gmail.com",
        "amenity": "clinic",
        "healthcare": "clinic",
        "name": "Unidade Básica de Saúde Sms Cf Fiorello Raymundo Ap 51",
        "short_name": "UBS Sms Cf Fiorello Raymundo Ap 51",
        "comment": "UBS",
        "qtd_equipes_esf": 7,
        "qtd_equipes_eap": 0,
        "qtd_equipes_total": 10,
        "capacidade_pnab": 24500,
        "nomes_equipes": "ACAFRAO ESB; PORTO NACIONAL; SARGENTO JOAO LIMA; ACAFRAO; EMULTI FIORELLO/MANOEL; AGUA BRANCA; CERES ESB; SALMOS; CERES; ALFAZEMA"
      },
      "geometry": {
        "type": "Point",
        "coordinates": [
          -43.456908,
          -22.867869
        ]
      }
    },
    {
      "type": "Feature",
      "id": 7996675,
      "properties": {
        "operator": "Prefeitura Municipal de Rio de Janeiro",
        "operator:type": "public",
        "ref:CNES": "7996675",
        "source": "cnes;datasus;dados_abertos_saude",
        "official_name": "SMS CF GERSON BERGHER AP 40",
        "addr:street": "Rua Candido Benicio",
        "addr:suburb": "Campinho",
        "addr:city": "Rio de Janeiro",
        "addr:state": "RJ",
        "addr:country": "BR",
        "addr:postcode": "21320-060",
        "phone": "+55 46 2042-3698",
        "email": "cfgersonbcap40@gmail.com",
        "amenity": "clinic",
        "healthcare": "clinic",
        "name": "Unidade Básica de Saúde Sms Cf Gerson Bergher Ap 40",
        "short_name": "UBS Sms Cf Gerson Bergher Ap 40",
        "comment": "UBS",
        "qtd_equipes_esf": 7,
        "qtd_equipes_eap": 0,
        "qtd_equipes_total": 10,
        "capacidade_pnab": 24500,
        "nomes_equipes": "PINTO TELES ESB; SANTA ROSA; ONIX; PINTO TELES; MARICA ESB; PARINTIS ESB; ANTONINA; PARINTIS; PRACA SECA; MARICA"
      },
      "geometry": {
        "type": "Point",
        "coordinates": [
          -43.3607955,
          -22.9158965
        ]
      }
    },
    {
      "type": "Feature",
      "id": 6648371,
      "properties": {
        "operator": "Prefeitura Municipal de Rio de Janeiro",
        "operator:type": "public",
        "ref:CNES": "6648371",
        "source": "cnes;datasus;dados_abertos_saude",
        "official_name": "SMS CF HANS JURGEN FERNANDO DOHMANN AP 52",
        "addr:street": "Estrada do Piai",
        "addr:suburb": "Guaratiba",
        "addr:city": "Rio de Janeiro",
        "addr:state": "RJ",
        "addr:country": "BR",
        "addr:postcode": "23028-050",
        "phone": "+55 21 2417-6014",
        "email": "gerentecf.hjfd@gmail.com",
        "amenity": "clinic",
        "healthcare": "clinic",
        "name": "Unidade Básica de Saúde Sms Cf Hans Jurgen Fernando Dohmann Ap 52",
        "short_name": "UBS Sms Cf Hans Jurgen Fernando Dohmann Ap 52",
        "comment": "UBS",
        "qtd_equipes_esf": 4,
        "qtd_equipes_eap": 0,
        "qtd_equipes_total": 7,
        "capacidade_pnab": 14000,
        "nomes_equipes": "EMULTI PEDRA; OLIMPIA PORTUGAL ESB; PATRICIA PINTO ESB; MOACIR VINHAS; IVO GOMES; PATRICIA PINTO; OLIMPIA PORTUGAL"
      },
      "geometry": {
        "type": "Point",
        "coordinates": [
          -43.6603681,
          -22.9845685
        ]
      }
    },
    {
      "type": "Feature",
      "id": 6664040,
      "properties": {
        "operator": "Prefeitura Municipal de Rio de Janeiro",
        "operator:type": "public",
        "ref:CNES": "6664040",
        "source": "cnes;datasus;dados_abertos_saude",
        "official_name": "SMS CF HEITOR DOS PRAZERES AP 31",
        "addr:street": "Rua Iguaperiba",
        "addr:housenumber": "00",
        "addr:suburb": "Bras de Pina",
        "addr:city": "Rio de Janeiro",
        "addr:state": "RJ",
        "addr:country": "BR",
        "addr:postcode": "21012-020",
        "phone": "+55 21 98591-0032",
        "email": "cfheitordosprazeres.cap31@gmail.com",
        "amenity": "clinic",
        "healthcare": "clinic",
        "name": "Unidade Básica de Saúde Sms Cf Heitor dos Prazeres Ap 31",
        "short_name": "UBS Sms Cf Heitor dos Prazeres Ap 31",
        "comment": "UBS",
        "qtd_equipes_esf": 6,
        "qtd_equipes_eap": 0,
        "qtd_equipes_total": 8,
        "capacidade_pnab": 21000,
        "nomes_equipes": "BOA VIAGEM ESB; ARCO IRIS ESB; BOA VIAGEM; GRAUNA; ARCO IRIS; ESTRELA; NOVO HORIZONTE; SANTA EDWIGES"
      },
      "geometry": {
        "type": "Point",
        "coordinates": [
          -43.2821374,
          -22.8230931
        ]
      }
    },
    {
      "type": "Feature",
      "id": 6618863,
      "properties": {
        "operator": "Prefeitura Municipal de Rio de Janeiro",
        "operator:type": "public",
        "ref:CNES": "6618863",
        "source": "cnes;datasus;dados_abertos_saude",
        "official_name": "SMS CF HELANDE DE MELLO GONCALVES AP 53",
        "addr:street": "Estrada de Paciencia",
        "addr:suburb": "Paciencia",
        "addr:city": "Rio de Janeiro",
        "addr:state": "RJ",
        "addr:country": "BR",
        "addr:postcode": "23585-045",
        "phone": "+55 21 3395-3020",
        "email": "cfhmg.cap53@gmail.com",
        "amenity": "clinic",
        "healthcare": "clinic",
        "name": "Unidade Básica de Saúde Sms Cf Helande de Mello Goncalves Ap 53",
        "short_name": "UBS Sms Cf Helande de Mello Goncalves Ap 53",
        "comment": "UBS",
        "qtd_equipes_esf": 3,
        "qtd_equipes_eap": 0,
        "qtd_equipes_total": 4,
        "capacidade_pnab": 10500,
        "nomes_equipes": "SAO PAULO; JULIA MIGUEL; VIEIRAS; VIEIRAS ESB"
      },
      "geometry": {
        "type": "Point",
        "coordinates": [
          -43.62898,
          -22.91816
        ]
      }
    },
    {
      "type": "Feature",
      "id": 7892829,
      "properties": {
        "operator": "Prefeitura Municipal de Rio de Janeiro",
        "operator:type": "public",
        "ref:CNES": "7892829",
        "source": "cnes;datasus;dados_abertos_saude",
        "official_name": "SMS CF HELENA BESSERMAN VIANNA AP 40",
        "addr:street": "Rua Via Light",
        "addr:suburb": "Jacarepagua",
        "addr:city": "Rio de Janeiro",
        "addr:state": "RJ",
        "addr:country": "BR",
        "addr:postcode": "22753-053",
        "phone": "+55 46 2042-3645",
        "email": "cfhelenabesserman@gmail.com",
        "amenity": "clinic",
        "healthcare": "clinic",
        "name": "Unidade Básica de Saúde Sms Cf Helena Besserman Vianna Ap 40",
        "short_name": "UBS Sms Cf Helena Besserman Vianna Ap 40",
        "comment": "UBS",
        "qtd_equipes_esf": 18,
        "qtd_equipes_eap": 0,
        "qtd_equipes_total": 25,
        "capacidade_pnab": 63000,
        "nomes_equipes": "EMULTI - RIO DAS PEDRAS III; MARAGOGI II; MARAGOGI III; PIPA II; PIPA III; BOA VIAGEM II; BOA VIAGEM III; EMULTI - RIO DAS PEDRAS II; SERTAO; PRAIA DO FORTE ESB; IRACEMA ESB; CARNEIROS ESB; PRAIA DO FRANCES ESB; PIPA; PAJUCARA; PRAIA DO FRANCES; IRACEMA; MARAGOGI; CARNEIROS; PRAIA DO FORTE; GENIPABU; MARAGOGI ESB; TAMBAU; BOA VIAGEM; ATALAIA"
      },
      "geometry": {
        "type": "Point",
        "coordinates": [
          -43.330164,
          -22.9739815
        ]
      }
    },
    {
      "type": "Feature",
      "id": 6681379,
      "properties": {
        "operator": "Prefeitura Municipal de Rio de Janeiro",
        "operator:type": "public",
        "ref:CNES": "6681379",
        "source": "cnes;datasus;dados_abertos_saude",
        "official_name": "SMS CF HERBERT JOSE DE SOUZA AP 32",
        "addr:street": "Avenida Pastor Martin Luther King Junior",
        "addr:housenumber": "4776",
        "addr:suburb": "Tomas Coelho",
        "addr:city": "Rio de Janeiro",
        "addr:state": "RJ",
        "addr:country": "BR",
        "addr:postcode": "21220-300",
        "phone": "+55 21 97872-4046",
        "email": "csfhjs.rj@gmail.com",
        "amenity": "clinic",
        "healthcare": "clinic",
        "name": "Unidade Básica de Saúde Sms Cf Herbert Jose de Souza Ap 32",
        "short_name": "UBS Sms Cf Herbert Jose de Souza Ap 32",
        "comment": "UBS",
        "qtd_equipes_esf": 5,
        "qtd_equipes_eap": 0,
        "qtd_equipes_total": 8,
        "capacidade_pnab": 17500,
        "nomes_equipes": "SILVA VALE ESB; ENGENHO DO MATO ESB; MACHADO SOBRINHO; PEREIRA PINTO; MARACA; ENGENHO DO MATO; SILVA VALE; EMULTI HERBERT JOSE DE SOUZA"
      },
      "geometry": {
        "type": "Point",
        "coordinates": [
          -43.306754,
          -22.8633847
        ]
      }
    },
    {
      "type": "Feature",
      "id": 8419485,
      "properties": {
        "operator": "Prefeitura Municipal de Rio de Janeiro",
        "operator:type": "public",
        "ref:CNES": "8419485",
        "source": "cnes;datasus;dados_abertos_saude",
        "official_name": "SMS CF HERCULANO PINHEIRO AP 33",
        "addr:street": "Rua Av Min Edgard Romero",
        "addr:housenumber": "276",
        "addr:suburb": "Madureira",
        "addr:city": "Rio de Janeiro",
        "addr:state": "RJ",
        "addr:country": "BR",
        "addr:postcode": "21360-200",
        "phone": "97532-8696/3018-2836",
        "email": "cmsalbertoborgerth.cap33@gmai.com",
        "amenity": "clinic",
        "healthcare": "clinic",
        "name": "Unidade Básica de Saúde Sms Cf Herculano Pinheiro Ap 33",
        "short_name": "UBS Sms Cf Herculano Pinheiro Ap 33",
        "comment": "UBS",
        "qtd_equipes_esf": 2,
        "qtd_equipes_eap": 0,
        "qtd_equipes_total": 3,
        "capacidade_pnab": 7000,
        "nomes_equipes": "CONGONHA; CAJUEIRO; CAJUEIRO ESB"
      },
      "geometry": {
        "type": "Point",
        "coordinates": [
          -43.33415,
          -22.8704
        ]
      }
    },
    {
      "type": "Feature",
      "id": 5447798,
      "properties": {
        "operator": "Prefeitura Municipal de Rio de Janeiro",
        "operator:type": "public",
        "ref:CNES": "5447798",
        "source": "cnes;datasus;dados_abertos_saude",
        "official_name": "SMS CF HONORIO JOSE DE ANDRADE AP 32",
        "addr:street": "Rua da Capela",
        "addr:housenumber": "96",
        "addr:suburb": "Piedade",
        "addr:city": "Rio de Janeiro",
        "addr:state": "RJ",
        "addr:country": "BR",
        "addr:postcode": "20740-310",
        "email": "cfhonoriojosedeandrade@gmail.com",
        "amenity": "clinic",
        "healthcare": "clinic",
        "name": "Unidade Básica de Saúde Sms Cf Honorio Jose de Andrade Ap 32",
        "short_name": "UBS Sms Cf Honorio Jose de Andrade Ap 32",
        "comment": "UBS",
        "qtd_equipes_esf": 3,
        "qtd_equipes_eap": 0,
        "qtd_equipes_total": 3,
        "capacidade_pnab": 10500,
        "nomes_equipes": "CAPELA; DIVINO SALVADOR; CALDAS BARBOSA"
      },
      "geometry": {
        "type": "Point",
        "coordinates": [
          -43.3099739,
          -22.8918801
        ]
      }
    },
    {
      "type": "Feature",
      "id": 6559727,
      "properties": {
        "operator": "Prefeitura Municipal de Rio de Janeiro",
        "operator:type": "public",
        "ref:CNES": "6559727",
        "source": "cnes;datasus;dados_abertos_saude",
        "official_name": "SMS CF ILZO MOTTA DE MELLO AP 53",
        "addr:street": "Avenida Cesario de Melo",
        "addr:housenumber": "11485",
        "addr:suburb": "Paciencia",
        "addr:city": "Rio de Janeiro",
        "addr:state": "RJ",
        "addr:country": "BR",
        "addr:postcode": "23056-000",
        "phone": "+55 21 3395-6771",
        "email": "cfimm.cap53@gmail.com",
        "amenity": "clinic",
        "healthcare": "clinic",
        "name": "Unidade Básica de Saúde Sms Cf Ilzo Motta de Mello Ap 53",
        "short_name": "UBS Sms Cf Ilzo Motta de Mello Ap 53",
        "comment": "UBS",
        "qtd_equipes_esf": 3,
        "qtd_equipes_eap": 0,
        "qtd_equipes_total": 4,
        "capacidade_pnab": 10500,
        "nomes_equipes": "ROBERTO MORENA; TRES PONTES; ROBERTO MORENA ESB; MARIA APARECIDA"
      },
      "geometry": {
        "type": "Point",
        "coordinates": [
          -43.644471,
          -22.92141
        ]
      }
    },
    {
      "type": "Feature",
      "id": 7894554,
      "properties": {
        "operator": "Prefeitura Municipal de Rio de Janeiro",
        "operator:type": "public",
        "ref:CNES": "7894554",
        "source": "cnes;datasus;dados_abertos_saude",
        "official_name": "SMS CF ISABELA SEVERO DA SILVA AP 52",
        "addr:street": "Rua Votorantim",
        "addr:housenumber": "664",
        "addr:suburb": "Campo Grande",
        "addr:city": "Rio de Janeiro",
        "addr:state": "RJ",
        "addr:country": "BR",
        "addr:postcode": "23095-710",
        "phone": "+55 21 4042-1941",
        "email": "cfisabelaseverosilva@gmail.com",
        "amenity": "clinic",
        "healthcare": "clinic",
        "name": "Unidade Básica de Saúde Sms Cf Isabela Severo da Silva Ap 52",
        "short_name": "UBS Sms Cf Isabela Severo da Silva Ap 52",
        "comment": "UBS",
        "qtd_equipes_esf": 6,
        "qtd_equipes_eap": 0,
        "qtd_equipes_total": 9,
        "capacidade_pnab": 21000,
        "nomes_equipes": "LIBERDADE; NOSSA SENHORA APARECIDA ESB; NOSSA SENHORA APARECIDA; SULISTA; RESTINGA; SULISTA ESB; VOTORANTIM; AGUIA BRANCA; EMULTI MENDANHA"
      },
      "geometry": {
        "type": "Point",
        "coordinates": [
          -43.53765,
          -22.9576768
        ]
      }
    },
    {
      "type": "Feature",
      "id": 7998678,
      "properties": {
        "operator": "Prefeitura Municipal de Rio de Janeiro",
        "operator:type": "public",
        "ref:CNES": "7998678",
        "source": "cnes;datasus;dados_abertos_saude",
        "official_name": "SMS CF IVANIR DE MELLO AP 33",
        "addr:street": "Estrada Marechal Alencastro",
        "addr:suburb": "Vila Militar",
        "addr:city": "Rio de Janeiro",
        "addr:state": "RJ",
        "addr:country": "BR",
        "addr:postcode": "21625-000",
        "phone": "97510-1888/3229-3016",
        "email": "cfivanirdemello@gmail.com",
        "amenity": "clinic",
        "healthcare": "clinic",
        "name": "Unidade Básica de Saúde Sms Cf Ivanir de Mello Ap 33",
        "short_name": "UBS Sms Cf Ivanir de Mello Ap 33",
        "comment": "UBS",
        "qtd_equipes_esf": 7,
        "qtd_equipes_eap": 0,
        "qtd_equipes_total": 11,
        "capacidade_pnab": 24500,
        "nomes_equipes": "NAZARE ESB; JAPOARA; JOSE MOTA ESB; TENENTE SERAFIM ESB; NAZARE; ACARAPE; TOSCANA; TENENTE SERAFIM; FLORES; EMULTI IVANIR DE MELLO; JOSE MOTA"
      },
      "geometry": {
        "type": "Point",
        "coordinates": [
          -43.3966,
          -22.84736
        ]
      }
    },
    {
      "type": "Feature",
      "id": 6688152,
      "properties": {
        "operator": "Prefeitura Municipal de Rio de Janeiro",
        "operator:type": "public",
        "ref:CNES": "6688152",
        "source": "cnes;datasus;dados_abertos_saude",
        "official_name": "SMS CF IZABEL DOS SANTOS AP 32",
        "addr:street": "Rua Dois de Maio",
        "addr:housenumber": "220",
        "addr:suburb": "Engenho Novo",
        "addr:city": "Rio de Janeiro",
        "addr:state": "RJ",
        "addr:country": "BR",
        "addr:postcode": "20961-160",
        "phone": "+55 21 3795-8966",
        "email": "cfis.rj@hotmail.com",
        "amenity": "clinic",
        "healthcare": "clinic",
        "name": "Unidade Básica de Saúde Sms Cf Izabel dos Santos Ap 32",
        "short_name": "UBS Sms Cf Izabel dos Santos Ap 32",
        "comment": "UBS",
        "qtd_equipes_esf": 5,
        "qtd_equipes_eap": 0,
        "qtd_equipes_total": 8,
        "capacidade_pnab": 17500,
        "nomes_equipes": "POLONIA; DOIS DE MAIO; CEU AZUL; ENGENHO NOVO; DOIS DE MAIO ESB; POLONIA ESB; VEIGA BASTOS; EMULTI IZABEL DOS SANTOS"
      },
      "geometry": {
        "type": "Point",
        "coordinates": [
          -43.263744,
          -22.898669
        ]
      }
    },
    {
      "type": "Feature",
      "id": 6618871,
      "properties": {
        "operator": "Prefeitura Municipal de Rio de Janeiro",
        "operator:type": "public",
        "ref:CNES": "6618871",
        "source": "cnes;datasus;dados_abertos_saude",
        "official_name": "SMS CF JAMIL HADDAD AP 53",
        "addr:street": "Rua Soldado João Rotelo",
        "addr:suburb": "Paciencia",
        "addr:city": "Rio de Janeiro",
        "addr:state": "RJ",
        "addr:country": "BR",
        "addr:postcode": "23066-090",
        "phone": "21)24103178/33541447",
        "email": "cfih.cap53@igmail.com",
        "amenity": "clinic",
        "healthcare": "clinic",
        "name": "Unidade Básica de Saúde Sms Cf Jamil Haddad Ap 53",
        "short_name": "UBS Sms Cf Jamil Haddad Ap 53",
        "comment": "UBS",
        "qtd_equipes_esf": 5,
        "qtd_equipes_eap": 0,
        "qtd_equipes_total": 7,
        "capacidade_pnab": 17500,
        "nomes_equipes": "IPEG ESB; AUSTIN; COLINA; AGAI; IPEG; ANDORINHAS; AUSTIN ESB"
      },
      "geometry": {
        "type": "Point",
        "coordinates": [
          -43.63999,
          -22.88345
        ]
      }
    },
    {
      "type": "Feature",
      "id": 9442251,
      "properties": {
        "operator": "Prefeitura Municipal de Rio de Janeiro",
        "operator:type": "public",
        "ref:CNES": "9442251",
        "source": "cnes;datasus;dados_abertos_saude",
        "official_name": "SMS CF JEREMIAS MORAES DA SILVA AP 31",
        "addr:street": "Rua Teixeira Ribeiro",
        "addr:suburb": "Mare",
        "addr:city": "Rio de Janeiro",
        "addr:state": "RJ",
        "addr:country": "BR",
        "addr:postcode": "21044-251",
        "phone": "+55 21 98591-0051",
        "email": "cfjeremiasmoraesdasilva@gmail.com",
        "amenity": "clinic",
        "healthcare": "clinic",
        "name": "Unidade Básica de Saúde Sms Cf Jeremias Moraes da Silva Ap 31",
        "short_name": "UBS Sms Cf Jeremias Moraes da Silva Ap 31",
        "comment": "UBS",
        "qtd_equipes_esf": 8,
        "qtd_equipes_eap": 0,
        "qtd_equipes_total": 11,
        "capacidade_pnab": 28000,
        "nomes_equipes": "PRAIA; TEIXEIRA RIBEIRO; BELA; CAMPO DA PATY ESB; PRINCIPAL ESB; EMULTI JEREMIAS MORAES; ROBSON CAETANO; CAMPO DA PATY; NOVA; SAFIRA; PRINCIPAL"
      },
      "geometry": {
        "type": "Point",
        "coordinates": [
          -43.239575,
          -22.854731
        ]
      }
    },
    {
      "type": "Feature",
      "id": 2295237,
      "properties": {
        "operator": "Prefeitura Municipal de Rio de Janeiro",
        "operator:type": "public",
        "ref:CNES": "2295237",
        "source": "cnes;datasus;dados_abertos_saude",
        "official_name": "SMS CF JOAO BATISTA CHAGAS AP 53",
        "addr:street": "Rua Pitombeiras",
        "addr:suburb": "Paciencia",
        "addr:city": "Rio de Janeiro",
        "addr:state": "RJ",
        "addr:country": "BR",
        "addr:postcode": "23585-245",
        "phone": "+55 21 3406-7597",
        "email": "cmsjbc.cap53@gmail.com",
        "amenity": "clinic",
        "healthcare": "clinic",
        "name": "Unidade Básica de Saúde Sms Cf João Batista Chagas Ap 53",
        "short_name": "UBS Sms Cf João Batista Chagas Ap 53",
        "comment": "UBS",
        "qtd_equipes_esf": 7,
        "qtd_equipes_eap": 0,
        "qtd_equipes_total": 11,
        "capacidade_pnab": 24500,
        "nomes_equipes": "AGUAS DA PRATA; VENDA DE VARANDA; DO FUTURO; VENDA DE VARANDA ESB; NOVA ESPERANCA; EMULTI JOAO BATISTA CHAGAS; OLINDINA; APORUNA ESB; APORUNA; JARDINS; DO FUTURO ESB"
      },
      "geometry": {
        "type": "Point",
        "coordinates": [
          -43.63507,
          -22.92681
        ]
      }
    },
    {
      "type": "Feature",
      "id": 6932916,
      "properties": {
        "operator": "Prefeitura Municipal de Rio de Janeiro",
        "operator:type": "public",
        "ref:CNES": "6932916",
        "source": "cnes;datasus;dados_abertos_saude",
        "official_name": "SMS CF JOAOSINHO TRINTA AP 31",
        "addr:street": "Rua Anama Praca Jose da Matta",
        "addr:suburb": "Vigario Geral",
        "addr:city": "Rio de Janeiro",
        "addr:state": "RJ",
        "addr:country": "BR",
        "addr:postcode": "21241-020",
        "phone": "+55 21 98591-0081",
        "email": "cfjoaosinhotrinta.cap31@gmail.com",
        "amenity": "clinic",
        "healthcare": "clinic",
        "name": "Unidade Básica de Saúde Sms Cf Joaosinho Trinta Ap 31",
        "short_name": "UBS Sms Cf Joaosinho Trinta Ap 31",
        "comment": "UBS",
        "qtd_equipes_esf": 6,
        "qtd_equipes_eap": 0,
        "qtd_equipes_total": 8,
        "capacidade_pnab": 21000,
        "nomes_equipes": "OSLO; LUCAS; DEMOCRACIA ESB; TAGIPURU ESB; DEMOCRACIA; CARTOLA; PORTO PRINCIPE; TAGIPURU"
      },
      "geometry": {
        "type": "Point",
        "coordinates": [
          -43.3038729,
          -22.8158263
        ]
      }
    },
    {
      "type": "Feature",
      "id": 6581994,
      "properties": {
        "operator": "Prefeitura Municipal de Rio de Janeiro",
        "operator:type": "public",
        "ref:CNES": "6581994",
        "source": "cnes;datasus;dados_abertos_saude",
        "official_name": "SMS CF JOSE ANTONIO CIRAUDO AP 53",
        "addr:street": "Avenida Areia Branca",
        "addr:housenumber": "1428",
        "addr:suburb": "Santa Cruz",
        "addr:city": "Rio de Janeiro",
        "addr:state": "RJ",
        "addr:country": "BR",
        "addr:postcode": "23550-740",
        "phone": "21)23942766/32927862",
        "email": "cfjac.cap53@gmail.com",
        "amenity": "clinic",
        "healthcare": "clinic",
        "name": "Unidade Básica de Saúde Sms Cf Jose Antonio Ciraudo Ap 53",
        "short_name": "UBS Sms Cf Jose Antonio Ciraudo Ap 53",
        "comment": "UBS",
        "qtd_equipes_esf": 7,
        "qtd_equipes_eap": 0,
        "qtd_equipes_total": 9,
        "capacidade_pnab": 24500,
        "nomes_equipes": "VITOR DUMAS; AURORA; AURORA ESB; SAO DOMINGOS SAVIO ESB; SAO DOMINGOS SAVIO; SAO BENEDITO; COQUEIRAL; MANOEL JULIO; AREIA BRANCA"
      },
      "geometry": {
        "type": "Point",
        "coordinates": [
          -43.68643,
          -22.9381
        ]
      }
    },
    {
      "type": "Feature",
      "id": 6635709,
      "properties": {
        "operator": "Prefeitura Municipal de Rio de Janeiro",
        "operator:type": "public",
        "ref:CNES": "6635709",
        "source": "cnes;datasus;dados_abertos_saude",
        "official_name": "SMS CF JOSE DE PAULA LOPES PONTES AP 52",
        "addr:street": "Rua Jaburu",
        "addr:suburb": "Guaratiba",
        "addr:city": "Rio de Janeiro",
        "addr:state": "RJ",
        "addr:country": "BR",
        "addr:postcode": "23031-190",
        "phone": "+55 21 2042-9633",
        "email": "gerentecf.jplp@gmail.com",
        "amenity": "clinic",
        "healthcare": "clinic",
        "name": "Unidade Básica de Saúde Sms Cf Jose de Paula Lopes Pontes Ap 52",
        "short_name": "UBS Sms Cf Jose de Paula Lopes Pontes Ap 52",
        "comment": "UBS",
        "qtd_equipes_esf": 6,
        "qtd_equipes_eap": 0,
        "qtd_equipes_total": 9,
        "capacidade_pnab": 21000,
        "nomes_equipes": "PORTO DE MOZ; ITUMIRIM; CANOANA ESB; CANOANA; OLIVEIRAS; LASSANCE; CAMPO MOURAO; EMULTI MARAVILHA; ITUMIRIM ESB"
      },
      "geometry": {
        "type": "Point",
        "coordinates": [
          -43.60797,
          -22.95768
        ]
      }
    },
    {
      "type": "Feature",
      "id": 7873565,
      "properties": {
        "operator": "Prefeitura Municipal de Rio de Janeiro",
        "operator:type": "public",
        "ref:CNES": "7873565",
        "source": "cnes;datasus;dados_abertos_saude",
        "official_name": "SMS CF JOSE DE SOUZA HERDY AP 40",
        "addr:street": "Avenida Ayrton Senna",
        "addr:housenumber": "2200",
        "addr:suburb": "Barra da Tijuca",
        "addr:city": "Rio de Janeiro",
        "addr:state": "RJ",
        "addr:country": "BR",
        "addr:postcode": "22775-002",
        "phone": "+55 46 2018-4955",
        "email": "adm.cfjsh.cap40@gmail.com",
        "amenity": "clinic",
        "healthcare": "clinic",
        "name": "Unidade Básica de Saúde Sms Cf Jose de Souza Herdy Ap 40",
        "short_name": "UBS Sms Cf Jose de Souza Herdy Ap 40",
        "comment": "UBS",
        "qtd_equipes_esf": 3,
        "qtd_equipes_eap": 0,
        "qtd_equipes_total": 3,
        "capacidade_pnab": 10500,
        "nomes_equipes": "BOSQUE MARAPENDI; BOSQUE DA BARRA; ILHA DA GIGOIA"
      },
      "geometry": {
        "type": "Point",
        "coordinates": [
          -43.3644694,
          -22.9924913
        ]
      }
    },
    {
      "type": "Feature",
      "id": 9127100,
      "properties": {
        "operator": "Prefeitura Municipal de Rio de Janeiro",
        "operator:type": "public",
        "ref:CNES": "9127100",
        "source": "cnes;datasus;dados_abertos_saude",
        "official_name": "SMS CF JOSE NEVES AP 40",
        "addr:street": "Rua Quintanilha",
        "addr:suburb": "Jacarepagua",
        "addr:city": "Rio de Janeiro",
        "addr:state": "RJ",
        "addr:country": "BR",
        "addr:postcode": "22763-006",
        "phone": "+55 46 2042-3649",
        "email": "gercfjosenevescap40@gmail.com",
        "amenity": "clinic",
        "healthcare": "clinic",
        "name": "Unidade Básica de Saúde Sms Cf Jose Neves Ap 40",
        "short_name": "UBS Sms Cf Jose Neves Ap 40",
        "comment": "UBS",
        "qtd_equipes_esf": 4,
        "qtd_equipes_eap": 0,
        "qtd_equipes_total": 6,
        "capacidade_pnab": 14000,
        "nomes_equipes": "GIRASSOL ESB; ORQUIDEA; JASMIM; EMULTI - CIDADE DE DEUS II; GIRASSOL; HORTENCIA"
      },
      "geometry": {
        "type": "Point",
        "coordinates": [
          -43.351841,
          -22.9424251
        ]
      }
    },
    {
      "type": "Feature",
      "id": 6571956,
      "properties": {
        "operator": "Prefeitura Municipal de Rio de Janeiro",
        "operator:type": "public",
        "ref:CNES": "6571956",
        "source": "cnes;datasus;dados_abertos_saude",
        "official_name": "SMS CF JOSUETE SANTANNA DE OLIVEIRA AP 33",
        "addr:street": "Rua Luiz Coutinho Cavalcanti",
        "addr:suburb": "Guadalupe",
        "addr:city": "Rio de Janeiro",
        "addr:state": "RJ",
        "addr:country": "BR",
        "addr:postcode": "21675-310",
        "phone": "97523-6456/997981860",
        "email": "cfjosuete@gmail.com",
        "amenity": "clinic",
        "healthcare": "clinic",
        "name": "Unidade Básica de Saúde Sms Cf Josuete Santanna de Oliveira Ap 33",
        "short_name": "UBS Sms Cf Josuete Santanna de Oliveira Ap 33",
        "comment": "UBS",
        "qtd_equipes_esf": 5,
        "qtd_equipes_eap": 0,
        "qtd_equipes_total": 8,
        "capacidade_pnab": 17500,
        "nomes_equipes": "IMPERIAL; LUIZ COUTINHO; APARTAMENTOS; OPERARIA ESB; LUIZ COUTINHO ESB; EMULTI JOSUETE SANTANNA; DJALMA CAVALCANTI; OPERARIA"
      },
      "geometry": {
        "type": "Point",
        "coordinates": [
          -43.37138,
          -22.84876
        ]
      }
    },
    {
      "type": "Feature",
      "id": 6852203,
      "properties": {
        "operator": "Prefeitura Municipal de Rio de Janeiro",
        "operator:type": "public",
        "ref:CNES": "6852203",
        "source": "cnes;datasus;dados_abertos_saude",
        "official_name": "SMS CF KELLY CRISTINA DE SA LACERDA SILVA AP 51",
        "addr:street": "Avenida Carlos Sampaio Correa",
        "addr:suburb": "Senador Camara",
        "addr:city": "Rio de Janeiro",
        "addr:state": "RJ",
        "addr:country": "BR",
        "addr:postcode": "21830-250",
        "phone": "+55 21 3613-8299",
        "email": "admkellycristina@gmail.com",
        "amenity": "clinic",
        "healthcare": "clinic",
        "name": "Unidade Básica de Saúde Sms Cf Kelly Cristina de Sa Lacerda Silva Ap 51",
        "short_name": "UBS Sms Cf Kelly Cristina de Sa Lacerda Silva Ap 51",
        "comment": "UBS",
        "qtd_equipes_esf": 6,
        "qtd_equipes_eap": 0,
        "qtd_equipes_total": 9,
        "capacidade_pnab": 21000,
        "nomes_equipes": "SAIBREIRA ESB; EMULTI KELLY/MARIO; PIERRE CURIE; TIBAGI; CARLOS SAMPAIO CORREIA; INFANTARIA; PAULO PEREIRA; SAIBREIRA; INFANTARIA ESB"
      },
      "geometry": {
        "type": "Point",
        "coordinates": [
          -43.481981,
          -22.887414
        ]
      }
    },
    {
      "type": "Feature",
      "id": 9075143,
      "properties": {
        "operator": "Prefeitura Municipal de Rio de Janeiro",
        "operator:type": "public",
        "ref:CNES": "9075143",
        "source": "cnes;datasus;dados_abertos_saude",
        "official_name": "SMS CF KLEBEL DE OLIVEIRA ROCHA AP 31",
        "addr:street": "Rua Praca Clomir Teles Cerbino",
        "addr:suburb": "Olaria",
        "addr:city": "Rio de Janeiro",
        "addr:state": "RJ",
        "addr:country": "BR",
        "addr:postcode": "21073-130",
        "phone": "+55 21 98591-0019",
        "email": "cfklebel@gmail.com",
        "amenity": "clinic",
        "healthcare": "clinic",
        "name": "Unidade Básica de Saúde Sms Cf Klebel de Oliveira Rocha Ap 31",
        "short_name": "UBS Sms Cf Klebel de Oliveira Rocha Ap 31",
        "comment": "UBS",
        "qtd_equipes_esf": 7,
        "qtd_equipes_eap": 0,
        "qtd_equipes_total": 10,
        "capacidade_pnab": 24500,
        "nomes_equipes": "JORGE GONCALVES; OLARIA; CASCATINHA; ESPERANCA; MERENDIBA; ESPERANCA ESB; MOREIRA DE ABREU; JACUPEMA; EMULTI KLEBEL DE OLIVEIRA; CASCATINHA ESB"
      },
      "geometry": {
        "type": "Point",
        "coordinates": [
          -43.273369,
          -22.850621
        ]
      }
    },
    {
      "type": "Feature",
      "id": 7908237,
      "properties": {
        "operator": "Prefeitura Municipal de Rio de Janeiro",
        "operator:type": "public",
        "ref:CNES": "7908237",
        "source": "cnes;datasus;dados_abertos_saude",
        "official_name": "SMS CF LECY RANQUINE AP 52",
        "addr:street": "Estrada do Campinho",
        "addr:suburb": "Inhoaiba",
        "addr:city": "Rio de Janeiro",
        "addr:state": "RJ",
        "addr:country": "BR",
        "addr:postcode": "23067-430",
        "phone": "+55 21 3523-8483",
        "email": "cflecyranquine@gmail.com",
        "amenity": "clinic",
        "healthcare": "clinic",
        "name": "Unidade Básica de Saúde Sms Cf Lecy Ranquine Ap 52",
        "short_name": "UBS Sms Cf Lecy Ranquine Ap 52",
        "comment": "UBS",
        "qtd_equipes_esf": 5,
        "qtd_equipes_eap": 0,
        "qtd_equipes_total": 7,
        "capacidade_pnab": 17500,
        "nomes_equipes": "GARDEN ESB; AUSTIN; COQUEIRAL; FREI TIMOTEO; GARDEN; AUSTIN ESB; ASA BRANCA"
      },
      "geometry": {
        "type": "Point",
        "coordinates": [
          -43.208,
          -22.884885
        ]
      }
    },
    {
      "type": "Feature",
      "id": 6559735,
      "properties": {
        "operator": "Prefeitura Municipal de Rio de Janeiro",
        "operator:type": "public",
        "ref:CNES": "6559735",
        "source": "cnes;datasus;dados_abertos_saude",
        "official_name": "SMS CF LENICE MARIA MONTEIRO COELHO AP 53",
        "addr:street": "Rua Jose Carlos Matta Machado",
        "addr:suburb": "Santa Cruz",
        "addr:city": "Rio de Janeiro",
        "addr:state": "RJ",
        "addr:country": "BR",
        "addr:postcode": "23575-410",
        "phone": "+55 21 3484-0882",
        "email": "cflmmc.cap53@gmail.com",
        "amenity": "clinic",
        "healthcare": "clinic",
        "name": "Unidade Básica de Saúde Sms Cf Lenice Maria Monteiro Coelho Ap 53",
        "short_name": "UBS Sms Cf Lenice Maria Monteiro Coelho Ap 53",
        "comment": "UBS",
        "qtd_equipes_esf": 4,
        "qtd_equipes_eap": 0,
        "qtd_equipes_total": 6,
        "capacidade_pnab": 14000,
        "nomes_equipes": "BOA ESPERANCA; PARQUE DAS PEDRAS; BOA ESPERANCA ESB; SAQUASSU ESB; LOTE 14; SAQUASSU"
      },
      "geometry": {
        "type": "Point",
        "coordinates": [
          -43.66418,
          -22.9092
        ]
      }
    },
    {
      "type": "Feature",
      "id": 6572014,
      "properties": {
        "operator": "Prefeitura Municipal de Rio de Janeiro",
        "operator:type": "public",
        "ref:CNES": "6572014",
        "source": "cnes;datasus;dados_abertos_saude",
        "official_name": "SMS CF LOURENCO DE MELLO AP 53",
        "addr:street": "Rua Coronel Tito Porto Carrero",
        "addr:suburb": "Paciencia",
        "addr:city": "Rio de Janeiro",
        "addr:state": "RJ",
        "addr:country": "BR",
        "addr:postcode": "23580-010",
        "phone": "+55 21 3427-7068",
        "email": "cflm.cap53@gmail.com",
        "amenity": "clinic",
        "healthcare": "clinic",
        "name": "Unidade Básica de Saúde Sms Cf Lourenço de Mello Ap 53",
        "short_name": "UBS Sms Cf Lourenço de Mello Ap 53",
        "comment": "UBS",
        "qtd_equipes_esf": 3,
        "qtd_equipes_eap": 0,
        "qtd_equipes_total": 4,
        "capacidade_pnab": 10500,
        "nomes_equipes": "ALZIRA GENI; BAIRRO FARIAS; ALZIRA GENI ESB; ALZIRA MARTINHO"
      },
      "geometry": {
        "type": "Point",
        "coordinates": [
          -43.64275,
          -22.91783
        ]
      }
    },
    {
      "type": "Feature",
      "id": 214949,
      "properties": {
        "operator": "Prefeitura Municipal de Rio de Janeiro",
        "operator:type": "public",
        "ref:CNES": "214949",
        "source": "cnes;datasus;dados_abertos_saude",
        "official_name": "SMS CF LOURIVAL FRANCISCO DE OLIVEIRA AP 40",
        "addr:street": "Avenida Comandante Guaranys",
        "addr:housenumber": "447",
        "addr:suburb": "Jacarepagua",
        "addr:city": "Rio de Janeiro",
        "addr:state": "RJ",
        "addr:country": "BR",
        "addr:postcode": "22775-903",
        "phone": "+55 46 2042-3118",
        "email": "ger.cflourival@gmail.com",
        "amenity": "clinic",
        "healthcare": "clinic",
        "name": "Unidade Básica de Saúde Sms Cf Lourival Francisco de Oliveira Ap 40",
        "short_name": "UBS Sms Cf Lourival Francisco de Oliveira Ap 40",
        "comment": "UBS",
        "qtd_equipes_esf": 9,
        "qtd_equipes_eap": 0,
        "qtd_equipes_total": 12,
        "capacidade_pnab": 31500,
        "nomes_equipes": "SANTA EFIGENIA; SAO PEDRO; SAO JUDAS TADEU; SANTA EFIGENIA ESB; SAO PEDRO ESB; JERICO; GUARANYS; FARMANGUINHOS; SAO JUDAS TADEU ESB; DAMA DA NOITE; ITAMAR; LUZES DO AMANHA"
      },
      "geometry": {
        "type": "Point",
        "coordinates": [
          -43.3707443,
          -22.9515716
        ]
      }
    },
    {
      "type": "Feature",
      "id": 7986505,
      "properties": {
        "operator": "Prefeitura Municipal de Rio de Janeiro",
        "operator:type": "public",
        "ref:CNES": "7986505",
        "source": "cnes;datasus;dados_abertos_saude",
        "official_name": "SMS CF LUIZ CELIO PEREIRA AP 32",
        "addr:street": "Rua da Abolicao",
        "addr:housenumber": "303",
        "addr:suburb": "Abolicao",
        "addr:city": "Rio de Janeiro",
        "addr:state": "RJ",
        "addr:country": "BR",
        "addr:postcode": "20755-170",
        "phone": "+55 46 3798-9126",
        "email": "cflcpcap32@gmail.com",
        "amenity": "clinic",
        "healthcare": "clinic",
        "name": "Unidade Básica de Saúde Sms Cf Luiz Celio Pereira Ap 32",
        "short_name": "UBS Sms Cf Luiz Celio Pereira Ap 32",
        "comment": "UBS",
        "qtd_equipes_esf": 5,
        "qtd_equipes_eap": 0,
        "qtd_equipes_total": 7,
        "capacidade_pnab": 17500,
        "nomes_equipes": "FERNANDO SIMONI; MACEDO BRAGA; COIMBRA DA LUZ ESB; ABOLICAO; COIMBRA DA LUZ; CASEMIRO DE ABREU; FERNANDO SIMONI ESB"
      },
      "geometry": {
        "type": "Point",
        "coordinates": [
          -43.296109,
          -22.888298
        ]
      }
    },
    {
      "type": "Feature",
      "id": 7990286,
      "properties": {
        "operator": "Prefeitura Municipal de Rio de Janeiro",
        "operator:type": "public",
        "ref:CNES": "7990286",
        "source": "cnes;datasus;dados_abertos_saude",
        "official_name": "SMS CF LUIZ DE MORAES JUNIOR AP 21",
        "addr:street": "Rua General Severiano",
        "addr:housenumber": "91",
        "addr:suburb": "Botafogo",
        "addr:city": "Rio de Janeiro",
        "addr:state": "RJ",
        "addr:country": "BR",
        "addr:postcode": "22290-040",
        "phone": "+55 21 3613-8330",
        "email": "cfluizdemoraesjunior@gmail.com",
        "amenity": "clinic",
        "healthcare": "clinic",
        "name": "Unidade Básica de Saúde Sms Cf Luiz de Moraes Junior Ap 21",
        "short_name": "UBS Sms Cf Luiz de Moraes Junior Ap 21",
        "comment": "UBS",
        "qtd_equipes_esf": 5,
        "qtd_equipes_eap": 0,
        "qtd_equipes_total": 6,
        "capacidade_pnab": 17500,
        "nomes_equipes": "PRINCESA ISABEL; DUVIVIER; CARIOCA; PAO DE ACUCAR ESB; PAO DE ACUCAR; RIO SUL"
      },
      "geometry": {
        "type": "Point",
        "coordinates": [
          -43.1767497,
          -22.9532646
        ]
      }
    },
    {
      "type": "Feature",
      "id": 6974708,
      "properties": {
        "operator": "Prefeitura Municipal de Rio de Janeiro",
        "operator:type": "public",
        "ref:CNES": "6974708",
        "source": "cnes;datasus;dados_abertos_saude",
        "official_name": "SMS CF MAESTRO CELESTINO AP 33",
        "addr:street": "Rua Lourenço Marques",
        "addr:housenumber": "70",
        "addr:suburb": "Marechal Hermes",
        "addr:city": "Rio de Janeiro",
        "addr:state": "RJ",
        "addr:country": "BR",
        "addr:postcode": "21675-540",
        "phone": "97500-7116/3017-4920",
        "email": "maestrocelestinopalmeirinha@gmail.com",
        "amenity": "clinic",
        "healthcare": "clinic",
        "name": "Unidade Básica de Saúde Sms Cf Maestro Celestino Ap 33",
        "short_name": "UBS Sms Cf Maestro Celestino Ap 33",
        "comment": "UBS",
        "qtd_equipes_esf": 1,
        "qtd_equipes_eap": 0,
        "qtd_equipes_total": 1,
        "capacidade_pnab": 3500,
        "nomes_equipes": "LOURENCO MARQUES"
      },
      "geometry": {
        "type": "Point",
        "coordinates": [
          -43.36145,
          -22.84831
        ]
      }
    },
    {
      "type": "Feature",
      "id": 7995520,
      "properties": {
        "operator": "Prefeitura Municipal de Rio de Janeiro",
        "operator:type": "public",
        "ref:CNES": "7995520",
        "source": "cnes;datasus;dados_abertos_saude",
        "official_name": "SMS CF MAICON SIQUEIRA AP 40",
        "addr:street": "Avenida Salvador Allende",
        "addr:suburb": "Curicica",
        "addr:city": "Rio de Janeiro",
        "addr:state": "RJ",
        "addr:country": "BR",
        "addr:postcode": "22780-160",
        "phone": "+55 46 2042-3681",
        "email": "ger.cfms.cap4@gmail.com",
        "amenity": "clinic",
        "healthcare": "clinic",
        "name": "Unidade Básica de Saúde Sms Cf Maicon Siqueira Ap 40",
        "short_name": "UBS Sms Cf Maicon Siqueira Ap 40",
        "comment": "UBS",
        "qtd_equipes_esf": 7,
        "qtd_equipes_eap": 0,
        "qtd_equipes_total": 10,
        "capacidade_pnab": 24500,
        "nomes_equipes": "ASA BRANCA ESB; PANTANAL ESB; PANTANAL; AMERICA; ASA BRANCA; IMPERIO; ESPLENDOR; PARAISO ESB; PARAISO; LIBERDADE"
      },
      "geometry": {
        "type": "Point",
        "coordinates": [
          -43.3932348,
          -22.9624745
        ]
      }
    },
    {
      "type": "Feature",
      "id": 7088574,
      "properties": {
        "operator": "Prefeitura Municipal de Rio de Janeiro",
        "operator:type": "public",
        "ref:CNES": "7088574",
        "source": "cnes;datasus;dados_abertos_saude",
        "official_name": "SMS CF MANOEL FERNANDES DE ARAUJO AP 33",
        "addr:street": "Rua Laudo de Camargo",
        "addr:suburb": "Pavuna",
        "addr:city": "Rio de Janeiro",
        "addr:state": "RJ",
        "addr:country": "BR",
        "addr:postcode": "21655-490",
        "phone": "97508-1343/3358-7884",
        "email": "cf.seuneco@gmail.com",
        "amenity": "clinic",
        "healthcare": "clinic",
        "name": "Unidade Básica de Saúde Sms Cf Manoel Fernandes de Araujo Ap 33",
        "short_name": "UBS Sms Cf Manoel Fernandes de Araujo Ap 33",
        "comment": "UBS",
        "qtd_equipes_esf": 10,
        "qtd_equipes_eap": 0,
        "qtd_equipes_total": 14,
        "capacidade_pnab": 35000,
        "nomes_equipes": "ARAGUATINS ESB; LENIR LIBERATO ESB; ACATAIA ESB; EMULTI MANOEL FERNANDES; GENESIS; VILA XAVIER; CONQUISTA; ARAGUATINS; JAVATA; LENIR LIBERATO; COVA DA ONCA; ACATAIA; RIO DO OURO; CORONEL MOREIRA CESAR"
      },
      "geometry": {
        "type": "Point",
        "coordinates": [
          -43.38184,
          -22.81637
        ]
      }
    },
    {
      "type": "Feature",
      "id": 6029965,
      "properties": {
        "operator": "Prefeitura Municipal de Rio de Janeiro",
        "operator:type": "public",
        "ref:CNES": "6029965",
        "source": "cnes;datasus;dados_abertos_saude",
        "official_name": "SMS CF MARCOS VALADAO AP 33",
        "addr:street": "Rua Av Pastor Martin Luther King Jr",
        "addr:housenumber": "10976",
        "addr:suburb": "Acari",
        "addr:city": "Rio de Janeiro",
        "addr:state": "RJ",
        "addr:country": "BR",
        "addr:postcode": "21530-015",
        "phone": "975141978/3373-2253",
        "email": "clinicadafamiliamarcosvaladao@gmail.com",
        "amenity": "clinic",
        "healthcare": "clinic",
        "name": "Unidade Básica de Saúde Sms Cf Marcos Valadao Ap 33",
        "short_name": "UBS Sms Cf Marcos Valadao Ap 33",
        "comment": "UBS",
        "qtd_equipes_esf": 7,
        "qtd_equipes_eap": 0,
        "qtd_equipes_total": 13,
        "capacidade_pnab": 24500,
        "nomes_equipes": "RIO ACARI; COLUMBIA ESB; PARMALAT; UNIDOS; PARQUE ACARI; CNAR PAVUNA ACARI; FAVO; UNIDOS ESB; LINHA VERDE; LINHA VERDE ESB; EMULTI MARCOS VALADAO AMP; COLUMBIA; EMULTI MARCOS VALADAO COMP"
      },
      "geometry": {
        "type": "Point",
        "coordinates": [
          -43.34757,
          -22.82537
        ]
      }
    },
    {
      "type": "Feature",
      "id": 6761704,
      "properties": {
        "operator": "Prefeitura Municipal de Rio de Janeiro",
        "operator:type": "public",
        "ref:CNES": "6761704",
        "source": "cnes;datasus;dados_abertos_saude",
        "official_name": "SMS CF MARIA DE AZEVEDO RODRIGUES PEREIRA AP 33",
        "addr:street": "Rua Praca Professora Santinha",
        "addr:suburb": "Parque Anchieta",
        "addr:city": "Rio de Janeiro",
        "addr:state": "RJ",
        "addr:country": "BR",
        "addr:postcode": "21620-510",
        "phone": "97527-9813/3019-6181",
        "email": "cf.santinha@gmail.com",
        "amenity": "clinic",
        "healthcare": "clinic",
        "name": "Unidade Básica de Saúde Sms Cf Maria de Azevedo Rodrigues Pereira Ap 33",
        "short_name": "UBS Sms Cf Maria de Azevedo Rodrigues Pereira Ap 33",
        "comment": "UBS",
        "qtd_equipes_esf": 6,
        "qtd_equipes_eap": 0,
        "qtd_equipes_total": 8,
        "capacidade_pnab": 21000,
        "nomes_equipes": "ARNALDO MURINELI; CARDOSO DE CASTRO ESB; MARIOPOLIS; CARDOSO DE CASTRO; FROES DE ABREU; BEIRA RIO; ARNALDO MURINELI ESB; CIPRIANO BARATA"
      },
      "geometry": {
        "type": "Point",
        "coordinates": [
          -43.40683,
          -22.83389
        ]
      }
    },
    {
      "type": "Feature",
      "id": 6503772,
      "properties": {
        "operator": "Prefeitura Municipal de Rio de Janeiro",
        "operator:type": "public",
        "ref:CNES": "6503772",
        "source": "cnes;datasus;dados_abertos_saude",
        "official_name": "SMS CF MARIA DO SOCORRO ROCINHA AP 21",
        "addr:street": "Estrada da Gavea",
        "addr:housenumber": "522",
        "addr:suburb": "Rocinha",
        "addr:city": "Rio de Janeiro",
        "addr:state": "RJ",
        "addr:country": "BR",
        "addr:postcode": "22451-272",
        "phone": "+55 21 3512-3047",
        "email": "gerentecfmariadosocorro@gmail.com",
        "amenity": "clinic",
        "healthcare": "clinic",
        "name": "Unidade Básica de Saúde Sms Cf Maria do Socorro Rocinha Ap 21",
        "short_name": "UBS Sms Cf Maria do Socorro Rocinha Ap 21",
        "comment": "UBS",
        "qtd_equipes_esf": 13,
        "qtd_equipes_eap": 0,
        "qtd_equipes_total": 18,
        "capacidade_pnab": 45500,
        "nomes_equipes": "VILA UNIAO; SKATE I; RUA 4; CACHOPINHA I; CIDADE NOVA I; SKATE II; CACHOPINHA II; CIDADE NOVA II; ANIBAL; TERREIRAO DE BAIXO; DIONEIA; PAZ; EMULTI MARIA DO SOCORRO ROCINH; CIDADE NOVA ESB; ANIBAL ESB; SKATE ESB; VILA UNIAO ESB; GAVEA"
      },
      "geometry": {
        "type": "Point",
        "coordinates": [
          -43.2524001,
          -22.9894018
        ]
      }
    },
    {
      "type": "Feature",
      "id": 5546591,
      "properties": {
        "operator": "Prefeitura Municipal de Rio de Janeiro",
        "operator:type": "public",
        "ref:CNES": "5546591",
        "source": "cnes;datasus;dados_abertos_saude",
        "official_name": "SMS CF MARIA JOSE DE SOUSA BARBOSA AP 51",
        "addr:street": "Estrada do Taquaral",
        "addr:housenumber": "100",
        "addr:suburb": "Bangu",
        "addr:city": "Rio de Janeiro",
        "addr:state": "RJ",
        "addr:country": "BR",
        "addr:postcode": "21842-550",
        "phone": "+55 21 3613-8292",
        "email": "cfmariajosedesousabarbosa@gmail.com",
        "amenity": "clinic",
        "healthcare": "clinic",
        "name": "Unidade Básica de Saúde Sms Cf Maria Jose de Sousa Barbosa Ap 51",
        "short_name": "UBS Sms Cf Maria Jose de Sousa Barbosa Ap 51",
        "comment": "UBS",
        "qtd_equipes_esf": 8,
        "qtd_equipes_eap": 0,
        "qtd_equipes_total": 12,
        "capacidade_pnab": 28000,
        "nomes_equipes": "MORETTI ESB; ALIANCA ESB; EMULTI MARIA JOSE; MOCA BONITA; CAMINHO DO LUCIO; MORETTI; MAGISTRADO; COLINAS ESB; MESTRE; ALIANCA; MANGUEIRAL; COLINAS"
      },
      "geometry": {
        "type": "Point",
        "coordinates": [
          -43.474733,
          -22.864247
        ]
      }
    },
    {
      "type": "Feature",
      "id": 9307265,
      "properties": {
        "operator": "Prefeitura Municipal de Rio de Janeiro",
        "operator:type": "public",
        "ref:CNES": "9307265",
        "source": "cnes;datasus;dados_abertos_saude",
        "official_name": "SMS CF MARIA JOSE PAPERA DE AZEVEDO AP 52",
        "addr:street": "Estrada da Posse",
        "addr:suburb": "Campo Grande",
        "addr:city": "Rio de Janeiro",
        "addr:state": "RJ",
        "addr:country": "BR",
        "addr:postcode": "23093-300",
        "phone": "+55 21 3523-8467",
        "email": "gerente.cfmjpa@gmail.com",
        "amenity": "clinic",
        "healthcare": "clinic",
        "name": "Unidade Básica de Saúde Sms Cf Maria Jose Papera de Azevedo Ap 52",
        "short_name": "UBS Sms Cf Maria Jose Papera de Azevedo Ap 52",
        "comment": "UBS",
        "qtd_equipes_esf": 4,
        "qtd_equipes_eap": 0,
        "qtd_equipes_total": 6,
        "capacidade_pnab": 14000,
        "nomes_equipes": "SABOYA; GUAMIRANGA; DALTRO SANTOS; GUAMIRANGA ESB; EMULTI MARIA MANOEL; VILA MARIA"
      },
      "geometry": {
        "type": "Point",
        "coordinates": [
          -43.207984,
          -22.9029806
        ]
      }
    },
    {
      "type": "Feature",
      "id": 6568491,
      "properties": {
        "operator": "Prefeitura Municipal de Rio de Janeiro",
        "operator:type": "public",
        "ref:CNES": "6568491",
        "source": "cnes;datasus;dados_abertos_saude",
        "official_name": "SMS CF MARIA SEBASTIANA DE OLIVEIRA AP 31",
        "addr:street": "Avenida dos Magisterios",
        "addr:suburb": "Ilha do Governador",
        "addr:city": "Rio de Janeiro",
        "addr:state": "RJ",
        "addr:country": "BR",
        "addr:postcode": "21920-455",
        "phone": "+55 21 98591-0069",
        "email": "cfmariasebastianadeoliveira@gmail.com",
        "amenity": "clinic",
        "healthcare": "clinic",
        "name": "Unidade Básica de Saúde Sms Cf Maria Sebastiana de Oliveira Ap 31",
        "short_name": "UBS Sms Cf Maria Sebastiana de Oliveira Ap 31",
        "comment": "UBS",
        "qtd_equipes_esf": 6,
        "qtd_equipes_eap": 0,
        "qtd_equipes_total": 9,
        "capacidade_pnab": 21000,
        "nomes_equipes": "PRAIA DA ROSA; MONERO; FERNANDO PESSOA; ADOLFO PORTO; PRAIA DA ROSA ESB; QUEROSENE; EMULTI MARIA SEBASTIANA; ERICO COELHO; ADOLFO PORTO ESB"
      },
      "geometry": {
        "type": "Point",
        "coordinates": [
          -43.1953964,
          -22.7950497
        ]
      }
    },
    {
      "type": "Feature",
      "id": 6864708,
      "properties": {
        "operator": "Prefeitura Municipal de Rio de Janeiro",
        "operator:type": "public",
        "ref:CNES": "6864708",
        "source": "cnes;datasus;dados_abertos_saude",
        "official_name": "SMS CF MARIO DIAS ALENCAR AP 51",
        "addr:street": "Rua Mucuripe",
        "addr:suburb": "Bangu",
        "addr:city": "Rio de Janeiro",
        "addr:state": "RJ",
        "addr:country": "BR",
        "addr:postcode": "21832-150",
        "phone": "+55 21 3613-8296",
        "email": "cfmariodalencar02@gmail.com",
        "amenity": "clinic",
        "healthcare": "clinic",
        "name": "Unidade Básica de Saúde Sms Cf Mario Dias Alencar Ap 51",
        "short_name": "UBS Sms Cf Mario Dias Alencar Ap 51",
        "comment": "UBS",
        "qtd_equipes_esf": 5,
        "qtd_equipes_eap": 0,
        "qtd_equipes_total": 7,
        "capacidade_pnab": 17500,
        "nomes_equipes": "MARIO DA FONSECA ESB; NELSON DA FONSECA; TELEGRAFOS; MUCURIPE; JARDIM VIOLETA; NELSON DA FONSECA ESB; MARIO DA FONSECA"
      },
      "geometry": {
        "type": "Point",
        "coordinates": [
          -43.488472,
          -22.894142
        ]
      }
    },
    {
      "type": "Feature",
      "id": 6716598,
      "properties": {
        "operator": "Prefeitura Municipal de Rio de Janeiro",
        "operator:type": "public",
        "ref:CNES": "6716598",
        "source": "cnes;datasus;dados_abertos_saude",
        "official_name": "SMS CF MAURY ALVES DE PINHO AP 40",
        "addr:street": "Estrada dos Bandeirantes",
        "addr:housenumber": "11227",
        "addr:suburb": "Vargem Pequena",
        "addr:city": "Rio de Janeiro",
        "addr:state": "RJ",
        "addr:country": "BR",
        "addr:postcode": "22783-116",
        "phone": "+55 46 2042-3620",
        "email": "smsdcprofmap@gmail.com",
        "amenity": "clinic",
        "healthcare": "clinic",
        "name": "Unidade Básica de Saúde Sms Cf Maury Alves de Pinho Ap 40",
        "short_name": "UBS Sms Cf Maury Alves de Pinho Ap 40",
        "comment": "UBS",
        "qtd_equipes_esf": 4,
        "qtd_equipes_eap": 0,
        "qtd_equipes_total": 5,
        "capacidade_pnab": 14000,
        "nomes_equipes": "FONTELA; HORIZONTE ESB; COROADO; HORIZONTE; BANDEIRANTES"
      },
      "geometry": {
        "type": "Point",
        "coordinates": [
          -43.4324385,
          -22.9918671
        ]
      }
    },
    {
      "type": "Feature",
      "id": 9061401,
      "properties": {
        "operator": "Prefeitura Municipal de Rio de Janeiro",
        "operator:type": "public",
        "ref:CNES": "9061401",
        "source": "cnes;datasus;dados_abertos_saude",
        "official_name": "SMS CF MEDALHISTA OLIMPICO ARTHUR ZANETTI AP 52",
        "addr:street": "Avenida Marechal Dantas Barreto",
        "addr:suburb": "Campo Grande",
        "addr:city": "Rio de Janeiro",
        "addr:state": "RJ",
        "addr:country": "BR",
        "addr:postcode": "23090-300",
        "phone": "+55 21 3439-3902",
        "email": "ger.cfaz.cap52@gmail.com",
        "amenity": "clinic",
        "healthcare": "clinic",
        "name": "Unidade Básica de Saúde Sms Cf Medalhista Olimpico Arthur Zanetti Ap 52",
        "short_name": "UBS Sms Cf Medalhista Olimpico Arthur Zanetti Ap 52",
        "comment": "UBS",
        "qtd_equipes_esf": 5,
        "qtd_equipes_eap": 0,
        "qtd_equipes_total": 8,
        "capacidade_pnab": 17500,
        "nomes_equipes": "FIGUEIRA; CORRUPIAO; EMULTI RIO SAO PAULO; OITICICA; CORRUPIAO ESB; OITICICA ESB; TIMBAUBA; AJURANA"
      },
      "geometry": {
        "type": "Point",
        "coordinates": [
          -43.5580059,
          -22.8835314
        ]
      }
    },
    {
      "type": "Feature",
      "id": 9061398,
      "properties": {
        "operator": "Prefeitura Municipal de Rio de Janeiro",
        "operator:type": "public",
        "ref:CNES": "9061398",
        "source": "cnes;datasus;dados_abertos_saude",
        "official_name": "SMS CF MEDALHISTA OLIMPICO BRUNO SCHMIDT AP 52",
        "addr:street": "Rua Manoel Juliao de Medeiros",
        "addr:suburb": "Campo Grande",
        "addr:city": "Rio de Janeiro",
        "addr:state": "RJ",
        "addr:country": "BR",
        "addr:postcode": "23075-531",
        "phone": "+55 21 2042-9639",
        "email": "cfbrunoschmidt@gmail.com",
        "amenity": "clinic",
        "healthcare": "clinic",
        "name": "Unidade Básica de Saúde Sms Cf Medalhista Olimpico Bruno Schmidt Ap 52",
        "short_name": "UBS Sms Cf Medalhista Olimpico Bruno Schmidt Ap 52",
        "comment": "UBS",
        "qtd_equipes_esf": 6,
        "qtd_equipes_eap": 0,
        "qtd_equipes_total": 8,
        "capacidade_pnab": 21000,
        "nomes_equipes": "ALESSANDRA; SANTA MARIA; JARDIM LETICIA; JARDIM PAULISTA; TINGUI ESB; SANTA MARIA ESB; AMAZONAS; TINGUI"
      },
      "geometry": {
        "type": "Point",
        "coordinates": [
          -43.578323,
          -22.87255
        ]
      }
    },
    {
      "type": "Feature",
      "id": 9079939,
      "properties": {
        "operator": "Prefeitura Municipal de Rio de Janeiro",
        "operator:type": "public",
        "ref:CNES": "9079939",
        "source": "cnes;datasus;dados_abertos_saude",
        "official_name": "SMS CF MEDALHISTA OLIMPICO MAURICIO SILVA AP 10",
        "addr:street": "Avenida Carlos Matoso Correia",
        "addr:suburb": "Benfica",
        "addr:city": "Rio de Janeiro",
        "addr:state": "RJ",
        "addr:country": "BR",
        "addr:postcode": "20911-390",
        "phone": "+55 21 3952-5488",
        "email": "cfmauriciosilva.cap10@gmail.com",
        "amenity": "clinic",
        "healthcare": "clinic",
        "name": "Unidade Básica de Saúde Sms Cf Medalhista Olimpico Maurício Silva Ap 10",
        "short_name": "UBS Sms Cf Medalhista Olimpico Maurício Silva Ap 10",
        "comment": "UBS",
        "qtd_equipes_esf": 8,
        "qtd_equipes_eap": 0,
        "qtd_equipes_total": 12,
        "capacidade_pnab": 28000,
        "nomes_equipes": "PARQUE EREDIA DE SA; BARREIRA; VILA ARARA; ATAULFO ALVES; ALEXANDRE PLEMONT; PARQUE HORACIO; ESB FERREIRA; FERREIRA DE ARAUJO ESF; LINHA; ESB PARQUE EREDIA DE SA; ESB VILA ARARA; EMULTI VASCO DA GAMA"
      },
      "geometry": {
        "type": "Point",
        "coordinates": [
          -43.2278109,
          -22.8765904
        ]
      }
    },
    {
      "type": "Feature",
      "id": 9080163,
      "properties": {
        "operator": "Prefeitura Municipal de Rio de Janeiro",
        "operator:type": "public",
        "ref:CNES": "9080163",
        "source": "cnes;datasus;dados_abertos_saude",
        "official_name": "SMS CF MEDALHISTA OLIMPICO RICARDO LUCARELLI SOUZA AP 10",
        "addr:street": "Rua Frei Caneca",
        "addr:suburb": "Estacio",
        "addr:city": "Rio de Janeiro",
        "addr:state": "RJ",
        "addr:country": "BR",
        "addr:postcode": "20211-020",
        "phone": "+55 21 3972-6480",
        "email": "cfricardolucarelli.cap10@gmail.com",
        "amenity": "clinic",
        "healthcare": "clinic",
        "name": "Unidade Básica de Saúde Sms Cf Medalhista Olimpico Ricardo Lucarelli Souza Ap 10",
        "short_name": "UBS Sms Cf Medalhista Olimpico Ricardo Lucarelli Souza Ap 10",
        "comment": "UBS",
        "qtd_equipes_esf": 7,
        "qtd_equipes_eap": 0,
        "qtd_equipes_total": 11,
        "capacidade_pnab": 24500,
        "nomes_equipes": "ESB SAO FRANCISCO DE ASSIS; ESB SAO CARLOS; AZEVEDO LIMA; SAO FRANCISCO DE ASSIS; EMULTI FREI CANECA; SAO CARLOS; SAO JOSE OPERARIO; FREI CANECA; APOTEOSE; ESB FREI CANECA; ESTACIO DE SA"
      },
      "geometry": {
        "type": "Point",
        "coordinates": [
          -43.20121,
          -22.91455
        ]
      }
    },
    {
      "type": "Feature",
      "id": 9072640,
      "properties": {
        "operator": "Prefeitura Municipal de Rio de Janeiro",
        "operator:type": "public",
        "ref:CNES": "9072640",
        "source": "cnes;datasus;dados_abertos_saude",
        "official_name": "SMS CF MESTRE MOLEQUINHO DO IMPERIO AP 33",
        "addr:street": "Rua Iguaçu",
        "addr:suburb": "Engenheiro Leal",
        "addr:city": "Rio de Janeiro",
        "addr:state": "RJ",
        "addr:country": "BR",
        "addr:postcode": "21370-130",
        "phone": "97526-0954/2452-9224",
        "email": "cfmestremolequinho.cap33@gmail.com",
        "amenity": "clinic",
        "healthcare": "clinic",
        "name": "Unidade Básica de Saúde Sms Cf Mestre Molequinho do Imperio Ap 33",
        "short_name": "UBS Sms Cf Mestre Molequinho do Imperio Ap 33",
        "comment": "UBS",
        "qtd_equipes_esf": 6,
        "qtd_equipes_eap": 0,
        "qtd_equipes_total": 9,
        "capacidade_pnab": 21000,
        "nomes_equipes": "DELFINA ALVES; MELO MORAIS; CANDIRU; MONTEIRO MANSO; EMULTI MESTRE MOLEQUINHO; CANDIRU ESB; ARAMARE; LICURGO; LICURGO ESB"
      },
      "geometry": {
        "type": "Point",
        "coordinates": [
          -43.32941,
          -22.87459
        ]
      }
    },
    {
      "type": "Feature",
      "id": 7523246,
      "properties": {
        "operator": "Prefeitura Municipal de Rio de Janeiro",
        "operator:type": "public",
        "ref:CNES": "7523246",
        "source": "cnes;datasus;dados_abertos_saude",
        "official_name": "SMS CF NELIO DE OLIVEIRA AP 10",
        "addr:street": "Rua Rivadavia Correa",
        "addr:housenumber": "188",
        "addr:suburb": "Gamboa",
        "addr:city": "Rio de Janeiro",
        "addr:state": "RJ",
        "addr:country": "BR",
        "addr:postcode": "20220-290",
        "phone": "+55 21 2516-0620",
        "email": "cfneliodeoliveira.cap10@gmail.com",
        "amenity": "clinic",
        "healthcare": "clinic",
        "name": "Unidade Básica de Saúde Sms Cf Nelio de Oliveira Ap 10",
        "short_name": "UBS Sms Cf Nelio de Oliveira Ap 10",
        "comment": "UBS",
        "qtd_equipes_esf": 3,
        "qtd_equipes_eap": 0,
        "qtd_equipes_total": 3,
        "capacidade_pnab": 10500,
        "nomes_equipes": "AMERICO BRUM; JOSE BONIFACIO; HARMONIA"
      },
      "geometry": {
        "type": "Point",
        "coordinates": [
          -43.19661,
          -22.89725
        ]
      }
    },
    {
      "type": "Feature",
      "id": 9016805,
      "properties": {
        "operator": "Prefeitura Municipal de Rio de Janeiro",
        "operator:type": "public",
        "ref:CNES": "9016805",
        "source": "cnes;datasus;dados_abertos_saude",
        "official_name": "SMS CF NILDA CAMPOS DE LIMA AP 31",
        "addr:street": "Rua Oliveira Melo",
        "addr:suburb": "Cordovil",
        "addr:city": "Rio de Janeiro",
        "addr:state": "RJ",
        "addr:country": "BR",
        "addr:postcode": "21250-392",
        "phone": "+55 21 98591-0054",
        "email": "cfnildacamposdelima@gmail.com",
        "amenity": "clinic",
        "healthcare": "clinic",
        "name": "Unidade Básica de Saúde Sms Cf Nilda Campos de Lima Ap 31",
        "short_name": "UBS Sms Cf Nilda Campos de Lima Ap 31",
        "comment": "UBS",
        "qtd_equipes_esf": 9,
        "qtd_equipes_eap": 0,
        "qtd_equipes_total": 13,
        "capacidade_pnab": 31500,
        "nomes_equipes": "EMULTI NILDA CAMPOS DE LIMA; GUAPORE; ALMIRANTE INGRAM; PEDRO RUFINO ESB; RIO PRETO ESB; OLIVEIRA MELO ESB; DOURADOS; PEDRO RUFINO; OLIVEIRA MELO; QUITUNGO; ORICA; RIO PRETO; PEQUIRI"
      },
      "geometry": {
        "type": "Point",
        "coordinates": [
          -43.302427,
          -22.827522
        ]
      }
    },
    {
      "type": "Feature",
      "id": 6901042,
      "properties": {
        "operator": "Prefeitura Municipal de Rio de Janeiro",
        "operator:type": "public",
        "ref:CNES": "6901042",
        "source": "cnes;datasus;dados_abertos_saude",
        "official_name": "SMS CF NILDO EYMAR DE ALMEIDA AGUIAR AP 51",
        "addr:street": "Estrada General Americano Freire",
        "addr:suburb": "Realengo",
        "addr:city": "Rio de Janeiro",
        "addr:state": "RJ",
        "addr:country": "BR",
        "addr:postcode": "21720-140",
        "phone": "+55 21 3613-8294",
        "email": "cfnildoaguiar@gmail.com",
        "amenity": "clinic",
        "healthcare": "clinic",
        "name": "Unidade Básica de Saúde Sms Cf Nildo Eymar de Almeida Aguiar Ap 51",
        "short_name": "UBS Sms Cf Nildo Eymar de Almeida Aguiar Ap 51",
        "comment": "UBS",
        "qtd_equipes_esf": 8,
        "qtd_equipes_eap": 0,
        "qtd_equipes_total": 11,
        "capacidade_pnab": 28000,
        "nomes_equipes": "PARAISO ESB; AMERICANO FREIRE ESB; VILA LOBOS; CURITIBA; AMERICANO FREIRE; EUZEBIO DE QUEIROZ; UNIAO; PARAISO; AUGUSTO PETIT ESB; AUGUSTO PETIT; VIVENDAS"
      },
      "geometry": {
        "type": "Point",
        "coordinates": [
          -43.444836,
          -22.863
        ]
      }
    },
    {
      "type": "Feature",
      "id": 9067078,
      "properties": {
        "operator": "Prefeitura Municipal de Rio de Janeiro",
        "operator:type": "public",
        "ref:CNES": "9067078",
        "source": "cnes;datasus;dados_abertos_saude",
        "official_name": "SMS CF ODALEA FIRMO DUTRA AP 22",
        "addr:street": "Rua Botucatu",
        "addr:housenumber": "633",
        "addr:suburb": "Grajau",
        "addr:city": "Rio de Janeiro",
        "addr:state": "RJ",
        "addr:country": "BR",
        "addr:postcode": "20541-340",
        "phone": "+55 21 4042-2093",
        "email": "gerencia.cf.odaleafirmodutra@gmail.com",
        "amenity": "clinic",
        "healthcare": "clinic",
        "name": "Unidade Básica de Saúde Sms Cf Odalea Firmo Dutra Ap 22",
        "short_name": "UBS Sms Cf Odalea Firmo Dutra Ap 22",
        "comment": "UBS",
        "qtd_equipes_esf": 7,
        "qtd_equipes_eap": 0,
        "qtd_equipes_total": 12,
        "capacidade_pnab": 24500,
        "nomes_equipes": "ARAXA; UBERABA; EMULTI ODALEA FIRMO DUTRA; SANTO ESTEVAO; ADOLFO CAMINHA; FURNAS ESB; FURNAS; SANTO ESTEVAO ESB; ADOLFO CAMINHA ESB; ITORORO; ARAXA ESB; ESPERANCA"
      },
      "geometry": {
        "type": "Point",
        "coordinates": [
          -43.2609906,
          -22.9156235
        ]
      }
    },
    {
      "type": "Feature",
      "id": 9045023,
      "properties": {
        "operator": "Prefeitura Municipal de Rio de Janeiro",
        "operator:type": "public",
        "ref:CNES": "9045023",
        "source": "cnes;datasus;dados_abertos_saude",
        "official_name": "SMS CF OLGA PEREIRA PACHECO AP 32",
        "addr:street": "Rua Ana Quintao",
        "addr:housenumber": "348",
        "addr:suburb": "Piedade",
        "addr:city": "Rio de Janeiro",
        "addr:state": "RJ",
        "addr:country": "BR",
        "addr:postcode": "20751-240",
        "phone": "+55 46 3798-9629",
        "email": "cfolgapacheco@gmail.com",
        "amenity": "clinic",
        "healthcare": "clinic",
        "name": "Unidade Básica de Saúde Sms Cf Olga Pereira Pacheco Ap 32",
        "short_name": "UBS Sms Cf Olga Pereira Pacheco Ap 32",
        "comment": "UBS",
        "qtd_equipes_esf": 6,
        "qtd_equipes_eap": 0,
        "qtd_equipes_total": 9,
        "capacidade_pnab": 21000,
        "nomes_equipes": "CARDOSO QUINTAO; ANA QUINTAO; PARANAPIACABA; PAULO PIRES; PARANAPIACABA ESB; ARTUR VARGAS; EMULTI OLGA PACHECO; ANA QUINTAO ESB; SOLIMOES"
      },
      "geometry": {
        "type": "Point",
        "coordinates": [
          -43.3090978,
          -22.8788771
        ]
      }
    },
    {
      "type": "Feature",
      "id": 6387152,
      "properties": {
        "operator": "Prefeitura Municipal de Rio de Janeiro",
        "operator:type": "public",
        "ref:CNES": "6387152",
        "source": "cnes;datasus;dados_abertos_saude",
        "official_name": "SMS CF OLIMPIA ESTEVES AP 51",
        "addr:street": "Rua Olimpia Esteves",
        "addr:suburb": "Padre Miguel",
        "addr:city": "Rio de Janeiro",
        "addr:state": "RJ",
        "addr:country": "BR",
        "addr:postcode": "21775-004",
        "phone": "+55 21 3613-8270",
        "email": "psfolimpiaesteves@gmail.com",
        "amenity": "clinic",
        "healthcare": "clinic",
        "name": "Unidade Básica de Saúde Sms Cf Olimpia Esteves Ap 51",
        "short_name": "UBS Sms Cf Olimpia Esteves Ap 51",
        "comment": "UBS",
        "qtd_equipes_esf": 9,
        "qtd_equipes_eap": 0,
        "qtd_equipes_total": 13,
        "capacidade_pnab": 31500,
        "nomes_equipes": "EMULTI OLIMPIA ESTEVES; MARAVILHA; LUISA BARATA; ALTO DOURO; ALTO DOURO ESB; LUIS CARLOS GUIMARAES; CATARINO; CERIBA; JUSTINO DE ARAUJO; LIMITES; LUISA BARATA ESB; MARAVILHA ESB; MURUNDU"
      },
      "geometry": {
        "type": "Point",
        "coordinates": [
          -43.446811,
          -22.888497
        ]
      }
    },
    {
      "type": "Feature",
      "id": 6927289,
      "properties": {
        "operator": "Prefeitura Municipal de Rio de Janeiro",
        "operator:type": "public",
        "ref:CNES": "6927289",
        "source": "cnes;datasus;dados_abertos_saude",
        "official_name": "SMS CF OTTO ALVES DE CARVALHO AP 40",
        "addr:street": "Avenida Engenheiro Souza Filho",
        "addr:suburb": "Jacarepagua",
        "addr:city": "Rio de Janeiro",
        "addr:state": "RJ",
        "addr:country": "BR",
        "addr:postcode": "22723-730",
        "phone": "+55 46 2042-3601",
        "email": "ottoalvesdecarvalho@gmail.com",
        "amenity": "clinic",
        "healthcare": "clinic",
        "name": "Unidade Básica de Saúde Sms Cf Otto Alves de Carvalho Ap 40",
        "short_name": "UBS Sms Cf Otto Alves de Carvalho Ap 40",
        "comment": "UBS",
        "qtd_equipes_esf": 10,
        "qtd_equipes_eap": 0,
        "qtd_equipes_total": 15,
        "capacidade_pnab": 35000,
        "nomes_equipes": "MANDACARU; ACUCENA; JANGADA; CALANGO; CAATINGA; CORDEL; LAMPIAO; IMIGRANTES; MARIA BONITA; JUAZEIRO; LAMPIAO ESB; MARIA BONITA ESB; CORDEL ESB; EMULTI - RIO DAS PEDRAS I; CAATINGA ESB"
      },
      "geometry": {
        "type": "Point",
        "coordinates": [
          -43.3361689,
          -22.9688461
        ]
      }
    },
    {
      "type": "Feature",
      "id": 6855709,
      "properties": {
        "operator": "Prefeitura Municipal de Rio de Janeiro",
        "operator:type": "public",
        "ref:CNES": "6855709",
        "source": "cnes;datasus;dados_abertos_saude",
        "official_name": "SMS CF PADRE JOHN CRIBBIN PADRE JOAO AP 51",
        "addr:street": "Estrada Manoel Nogueira de Sa",
        "addr:suburb": "Realengo",
        "addr:city": "Rio de Janeiro",
        "addr:state": "RJ",
        "addr:country": "BR",
        "addr:postcode": "21745-290",
        "phone": "+55 21 3613-8293",
        "email": "cfpadrejc@gmail.com",
        "amenity": "clinic",
        "healthcare": "clinic",
        "name": "Unidade Básica de Saúde Sms Cf Padre John Cribbin Padre João Ap 51",
        "short_name": "UBS Sms Cf Padre John Cribbin Padre João Ap 51",
        "comment": "UBS",
        "qtd_equipes_esf": 5,
        "qtd_equipes_eap": 0,
        "qtd_equipes_total": 8,
        "capacidade_pnab": 17500,
        "nomes_equipes": "MONSANTO; SALVADOR SABATE; LEONOR CHRISMAN MULLE; FREDERICO FAULHABER; LIGHT; LIGHT ESB; LEONOR CHRISMAN MULLE ESB; EMULTI PE JOHN/ROMULO"
      },
      "geometry": {
        "type": "Point",
        "coordinates": [
          -43.419136,
          -22.893536
        ]
      }
    },
    {
      "type": "Feature",
      "id": 6927319,
      "properties": {
        "operator": "Prefeitura Municipal de Rio de Janeiro",
        "operator:type": "public",
        "ref:CNES": "6927319",
        "source": "cnes;datasus;dados_abertos_saude",
        "official_name": "SMS CF PADRE JOSE DE AZEVEDO TIUBA AP 40",
        "addr:street": "Rua Acapori",
        "addr:suburb": "Gardenia Azul",
        "addr:city": "Rio de Janeiro",
        "addr:state": "RJ",
        "addr:country": "BR",
        "addr:postcode": "22765-650",
        "phone": "+55 46 2042-3672",
        "email": "gerentecfpjat@gmail.com",
        "amenity": "clinic",
        "healthcare": "clinic",
        "name": "Unidade Básica de Saúde Sms Cf Padre Jose de Azevedo Tiuba Ap 40",
        "short_name": "UBS Sms Cf Padre Jose de Azevedo Tiuba Ap 40",
        "comment": "UBS",
        "qtd_equipes_esf": 13,
        "qtd_equipes_eap": 0,
        "qtd_equipes_total": 16,
        "capacidade_pnab": 45500,
        "nomes_equipes": "NOVA ESPERANCA; FLOR DE GARDENIA; IXORA; MENTA; IXORA II; IXORA III; NOVA ESPERANCA II; NOVA ESPERANCA III; MENTA II; MENTA III; LAGOAS; VITORIA REGIA; RUBIA ESB; NOVA ESPERANCA ESB; LAGOAS ESB; RUBIA"
      },
      "geometry": {
        "type": "Point",
        "coordinates": [
          -43.3530601,
          -22.960428
        ]
      }
    },
    {
      "type": "Feature",
      "id": 265233,
      "properties": {
        "operator": "Prefeitura Municipal de Rio de Janeiro",
        "operator:type": "public",
        "ref:CNES": "265233",
        "source": "cnes;datasus;dados_abertos_saude",
        "official_name": "SMS CF PADRE MARCOS VINICIO MIRANDA VIEIRA AP 40",
        "addr:street": "Estrada do Itanhanga",
        "addr:suburb": "Itanhanga",
        "addr:city": "Rio de Janeiro",
        "addr:state": "RJ",
        "addr:country": "BR",
        "addr:postcode": "22753-005",
        "phone": "+55 46 4042-2599",
        "email": "cfpadremarcos@gmail.com",
        "amenity": "clinic",
        "healthcare": "clinic",
        "name": "Unidade Básica de Saúde Sms Cf Padre Marcos Vinicio Miranda Vieira Ap 40",
        "short_name": "UBS Sms Cf Padre Marcos Vinicio Miranda Vieira Ap 40",
        "comment": "UBS",
        "qtd_equipes_esf": 6,
        "qtd_equipes_eap": 0,
        "qtd_equipes_total": 9,
        "capacidade_pnab": 21000,
        "nomes_equipes": "BARONESA; HIBISCO ESB; SOSSEGO; EMULTI - MUZEMA; HIBISCO; SAMAMBAIA ESB; FIGUEIRAS; BROMELIA; SAMAMBAIA"
      },
      "geometry": {
        "type": "Point",
        "coordinates": [
          -43.3213203,
          -22.9905948
        ]
      }
    },
    {
      "type": "Feature",
      "id": 7021771,
      "properties": {
        "operator": "Prefeitura Municipal de Rio de Janeiro",
        "operator:type": "public",
        "ref:CNES": "7021771",
        "source": "cnes;datasus;dados_abertos_saude",
        "official_name": "SMS CF RAIMUNDO ALVES NASCIMENTO AP 33",
        "addr:street": "Rua Marcos de Macedo",
        "addr:suburb": "Guadalupe",
        "addr:city": "Rio de Janeiro",
        "addr:state": "RJ",
        "addr:country": "BR",
        "addr:postcode": "21660-020",
        "phone": "97510-4019/3107-0882",
        "email": "cfraimundoalvesnascimento@gmail.com",
        "amenity": "clinic",
        "healthcare": "clinic",
        "name": "Unidade Básica de Saúde Sms Cf Raimundo Alves Nascimento Ap 33",
        "short_name": "UBS Sms Cf Raimundo Alves Nascimento Ap 33",
        "comment": "UBS",
        "qtd_equipes_esf": 4,
        "qtd_equipes_eap": 0,
        "qtd_equipes_total": 5,
        "capacidade_pnab": 14000,
        "nomes_equipes": "ARROJADO; GILBERTO FERNANDES; DAMASQUEIRA; MANOEL BARATA; MANOEL BARATA ESB"
      },
      "geometry": {
        "type": "Point",
        "coordinates": [
          -43.3762,
          -22.84192
        ]
      }
    },
    {
      "type": "Feature",
      "id": 3785025,
      "properties": {
        "operator": "Prefeitura Municipal de Rio de Janeiro",
        "operator:type": "public",
        "ref:CNES": "3785025",
        "source": "cnes;datasus;dados_abertos_saude",
        "official_name": "SMS CF RECANTO DO TROVADOR AP 22",
        "addr:street": "Rua Visconde de Santa Isabel",
        "addr:housenumber": "272",
        "addr:suburb": "Vila Isabel",
        "addr:city": "Rio de Janeiro",
        "addr:state": "RJ",
        "addr:country": "BR",
        "addr:postcode": "20560-120",
        "phone": "+55 21 2042-9840",
        "email": "gerencia.cfrecantodotrovador@gmail.com",
        "amenity": "clinic",
        "healthcare": "clinic",
        "name": "Unidade Básica de Saúde Sms Cf Recanto do Trovador Ap 22",
        "short_name": "UBS Sms Cf Recanto do Trovador Ap 22",
        "comment": "UBS",
        "qtd_equipes_esf": 4,
        "qtd_equipes_eap": 0,
        "qtd_equipes_total": 6,
        "capacidade_pnab": 14000,
        "nomes_equipes": "CARUARU; POPULAR ESB; POPULAR; NOEL ROSA; MARTINHO DA VILA ESB; MARTINHO DA VILA"
      },
      "geometry": {
        "type": "Point",
        "coordinates": [
          -43.260968,
          -22.915215
        ]
      }
    },
    {
      "type": "Feature",
      "id": 6506232,
      "properties": {
        "operator": "Prefeitura Municipal de Rio de Janeiro",
        "operator:type": "public",
        "ref:CNES": "6506232",
        "source": "cnes;datasus;dados_abertos_saude",
        "official_name": "SMS CF RINALDO DE LAMARE AP 21",
        "addr:street": "Rua Av Niemeyer",
        "addr:housenumber": "776",
        "addr:suburb": "São Conrado",
        "addr:city": "Rio de Janeiro",
        "addr:state": "RJ",
        "addr:country": "BR",
        "addr:postcode": "22450-221",
        "phone": "+55 21 3613-8281",
        "email": "cf.rinaldodelamare@gmail.com",
        "amenity": "clinic",
        "healthcare": "clinic",
        "name": "Unidade Básica de Saúde Sms Cf Rinaldo de Lamare Ap 21",
        "short_name": "UBS Sms Cf Rinaldo de Lamare Ap 21",
        "comment": "UBS",
        "qtd_equipes_esf": 7,
        "qtd_equipes_eap": 0,
        "qtd_equipes_total": 11,
        "capacidade_pnab": 24500,
        "nomes_equipes": "BOIADEIROS; BARCELLOS; BARCELLOS ESB; CAMPO ESPERANCA ESB; BOIADEIROS ESB; VILA VERDE; TRAMPOLIM; CAMPO ESPERANCA; CANAL; RAIZ DO MORRO; EMULTI RINALDO DE LAMARE"
      },
      "geometry": {
        "type": "Point",
        "coordinates": [
          -43.2526851,
          -22.9933412
        ]
      }
    },
    {
      "type": "Feature",
      "id": 2280205,
      "properties": {
        "operator": "Prefeitura Municipal de Rio de Janeiro",
        "operator:type": "public",
        "ref:CNES": "2280205",
        "source": "cnes;datasus;dados_abertos_saude",
        "official_name": "SMS CF RODOLPHO PERISSE VIDIGAL AP 21",
        "addr:street": "Rua Av Presidente João Goulart",
        "addr:housenumber": "735",
        "addr:suburb": "Vidigal",
        "addr:city": "Rio de Janeiro",
        "addr:state": "RJ",
        "addr:country": "BR",
        "addr:postcode": "22450-250",
        "phone": "+55 21 3613-8318",
        "email": "cmsrodolphoperisse@gmail.com",
        "amenity": "clinic",
        "healthcare": "clinic",
        "name": "Unidade Básica de Saúde Sms Cf Rodolpho Perisse Vidigal Ap 21",
        "short_name": "UBS Sms Cf Rodolpho Perisse Vidigal Ap 21",
        "comment": "UBS",
        "qtd_equipes_esf": 4,
        "qtd_equipes_eap": 0,
        "qtd_equipes_total": 6,
        "capacidade_pnab": 14000,
        "nomes_equipes": "LITORAL ESB; ESPERANCA; LITORAL; MIRANTE; VIDIGAL; ESPERANCA ESB"
      },
      "geometry": {
        "type": "Point",
        "coordinates": [
          -43.2392138,
          -22.9950752
        ]
      }
    },
    {
      "type": "Feature",
      "id": 6524486,
      "properties": {
        "operator": "Prefeitura Municipal de Rio de Janeiro",
        "operator:type": "public",
        "ref:CNES": "6524486",
        "source": "cnes;datasus;dados_abertos_saude",
        "official_name": "SMS CF RODRIGO Y AGUILAR ROIG AP 31",
        "addr:street": "Estrada do Itarare",
        "addr:housenumber": "650",
        "addr:suburb": "Complexo do Alemao",
        "addr:city": "Rio de Janeiro",
        "addr:state": "RJ",
        "addr:country": "BR",
        "addr:postcode": "21061-240",
        "phone": "+55 21 98591-0063",
        "email": "cfrroig.cap31@gmail.com",
        "amenity": "clinic",
        "healthcare": "clinic",
        "name": "Unidade Básica de Saúde Sms Cf Rodrigo Y Aguilar Roig Ap 31",
        "short_name": "UBS Sms Cf Rodrigo Y Aguilar Roig Ap 31",
        "comment": "UBS",
        "qtd_equipes_esf": 4,
        "qtd_equipes_eap": 0,
        "qtd_equipes_total": 7,
        "capacidade_pnab": 14000,
        "nomes_equipes": "EMULTI RODRIGO Y AGUILAR ROIG; ALVORADA ESB; ALVORADA/CRUZEIRO ESB; FENIX; ITARARE; ALVORADA; ALVORADA/CRUZEIRO"
      },
      "geometry": {
        "type": "Point",
        "coordinates": [
          -43.26795,
          -22.86042
        ]
      }
    },
    {
      "type": "Feature",
      "id": 9023089,
      "properties": {
        "operator": "Prefeitura Municipal de Rio de Janeiro",
        "operator:type": "public",
        "ref:CNES": "9023089",
        "source": "cnes;datasus;dados_abertos_saude",
        "official_name": "SMS CF ROGERIO PINTO DA MOTA AP 51",
        "addr:street": "Rua Magalhaes Gandavo Praca do Bom Conselho",
        "addr:housenumber": "204",
        "addr:suburb": "Realengo",
        "addr:city": "Rio de Janeiro",
        "addr:state": "RJ",
        "addr:country": "BR",
        "addr:postcode": "21755-290",
        "phone": "+55 46 3613-8315",
        "email": "cfrogeriopinto@gmail.com",
        "amenity": "clinic",
        "healthcare": "clinic",
        "name": "Unidade Básica de Saúde Sms Cf Rogerio Pinto da Mota Ap 51",
        "short_name": "UBS Sms Cf Rogerio Pinto da Mota Ap 51",
        "comment": "UBS",
        "qtd_equipes_esf": 6,
        "qtd_equipes_eap": 0,
        "qtd_equipes_total": 8,
        "capacidade_pnab": 21000,
        "nomes_equipes": "MANDACARU ESB; CARUMBE ESB; CARUMBE; PIRAQUARA; MANDACARU; PIRAJURA; FREI MIGUEL; JEQUITINHONHA"
      },
      "geometry": {
        "type": "Point",
        "coordinates": [
          -43.415344,
          -22.884858
        ]
      }
    },
    {
      "type": "Feature",
      "id": 6029841,
      "properties": {
        "operator": "Prefeitura Municipal de Rio de Janeiro",
        "operator:type": "public",
        "ref:CNES": "6029841",
        "source": "cnes;datasus;dados_abertos_saude",
        "official_name": "SMS CF ROGERIO ROCCO AP 52",
        "addr:street": "Estrada do Encanamento",
        "addr:suburb": "Cosmos",
        "addr:city": "Rio de Janeiro",
        "addr:state": "RJ",
        "addr:country": "BR",
        "addr:postcode": "23060-000",
        "phone": "+55 21 4042-1940",
        "email": "gerente.cfrr@gmail.com",
        "amenity": "clinic",
        "healthcare": "clinic",
        "name": "Unidade Básica de Saúde Sms Cf Rogerio Rocco Ap 52",
        "short_name": "UBS Sms Cf Rogerio Rocco Ap 52",
        "comment": "UBS",
        "qtd_equipes_esf": 4,
        "qtd_equipes_eap": 0,
        "qtd_equipes_total": 7,
        "capacidade_pnab": 14000,
        "nomes_equipes": "ORLANDO DE AZEVEDO; EMULTI SANTA MARGARIDA; ORLANDO DE AZEVEDO ESB; CHICO MENDES; UPATININGA; ACAJUTIBA; CHICO MENDES ESB"
      },
      "geometry": {
        "type": "Point",
        "coordinates": [
          -43.6091139,
          -22.8916634
        ]
      }
    },
    {
      "type": "Feature",
      "id": 9311661,
      "properties": {
        "operator": "Prefeitura Municipal de Rio de Janeiro",
        "operator:type": "public",
        "ref:CNES": "9311661",
        "source": "cnes;datasus;dados_abertos_saude",
        "official_name": "SMS CF ROMULO CARLOS TEIXEIRA AP 51",
        "addr:street": "Rua Praca Maroba",
        "addr:suburb": "Realengo",
        "addr:city": "Rio de Janeiro",
        "addr:state": "RJ",
        "addr:country": "BR",
        "addr:postcode": "21765-400",
        "phone": "+55 21 3613-8311",
        "email": "cfromulocarlos@gmail.com",
        "amenity": "clinic",
        "healthcare": "clinic",
        "name": "Unidade Básica de Saúde Sms Cf Romulo Carlos Teixeira Ap 51",
        "short_name": "UBS Sms Cf Romulo Carlos Teixeira Ap 51",
        "comment": "UBS",
        "qtd_equipes_esf": 8,
        "qtd_equipes_eap": 0,
        "qtd_equipes_total": 11,
        "capacidade_pnab": 28000,
        "nomes_equipes": "ARITIBA; CLAUDINO BARATA; GOVERNO; GENERAL AZEREDO; SILVA NETO; SILVA NETO ESB; CAPITUVA ESB; CACHOEIRA DO BARATA; ARITIBA ESB; IDEAL; CAPITUVA"
      },
      "geometry": {
        "type": "Point",
        "coordinates": [
          -43.431542,
          -22.887553
        ]
      }
    },
    {
      "type": "Feature",
      "id": 3416372,
      "properties": {
        "operator": "Prefeitura Municipal de Rio de Janeiro",
        "operator:type": "public",
        "ref:CNES": "3416372",
        "source": "cnes;datasus;dados_abertos_saude",
        "official_name": "SMS CF ROSINO BACCARINI AP 51",
        "addr:street": "Rua Araquem",
        "addr:suburb": "Bangu",
        "addr:city": "Rio de Janeiro",
        "addr:state": "RJ",
        "addr:country": "BR",
        "addr:postcode": "21860-005",
        "phone": "+55 21 3613-8298",
        "email": "psfcancelapreta2@gmail.com",
        "amenity": "clinic",
        "healthcare": "clinic",
        "name": "Unidade Básica de Saúde Sms Cf Rosino Baccarini Ap 51",
        "short_name": "UBS Sms Cf Rosino Baccarini Ap 51",
        "comment": "UBS",
        "qtd_equipes_esf": 5,
        "qtd_equipes_eap": 0,
        "qtd_equipes_total": 8,
        "capacidade_pnab": 17500,
        "nomes_equipes": "ESTRELA; 06 DE NOVEMBRO; JARDIM PROGRESSO; PEDRINHAS; 06 DE NOVEMBRO ESB; EMULTI ROSINO/MONAT; CANCELINHA; CANCELINHA ESB"
      },
      "geometry": {
        "type": "Point",
        "coordinates": [
          -43.463397,
          -22.854969
        ]
      }
    },
    {
      "type": "Feature",
      "id": 6683851,
      "properties": {
        "operator": "Prefeitura Municipal de Rio de Janeiro",
        "operator:type": "public",
        "ref:CNES": "6683851",
        "source": "cnes;datasus;dados_abertos_saude",
        "official_name": "SMS CF SAMUEL PENHA VALLE AP 53",
        "addr:street": "Rua Av Cesario de Melo",
        "addr:housenumber": "12574",
        "addr:suburb": "Santa Cruz",
        "addr:city": "Rio de Janeiro",
        "addr:state": "RJ",
        "addr:country": "BR",
        "addr:postcode": "23595-040",
        "phone": "+55 21 3313-0945",
        "email": "cfspv.cap53@gmail.com",
        "amenity": "clinic",
        "healthcare": "clinic",
        "name": "Unidade Básica de Saúde Sms Cf Samuel Penha Valle Ap 53",
        "short_name": "UBS Sms Cf Samuel Penha Valle Ap 53",
        "comment": "UBS",
        "qtd_equipes_esf": 3,
        "qtd_equipes_eap": 0,
        "qtd_equipes_total": 4,
        "capacidade_pnab": 10500,
        "nomes_equipes": "TORRE; VAGAO; ALTA; ALTA ESB"
      },
      "geometry": {
        "type": "Point",
        "coordinates": [
          -43.65236,
          -22.92753
        ]
      }
    },
    {
      "type": "Feature",
      "id": 7810172,
      "properties": {
        "operator": "Prefeitura Municipal de Rio de Janeiro",
        "operator:type": "public",
        "ref:CNES": "7810172",
        "source": "cnes;datasus;dados_abertos_saude",
        "official_name": "SMS CF SANDRA REGINA SAMPAIO DE SOUZA AP 51",
        "addr:street": "Avenida Santa Cruz",
        "addr:suburb": "Senador Camara",
        "addr:city": "Rio de Janeiro",
        "addr:state": "RJ",
        "addr:country": "BR",
        "addr:postcode": "21830-000",
        "phone": "+55 21 3613-8297",
        "email": "cfsandraregina@gmail.com",
        "amenity": "clinic",
        "healthcare": "clinic",
        "name": "Unidade Básica de Saúde Sms Cf Sandra Regina Sampaio de Souza Ap 51",
        "short_name": "UBS Sms Cf Sandra Regina Sampaio de Souza Ap 51",
        "comment": "UBS",
        "qtd_equipes_esf": 7,
        "qtd_equipes_eap": 0,
        "qtd_equipes_total": 11,
        "capacidade_pnab": 24500,
        "nomes_equipes": "FAZENDA VIEGAS; MANGUEIRA; PEDRA BRANCA; VITA CRUZ; SPERANZA VACCARI AYRES; EMULTI SANDRA/FLEMING; MANGUEIRA ESB; COREIA ESB; SPERANZA VACCARI AYRES ESB; MARACANA; COREIA"
      },
      "geometry": {
        "type": "Point",
        "coordinates": [
          -43.487383,
          -22.882425
        ]
      }
    },
    {
      "type": "Feature",
      "id": 6272053,
      "properties": {
        "operator": "Prefeitura Municipal de Rio de Janeiro",
        "operator:type": "public",
        "ref:CNES": "6272053",
        "source": "cnes;datasus;dados_abertos_saude",
        "official_name": "SMS CF SANTA MARTA AP 21",
        "addr:street": "Rua São Clemente",
        "addr:housenumber": "312",
        "addr:suburb": "Botafogo",
        "addr:city": "Rio de Janeiro",
        "addr:state": "RJ",
        "addr:country": "BR",
        "addr:postcode": "22260-150",
        "phone": "+55 21 3613-8319",
        "email": "sfsantamarta@gmail.com",
        "amenity": "clinic",
        "healthcare": "clinic",
        "name": "Unidade Básica de Saúde Sms Cf Santa Marta Ap 21",
        "short_name": "UBS Sms Cf Santa Marta Ap 21",
        "comment": "UBS",
        "qtd_equipes_esf": 3,
        "qtd_equipes_eap": 0,
        "qtd_equipes_total": 5,
        "capacidade_pnab": 10500,
        "nomes_equipes": "PIONEIROS; ZUMBI DOS PALMARES ESB; DEDE ESB; DEDE; ZUMBI DOS PALMARES"
      },
      "geometry": {
        "type": "Point",
        "coordinates": [
          -43.19259,
          -22.95001
        ]
      }
    },
    {
      "type": "Feature",
      "id": 4030990,
      "properties": {
        "operator": "Prefeitura Municipal de Rio de Janeiro",
        "operator:type": "public",
        "ref:CNES": "4030990",
        "source": "cnes;datasus;dados_abertos_saude",
        "official_name": "SMS CF SAO SEBASTIAO AP 10",
        "addr:street": "Rua Monsenhor Manoel Gomes",
        "addr:housenumber": "630",
        "addr:suburb": "Caju",
        "addr:city": "Rio de Janeiro",
        "addr:state": "RJ",
        "addr:country": "BR",
        "addr:postcode": "20931-004",
        "phone": "+55 21 2042-3602",
        "email": "cfsaosebastiao.cap10@gmail.com",
        "amenity": "clinic",
        "healthcare": "clinic",
        "name": "Unidade Básica de Saúde Sms Cf São Sebastiao Ap 10",
        "short_name": "UBS Sms Cf São Sebastiao Ap 10",
        "comment": "UBS",
        "qtd_equipes_esf": 5,
        "qtd_equipes_eap": 0,
        "qtd_equipes_total": 7,
        "capacidade_pnab": 17500,
        "nomes_equipes": "AMETISTA; TOPAZIO; DIAMANTE; ESMERALDA; PEROLA; ESB TOPAZIO; ESB ESMERALDA"
      },
      "geometry": {
        "type": "Point",
        "coordinates": [
          -43.2161542,
          -22.8797251
        ]
      }
    },
    {
      "type": "Feature",
      "id": 6618855,
      "properties": {
        "operator": "Prefeitura Municipal de Rio de Janeiro",
        "operator:type": "public",
        "ref:CNES": "6618855",
        "source": "cnes;datasus;dados_abertos_saude",
        "official_name": "SMS CF SERGIO AROUCA AP 53",
        "addr:street": "Rua do Imperio",
        "addr:suburb": "Santa Cruz",
        "addr:city": "Rio de Janeiro",
        "addr:state": "RJ",
        "addr:country": "BR",
        "addr:postcode": "23555-024",
        "phone": "+55 21 3365-1524",
        "email": "cfsa.cap53@gmail.com",
        "amenity": "clinic",
        "healthcare": "clinic",
        "name": "Unidade Básica de Saúde Sms Cf Sérgio Arouca Ap 53",
        "short_name": "UBS Sms Cf Sérgio Arouca Ap 53",
        "comment": "UBS",
        "qtd_equipes_esf": 6,
        "qtd_equipes_eap": 0,
        "qtd_equipes_total": 8,
        "capacidade_pnab": 21000,
        "nomes_equipes": "GENERAL OLIMPIO ESB; IMPERIO ESB; BODEGAO; CAMPEIRO MOR; BOA VISTA; JARDIM ITA; GENERAL OLIMPIO; IMPERIO"
      },
      "geometry": {
        "type": "Point",
        "coordinates": [
          -43.69421,
          -22.9187
        ]
      }
    },
    {
      "type": "Feature",
      "id": 6919626,
      "properties": {
        "operator": "Prefeitura Municipal de Rio de Janeiro",
        "operator:type": "public",
        "ref:CNES": "6919626",
        "source": "cnes;datasus;dados_abertos_saude",
        "official_name": "SMS CF SERGIO NICOLAU AMIN AP 32",
        "addr:street": "Rua Praca da Confederacao Suica",
        "addr:suburb": "Del Castilho",
        "addr:city": "Rio de Janeiro",
        "addr:state": "RJ",
        "addr:country": "BR",
        "addr:postcode": "20760-020",
        "email": "sergionicolauamin01@gmail.com",
        "amenity": "clinic",
        "healthcare": "clinic",
        "name": "Unidade Básica de Saúde Sms Cf Sérgio Nicolau Amin Ap 32",
        "short_name": "UBS Sms Cf Sérgio Nicolau Amin Ap 32",
        "comment": "UBS",
        "qtd_equipes_esf": 5,
        "qtd_equipes_eap": 0,
        "qtd_equipes_total": 7,
        "capacidade_pnab": 17500,
        "nomes_equipes": "MANET; BAMBORE; VASCO DA GAMA; CONFEDERACAO SUICA; CHAVES PINHEIRO ESB; MANET ESB; CHAVES PINHEIRO"
      },
      "geometry": {
        "type": "Point",
        "coordinates": [
          -43.27519,
          -22.877618
        ]
      }
    },
    {
      "type": "Feature",
      "id": 6873960,
      "properties": {
        "operator": "Prefeitura Municipal de Rio de Janeiro",
        "operator:type": "public",
        "ref:CNES": "6873960",
        "source": "cnes;datasus;dados_abertos_saude",
        "official_name": "SMS CF SERGIO VIEIRA DE MELLO AP 10",
        "addr:street": "Avenida Trinta e Um de Marco",
        "addr:suburb": "Catumbi",
        "addr:city": "Rio de Janeiro",
        "addr:state": "RJ",
        "addr:country": "BR",
        "addr:postcode": "20251-330",
        "phone": "+55 21 3972-7057",
        "email": "cfsergiovieira.cap10@gmail.com",
        "amenity": "clinic",
        "healthcare": "clinic",
        "name": "Unidade Básica de Saúde Sms Cf Sérgio Vieira de Mello Ap 10",
        "short_name": "UBS Sms Cf Sérgio Vieira de Mello Ap 10",
        "comment": "UBS",
        "qtd_equipes_esf": 6,
        "qtd_equipes_eap": 0,
        "qtd_equipes_total": 9,
        "capacidade_pnab": 21000,
        "nomes_equipes": "ESB BRUNA NOBRE - COROA; ESB MINEIRA; CATUMBI; EMULTI CIDADE DO SAMBA; MINEIRA; GONCALVES; NAVARRO; BRUNA NOBRE - COROA; SAO SALVADOR"
      },
      "geometry": {
        "type": "Point",
        "coordinates": [
          -43.1229,
          -22.3228
        ]
      }
    },
    {
      "type": "Feature",
      "id": 7036884,
      "properties": {
        "operator": "Prefeitura Municipal de Rio de Janeiro",
        "operator:type": "public",
        "ref:CNES": "7036884",
        "source": "cnes;datasus;dados_abertos_saude",
        "official_name": "SMS CF SONIA MARIA FERREIRA MACHADO AP 52",
        "addr:street": "Estrada da Posse",
        "addr:suburb": "Santissimo",
        "addr:city": "Rio de Janeiro",
        "addr:state": "RJ",
        "addr:country": "BR",
        "addr:postcode": "23094-125",
        "phone": "+55 21 2403-1583",
        "email": "ger.smfm.cap52@gmail.com",
        "amenity": "clinic",
        "healthcare": "clinic",
        "name": "Unidade Básica de Saúde Sms Cf Sonia Maria Ferreira Machado Ap 52",
        "short_name": "UBS Sms Cf Sonia Maria Ferreira Machado Ap 52",
        "comment": "UBS",
        "qtd_equipes_esf": 7,
        "qtd_equipes_eap": 0,
        "qtd_equipes_total": 10,
        "capacidade_pnab": 24500,
        "nomes_equipes": "EMULTI POSSE; QUAFA; ANES DIAS ESB; IVAN PESSOA ESB; ANES DIAS; IVAN PESSOA; MOZARTE MONTEIRO; DEMOCRACIA; ARI CORDOVIL; CISNEIROS"
      },
      "geometry": {
        "type": "Point",
        "coordinates": [
          -43.51849,
          -22.87385
        ]
      }
    },
    {
      "type": "Feature",
      "id": 5417708,
      "properties": {
        "operator": "Prefeitura Municipal de Rio de Janeiro",
        "operator:type": "public",
        "ref:CNES": "5417708",
        "source": "cnes;datasus;dados_abertos_saude",
        "official_name": "SMS CF SOUZA MARQUES AP 33",
        "addr:street": "Rua Praca Patriarca",
        "addr:suburb": "Madureira",
        "addr:city": "Rio de Janeiro",
        "addr:state": "RJ",
        "addr:country": "BR",
        "addr:postcode": "21310-440",
        "phone": "97500-6169/3350-5563",
        "email": "cfsouzamarques@gmail.com",
        "amenity": "clinic",
        "healthcare": "clinic",
        "name": "Unidade Básica de Saúde Sms Cf Souza Marques Ap 33",
        "short_name": "UBS Sms Cf Souza Marques Ap 33",
        "comment": "UBS",
        "qtd_equipes_esf": 8,
        "qtd_equipes_eap": 0,
        "qtd_equipes_total": 12,
        "capacidade_pnab": 28000,
        "nomes_equipes": "JOAO VICENTE; CAMPINHO ESB; DIVINO ESB; DIVINO; INACIO DO CANTO; PIUNA; CAMPINHO; TENENTE LIRA ESB; TENENTE LIRA; PADRE MANSO; CNAR MADUREIRA; FUBA"
      },
      "geometry": {
        "type": "Point",
        "coordinates": [
          -43.34169,
          -22.87726
        ]
      }
    },
    {
      "type": "Feature",
      "id": 3567559,
      "properties": {
        "operator": "Prefeitura Municipal de Rio de Janeiro",
        "operator:type": "public",
        "ref:CNES": "3567559",
        "source": "cnes;datasus;dados_abertos_saude",
        "official_name": "SMS CF VALDECIR SALUSTIANO CARDOZO AP 52",
        "addr:street": "Rua Praca Manoel Mariz",
        "addr:suburb": "Cosmos",
        "addr:city": "Rio de Janeiro",
        "addr:state": "RJ",
        "addr:country": "BR",
        "addr:postcode": "23059-380",
        "phone": "+55 21 2042-9629",
        "email": "ger.cfvsc.cap52@gmail.com",
        "amenity": "clinic",
        "healthcare": "clinic",
        "name": "Unidade Básica de Saúde Sms Cf Valdecir Salustiano Cardozo Ap 52",
        "short_name": "UBS Sms Cf Valdecir Salustiano Cardozo Ap 52",
        "comment": "UBS",
        "qtd_equipes_esf": 6,
        "qtd_equipes_eap": 0,
        "qtd_equipes_total": 9,
        "capacidade_pnab": 21000,
        "nomes_equipes": "HORACIO DE CARVALHO; SANTA CECILIA; AMOREIRAS; RECANTO; SAO JORGE; PACUARE ESB; SAO JORGE ESB; EMULTI CESARIO DE MELO; PACUARE"
      },
      "geometry": {
        "type": "Point",
        "coordinates": [
          -43.6105992,
          -22.9151306
        ]
      }
    },
    {
      "type": "Feature",
      "id": 3785009,
      "properties": {
        "operator": "Prefeitura Municipal de Rio de Janeiro",
        "operator:type": "public",
        "ref:CNES": "3785009",
        "source": "cnes;datasus;dados_abertos_saude",
        "official_name": "SMS CF VALERIA GOMES ESTEVES AP 53",
        "addr:street": "Rua Vitoria Regia",
        "addr:housenumber": "4",
        "addr:suburb": "Sepetiba",
        "addr:city": "Rio de Janeiro",
        "addr:state": "RJ",
        "addr:country": "BR",
        "addr:postcode": "23545-004",
        "phone": "+55 21 3158-1733",
        "email": "cfvge.cap53@gmail.com",
        "amenity": "clinic",
        "healthcare": "clinic",
        "name": "Unidade Básica de Saúde Sms Cf Valeria Gomes Esteves Ap 53",
        "short_name": "UBS Sms Cf Valeria Gomes Esteves Ap 53",
        "comment": "UBS",
        "qtd_equipes_esf": 5,
        "qtd_equipes_eap": 0,
        "qtd_equipes_total": 7,
        "capacidade_pnab": 17500,
        "nomes_equipes": "EUCALIPAL ESB; BALNEARIO GLOBO ESB; PIAI; PEDRO LEITAO; EUCALIPAL; BALNEARIO GLOBO; BARREIRA"
      },
      "geometry": {
        "type": "Point",
        "coordinates": [
          -43.70527,
          -22.96142
        ]
      }
    },
    {
      "type": "Feature",
      "id": 9107835,
      "properties": {
        "operator": "Prefeitura Municipal de Rio de Janeiro",
        "operator:type": "public",
        "ref:CNES": "9107835",
        "source": "cnes;datasus;dados_abertos_saude",
        "official_name": "SMS CF VALTER FELISBINO DE SOUZA AP 31",
        "addr:street": "Rua Diomedes Trota",
        "addr:housenumber": "259",
        "addr:suburb": "Ramos",
        "addr:city": "Rio de Janeiro",
        "addr:state": "RJ",
        "addr:country": "BR",
        "addr:postcode": "21060-010",
        "phone": "+55 21 98591-0053",
        "email": "rhvalterfelisbinodesouza@gmail.com",
        "amenity": "clinic",
        "healthcare": "clinic",
        "name": "Unidade Básica de Saúde Sms Cf Valter Felisbino de Souza Ap 31",
        "short_name": "UBS Sms Cf Valter Felisbino de Souza Ap 31",
        "comment": "UBS",
        "qtd_equipes_esf": 7,
        "qtd_equipes_eap": 0,
        "qtd_equipes_total": 10,
        "capacidade_pnab": 24500,
        "nomes_equipes": "PARANAPANEMA ESB; TIO PAULINHO ESB; ALEMAO; ABRAAO; TONINHO; BAIANA; PARANAPANEMA; EMULTI VALTER FELISBINO; TIO PAULINHO; ARTEMIS"
      },
      "geometry": {
        "type": "Point",
        "coordinates": [
          -43.264916,
          -22.8545398
        ]
      }
    },
    {
      "type": "Feature",
      "id": 6514022,
      "properties": {
        "operator": "Prefeitura Municipal de Rio de Janeiro",
        "operator:type": "public",
        "ref:CNES": "6514022",
        "source": "cnes;datasus;dados_abertos_saude",
        "official_name": "SMS CF VICTOR VALLA AP 31",
        "addr:street": "Avenida Dom Helder Camara",
        "addr:housenumber": "1390",
        "addr:suburb": "Manguinhos",
        "addr:city": "Rio de Janeiro",
        "addr:state": "RJ",
        "addr:country": "BR",
        "addr:postcode": "20973-011",
        "phone": "+55 21 98591-0072",
        "email": "csfvictorvalla@gmail.com",
        "amenity": "clinic",
        "healthcare": "clinic",
        "name": "Unidade Básica de Saúde Sms Cf Victor Valla Ap 31",
        "short_name": "UBS Sms Cf Victor Valla Ap 31",
        "comment": "UBS",
        "qtd_equipes_esf": 6,
        "qtd_equipes_eap": 0,
        "qtd_equipes_total": 10,
        "capacidade_pnab": 21000,
        "nomes_equipes": "CNAR MANGUINHOS; FELICIDADE ESB; CONFIANCA ESB; EMULTI VICTOR VALLA; SABEDORIA; LIBERDADE; RENOVACAO; CORAGEM; FELICIDADE; CONFIANCA"
      },
      "geometry": {
        "type": "Point",
        "coordinates": [
          -43.2458976,
          -22.890109
        ]
      }
    },
    {
      "type": "Feature",
      "id": 2295253,
      "properties": {
        "operator": "Prefeitura Municipal de Rio de Janeiro",
        "operator:type": "public",
        "ref:CNES": "2295253",
        "source": "cnes;datasus;dados_abertos_saude",
        "official_name": "SMS CF WALDEMAR BERARDINELLI AP 53",
        "addr:street": "Rua Frederico Trota",
        "addr:suburb": "Sepetiba",
        "addr:city": "Rio de Janeiro",
        "addr:state": "RJ",
        "addr:country": "BR",
        "addr:postcode": "23535-790",
        "phone": "+55 21 3317-3600",
        "email": "cfwb.cap53@gmail.com",
        "amenity": "clinic",
        "healthcare": "clinic",
        "name": "Unidade Básica de Saúde Sms Cf Waldemar Berardinelli Ap 53",
        "short_name": "UBS Sms Cf Waldemar Berardinelli Ap 53",
        "comment": "UBS",
        "qtd_equipes_esf": 8,
        "qtd_equipes_eap": 0,
        "qtd_equipes_total": 13,
        "capacidade_pnab": 28000,
        "nomes_equipes": "AMAZONAS ESB; EMULTI WALDEMAR BERRDINELLI; COQUEIRAL; EMULTI WALDEMAR BERARDINELLI; MIRANTE; AREAL; IPIRANGA; ILHA DO TATU ESB; IPIRANGA ESB; TRIUNFO; AMAZONAS; TRES PODERES; ILHA DO TATU"
      },
      "geometry": {
        "type": "Point",
        "coordinates": [
          -43.69357,
          -22.97624
        ]
      }
    },
    {
      "type": "Feature",
      "id": 8428492,
      "properties": {
        "operator": "Prefeitura Municipal de Rio de Janeiro",
        "operator:type": "public",
        "ref:CNES": "8428492",
        "source": "cnes;datasus;dados_abertos_saude",
        "official_name": "SMS CF WALDIR VIEIRA AP 40",
        "addr:street": "Estrada do Engenho Velho",
        "addr:housenumber": "1359",
        "addr:suburb": "Taquara",
        "addr:city": "Rio de Janeiro",
        "addr:state": "RJ",
        "addr:country": "BR",
        "addr:postcode": "22725-670",
        "amenity": "clinic",
        "healthcare": "clinic",
        "name": "Unidade Básica de Saúde Sms Cf Waldir Vieira Ap 40",
        "short_name": "UBS Sms Cf Waldir Vieira Ap 40",
        "comment": "UBS",
        "qtd_equipes_esf": 1,
        "qtd_equipes_eap": 0,
        "qtd_equipes_total": 1,
        "capacidade_pnab": 3500,
        "nomes_equipes": ""
      },
      "geometry": {
        "type": "Point",
        "coordinates": [
          -43.3881743,
          -22.9122738
        ]
      }
    },
    {
      "type": "Feature",
      "id": 9072659,
      "properties": {
        "operator": "Prefeitura Municipal de Rio de Janeiro",
        "operator:type": "public",
        "ref:CNES": "9072659",
        "source": "cnes;datasus;dados_abertos_saude",
        "official_name": "SMS CF WILMA COSTA AP 31",
        "addr:street": "Rua Parque Poeta Manuel Bandeira",
        "addr:suburb": "Cocota",
        "addr:city": "Rio de Janeiro",
        "addr:state": "RJ",
        "addr:country": "BR",
        "addr:postcode": "21910-296",
        "phone": "+55 21 98591-0044",
        "email": "cfwilmacosta@gmail.com",
        "amenity": "clinic",
        "healthcare": "clinic",
        "name": "Unidade Básica de Saúde Sms Cf Wilma Costa Ap 31",
        "short_name": "UBS Sms Cf Wilma Costa Ap 31",
        "comment": "UBS",
        "qtd_equipes_esf": 7,
        "qtd_equipes_eap": 0,
        "qtd_equipes_total": 10,
        "capacidade_pnab": 24500,
        "nomes_equipes": "MESSINA; EMULTI WILMA COSTA; MAGIOLI; DUAS PRAIAS ESB; BOA VISTA ESB; DUAS PRAIAS; BAVIERA; BOA VISTA; COCOTA; TIJOLINHO"
      },
      "geometry": {
        "type": "Point",
        "coordinates": [
          -43.1739284,
          -22.9115715
        ]
      }
    },
    {
      "type": "Feature",
      "id": 7874162,
      "properties": {
        "operator": "Prefeitura Municipal de Rio de Janeiro",
        "operator:type": "public",
        "ref:CNES": "7874162",
        "source": "cnes;datasus;dados_abertos_saude",
        "official_name": "SMS CF WILSON MELLO SANTOS ZICO AP 51",
        "addr:street": "Estrada Sargento Miguel Filho",
        "addr:suburb": "Vila Kennedy",
        "addr:city": "Rio de Janeiro",
        "addr:state": "RJ",
        "addr:country": "BR",
        "addr:postcode": "21850-007",
        "phone": "+55 21 3613-8314",
        "email": "ger.cfwms.cap51@gmail.com",
        "amenity": "clinic",
        "healthcare": "clinic",
        "name": "Unidade Básica de Saúde Sms Cf Wilson Mello Santos Zico Ap 51",
        "short_name": "UBS Sms Cf Wilson Mello Santos Zico Ap 51",
        "comment": "UBS",
        "qtd_equipes_esf": 8,
        "qtd_equipes_eap": 0,
        "qtd_equipes_total": 12,
        "capacidade_pnab": 28000,
        "nomes_equipes": "JAIME REDONDO; JAIME REDONDO ESB; LAGOS ESB; EMULTI WILSON; EDEN; VILA PROGRESSO; MIAMI; MALVINAS; QUENIA; VILA PROGRESSO ESB; LAGOS; ALTO KENNEDY"
      },
      "geometry": {
        "type": "Point",
        "coordinates": [
          -43.487703,
          -22.860081
        ]
      }
    },
    {
      "type": "Feature",
      "id": 3784975,
      "properties": {
        "operator": "Prefeitura Municipal de Rio de Janeiro",
        "operator:type": "public",
        "ref:CNES": "3784975",
        "source": "cnes;datasus;dados_abertos_saude",
        "official_name": "SMS CF ZILDA ARNS AP 31",
        "addr:street": "Estrada Itarare",
        "addr:housenumber": "951",
        "addr:suburb": "Complexo do Alemao",
        "addr:city": "Rio de Janeiro",
        "addr:state": "RJ",
        "addr:country": "BR",
        "addr:postcode": "21061-240",
        "phone": "+55 21 98591-0078",
        "email": "cfza31@gmail.com",
        "amenity": "clinic",
        "healthcare": "clinic",
        "name": "Unidade Básica de Saúde Sms Cf Zilda Arns Ap 31",
        "short_name": "UBS Sms Cf Zilda Arns Ap 31",
        "comment": "UBS",
        "qtd_equipes_esf": 19,
        "qtd_equipes_eap": 0,
        "qtd_equipes_total": 25,
        "capacidade_pnab": 66500,
        "nomes_equipes": "CAPAO II; NOVO ADEUS II; PALMEIRA II; FAZENDINHA I; ADEUS; FAZENDINHA ESB; VIUVA ESB; EMULTI ZILDA ARNS 1; AREA CINCO; ALVORADA I ESB; NOVO ADEUS I; ALVORADA I; CAPAO I; LOTEAMENTO; NOVA BRASILIA; RESERVATORIO I; CAPAO ESB; PALMEIRA I; IBIRAPITANGA; PORANGA; TELEFERICO; FAZENDINHA II; RESERVATORIO II; EMULTI ZILDA ARNS 2; VIUVA"
      },
      "geometry": {
        "type": "Point",
        "coordinates": [
          -43.2685351,
          -22.8636262
        ]
      }
    },
    {
      "type": "Feature",
      "id": 2270323,
      "properties": {
        "operator": "Prefeitura Municipal de Rio de Janeiro",
        "operator:type": "public",
        "ref:CNES": "2270323",
        "source": "cnes;datasus;dados_abertos_saude",
        "official_name": "SMS CMS ADAO PEREIRA NUNES AP 52",
        "addr:street": "Rua Florestal",
        "addr:suburb": "Inhoaiba",
        "addr:city": "Rio de Janeiro",
        "addr:state": "RJ",
        "addr:country": "BR",
        "addr:postcode": "23056-060",
        "phone": "+55 21 2409-6691",
        "email": "gerentevcarioca@gmail.com",
        "amenity": "clinic",
        "healthcare": "clinic",
        "name": "Unidade Básica de Saúde Sms Cms Adao Pereira Nunes Ap 52",
        "short_name": "UBS Sms Cms Adao Pereira Nunes Ap 52",
        "comment": "UBS",
        "qtd_equipes_esf": 4,
        "qtd_equipes_eap": 0,
        "qtd_equipes_total": 5,
        "capacidade_pnab": 14000,
        "nomes_equipes": "VILAGE DAS PALMEIRAS; DICURANA; VITORIA DA PAZ; VILAGE DAS PALMEIRAS ESB; AMIZADE"
      },
      "geometry": {
        "type": "Point",
        "coordinates": [
          -43.6013219,
          -22.9238658
        ]
      }
    },
    {
      "type": "Feature",
      "id": 6026737,
      "properties": {
        "operator": "Prefeitura Municipal de Rio de Janeiro",
        "operator:type": "public",
        "ref:CNES": "6026737",
        "source": "cnes;datasus;dados_abertos_saude",
        "official_name": "SMS CMS ADELINO SIMOES NOVA SEPETIBA AP 53",
        "addr:street": "Avenida Sete",
        "addr:suburb": "Sepetiba",
        "addr:city": "Rio de Janeiro",
        "addr:state": "RJ",
        "addr:country": "BR",
        "addr:postcode": "23520-660",
        "phone": "+55 21 3292-6680",
        "email": "cmsns.cap53@gmail.com",
        "amenity": "clinic",
        "healthcare": "clinic",
        "name": "Unidade Básica de Saúde Sms Cms Adelino Simoes Nova Sepetiba Ap 53",
        "short_name": "UBS Sms Cms Adelino Simoes Nova Sepetiba Ap 53",
        "comment": "UBS",
        "qtd_equipes_esf": 5,
        "qtd_equipes_eap": 0,
        "qtd_equipes_total": 7,
        "capacidade_pnab": 17500,
        "nomes_equipes": "DIAMANTE ESB; ESMERALDA; RUBI ESB; SAFIRA; DIAMANTE; TOPAZIO; RUBI"
      },
      "geometry": {
        "type": "Point",
        "coordinates": [
          -43.68591,
          -22.95601
        ]
      }
    },
    {
      "type": "Feature",
      "id": 6029922,
      "properties": {
        "operator": "Prefeitura Municipal de Rio de Janeiro",
        "operator:type": "public",
        "ref:CNES": "6029922",
        "source": "cnes;datasus;dados_abertos_saude",
        "official_name": "SMS CMS AGUIAR TORRES AP 52",
        "addr:street": "Estrada de Inhoaiba",
        "addr:housenumber": "849",
        "addr:suburb": "Inhoaiba",
        "addr:city": "Rio de Janeiro",
        "addr:state": "RJ",
        "addr:country": "BR",
        "addr:postcode": "23063-010",
        "phone": "+55 21 2042-9698",
        "email": "gerenteatorres@gmail.com",
        "amenity": "clinic",
        "healthcare": "clinic",
        "name": "Unidade Básica de Saúde Sms Cms Aguiar Torres Ap 52",
        "short_name": "UBS Sms Cms Aguiar Torres Ap 52",
        "comment": "UBS",
        "qtd_equipes_esf": 3,
        "qtd_equipes_eap": 0,
        "qtd_equipes_total": 4,
        "capacidade_pnab": 10500,
        "nomes_equipes": "AGUIAR TORRES; CAMPINHO; AGUIAR TORRES ESB; CELINA"
      },
      "geometry": {
        "type": "Point",
        "coordinates": [
          -43.59,
          -22.89
        ]
      }
    },
    {
      "type": "Feature",
      "id": 2269937,
      "properties": {
        "operator": "Prefeitura Municipal de Rio de Janeiro",
        "operator:type": "public",
        "ref:CNES": "2269937",
        "source": "cnes;datasus;dados_abertos_saude",
        "official_name": "SMS CMS ALBERTO BORGERTH AP 33",
        "addr:street": "Rua Praca Patriarca",
        "addr:suburb": "Madureira",
        "addr:city": "Rio de Janeiro",
        "addr:state": "RJ",
        "addr:country": "BR",
        "addr:postcode": "21310-440",
        "phone": "97532-8696/3018-2836",
        "email": "cmsalbertoborgerth.cap33@gmai.com",
        "amenity": "clinic",
        "healthcare": "clinic",
        "name": "Unidade Básica de Saúde Sms Cms Alberto Borgerth Ap 33",
        "short_name": "UBS Sms Cms Alberto Borgerth Ap 33",
        "comment": "UBS",
        "qtd_equipes_esf": 0,
        "qtd_equipes_eap": 5,
        "qtd_equipes_total": 9,
        "capacidade_pnab": 13500,
        "nomes_equipes": "33 ESB DIF 01; 33 EAP 05; 33 EAP 20; 33 EAP 18; EMULTI ALBERTO BORGERTH; 33 EAP 19; 33 ESB DIF 07; 33 ESB DIF 05; 33 EAP 21"
      },
      "geometry": {
        "type": "Point",
        "coordinates": [
          -43.3416604,
          -22.8772443
        ]
      }
    },
    {
      "type": "Feature",
      "id": 2269848,
      "properties": {
        "operator": "Prefeitura Municipal de Rio de Janeiro",
        "operator:type": "public",
        "ref:CNES": "2269848",
        "source": "cnes;datasus;dados_abertos_saude",
        "official_name": "SMS CMS ALEXANDER FLEMING AP 51",
        "addr:street": "Rua Marmiari",
        "addr:suburb": "Senador Camara",
        "addr:city": "Rio de Janeiro",
        "addr:state": "RJ",
        "addr:country": "BR",
        "addr:postcode": "21831-000",
        "phone": "+55 46 3335-0594",
        "email": "flemingmonit@gmail.com",
        "amenity": "clinic",
        "healthcare": "clinic",
        "name": "Unidade Básica de Saúde Sms Cms Alexander Fleming Ap 51",
        "short_name": "UBS Sms Cms Alexander Fleming Ap 51",
        "comment": "UBS",
        "qtd_equipes_esf": 4,
        "qtd_equipes_eap": 0,
        "qtd_equipes_total": 5,
        "capacidade_pnab": 14000,
        "nomes_equipes": "SOSSEGO ESB; SOSSEGO; VALDEMAR FIDALGO; ZOROASTRO DA CUNHA; MARMIARI"
      },
      "geometry": {
        "type": "Point",
        "coordinates": [
          -43.482714,
          -22.889844
        ]
      }
    },
    {
      "type": "Feature",
      "id": 5879655,
      "properties": {
        "operator": "Prefeitura Municipal de Rio de Janeiro",
        "operator:type": "public",
        "ref:CNES": "5879655",
        "source": "cnes;datasus;dados_abertos_saude",
        "official_name": "SMS CMS ALICE TOLEDO TIBIRICA AP 33",
        "addr:street": "Rua Juriti",
        "addr:suburb": "Iraja",
        "addr:city": "Rio de Janeiro",
        "addr:state": "RJ",
        "addr:country": "BR",
        "addr:postcode": "21230-320",
        "phone": "97505-6051/2471-2927",
        "email": "cmsalicetoledotibirica@gmail.com",
        "amenity": "clinic",
        "healthcare": "clinic",
        "name": "Unidade Básica de Saúde Sms Cms Alice Toledo Tibirica Ap 33",
        "short_name": "UBS Sms Cms Alice Toledo Tibirica Ap 33",
        "comment": "UBS",
        "qtd_equipes_esf": 7,
        "qtd_equipes_eap": 0,
        "qtd_equipes_total": 10,
        "capacidade_pnab": 24500,
        "nomes_equipes": "JOSE BORGES ESB; AGUA GRANDE; JOSE BORGES; JOSE SOMBRA; AV. BRASIL; IAPC; HANNIBAL PORTO ESB; NOSSA SENHORA DA APRESENTACAO; EMULTI ALICE TIBIRICA; HANNIBAL PORTO"
      },
      "geometry": {
        "type": "Point",
        "coordinates": [
          -43.32794,
          -22.8302
        ]
      }
    },
    {
      "type": "Feature",
      "id": 2273551,
      "properties": {
        "operator": "Prefeitura Municipal de Rio de Janeiro",
        "operator:type": "public",
        "ref:CNES": "2273551",
        "source": "cnes;datasus;dados_abertos_saude",
        "official_name": "SMS CMS ALOYSIO AMANCIO DA SILVA AP 53",
        "addr:street": "Estrada do Curtume",
        "addr:suburb": "Santa Cruz",
        "addr:city": "Rio de Janeiro",
        "addr:state": "RJ",
        "addr:country": "BR",
        "addr:postcode": "23575-270",
        "phone": "+55 21 3305-4894",
        "email": "cmsaas.cap53@gmail.com",
        "amenity": "clinic",
        "healthcare": "clinic",
        "name": "Unidade Básica de Saúde Sms Cms Aloysio Amancio da Silva Ap 53",
        "short_name": "UBS Sms Cms Aloysio Amancio da Silva Ap 53",
        "comment": "UBS",
        "qtd_equipes_esf": 1,
        "qtd_equipes_eap": 0,
        "qtd_equipes_total": 4,
        "capacidade_pnab": 3500,
        "nomes_equipes": "MORRO DO AR ESB; MORRO DO AR; EMULTI ALOYSIO AMANCIO; EMULTI ALOYSIO AMANCIO"
      },
      "geometry": {
        "type": "Point",
        "coordinates": [
          -43.64306,
          -22.88502
        ]
      }
    },
    {
      "type": "Feature",
      "id": 2270277,
      "properties": {
        "operator": "Prefeitura Municipal de Rio de Janeiro",
        "operator:type": "public",
        "ref:CNES": "2270277",
        "source": "cnes;datasus;dados_abertos_saude",
        "official_name": "SMS CMS ALVIMAR DE CARVALHO AP 52",
        "addr:street": "Rua Soldado Eliseu Hipolito",
        "addr:suburb": "Pedra de Guaratiba",
        "addr:city": "Rio de Janeiro",
        "addr:state": "RJ",
        "addr:country": "BR",
        "addr:postcode": "23025-110",
        "phone": "+55 21 3404-7799",
        "email": "cmsac.direcao@gmail.com",
        "amenity": "clinic",
        "healthcare": "clinic",
        "name": "Unidade Básica de Saúde Sms Cms Alvimar de Carvalho Ap 52",
        "short_name": "UBS Sms Cms Alvimar de Carvalho Ap 52",
        "comment": "UBS",
        "qtd_equipes_esf": 8,
        "qtd_equipes_eap": 0,
        "qtd_equipes_total": 11,
        "capacidade_pnab": 28000,
        "nomes_equipes": "VILA RICA; CAPELINHA; PIRAQUE; VILA MAR; PIEMONTE; COLONIA DOS PESCADORES; COLONIA DOS PESCADORES ESB; COQUEIRINHO; CAPELINHA ESB; EMULTI GUARATIBA; CAPOEIRA GRANDE"
      },
      "geometry": {
        "type": "Point",
        "coordinates": [
          -43.62758,
          -22.99734
        ]
      }
    },
    {
      "type": "Feature",
      "id": 2296551,
      "properties": {
        "operator": "Prefeitura Municipal de Rio de Janeiro",
        "operator:type": "public",
        "ref:CNES": "2296551",
        "source": "cnes;datasus;dados_abertos_saude",
        "official_name": "SMS CMS AMERICO VELOSO AP 31",
        "addr:street": "Rua Gerson Ferreira",
        "addr:housenumber": "100",
        "addr:suburb": "Ramos",
        "addr:city": "Rio de Janeiro",
        "addr:state": "RJ",
        "addr:country": "BR",
        "addr:postcode": "21030-152",
        "phone": "+55 21 98591-0035",
        "email": "cmsamericoveloso@gmail.com",
        "amenity": "clinic",
        "healthcare": "clinic",
        "name": "Unidade Básica de Saúde Sms Cms Americo Veloso Ap 31",
        "short_name": "UBS Sms Cms Americo Veloso Ap 31",
        "comment": "UBS",
        "qtd_equipes_esf": 4,
        "qtd_equipes_eap": 0,
        "qtd_equipes_total": 6,
        "capacidade_pnab": 14000,
        "nomes_equipes": "PRAIA DE RAMOS ESB; PRAIA DE RAMOS; ROQUETE PINTO ESB; RITA RIBAS; ROQUETE PINTO; ALEGRIA"
      },
      "geometry": {
        "type": "Point",
        "coordinates": [
          -43.2489384,
          -22.8415311
        ]
      }
    },
    {
      "type": "Feature",
      "id": 6033121,
      "properties": {
        "operator": "Prefeitura Municipal de Rio de Janeiro",
        "operator:type": "public",
        "ref:CNES": "6033121",
        "source": "cnes;datasus;dados_abertos_saude",
        "official_name": "SMS CMS ANTENOR NASCENTES AP 32",
        "addr:street": "Rua Professor Antenor Nascentes",
        "addr:housenumber": "125",
        "addr:suburb": "Lins de Vasconcelos",
        "addr:city": "Rio de Janeiro",
        "addr:state": "RJ",
        "addr:country": "BR",
        "addr:postcode": "20710-150",
        "phone": "+55 21 3798-9127",
        "email": "psfpan@gmail.com",
        "amenity": "clinic",
        "healthcare": "clinic",
        "name": "Unidade Básica de Saúde Sms Cms Antenor Nascentes Ap 32",
        "short_name": "UBS Sms Cms Antenor Nascentes Ap 32",
        "comment": "UBS",
        "qtd_equipes_esf": 1,
        "qtd_equipes_eap": 0,
        "qtd_equipes_total": 1,
        "capacidade_pnab": 3500,
        "nomes_equipes": "PROF ANTENOR NASCENTE"
      },
      "geometry": {
        "type": "Point",
        "coordinates": [
          -43.274171,
          -22.906407
        ]
      }
    },
    {
      "type": "Feature",
      "id": 2273225,
      "properties": {
        "operator": "Prefeitura Municipal de Rio de Janeiro",
        "operator:type": "public",
        "ref:CNES": "2273225",
        "source": "cnes;datasus;dados_abertos_saude",
        "official_name": "SMS CMS ARIADNE LOPES DE MENEZES AP 32",
        "addr:street": "Rua Eng Carlos Goncalves Penna",
        "addr:suburb": "Engenho da Rainha",
        "addr:city": "Rio de Janeiro",
        "addr:state": "RJ",
        "addr:country": "BR",
        "addr:postcode": "20761-330",
        "phone": "+55 21 2018-5985",
        "email": "cfariadne@gmail.com",
        "amenity": "clinic",
        "healthcare": "clinic",
        "name": "Unidade Básica de Saúde Sms Cms Ariadne Lopes de Menezes Ap 32",
        "short_name": "UBS Sms Cms Ariadne Lopes de Menezes Ap 32",
        "comment": "UBS",
        "qtd_equipes_esf": 4,
        "qtd_equipes_eap": 0,
        "qtd_equipes_total": 6,
        "capacidade_pnab": 14000,
        "nomes_equipes": "LORENA; JOAO RIBEIRO ESB; EMBOABA ESB; EMBOABA; TEOPHILO DIAS; JOAO RIBEIRO"
      },
      "geometry": {
        "type": "Point",
        "coordinates": [
          -43.296376,
          -22.868715
        ]
      }
    },
    {
      "type": "Feature",
      "id": 2270463,
      "properties": {
        "operator": "Prefeitura Municipal de Rio de Janeiro",
        "operator:type": "public",
        "ref:CNES": "2270463",
        "source": "cnes;datasus;dados_abertos_saude",
        "official_name": "SMS CMS ATHAYDE JOSE DA FONSECA AP 51",
        "addr:street": "Rua Av Dezenove de Abril Rua Roque Barbosa",
        "addr:suburb": "Jardim Bangu",
        "addr:city": "Rio de Janeiro",
        "addr:state": "RJ",
        "addr:country": "BR",
        "addr:postcode": "21863-420",
        "phone": "+55 21 3613-8287",
        "email": "athaydecap5.1vb@gmail.com",
        "amenity": "clinic",
        "healthcare": "clinic",
        "name": "Unidade Básica de Saúde Sms Cms Athayde Jose da Fonseca Ap 51",
        "short_name": "UBS Sms Cms Athayde Jose da Fonseca Ap 51",
        "comment": "UBS",
        "qtd_equipes_esf": 6,
        "qtd_equipes_eap": 0,
        "qtd_equipes_total": 9,
        "capacidade_pnab": 21000,
        "nomes_equipes": "JOAO SALDANHA; RECANTO DAS GARCAS ESB; EMULTI ATHAYDE/CATIRI; RECANTO DAS GARCAS; SANDRO MOREIRA; CEGONHA; JARDIM BANGU ESB; JARDIM BANGU; ROQUE BARBOSA"
      },
      "geometry": {
        "type": "Point",
        "coordinates": [
          -43.465519,
          -22.847394
        ]
      }
    },
    {
      "type": "Feature",
      "id": 2273179,
      "properties": {
        "operator": "Prefeitura Municipal de Rio de Janeiro",
        "operator:type": "public",
        "ref:CNES": "2273179",
        "source": "cnes;datasus;dados_abertos_saude",
        "official_name": "SMS CMS AUGUSTO DO AMARAL PEIXOTO AP 33",
        "addr:street": "Rua Jornalista Hermano Requiao",
        "addr:housenumber": "447",
        "addr:suburb": "Guadalupe",
        "addr:city": "Rio de Janeiro",
        "addr:state": "RJ",
        "addr:country": "BR",
        "addr:postcode": "21670-360",
        "phone": "97501-6710/3015-1867",
        "email": "adm.cmsaap@gmail.com",
        "amenity": "clinic",
        "healthcare": "clinic",
        "name": "Unidade Básica de Saúde Sms Cms Augusto do Amaral Peixoto Ap 33",
        "short_name": "UBS Sms Cms Augusto do Amaral Peixoto Ap 33",
        "comment": "UBS",
        "qtd_equipes_esf": 5,
        "qtd_equipes_eap": 3,
        "qtd_equipes_total": 14,
        "capacidade_pnab": 23500,
        "nomes_equipes": "NUCLEO FERROVIARIO; GUADALUPE; 33 ESB DIF 02; EMULTI AMARAL PEIXOTO; 33 EAP 14; 33 EAP 15; LEOCADIO FIGUEIREDO ESB; MELHORAL; LEOCADIO FIGUEIREDO; 33 ESB DIF 08; 33 ESB DIF 09; 33 EAP 06; GETULIO VARGAS ESB; GETULIO VARGAS"
      },
      "geometry": {
        "type": "Point",
        "coordinates": [
          -43.37775,
          -22.84697
        ]
      }
    },
    {
      "type": "Feature",
      "id": 2269554,
      "properties": {
        "operator": "Prefeitura Municipal de Rio de Janeiro",
        "operator:type": "public",
        "ref:CNES": "2269554",
        "source": "cnes;datasus;dados_abertos_saude",
        "official_name": "SMS CMS BELIZARIO PENNA AP 52",
        "addr:street": "Rua Franklin",
        "addr:housenumber": "29",
        "addr:suburb": "Campo Grande",
        "addr:city": "Rio de Janeiro",
        "addr:state": "RJ",
        "addr:country": "BR",
        "addr:postcode": "23080-360",
        "phone": "+55 21 3407-9209",
        "email": "cmsbpenna@gmail.com",
        "amenity": "clinic",
        "healthcare": "clinic",
        "name": "Unidade Básica de Saúde Sms Cms Belizario Penna Ap 52",
        "short_name": "UBS Sms Cms Belizario Penna Ap 52",
        "comment": "UBS",
        "qtd_equipes_esf": 4,
        "qtd_equipes_eap": 2,
        "qtd_equipes_total": 7,
        "capacidade_pnab": 18000,
        "nomes_equipes": "52 EAP 03; SAO CLAUDIO; LUSO BRASILEIRO; SAO BASILIO ESB; SAO BASILIO; 52 EAP 02; VILA NOVA"
      },
      "geometry": {
        "type": "Point",
        "coordinates": [
          -43.56964,
          -22.89774
        ]
      }
    },
    {
      "type": "Feature",
      "id": 3416356,
      "properties": {
        "operator": "Prefeitura Municipal de Rio de Janeiro",
        "operator:type": "public",
        "ref:CNES": "3416356",
        "source": "cnes;datasus;dados_abertos_saude",
        "official_name": "SMS CMS BUA BOANERGES BORGES DA FONSECA AP 51",
        "addr:street": "Rua Laranjeiras do Sul",
        "addr:suburb": "Magalhaes Bastos",
        "addr:city": "Rio de Janeiro",
        "addr:state": "RJ",
        "addr:country": "BR",
        "addr:postcode": "21745-350",
        "phone": "+55 21 3613-8312",
        "email": "cmsbua@gmail.com",
        "amenity": "clinic",
        "healthcare": "clinic",
        "name": "Unidade Básica de Saúde Sms Cms Bua Boanerges Borges da Fonseca Ap 51",
        "short_name": "UBS Sms Cms Bua Boanerges Borges da Fonseca Ap 51",
        "comment": "UBS",
        "qtd_equipes_esf": 7,
        "qtd_equipes_eap": 0,
        "qtd_equipes_total": 10,
        "capacidade_pnab": 24500,
        "nomes_equipes": "MALLET; BONINA; CANROBERT ESB; EMULTI BUA/MASAO; NEWTON ESB; NEWTON; ARQUIMEDES; ALTO ARAGUAIA; CORREIA SEARA; CANROBERT"
      },
      "geometry": {
        "type": "Point",
        "coordinates": [
          -43.411092,
          -22.876831
        ]
      }
    },
    {
      "type": "Feature",
      "id": 6029825,
      "properties": {
        "operator": "Prefeitura Municipal de Rio de Janeiro",
        "operator:type": "public",
        "ref:CNES": "6029825",
        "source": "cnes;datasus;dados_abertos_saude",
        "official_name": "SMS CMS CARLOS ALBERTO NASCIMENTO AP 52",
        "addr:street": "Rua Praca Major Vieira de Melo",
        "addr:suburb": "Campo Grande",
        "addr:city": "Rio de Janeiro",
        "addr:state": "RJ",
        "addr:country": "BR",
        "addr:postcode": "23045-405",
        "phone": "+55 21 2412-4310",
        "email": "gerentecan@gmail.com",
        "amenity": "clinic",
        "healthcare": "clinic",
        "name": "Unidade Básica de Saúde Sms Cms Carlos Alberto Nascimento Ap 52",
        "short_name": "UBS Sms Cms Carlos Alberto Nascimento Ap 52",
        "comment": "UBS",
        "qtd_equipes_esf": 5,
        "qtd_equipes_eap": 0,
        "qtd_equipes_total": 7,
        "capacidade_pnab": 17500,
        "nomes_equipes": "SALVADOR; MANGUEIRAL ESB; CABOCLOS ESB; MANGUEIRAL; IARAQUA; CABOCLOS; AGULHAS NEGRAS"
      },
      "geometry": {
        "type": "Point",
        "coordinates": [
          -43.5583563,
          -22.9184611
        ]
      }
    },
    {
      "type": "Feature",
      "id": 2269309,
      "properties": {
        "operator": "Prefeitura Municipal de Rio de Janeiro",
        "operator:type": "public",
        "ref:CNES": "2269309",
        "source": "cnes;datasus;dados_abertos_saude",
        "official_name": "SMS CMS CARLOS CRUZ LIMA AP 33",
        "addr:street": "Estrada do Colegio",
        "addr:housenumber": "983",
        "addr:suburb": "Colegio",
        "addr:city": "Rio de Janeiro",
        "addr:state": "RJ",
        "addr:country": "BR",
        "addr:postcode": "21235-280",
        "phone": "97530-0090/2473-3707",
        "email": "cmsprofcarloscruzlima@gmail.com",
        "amenity": "clinic",
        "healthcare": "clinic",
        "name": "Unidade Básica de Saúde Sms Cms Carlos Cruz Lima Ap 33",
        "short_name": "UBS Sms Cms Carlos Cruz Lima Ap 33",
        "comment": "UBS",
        "qtd_equipes_esf": 4,
        "qtd_equipes_eap": 0,
        "qtd_equipes_total": 5,
        "capacidade_pnab": 14000,
        "nomes_equipes": "ASSOCIACAO; CAMPO; RAPIDINHO; ASSOCIACAO ESB; TORRE"
      },
      "geometry": {
        "type": "Point",
        "coordinates": [
          -43.33098,
          -22.83525
        ]
      }
    },
    {
      "type": "Feature",
      "id": 2778696,
      "properties": {
        "operator": "Prefeitura Municipal de Rio de Janeiro",
        "operator:type": "public",
        "ref:CNES": "2778696",
        "source": "cnes;datasus;dados_abertos_saude",
        "official_name": "SMS CMS CARLOS FIGUEIREDO FILHO BOREL AP 22",
        "addr:street": "Rua São Miguel",
        "addr:suburb": "Tijuca",
        "addr:city": "Rio de Janeiro",
        "addr:state": "RJ",
        "addr:country": "BR",
        "addr:postcode": "20530-420",
        "phone": "+55 21 4042-2094",
        "email": "gerencia.borel@gmail.com",
        "amenity": "clinic",
        "healthcare": "clinic",
        "name": "Unidade Básica de Saúde Sms Cms Carlos Figueiredo Filho Borel Ap 22",
        "short_name": "UBS Sms Cms Carlos Figueiredo Filho Borel Ap 22",
        "comment": "UBS",
        "qtd_equipes_esf": 3,
        "qtd_equipes_eap": 0,
        "qtd_equipes_total": 5,
        "capacidade_pnab": 10500,
        "nomes_equipes": "LADEIRA DO MOREIRA; SEMENTE ESB; SEMENTE; TERREIRAO ESB; TERREIRAO"
      },
      "geometry": {
        "type": "Point",
        "coordinates": [
          -43.2529667,
          -22.9402288
        ]
      }
    },
    {
      "type": "Feature",
      "id": 2280744,
      "properties": {
        "operator": "Prefeitura Municipal de Rio de Janeiro",
        "operator:type": "public",
        "ref:CNES": "2280744",
        "source": "cnes;datasus;dados_abertos_saude",
        "official_name": "SMS CMS CARLOS GENTILLE DE MELLO AP 32",
        "addr:street": "Rua Bicuiba",
        "addr:housenumber": "181",
        "addr:suburb": "Engenho Novo",
        "addr:city": "Rio de Janeiro",
        "addr:state": "RJ",
        "addr:country": "BR",
        "addr:postcode": "20715-350",
        "phone": "+55 21 2088-1019",
        "email": "psfcgm@gmail.com",
        "amenity": "clinic",
        "healthcare": "clinic",
        "name": "Unidade Básica de Saúde Sms Cms Carlos Gentille de Mello Ap 32",
        "short_name": "UBS Sms Cms Carlos Gentille de Mello Ap 32",
        "comment": "UBS",
        "qtd_equipes_esf": 6,
        "qtd_equipes_eap": 3,
        "qtd_equipes_total": 13,
        "capacidade_pnab": 27000,
        "nomes_equipes": "BARAO DO BOM RETIRO; MIGUEL GALVAO ESB; CARLOS GENTILLE 06 ESB DIF; 32 EAP 08; 32 EAP 07; ENCONTRO; 32 EAP 06; BICUIBA; ARAUJO LEITAO; DONA ROMANA; MIGUEL GALVAO; EMULTI CARLOS GENTILLE; ENCONTRO ESB"
      },
      "geometry": {
        "type": "Point",
        "coordinates": [
          -43.274204,
          -22.913033
        ]
      }
    },
    {
      "type": "Feature",
      "id": 2269732,
      "properties": {
        "operator": "Prefeitura Municipal de Rio de Janeiro",
        "operator:type": "public",
        "ref:CNES": "2269732",
        "source": "cnes;datasus;dados_abertos_saude",
        "official_name": "SMS CMS CARMELA DUTRA AP 33",
        "addr:street": "Rua Av dos Italianos",
        "addr:housenumber": "480",
        "addr:suburb": "Rocha Miranda",
        "addr:city": "Rio de Janeiro",
        "addr:state": "RJ",
        "addr:country": "BR",
        "addr:postcode": "21510-103",
        "phone": "97504-0568/3015-2879",
        "email": "cmscarmeladutra3.3@gmail.com",
        "amenity": "clinic",
        "healthcare": "clinic",
        "name": "Unidade Básica de Saúde Sms Cms Carmela Dutra Ap 33",
        "short_name": "UBS Sms Cms Carmela Dutra Ap 33",
        "comment": "UBS",
        "qtd_equipes_esf": 6,
        "qtd_equipes_eap": 5,
        "qtd_equipes_total": 15,
        "capacidade_pnab": 31000,
        "nomes_equipes": "EMULTI CARMELA DUTRA; LAGEADO; 33 EAP 23; 33 EAP 24; 33 EAP 25; 33 EAP 22; 33 ESB DIF 04; 33 EAP 02; ESMERALDAS ESB; PAO DE ACUCAR; ITALIANOS ESB; ESMERALDAS; FAIA; ITALIANOS; BARRO VERMELHO"
      },
      "geometry": {
        "type": "Point",
        "coordinates": [
          -43.34859,
          -22.85208
        ]
      }
    },
    {
      "type": "Feature",
      "id": 5358612,
      "properties": {
        "operator": "Prefeitura Municipal de Rio de Janeiro",
        "operator:type": "public",
        "ref:CNES": "5358612",
        "source": "cnes;datasus;dados_abertos_saude",
        "official_name": "SMS CMS CASA BRANCA AP 22",
        "addr:street": "Estrada da Casa Branca",
        "addr:housenumber": "200",
        "addr:suburb": "Tijuca",
        "addr:city": "Rio de Janeiro",
        "addr:state": "RJ",
        "addr:country": "BR",
        "addr:postcode": "20531-490",
        "phone": "+55 21 4042-1971",
        "email": "gerencia.casabranca@gmail.com",
        "amenity": "clinic",
        "healthcare": "clinic",
        "name": "Unidade Básica de Saúde Sms Cms Casa Branca Ap 22",
        "short_name": "UBS Sms Cms Casa Branca Ap 22",
        "comment": "UBS",
        "qtd_equipes_esf": 2,
        "qtd_equipes_eap": 0,
        "qtd_equipes_total": 3,
        "capacidade_pnab": 7000,
        "nomes_equipes": "CASA BRANCA; CASA BRANCA ESB; CHACARA DO CEU"
      },
      "geometry": {
        "type": "Point",
        "coordinates": [
          -43.2488168,
          -22.9363826
        ]
      }
    },
    {
      "type": "Feature",
      "id": 5546583,
      "properties": {
        "operator": "Prefeitura Municipal de Rio de Janeiro",
        "operator:type": "public",
        "ref:CNES": "5546583",
        "source": "cnes;datasus;dados_abertos_saude",
        "official_name": "SMS CMS CATIRI AP 51",
        "addr:street": "Rua Tres Marias",
        "addr:suburb": "Bangu",
        "addr:city": "Rio de Janeiro",
        "addr:state": "RJ",
        "addr:country": "BR",
        "addr:postcode": "21860-340",
        "phone": "+55 21 3613-8272",
        "email": "smsusf.catiri@gmail.com",
        "amenity": "clinic",
        "healthcare": "clinic",
        "name": "Unidade Básica de Saúde Sms Cms Catiri Ap 51",
        "short_name": "UBS Sms Cms Catiri Ap 51",
        "comment": "UBS",
        "qtd_equipes_esf": 3,
        "qtd_equipes_eap": 0,
        "qtd_equipes_total": 4,
        "capacidade_pnab": 10500,
        "nomes_equipes": "TRES MARIAS ESB; GERICINO; CAPAO BONITO; TRES MARIAS"
      },
      "geometry": {
        "type": "Point",
        "coordinates": [
          -43.471519,
          -22.847722
        ]
      }
    },
    {
      "type": "Feature",
      "id": 2269929,
      "properties": {
        "operator": "Prefeitura Municipal de Rio de Janeiro",
        "operator:type": "public",
        "ref:CNES": "2269929",
        "source": "cnes;datasus;dados_abertos_saude",
        "official_name": "SMS CMS CATTAPRETA AP 53",
        "addr:street": "Rua Engenheiro Jose Boanerges Cesar",
        "addr:suburb": "Santa Cruz",
        "addr:city": "Rio de Janeiro",
        "addr:state": "RJ",
        "addr:country": "BR",
        "addr:postcode": "23565-380",
        "phone": "+55 21 3158-1734",
        "email": "cmscp.cap53@gmail.com",
        "amenity": "clinic",
        "healthcare": "clinic",
        "name": "Unidade Básica de Saúde Sms Cms Cattapreta Ap 53",
        "short_name": "UBS Sms Cms Cattapreta Ap 53",
        "comment": "UBS",
        "qtd_equipes_esf": 3,
        "qtd_equipes_eap": 0,
        "qtd_equipes_total": 5,
        "capacidade_pnab": 10500,
        "nomes_equipes": "CONJUNTO 61; CONJUNTO 61 ESB; ALVORADA; CHATUBA; COMPLEMENTAR 23 CATTAPRETA"
      },
      "geometry": {
        "type": "Point",
        "coordinates": [
          -43.71755,
          -22.88976
        ]
      }
    },
    {
      "type": "Feature",
      "id": 2270013,
      "properties": {
        "operator": "Prefeitura Municipal de Rio de Janeiro",
        "operator:type": "public",
        "ref:CNES": "2270013",
        "source": "cnes;datasus;dados_abertos_saude",
        "official_name": "SMS CMS CECILIA DONNANGELO AP 40",
        "addr:street": "Estrada dos Bandeirantes",
        "addr:housenumber": "21136",
        "addr:suburb": "Vargem Pequena",
        "addr:city": "Rio de Janeiro",
        "addr:state": "RJ",
        "addr:country": "BR",
        "addr:postcode": "22783-551",
        "phone": "+55 46 2042-3605",
        "email": "gerenciaceciliadonnangelo@gmail.com",
        "amenity": "clinic",
        "healthcare": "clinic",
        "name": "Unidade Básica de Saúde Sms Cms Cecilia Donnangelo Ap 40",
        "short_name": "UBS Sms Cms Cecilia Donnangelo Ap 40",
        "comment": "UBS",
        "qtd_equipes_esf": 4,
        "qtd_equipes_eap": 1,
        "qtd_equipes_total": 6,
        "capacidade_pnab": 16000,
        "nomes_equipes": "QUILOMBO; BEIRA RIO; SANTA LUZIA; 40 EAP 01; CASCALHO; SANTA LUZIA ESB"
      },
      "geometry": {
        "type": "Point",
        "coordinates": [
          -43.4768381,
          -22.986838
        ]
      }
    },
    {
      "type": "Feature",
      "id": 2708167,
      "properties": {
        "operator": "Prefeitura Municipal de Rio de Janeiro",
        "operator:type": "public",
        "ref:CNES": "2708167",
        "source": "cnes;datasus;dados_abertos_saude",
        "official_name": "SMS CMS CESAR PERNETTA AP 32",
        "addr:street": "Rua Ana Barbosa",
        "addr:housenumber": "21",
        "addr:suburb": "Meier",
        "addr:city": "Rio de Janeiro",
        "addr:state": "RJ",
        "addr:country": "BR",
        "addr:postcode": "20735-120",
        "phone": "+55 21 3900-6156",
        "email": "esfcesarpernetta@gmail.com",
        "amenity": "clinic",
        "healthcare": "clinic",
        "name": "Unidade Básica de Saúde Sms Cms Cesar Pernetta Ap 32",
        "short_name": "UBS Sms Cms Cesar Pernetta Ap 32",
        "comment": "UBS",
        "qtd_equipes_esf": 3,
        "qtd_equipes_eap": 0,
        "qtd_equipes_total": 4,
        "capacidade_pnab": 10500,
        "nomes_equipes": "LOPES DA CRUZ; HERMENGARDA ESB; HERMENGARDA; VENCESLAU"
      },
      "geometry": {
        "type": "Point",
        "coordinates": [
          -43.281001,
          -22.901543
        ]
      }
    },
    {
      "type": "Feature",
      "id": 2273578,
      "properties": {
        "operator": "Prefeitura Municipal de Rio de Janeiro",
        "operator:type": "public",
        "ref:CNES": "2273578",
        "source": "cnes;datasus;dados_abertos_saude",
        "official_name": "SMS CMS CESARIO DE MELLO AP 53",
        "addr:street": "Rua 2",
        "addr:suburb": "Santa Cruz",
        "addr:city": "Rio de Janeiro",
        "addr:state": "RJ",
        "addr:country": "BR",
        "addr:postcode": "23595-040",
        "phone": "+55 21 3305-2049",
        "email": "cmscm.cap53@gmail.com",
        "amenity": "clinic",
        "healthcare": "clinic",
        "name": "Unidade Básica de Saúde Sms Cms Cesario de Mello Ap 53",
        "short_name": "UBS Sms Cms Cesario de Mello Ap 53",
        "comment": "UBS",
        "qtd_equipes_esf": 7,
        "qtd_equipes_eap": 0,
        "qtd_equipes_total": 10,
        "capacidade_pnab": 24500,
        "nomes_equipes": "TASSO; CARVALHAU; EMULTI CESARIO DE MELLO; VERIDIANA ESB; EMULTI CESARIO DE MELLO; CURRAL FALSO; BLASO; VERIDIANA; MARQUES; FELIPE CARDOSO"
      },
      "geometry": {
        "type": "Point",
        "coordinates": [
          -43.66155,
          -22.93493
        ]
      }
    },
    {
      "type": "Feature",
      "id": 2269295,
      "properties": {
        "operator": "Prefeitura Municipal de Rio de Janeiro",
        "operator:type": "public",
        "ref:CNES": "2269295",
        "source": "cnes;datasus;dados_abertos_saude",
        "official_name": "SMS CMS CLEMENTINO FRAGA AP 33",
        "addr:street": "Rua Caicara",
        "addr:housenumber": "514",
        "addr:suburb": "Iraja",
        "addr:city": "Rio de Janeiro",
        "addr:state": "RJ",
        "addr:country": "BR",
        "addr:postcode": "21361-630",
        "phone": "97500-9397/2482-3007",
        "email": "direcaocmscf@gmail.com",
        "amenity": "clinic",
        "healthcare": "clinic",
        "name": "Unidade Básica de Saúde Sms Cms Clementino Fraga Ap 33",
        "short_name": "UBS Sms Cms Clementino Fraga Ap 33",
        "comment": "UBS",
        "qtd_equipes_esf": 8,
        "qtd_equipes_eap": 4,
        "qtd_equipes_total": 15,
        "capacidade_pnab": 36000,
        "nomes_equipes": "JOAO MACHADO; LUIZA DE CARVALHO; 33 EAP 11; 33 EAP 12; 33 EAP 13; CAXAMBU ESB; EMULTI CLEMENTINO FRAGA; MARAMBAIA; CAXAMBU; SODRE DA GAMA; BOM MENINO; SIRACUSA; LOPO DINIZ; BOM MENINO ESB; IRAJA"
      },
      "geometry": {
        "type": "Point",
        "coordinates": [
          -43.32677,
          -22.85109
        ]
      }
    },
    {
      "type": "Feature",
      "id": 2273616,
      "properties": {
        "operator": "Prefeitura Municipal de Rio de Janeiro",
        "operator:type": "public",
        "ref:CNES": "2273616",
        "source": "cnes;datasus;dados_abertos_saude",
        "official_name": "SMS CMS CYRO DE MELLO MANGUARIBA AP 53",
        "addr:street": "Avenida do Canal",
        "addr:suburb": "Paciencia",
        "addr:city": "Rio de Janeiro",
        "addr:state": "RJ",
        "addr:country": "BR",
        "addr:postcode": "23065-630",
        "phone": "+55 21 2418-8065",
        "email": "cmscym.cap53@gmail.com",
        "amenity": "clinic",
        "healthcare": "clinic",
        "name": "Unidade Básica de Saúde Sms Cms Cyro de Mello Manguariba Ap 53",
        "short_name": "UBS Sms Cms Cyro de Mello Manguariba Ap 53",
        "comment": "UBS",
        "qtd_equipes_esf": 3,
        "qtd_equipes_eap": 0,
        "qtd_equipes_total": 4,
        "capacidade_pnab": 10500,
        "nomes_equipes": "JOAO DE BARRO; PARAISO ESB; PARAISO; NOVA INDIA"
      },
      "geometry": {
        "type": "Point",
        "coordinates": [
          -43.62836,
          -22.8736
        ]
      }
    },
    {
      "type": "Feature",
      "id": 2708183,
      "properties": {
        "operator": "Prefeitura Municipal de Rio de Janeiro",
        "operator:type": "public",
        "ref:CNES": "2708183",
        "source": "cnes;datasus;dados_abertos_saude",
        "official_name": "SMS CMS DECIO AMARAL FILHO AP 53",
        "addr:street": "Rua Cilon Cunha Brum",
        "addr:suburb": "Santa Cruz",
        "addr:city": "Rio de Janeiro",
        "addr:state": "RJ",
        "addr:country": "BR",
        "addr:postcode": "23573-400",
        "phone": "+55 21 3158-5217",
        "email": "cmsdaf.cap53@gmail.com",
        "amenity": "clinic",
        "healthcare": "clinic",
        "name": "Unidade Básica de Saúde Sms Cms Decio Amaral Filho Ap 53",
        "short_name": "UBS Sms Cms Decio Amaral Filho Ap 53",
        "comment": "UBS",
        "qtd_equipes_esf": 5,
        "qtd_equipes_eap": 0,
        "qtd_equipes_total": 8,
        "capacidade_pnab": 17500,
        "nomes_equipes": "URUCANIA ESB; EMULTI DECIO DO AMARAL FILHO; URUCANIA; BARRO VERMELHO; BAMBUZAL; MAESTRO OLIMPIO; VALE DOS PALMARES; MAESTRO OLIMPIO ESB"
      },
      "geometry": {
        "type": "Point",
        "coordinates": [
          -43.6528849,
          -22.9151548
        ]
      }
    },
    {
      "type": "Feature",
      "id": 2269651,
      "properties": {
        "operator": "Prefeitura Municipal de Rio de Janeiro",
        "operator:type": "public",
        "ref:CNES": "2269651",
        "source": "cnes;datasus;dados_abertos_saude",
        "official_name": "SMS CMS DOM HELDER CAMARA AP 21",
        "addr:street": "Rua Voluntarios da Patria",
        "addr:housenumber": "136",
        "addr:suburb": "Botafogo",
        "addr:city": "Rio de Janeiro",
        "addr:state": "RJ",
        "addr:country": "BR",
        "addr:postcode": "22270-010",
        "phone": "+55 21 2535-5090",
        "email": "pamdhcamara@rio.rj.gov.br",
        "amenity": "clinic",
        "healthcare": "clinic",
        "name": "Unidade Básica de Saúde Sms Cms Dom Helder Camara Ap 21",
        "short_name": "UBS Sms Cms Dom Helder Camara Ap 21",
        "comment": "UBS",
        "qtd_equipes_esf": 3,
        "qtd_equipes_eap": 0,
        "qtd_equipes_total": 5,
        "capacidade_pnab": 10500,
        "nomes_equipes": "PRAIA ESB; MANEQUINHO; EMULTI DOM HELDER CAMARA; PRAIA; ENSEADA"
      },
      "geometry": {
        "type": "Point",
        "coordinates": [
          -43.1864098,
          -22.9518991
        ]
      }
    },
    {
      "type": "Feature",
      "id": 2270072,
      "properties": {
        "operator": "Prefeitura Municipal de Rio de Janeiro",
        "operator:type": "public",
        "ref:CNES": "2270072",
        "source": "cnes;datasus;dados_abertos_saude",
        "official_name": "SMS CMS DR ALBERT SABIN AP 21",
        "addr:street": "Estrada da Gavea",
        "addr:housenumber": "250",
        "addr:suburb": "Rocinha",
        "addr:city": "Rio de Janeiro",
        "addr:state": "RJ",
        "addr:country": "BR",
        "addr:postcode": "22451-264",
        "phone": "+55 21 3613-8317",
        "email": "cmsdralbertsabin@gmail.com",
        "amenity": "clinic",
        "healthcare": "clinic",
        "name": "Unidade Básica de Saúde Sms Cms Dr Albert Sabin Ap 21",
        "short_name": "UBS Sms Cms Dr Albert Sabin Ap 21",
        "comment": "UBS",
        "qtd_equipes_esf": 6,
        "qtd_equipes_eap": 0,
        "qtd_equipes_total": 9,
        "capacidade_pnab": 21000,
        "nomes_equipes": "VILAS ESB; ATALHO; CESARIO ESB; EMULTI DR ALBERT SABIN; 199; LABORIAUX; CESARIO; MACEGA; VILAS"
      },
      "geometry": {
        "type": "Point",
        "coordinates": [
          -43.2452062,
          -22.985964
        ]
      }
    },
    {
      "type": "Feature",
      "id": 2270579,
      "properties": {
        "operator": "Prefeitura Municipal de Rio de Janeiro",
        "operator:type": "public",
        "ref:CNES": "2270579",
        "source": "cnes;datasus;dados_abertos_saude",
        "official_name": "SMS CMS DR EITHEL PINHEIRO DE OLIVEIRA LIMA AP 51",
        "addr:street": "Estrada do Taquaral",
        "addr:suburb": "Senador Camara",
        "addr:city": "Rio de Janeiro",
        "addr:state": "RJ",
        "addr:country": "BR",
        "addr:postcode": "21842-550",
        "phone": "+55 21 3613-8273",
        "email": "cmsepolima@gmail.com",
        "amenity": "clinic",
        "healthcare": "clinic",
        "name": "Unidade Básica de Saúde Sms Cms Dr Eithel Pinheiro de Oliveira Lima Ap 51",
        "short_name": "UBS Sms Cms Dr Eithel Pinheiro de Oliveira Lima Ap 51",
        "comment": "UBS",
        "qtd_equipes_esf": 7,
        "qtd_equipes_eap": 0,
        "qtd_equipes_total": 9,
        "capacidade_pnab": 24500,
        "nomes_equipes": "ABEL; BERTILHA; MORADAS; VACARIA; ARAUJO; OLGA; MORADAS ESB; CARNAUBA; ARAUJO ESB"
      },
      "geometry": {
        "type": "Point",
        "coordinates": [
          -43.484197,
          -22.868219
        ]
      }
    },
    {
      "type": "Feature",
      "id": 2269562,
      "properties": {
        "operator": "Prefeitura Municipal de Rio de Janeiro",
        "operator:type": "public",
        "ref:CNES": "2269562",
        "source": "cnes;datasus;dados_abertos_saude",
        "official_name": "SMS CMS DR MARIO RODRIGUES CID AP 52",
        "addr:street": "Rua Matureia",
        "addr:suburb": "Cosmos",
        "addr:city": "Rio de Janeiro",
        "addr:state": "RJ",
        "addr:country": "BR",
        "addr:postcode": "23060-050",
        "phone": "+55 21 3402-4261",
        "email": "gerentesm1@gmail.com",
        "amenity": "clinic",
        "healthcare": "clinic",
        "name": "Unidade Básica de Saúde Sms Cms Dr Mario Rodrigues Cid Ap 52",
        "short_name": "UBS Sms Cms Dr Mario Rodrigues Cid Ap 52",
        "comment": "UBS",
        "qtd_equipes_esf": 3,
        "qtd_equipes_eap": 0,
        "qtd_equipes_total": 5,
        "capacidade_pnab": 10500,
        "nomes_equipes": "EMULTI AURORA; PACAJUS; PACAJUS ESB; POCINHOS; PARAPEUNA"
      },
      "geometry": {
        "type": "Point",
        "coordinates": [
          -43.6057739,
          -22.8914142
        ]
      }
    },
    {
      "type": "Feature",
      "id": 2269546,
      "properties": {
        "operator": "Prefeitura Municipal de Rio de Janeiro",
        "operator:type": "public",
        "ref:CNES": "2269546",
        "source": "cnes;datasus;dados_abertos_saude",
        "official_name": "SMS CMS DR OSWALDO VILELLA AP 52",
        "addr:street": "Rua Jomar Mendes",
        "addr:suburb": "Campo Grande",
        "addr:city": "Rio de Janeiro",
        "addr:state": "RJ",
        "addr:country": "BR",
        "addr:postcode": "23095-150",
        "phone": "+55 21 2042-1939",
        "email": "cmsovilella@gmail.com",
        "amenity": "clinic",
        "healthcare": "clinic",
        "name": "Unidade Básica de Saúde Sms Cms Dr Oswaldo Vilella Ap 52",
        "short_name": "UBS Sms Cms Dr Oswaldo Vilella Ap 52",
        "comment": "UBS",
        "qtd_equipes_esf": 4,
        "qtd_equipes_eap": 0,
        "qtd_equipes_total": 5,
        "capacidade_pnab": 14000,
        "nomes_equipes": "SERRINHA ESB; SERRINHA; CRISTIANOPOLIS; CARNEIRO PORTO FILHO; GUANDU DO SAPE"
      },
      "geometry": {
        "type": "Point",
        "coordinates": [
          -43.59632,
          -22.87501
        ]
      }
    },
    {
      "type": "Feature",
      "id": 2269538,
      "properties": {
        "operator": "Prefeitura Municipal de Rio de Janeiro",
        "operator:type": "public",
        "ref:CNES": "2269538",
        "source": "cnes;datasus;dados_abertos_saude",
        "official_name": "SMS CMS EDGARD MAGALHAES GOMES AP 52",
        "addr:street": "Rua Praca Filomena Carlos Magno",
        "addr:suburb": "Inhoaiba",
        "addr:city": "Rio de Janeiro",
        "addr:state": "RJ",
        "addr:country": "BR",
        "addr:postcode": "23063-055",
        "phone": "+55 21 3377-2850",
        "email": "gerenteemg@gmail.com",
        "amenity": "clinic",
        "healthcare": "clinic",
        "name": "Unidade Básica de Saúde Sms Cms Edgard Magalhaes Gomes Ap 52",
        "short_name": "UBS Sms Cms Edgard Magalhaes Gomes Ap 52",
        "comment": "UBS",
        "qtd_equipes_esf": 7,
        "qtd_equipes_eap": 0,
        "qtd_equipes_total": 10,
        "capacidade_pnab": 24500,
        "nomes_equipes": "CASINHAS ESB; AGAPE; BOA FE ESB; MONTE AZUL; AMANHECER; RENOVAR; BOA FE; CASINHAS; ALPHA; EMULTI INHOAIBA"
      },
      "geometry": {
        "type": "Point",
        "coordinates": [
          -43.2080483,
          -22.9030004
        ]
      }
    },
    {
      "type": "Feature",
      "id": 2269503,
      "properties": {
        "operator": "Prefeitura Municipal de Rio de Janeiro",
        "operator:type": "public",
        "ref:CNES": "2269503",
        "source": "cnes;datasus;dados_abertos_saude",
        "official_name": "SMS CMS EDUARDO A VILHENA AP 32",
        "addr:street": "Rua Jose dos Reis",
        "addr:housenumber": "951",
        "addr:suburb": "Pilares",
        "addr:city": "Rio de Janeiro",
        "addr:state": "RJ",
        "addr:country": "BR",
        "addr:postcode": "20756-115",
        "phone": "+55 21 3111-6693",
        "email": "esfeavleite@gmail.com",
        "amenity": "clinic",
        "healthcare": "clinic",
        "name": "Unidade Básica de Saúde Sms Cms Eduardo A Vilhena Ap 32",
        "short_name": "UBS Sms Cms Eduardo A Vilhena Ap 32",
        "comment": "UBS",
        "qtd_equipes_esf": 3,
        "qtd_equipes_eap": 1,
        "qtd_equipes_total": 7,
        "capacidade_pnab": 12500,
        "nomes_equipes": "FERNAO CARDIM ESB DIF; HENRIQUE SCHEID ESB; FERNAO CARDIM; 32 EAP 01; PIAUI; HENRIQUE SCHEID; PIAUI ESB DIF"
      },
      "geometry": {
        "type": "Point",
        "coordinates": [
          -43.293378,
          -22.887752
        ]
      }
    },
    {
      "type": "Feature",
      "id": 4178602,
      "properties": {
        "operator": "Prefeitura Municipal de Rio de Janeiro",
        "operator:type": "public",
        "ref:CNES": "4178602",
        "source": "cnes;datasus;dados_abertos_saude",
        "official_name": "SMS CMS ELIZA ABRANTES AP 32",
        "addr:street": "Rua Aquidaba",
        "addr:housenumber": "1037",
        "addr:suburb": "Lins de Vasconcelos",
        "addr:city": "Rio de Janeiro",
        "addr:state": "RJ",
        "addr:country": "BR",
        "addr:postcode": "20720-292",
        "phone": "+55 21 2592-5363",
        "email": "cfcarmeladutra@gmail.com",
        "amenity": "clinic",
        "healthcare": "clinic",
        "name": "Unidade Básica de Saúde Sms Cms Eliza Abrantes Ap 32",
        "short_name": "UBS Sms Cms Eliza Abrantes Ap 32",
        "comment": "UBS",
        "qtd_equipes_esf": 5,
        "qtd_equipes_eap": 0,
        "qtd_equipes_total": 6,
        "capacidade_pnab": 17500,
        "nomes_equipes": "LINS IMPERIAL; BOCA DO MATO; VILELA TAVARES; SINCORA; MARIA LUIZA; LINS IMPERIAL ESB"
      },
      "geometry": {
        "type": "Point",
        "coordinates": [
          -43.29048,
          -22.910319
        ]
      }
    },
    {
      "type": "Feature",
      "id": 2273586,
      "properties": {
        "operator": "Prefeitura Municipal de Rio de Janeiro",
        "operator:type": "public",
        "ref:CNES": "2273586",
        "source": "cnes;datasus;dados_abertos_saude",
        "official_name": "SMS CMS EMYDIO CABRAL AP 53",
        "addr:street": "Rua Ieda Santos Delgado",
        "addr:housenumber": "03",
        "addr:suburb": "Paciencia",
        "addr:city": "Rio de Janeiro",
        "addr:state": "RJ",
        "addr:country": "BR",
        "addr:postcode": "23587-320",
        "phone": "+55 21 3314-5159",
        "email": "cmsec.cap53@gmail.com",
        "amenity": "clinic",
        "healthcare": "clinic",
        "name": "Unidade Básica de Saúde Sms Cms Emydio Cabral Ap 53",
        "short_name": "UBS Sms Cms Emydio Cabral Ap 53",
        "comment": "UBS",
        "qtd_equipes_esf": 5,
        "qtd_equipes_eap": 0,
        "qtd_equipes_total": 7,
        "capacidade_pnab": 17500,
        "nomes_equipes": "MONTE SINAI ESB; 1º DE ABRIL; DR. HELIO RIBEIRO; GOUVEIA; MONTE DAS OLIVEIRA; MONTE SINAI; MONTE DAS OLIVEIRA ESB"
      },
      "geometry": {
        "type": "Point",
        "coordinates": [
          -43.6251,
          -22.92401
        ]
      }
    },
    {
      "type": "Feature",
      "id": 2708426,
      "properties": {
        "operator": "Prefeitura Municipal de Rio de Janeiro",
        "operator:type": "public",
        "ref:CNES": "2708426",
        "source": "cnes;datasus;dados_abertos_saude",
        "official_name": "SMS CMS ERNANI AGRICOLA AP 10",
        "addr:street": "Rua Constante Jardim",
        "addr:housenumber": "08",
        "addr:suburb": "Santa Teresa",
        "addr:city": "Rio de Janeiro",
        "addr:state": "RJ",
        "addr:country": "BR",
        "addr:postcode": "20240-230",
        "phone": "+55 21 2224-7194",
        "email": "cmsernaniagricola.cap10@gmail.com",
        "amenity": "clinic",
        "healthcare": "clinic",
        "name": "Unidade Básica de Saúde Sms Cms Ernani Agricola Ap 10",
        "short_name": "UBS Sms Cms Ernani Agricola Ap 10",
        "comment": "UBS",
        "qtd_equipes_esf": 7,
        "qtd_equipes_eap": 1,
        "qtd_equipes_total": 12,
        "capacidade_pnab": 26500,
        "nomes_equipes": "DAVILA; BONDINHO; TROVADOR; ESB AQUARELA; PRAZERES; FALLET; ALTO SANTA; ALECRIM; ESB GOUACHE DIF I; ESB GRAFITE; ARTE ESF; ESB GOUACHE"
      },
      "geometry": {
        "type": "Point",
        "coordinates": [
          -43.18926,
          -22.9213
        ]
      }
    },
    {
      "type": "Feature",
      "id": 2270250,
      "properties": {
        "operator": "Prefeitura Municipal de Rio de Janeiro",
        "operator:type": "public",
        "ref:CNES": "2270250",
        "source": "cnes;datasus;dados_abertos_saude",
        "official_name": "SMS CMS ERNESTO ZEFERINO TIBAU JR AP 10",
        "addr:street": "Avenida do Exercito",
        "addr:housenumber": "1",
        "addr:suburb": "São Cristóvão",
        "addr:city": "Rio de Janeiro",
        "addr:state": "RJ",
        "addr:country": "BR",
        "addr:postcode": "20910-025",
        "phone": "+55 21 3895-8658",
        "email": "cmszeferinotibau.cap10@gmail.com",
        "amenity": "clinic",
        "healthcare": "clinic",
        "name": "Unidade Básica de Saúde Sms Cms Ernesto Zeferino Tibau Jr Ap 10",
        "short_name": "UBS Sms Cms Ernesto Zeferino Tibau Jr Ap 10",
        "comment": "UBS",
        "qtd_equipes_esf": 8,
        "qtd_equipes_eap": 1,
        "qtd_equipes_total": 14,
        "capacidade_pnab": 30000,
        "nomes_equipes": "ESB PEDRO II DIF II; PEDRO II; ARENA TUIUTI; ESB PEDRO II DIF I; GENERAL BRUCE; ROSA; PARAISO; MARECHAL; ESB ALMIRANTE; ESB MARECHAL; LARGO DO PEDREGULHO; ALMIRANTE; EMULTI LEOPOLDINA; SAO JANUARIO ESF"
      },
      "geometry": {
        "type": "Point",
        "coordinates": [
          -43.22256,
          -22.89978
        ]
      }
    },
    {
      "type": "Feature",
      "id": 5315026,
      "properties": {
        "operator": "Prefeitura Municipal de Rio de Janeiro",
        "operator:type": "public",
        "ref:CNES": "5315026",
        "source": "cnes;datasus;dados_abertos_saude",
        "official_name": "SMS CMS FAZENDA BOTAFOGO AP 33",
        "addr:street": "Rua Arnaldo Guinle",
        "addr:suburb": "Coelho Neto",
        "addr:city": "Rio de Janeiro",
        "addr:state": "RJ",
        "addr:country": "BR",
        "addr:postcode": "21530-020",
        "phone": "97513-7082/3835-2975",
        "email": "fazendabotafogocms@gmail.com",
        "amenity": "clinic",
        "healthcare": "clinic",
        "name": "Unidade Básica de Saúde Sms Cms Fazenda Botafogo Ap 33",
        "short_name": "UBS Sms Cms Fazenda Botafogo Ap 33",
        "comment": "UBS",
        "qtd_equipes_esf": 3,
        "qtd_equipes_eap": 0,
        "qtd_equipes_total": 4,
        "capacidade_pnab": 10500,
        "nomes_equipes": "ENDER; LACY FERREIRA; GENESIO BRASIL; LACY FERREIRA ESB"
      },
      "geometry": {
        "type": "Point",
        "coordinates": [
          -43.35647,
          -22.82642
        ]
      }
    },
    {
      "type": "Feature",
      "id": 2269759,
      "properties": {
        "operator": "Prefeitura Municipal de Rio de Janeiro",
        "operator:type": "public",
        "ref:CNES": "2269759",
        "source": "cnes;datasus;dados_abertos_saude",
        "official_name": "SMS CMS FLAVIO DO COUTO VIEIRA AP 33",
        "addr:street": "Rua Lucio Jose Filho",
        "addr:suburb": "Parque Anchieta",
        "addr:city": "Rio de Janeiro",
        "addr:state": "RJ",
        "addr:country": "BR",
        "addr:postcode": "21635-290",
        "phone": "97518-4228/2455-7571",
        "email": "cmsflaviocoutovieira@gmail.com",
        "amenity": "clinic",
        "healthcare": "clinic",
        "name": "Unidade Básica de Saúde Sms Cms Flavio do Couto Vieira Ap 33",
        "short_name": "UBS Sms Cms Flavio do Couto Vieira Ap 33",
        "comment": "UBS",
        "qtd_equipes_esf": 5,
        "qtd_equipes_eap": 4,
        "qtd_equipes_total": 12,
        "capacidade_pnab": 25500,
        "nomes_equipes": "CLARA BORGES; ITANHOMI ESB; SILVESTRE FILIPPI; ENGENHO NOVO; ITANHOMI; LUCIO JOSE FILHO; 33 EAP 16; LUCIO JOSE FILHO ESB; 33 EAP 04; 33 EAP 17; 33 ESB DIF 06; 33 EAP 09"
      },
      "geometry": {
        "type": "Point",
        "coordinates": [
          -43.4135,
          -22.83254
        ]
      }
    },
    {
      "type": "Feature",
      "id": 2273543,
      "properties": {
        "operator": "Prefeitura Municipal de Rio de Janeiro",
        "operator:type": "public",
        "ref:CNES": "2273543",
        "source": "cnes;datasus;dados_abertos_saude",
        "official_name": "SMS CMS FLORIPES GALDINO PEREIRA AP 53",
        "addr:street": "Rua Srg Geraldo Berti",
        "addr:suburb": "Paciencia",
        "addr:city": "Rio de Janeiro",
        "addr:state": "RJ",
        "addr:country": "BR",
        "addr:postcode": "23066-050",
        "phone": "+55 21 3427-7056",
        "email": "cmsfgp.cap53@gmail.com",
        "amenity": "clinic",
        "healthcare": "clinic",
        "name": "Unidade Básica de Saúde Sms Cms Floripes Galdino Pereira Ap 53",
        "short_name": "UBS Sms Cms Floripes Galdino Pereira Ap 53",
        "comment": "UBS",
        "qtd_equipes_esf": 2,
        "qtd_equipes_eap": 0,
        "qtd_equipes_total": 4,
        "capacidade_pnab": 7000,
        "nomes_equipes": "NOVO HORIZONTE ESB; NOVO HORIZONTE; EMULTI FLORIPES GALDINO; SAGRADO CORACAO"
      },
      "geometry": {
        "type": "Point",
        "coordinates": [
          -43.64306,
          -22.88452
        ]
      }
    },
    {
      "type": "Feature",
      "id": 2269511,
      "properties": {
        "operator": "Prefeitura Municipal de Rio de Janeiro",
        "operator:type": "public",
        "ref:CNES": "2269511",
        "source": "cnes;datasus;dados_abertos_saude",
        "official_name": "SMS CMS GARFIELD DE ALMEIDA AP 52",
        "addr:street": "Rua General Paulo de Oliveira",
        "addr:housenumber": "226",
        "addr:suburb": "Campo Grande",
        "addr:city": "Rio de Janeiro",
        "addr:state": "RJ",
        "addr:country": "BR",
        "addr:postcode": "23017-520",
        "phone": "+55 21 3405-1232",
        "email": "cmsgarfieldalmeida@gmail.com",
        "amenity": "clinic",
        "healthcare": "clinic",
        "name": "Unidade Básica de Saúde Sms Cms Garfield de Almeida Ap 52",
        "short_name": "UBS Sms Cms Garfield de Almeida Ap 52",
        "comment": "UBS",
        "qtd_equipes_esf": 3,
        "qtd_equipes_eap": 0,
        "qtd_equipes_total": 4,
        "capacidade_pnab": 10500,
        "nomes_equipes": "CANDOCA; MOINHO; PEDRA BRANCA; CABOCLOS ESB"
      },
      "geometry": {
        "type": "Point",
        "coordinates": [
          -43.5183894,
          -22.9230549
        ]
      }
    },
    {
      "type": "Feature",
      "id": 4046307,
      "properties": {
        "operator": "Prefeitura Municipal de Rio de Janeiro",
        "operator:type": "public",
        "ref:CNES": "4046307",
        "source": "cnes;datasus;dados_abertos_saude",
        "official_name": "SMS CMS HAMILTON LAND AP 40",
        "addr:street": "Rua Av Edgard Werneck",
        "addr:housenumber": "1601",
        "addr:suburb": "Cidade de Deus",
        "addr:city": "Rio de Janeiro",
        "addr:state": "RJ",
        "addr:country": "BR",
        "addr:postcode": "22763-011",
        "phone": "+55 46 3096-3733",
        "email": "cmshamiltonland@gmail.com",
        "amenity": "clinic",
        "healthcare": "clinic",
        "name": "Unidade Básica de Saúde Sms Cms Hamilton Land Ap 40",
        "short_name": "UBS Sms Cms Hamilton Land Ap 40",
        "comment": "UBS",
        "qtd_equipes_esf": 6,
        "qtd_equipes_eap": 1,
        "qtd_equipes_total": 10,
        "capacidade_pnab": 23000,
        "nomes_equipes": "MOISES; 40 EAP 05; JOSAFA; JOSIAS; ABRAAO; MIGUEL; ABRAAO ESB; EMULTI - CIDADE DE DEUS I; JOAQUIM; 40 ESB DIF 05"
      },
      "geometry": {
        "type": "Point",
        "coordinates": [
          -43.3590259,
          -22.9492295
        ]
      }
    },
    {
      "type": "Feature",
      "id": 2708213,
      "properties": {
        "operator": "Prefeitura Municipal de Rio de Janeiro",
        "operator:type": "public",
        "ref:CNES": "2708213",
        "source": "cnes;datasus;dados_abertos_saude",
        "official_name": "SMS CMS HARVEY RIBEIRO DE SOUZA FILHO AP 40",
        "addr:street": "Avenida Guiomar Novaes",
        "addr:housenumber": "133",
        "addr:suburb": "Recreio dos Bandeira",
        "addr:city": "Rio de Janeiro",
        "addr:state": "RJ",
        "addr:country": "BR",
        "addr:postcode": "22790-590",
        "phone": "+55 46 3418-4518",
        "email": "cmshrsf@gmail.com",
        "amenity": "clinic",
        "healthcare": "clinic",
        "name": "Unidade Básica de Saúde Sms Cms Harvey Ribeiro de Souza Filho Ap 40",
        "short_name": "UBS Sms Cms Harvey Ribeiro de Souza Filho Ap 40",
        "comment": "UBS",
        "qtd_equipes_esf": 6,
        "qtd_equipes_eap": 1,
        "qtd_equipes_total": 8,
        "capacidade_pnab": 23000,
        "nomes_equipes": "TERREIRAO; NOVO LAR; EMULTI - RECREIO; VILA AMIZADE; BEIRA RIO; 40 EAP 04; GILKA; HARVEY"
      },
      "geometry": {
        "type": "Point",
        "coordinates": [
          -43.4825491,
          -23.0202662
        ]
      }
    },
    {
      "type": "Feature",
      "id": 2269376,
      "properties": {
        "operator": "Prefeitura Municipal de Rio de Janeiro",
        "operator:type": "public",
        "ref:CNES": "2269376",
        "source": "cnes;datasus;dados_abertos_saude",
        "official_name": "SMS CMS HEITOR BELTRAO AP 22",
        "addr:street": "Rua Desembargador Isidro",
        "addr:housenumber": "144",
        "addr:suburb": "Tijuca",
        "addr:city": "Rio de Janeiro",
        "addr:state": "RJ",
        "addr:country": "BR",
        "addr:postcode": "20521-160",
        "phone": "+55 21 2042-9984",
        "email": "gerencia.heitorbeltrao@gmail.com",
        "amenity": "clinic",
        "healthcare": "clinic",
        "name": "Unidade Básica de Saúde Sms Cms Heitor Beltrao Ap 22",
        "short_name": "UBS Sms Cms Heitor Beltrao Ap 22",
        "comment": "UBS",
        "qtd_equipes_esf": 20,
        "qtd_equipes_eap": 0,
        "qtd_equipes_total": 25,
        "capacidade_pnab": 70000,
        "nomes_equipes": "SAO FRANCISCO III; CATRAMBI II; CATRAMBI III; SABOIA LIMA II; SABOIA LIMA III; SABOIA LIMA ESB; PINHEIRO DA CUNHA ESF; EMULTI HEITOR BELTRAO; SAO FRANCISCO I; SALGUEIRO; CATRAMBI I; XAVIER DE BRITO; SANTA SOFIA; DONA DELFINA; ALZIRA BRANDAO; BARAO DE PIRASSINUNGA; PRACA VARNHAGEM; BARAO DE PIRASSINUNGA ESB; SALGUEIRO ESB; SAO FRANCISCO II; ANTONIO BASILIO ESF; RAIZES DO SALGUEIRO ESF; CATRAMBI ESB; SABOIA LIMA I; MARIA AMALIA ESF"
      },
      "geometry": {
        "type": "Point",
        "coordinates": [
          -43.2343499,
          -22.9297709
        ]
      }
    },
    {
      "type": "Feature",
      "id": 7414226,
      "properties": {
        "operator": "Prefeitura Municipal de Rio de Janeiro",
        "operator:type": "public",
        "ref:CNES": "7414226",
        "source": "cnes;datasus;dados_abertos_saude",
        "official_name": "SMS CMS HELIO PELLEGRINO AP 22",
        "addr:street": "Rua do Matoso",
        "addr:housenumber": "96",
        "addr:suburb": "Praca da Bandeira",
        "addr:city": "Rio de Janeiro",
        "addr:state": "RJ",
        "addr:country": "BR",
        "addr:postcode": "20270-133",
        "phone": "+55 21 2042-9986",
        "email": "cmsheliop@gmail.com",
        "amenity": "clinic",
        "healthcare": "clinic",
        "name": "Unidade Básica de Saúde Sms Cms Helio Pellegrino Ap 22",
        "short_name": "UBS Sms Cms Helio Pellegrino Ap 22",
        "comment": "UBS",
        "qtd_equipes_esf": 13,
        "qtd_equipes_eap": 0,
        "qtd_equipes_total": 18,
        "capacidade_pnab": 45500,
        "nomes_equipes": "ESB - PRACA DA BANDEIRA ESB 1; CNAR TIJUCA; VILLA LOBOS ESB; AFONSO PENA; MATOSO I; MARACANA; MATOSO III; MATOSO II; CANABARRO; BANDEIRA I; VILLA LOBOS; CAPUCHINHOS; EMULTI HELIO PELLEGRINO; BANDEIRA III; BANDEIRA II; SENADOR FURTADO ESF; MARIZ E BARROS ESF; BANDEIRA ESB"
      },
      "geometry": {
        "type": "Point",
        "coordinates": [
          -43.213089,
          -22.914218
        ]
      }
    },
    {
      "type": "Feature",
      "id": 2270439,
      "properties": {
        "operator": "Prefeitura Municipal de Rio de Janeiro",
        "operator:type": "public",
        "ref:CNES": "2270439",
        "source": "cnes;datasus;dados_abertos_saude",
        "official_name": "SMS CMS HENRIQUE MONAT AP 51",
        "addr:street": "Estrada do Quafa",
        "addr:housenumber": "07",
        "addr:suburb": "Bangu",
        "addr:city": "Rio de Janeiro",
        "addr:state": "RJ",
        "addr:country": "BR",
        "addr:postcode": "21853-050",
        "phone": "+55 46 3613-8274",
        "email": "monatcap5.1vb@gmail.com",
        "amenity": "clinic",
        "healthcare": "clinic",
        "name": "Unidade Básica de Saúde Sms Cms Henrique Monat Ap 51",
        "short_name": "UBS Sms Cms Henrique Monat Ap 51",
        "comment": "UBS",
        "qtd_equipes_esf": 6,
        "qtd_equipes_eap": 0,
        "qtd_equipes_total": 8,
        "capacidade_pnab": 21000,
        "nomes_equipes": "EVARISTO GOMES; METRAL ESB; METRAL; SOCIOLOGO BETINHO ESB; SOCIOLOGO BETINHO; GUANDU DO SENA; LOME; BARRAO"
      },
      "geometry": {
        "type": "Point",
        "coordinates": [
          -43.489839,
          -22.853231
        ]
      }
    },
    {
      "type": "Feature",
      "id": 5457009,
      "properties": {
        "operator": "Prefeitura Municipal de Rio de Janeiro",
        "operator:type": "public",
        "ref:CNES": "5457009",
        "source": "cnes;datasus;dados_abertos_saude",
        "official_name": "SMS CMS IRACI LOPES AP 31",
        "addr:street": "Rua Antonio Mendes",
        "addr:housenumber": "02",
        "addr:suburb": "Vigario Geral",
        "addr:city": "Rio de Janeiro",
        "addr:state": "RJ",
        "addr:country": "BR",
        "addr:postcode": "21010-690",
        "phone": "+55 21 98591-0074",
        "email": "iracilopescms@gmail.com",
        "amenity": "clinic",
        "healthcare": "clinic",
        "name": "Unidade Básica de Saúde Sms Cms Iraci Lopes Ap 31",
        "short_name": "UBS Sms Cms Iraci Lopes Ap 31",
        "comment": "UBS",
        "qtd_equipes_esf": 2,
        "qtd_equipes_eap": 0,
        "qtd_equipes_total": 2,
        "capacidade_pnab": 7000,
        "nomes_equipes": "PAZ; AMOR"
      },
      "geometry": {
        "type": "Point",
        "coordinates": [
          -43.303859,
          -22.807289
        ]
      }
    },
    {
      "type": "Feature",
      "id": 6784720,
      "properties": {
        "operator": "Prefeitura Municipal de Rio de Janeiro",
        "operator:type": "public",
        "ref:CNES": "6784720",
        "source": "cnes;datasus;dados_abertos_saude",
        "official_name": "SMS CMS ITANHANGA AP 40",
        "addr:street": "Estrada do Itanhanga",
        "addr:housenumber": "270",
        "addr:suburb": "Itanhanga",
        "addr:city": "Rio de Janeiro",
        "addr:state": "RJ",
        "addr:country": "BR",
        "addr:postcode": "22753-005",
        "phone": "+55 46 2042-3659",
        "email": "ger.itanhanga.cap40@gmail.com",
        "amenity": "clinic",
        "healthcare": "clinic",
        "name": "Unidade Básica de Saúde Sms Cms Itanhanga Ap 40",
        "short_name": "UBS Sms Cms Itanhanga Ap 40",
        "comment": "UBS",
        "qtd_equipes_esf": 1,
        "qtd_equipes_eap": 0,
        "qtd_equipes_total": 1,
        "capacidade_pnab": 3500,
        "nomes_equipes": "ROCHA"
      },
      "geometry": {
        "type": "Point",
        "coordinates": [
          -43.3143559,
          -22.9964754
        ]
      }
    },
    {
      "type": "Feature",
      "id": 2280795,
      "properties": {
        "operator": "Prefeitura Municipal de Rio de Janeiro",
        "operator:type": "public",
        "ref:CNES": "2280795",
        "source": "cnes;datasus;dados_abertos_saude",
        "official_name": "SMS CMS JOAO BARROS BARRETO AP 21",
        "addr:street": "Rua Tenreiro Aranha",
        "addr:suburb": "Copacabana",
        "addr:city": "Rio de Janeiro",
        "addr:state": "RJ",
        "addr:country": "BR",
        "addr:postcode": "22031-090",
        "phone": "+55 21 3208-5297",
        "email": "admcmsjoaobarrosbarreto@gmail.com",
        "amenity": "clinic",
        "healthcare": "clinic",
        "name": "Unidade Básica de Saúde Sms Cms João Barros Barreto Ap 21",
        "short_name": "UBS Sms Cms João Barros Barreto Ap 21",
        "comment": "UBS",
        "qtd_equipes_esf": 9,
        "qtd_equipes_eap": 0,
        "qtd_equipes_total": 13,
        "capacidade_pnab": 31500,
        "nomes_equipes": "CECI; GUARANI; TUPA; CURUMIM; AIMORE; AMANA; EMULTI JOAO BARROS BARRETO; TUPA ESB; APOENA; XINGU; POTI ESB; CNAR ORLA; POTI"
      },
      "geometry": {
        "type": "Point",
        "coordinates": [
          -43.1872666,
          -22.9671261
        ]
      }
    },
    {
      "type": "Feature",
      "id": 3784959,
      "properties": {
        "operator": "Prefeitura Municipal de Rio de Janeiro",
        "operator:type": "public",
        "ref:CNES": "3784959",
        "source": "cnes;datasus;dados_abertos_saude",
        "official_name": "SMS CMS JOAO CANDIDO AP 31",
        "addr:street": "Rua Av Lobo Jr",
        "addr:housenumber": "83",
        "addr:suburb": "Penha Circular",
        "addr:city": "Rio de Janeiro",
        "addr:state": "RJ",
        "addr:country": "BR",
        "addr:postcode": "21011-065",
        "phone": "+55 21 98591-0068",
        "email": "cmsjoaocandido@vivario.org.br",
        "amenity": "clinic",
        "healthcare": "clinic",
        "name": "Unidade Básica de Saúde Sms Cms João Candido Ap 31",
        "short_name": "UBS Sms Cms João Candido Ap 31",
        "comment": "UBS",
        "qtd_equipes_esf": 2,
        "qtd_equipes_eap": 0,
        "qtd_equipes_total": 2,
        "capacidade_pnab": 7000,
        "nomes_equipes": "MARCILIO DIAS; KELSONS"
      },
      "geometry": {
        "type": "Point",
        "coordinates": [
          -43.271385,
          -22.821794
        ]
      }
    },
    {
      "type": "Feature",
      "id": 2296543,
      "properties": {
        "operator": "Prefeitura Municipal de Rio de Janeiro",
        "operator:type": "public",
        "ref:CNES": "2296543",
        "source": "cnes;datasus;dados_abertos_saude",
        "official_name": "SMS CMS JORGE SALDANHA BANDEIRA DE MELLO AP 40",
        "addr:street": "Avenida Geremario Dantas",
        "addr:housenumber": "135",
        "addr:suburb": "Tanque",
        "addr:city": "Rio de Janeiro",
        "addr:state": "RJ",
        "addr:country": "BR",
        "addr:postcode": "22735-000",
        "phone": "+55 46 3392-0050",
        "email": "cmsjsbm.gestao@gmail.com",
        "amenity": "clinic",
        "healthcare": "clinic",
        "name": "Unidade Básica de Saúde Sms Cms Jorge Saldanha Bandeira de Mello Ap 40",
        "short_name": "UBS Sms Cms Jorge Saldanha Bandeira de Mello Ap 40",
        "comment": "UBS",
        "qtd_equipes_esf": 8,
        "qtd_equipes_eap": 2,
        "qtd_equipes_total": 13,
        "capacidade_pnab": 32000,
        "nomes_equipes": "RENASCER ESB; HENRIQUETA ESB; EMULTI - TANQUE; 40 EAP 03; RENASCER; MONTEIRO DA LUZ; CAMPO DE AREIA; ALMIRANTE; BELO VALE; BARRO VERMELHO; 40 EAP 02; VALE DO PARAISO; HENRIQUETA"
      },
      "geometry": {
        "type": "Point",
        "coordinates": [
          -43.3597123,
          -22.9198094
        ]
      }
    },
    {
      "type": "Feature",
      "id": 2269902,
      "properties": {
        "operator": "Prefeitura Municipal de Rio de Janeiro",
        "operator:type": "public",
        "ref:CNES": "2269902",
        "source": "cnes;datasus;dados_abertos_saude",
        "official_name": "SMS CMS JOSE BREVES DOS SANTOS AP 31",
        "addr:street": "Rua Mar Grande",
        "addr:housenumber": "10",
        "addr:suburb": "Cordovil",
        "addr:city": "Rio de Janeiro",
        "addr:state": "RJ",
        "addr:country": "BR",
        "addr:postcode": "21010-290",
        "phone": "+55 21 98591-0042",
        "email": "cmsjbs.ap31@gmail.com",
        "amenity": "clinic",
        "healthcare": "clinic",
        "name": "Unidade Básica de Saúde Sms Cms Jose Breves dos Santos Ap 31",
        "short_name": "UBS Sms Cms Jose Breves dos Santos Ap 31",
        "comment": "UBS",
        "qtd_equipes_esf": 6,
        "qtd_equipes_eap": 2,
        "qtd_equipes_total": 10,
        "capacidade_pnab": 25000,
        "nomes_equipes": "PICA PAU; MAR GRANDE ESB; PICA PAU ESB; AGUA DOCE; SERRA DO NAVIO; COMUNIDADE BOM JARDIM; 31 EAP 02; MAR GRANDE; AVILA; 31 EAP 01"
      },
      "geometry": {
        "type": "Point",
        "coordinates": [
          -43.2912092,
          -22.8159508
        ]
      }
    },
    {
      "type": "Feature",
      "id": 2291274,
      "properties": {
        "operator": "Prefeitura Municipal de Rio de Janeiro",
        "operator:type": "public",
        "ref:CNES": "2291274",
        "source": "cnes;datasus;dados_abertos_saude",
        "official_name": "SMS CMS JOSE MESSIAS DO CARMO AP 10",
        "addr:street": "Rua Waldemar Dutra",
        "addr:housenumber": "55",
        "addr:suburb": "Santo Cristo",
        "addr:city": "Rio de Janeiro",
        "addr:state": "RJ",
        "addr:country": "BR",
        "addr:postcode": "20220-780",
        "phone": "+55 21 2233-1690",
        "email": "cmsjosemessias.cap10@gmail.com",
        "amenity": "clinic",
        "healthcare": "clinic",
        "name": "Unidade Básica de Saúde Sms Cms Jose Messias do Carmo Ap 10",
        "short_name": "UBS Sms Cms Jose Messias do Carmo Ap 10",
        "comment": "UBS",
        "qtd_equipes_esf": 7,
        "qtd_equipes_eap": 2,
        "qtd_equipes_total": 15,
        "capacidade_pnab": 28500,
        "nomes_equipes": "ESB CENTRAL; CNAR ANASTACIA; ESB BENJAMIM CONSTANT; EMULTI SAMBODROMO; ESB PORTO MARAVILHA; PORTO MARAVILHA; MUSEU DO AMANHA; VILA OLIMPICA; CENTRAL DO BRASIL; BENJAMIM CONSTANT; MONT SERRAT; LIRIO; 10 EAP 04; ESB PORTO MARAVILHA DIF II; PEDRA DO SAL"
      },
      "geometry": {
        "type": "Point",
        "coordinates": [
          -43.20036,
          -22.9007
        ]
      }
    },
    {
      "type": "Feature",
      "id": 9391983,
      "properties": {
        "operator": "Prefeitura Municipal de Rio de Janeiro",
        "operator:type": "public",
        "ref:CNES": "9391983",
        "source": "cnes;datasus;dados_abertos_saude",
        "official_name": "SMS CMS JOSE PARANHOS FONTENELLE AP 31",
        "addr:street": "Rua Leopoldina Rego",
        "addr:housenumber": "700",
        "addr:suburb": "Penha",
        "addr:city": "Rio de Janeiro",
        "addr:state": "RJ",
        "addr:country": "BR",
        "addr:postcode": "21021-522",
        "phone": "+55 21 98591-0020",
        "email": "cmsjpf@gmail.com",
        "amenity": "clinic",
        "healthcare": "clinic",
        "name": "Unidade Básica de Saúde Sms Cms Jose Paranhos Fontenelle Ap 31",
        "short_name": "UBS Sms Cms Jose Paranhos Fontenelle Ap 31",
        "comment": "UBS",
        "qtd_equipes_esf": 7,
        "qtd_equipes_eap": 6,
        "qtd_equipes_total": 20,
        "capacidade_pnab": 36500,
        "nomes_equipes": "EMULTI JOSE PARANHOS; 31 EAP 11; 31 EAP 09; 31 EAP 10; 31 EAP 08; 31 EAP 07; 31 EAP 06; FILOMENA; IAPI; IAPI ESB; GRUCAI; ENES; QUITO; AGROLONGO; 31 ESB DIF 06; 31 ESB DIF 05; 31 ESB DIF 04; 31 ESB DIF 03; NACOES ESB; LOBO JUNIOR"
      },
      "geometry": {
        "type": "Point",
        "coordinates": [
          -43.26928,
          -22.84128
        ]
      }
    },
    {
      "type": "Feature",
      "id": 2273640,
      "properties": {
        "operator": "Prefeitura Municipal de Rio de Janeiro",
        "operator:type": "public",
        "ref:CNES": "2273640",
        "source": "cnes;datasus;dados_abertos_saude",
        "official_name": "SMS CMS MADRE TERESA DE CALCUTA AP 31",
        "addr:street": "Rua Av Ilha das Enxadas",
        "addr:housenumber": "100",
        "addr:suburb": "Bancarios",
        "addr:city": "Rio de Janeiro",
        "addr:state": "RJ",
        "addr:country": "BR",
        "addr:postcode": "21910-097",
        "phone": "+55 21 98591-0056",
        "email": "cmsmtccap31@gmail.com",
        "amenity": "clinic",
        "healthcare": "clinic",
        "name": "Unidade Básica de Saúde Sms Cms Madre Teresa de Calcuta Ap 31",
        "short_name": "UBS Sms Cms Madre Teresa de Calcuta Ap 31",
        "comment": "UBS",
        "qtd_equipes_esf": 8,
        "qtd_equipes_eap": 0,
        "qtd_equipes_total": 11,
        "capacidade_pnab": 28000,
        "nomes_equipes": "CURUCA ESB; PEDRA DA ONCA; CURUCA; FRANCISCA MATOS; MATA ESB; INPS ESB; MATA; PIXUNAS; JOAO TELLES; INPS; QUATIS"
      },
      "geometry": {
        "type": "Point",
        "coordinates": [
          -43.1859683,
          -22.7867407
        ]
      }
    },
    {
      "type": "Feature",
      "id": 2270315,
      "properties": {
        "operator": "Prefeitura Municipal de Rio de Janeiro",
        "operator:type": "public",
        "ref:CNES": "2270315",
        "source": "cnes;datasus;dados_abertos_saude",
        "official_name": "SMS CMS MAIA BITTENCOURT AP 52",
        "addr:street": "Estrada do Mato Alto",
        "addr:housenumber": "5609",
        "addr:suburb": "Guaratiba",
        "addr:city": "Rio de Janeiro",
        "addr:state": "RJ",
        "addr:country": "BR",
        "addr:postcode": "23030-320",
        "phone": "+55 21 4042-1974",
        "email": "gerentefam@gmail.com",
        "amenity": "clinic",
        "healthcare": "clinic",
        "name": "Unidade Básica de Saúde Sms Cms Maia Bittencourt Ap 52",
        "short_name": "UBS Sms Cms Maia Bittencourt Ap 52",
        "comment": "UBS",
        "qtd_equipes_esf": 4,
        "qtd_equipes_eap": 0,
        "qtd_equipes_total": 5,
        "capacidade_pnab": 14000,
        "nomes_equipes": "AGOSTINHO DE CASTRO ESB; CARAPIA; CAJUEIRO; AGOSTINHO DE CASTRO; MATRIZ"
      },
      "geometry": {
        "type": "Point",
        "coordinates": [
          -43.5929303,
          -22.9921556
        ]
      }
    },
    {
      "type": "Feature",
      "id": 2270366,
      "properties": {
        "operator": "Prefeitura Municipal de Rio de Janeiro",
        "operator:type": "public",
        "ref:CNES": "2270366",
        "source": "cnes;datasus;dados_abertos_saude",
        "official_name": "SMS CMS MANOEL DE ABREU AP 52",
        "addr:street": "Rua Padre Noe Gualberto",
        "addr:housenumber": "1",
        "addr:suburb": "Santissimo",
        "addr:city": "Rio de Janeiro",
        "addr:state": "RJ",
        "addr:country": "BR",
        "addr:postcode": "23093-045",
        "phone": "+55 21 3403-0971",
        "email": "cmspmabreu@gmail.com",
        "amenity": "clinic",
        "healthcare": "clinic",
        "name": "Unidade Básica de Saúde Sms Cms Manoel de Abreu Ap 52",
        "short_name": "UBS Sms Cms Manoel de Abreu Ap 52",
        "comment": "UBS",
        "qtd_equipes_esf": 5,
        "qtd_equipes_eap": 0,
        "qtd_equipes_total": 7,
        "capacidade_pnab": 17500,
        "nomes_equipes": "JUVENAL MURTINHO; RETIRO DO LAMEIRAO; VILA VERDE; ARCADAS; JUVENAL MURTINHO ESB; RETIRO DO LAMEIRAO ESB; ABIEIROS"
      },
      "geometry": {
        "type": "Point",
        "coordinates": [
          -43.53339,
          -22.87478
        ]
      }
    },
    {
      "type": "Feature",
      "id": 6922031,
      "properties": {
        "operator": "Prefeitura Municipal de Rio de Janeiro",
        "operator:type": "public",
        "ref:CNES": "6922031",
        "source": "cnes;datasus;dados_abertos_saude",
        "official_name": "SMS CMS MANOEL GUILHERME DA SILVEIRA FILHO AP 51",
        "addr:street": "Rua Av Ribeiro Dantas",
        "addr:housenumber": "571",
        "addr:suburb": "Bangu",
        "addr:city": "Rio de Janeiro",
        "addr:state": "RJ",
        "addr:country": "BR",
        "addr:postcode": "21870-170",
        "phone": "+55 21 3613-8288",
        "email": "cmsmgsf.gerente@gmail.com",
        "amenity": "clinic",
        "healthcare": "clinic",
        "name": "Unidade Básica de Saúde Sms Cms Manoel Guilherme da Silveira Filho Ap 51",
        "short_name": "UBS Sms Cms Manoel Guilherme da Silveira Filho Ap 51",
        "comment": "UBS",
        "qtd_equipes_esf": 4,
        "qtd_equipes_eap": 0,
        "qtd_equipes_total": 5,
        "capacidade_pnab": 14000,
        "nomes_equipes": "TOULON; UBATUBA; BELA FLOR; MONACO; BELA FLOR ESB"
      },
      "geometry": {
        "type": "Point",
        "coordinates": [
          -43.457264,
          -22.870583
        ]
      }
    },
    {
      "type": "Feature",
      "id": 2708434,
      "properties": {
        "operator": "Prefeitura Municipal de Rio de Janeiro",
        "operator:type": "public",
        "ref:CNES": "2708434",
        "source": "cnes;datasus;dados_abertos_saude",
        "official_name": "SMS CMS MANOEL JOSE FERREIRA AP 21",
        "addr:street": "Rua Silveira Martins",
        "addr:housenumber": "161",
        "addr:suburb": "Catete",
        "addr:city": "Rio de Janeiro",
        "addr:state": "RJ",
        "addr:country": "BR",
        "addr:postcode": "22221-000",
        "phone": "+55 21 3613-8346",
        "email": "cmsmjf@gmail.com",
        "amenity": "clinic",
        "healthcare": "clinic",
        "name": "Unidade Básica de Saúde Sms Cms Manoel Jose Ferreira Ap 21",
        "short_name": "UBS Sms Cms Manoel Jose Ferreira Ap 21",
        "comment": "UBS",
        "qtd_equipes_esf": 10,
        "qtd_equipes_eap": 0,
        "qtd_equipes_total": 16,
        "capacidade_pnab": 35000,
        "nomes_equipes": "MACHADO ESB; REDENTOR ESB; RIO CARIOCA; CNAR ATERRO; EMULTI MANOEL JOSE FERREIRA 02; PARIS ESB; EMULTI MANOEL JOSE FERREIRA 01; CORCOVADO; PARIS; GETULIO VARGAS; GUANABARA; PARQUE GUINLE; REPUBLICA; REDENTOR; MACHADO; AGUIA"
      },
      "geometry": {
        "type": "Point",
        "coordinates": [
          -43.178416,
          -22.9263757
        ]
      }
    },
    {
      "type": "Feature",
      "id": 2288346,
      "properties": {
        "operator": "Prefeitura Municipal de Rio de Janeiro",
        "operator:type": "public",
        "ref:CNES": "2288346",
        "source": "cnes;datasus;dados_abertos_saude",
        "official_name": "SMS CMS MARCOLINO CANDAU AP 10",
        "addr:street": "Rua Laura de Araujo",
        "addr:housenumber": "36",
        "addr:suburb": "Cidade Nova",
        "addr:city": "Rio de Janeiro",
        "addr:state": "RJ",
        "addr:country": "BR",
        "addr:postcode": "20211-170",
        "phone": "+55 21 3512-4734",
        "email": "cmsmarcolinocandau.cap10@gmail.com",
        "amenity": "clinic",
        "healthcare": "clinic",
        "name": "Unidade Básica de Saúde Sms Cms Marcolino Candau Ap 10",
        "short_name": "UBS Sms Cms Marcolino Candau Ap 10",
        "comment": "UBS",
        "qtd_equipes_esf": 2,
        "qtd_equipes_eap": 0,
        "qtd_equipes_total": 6,
        "capacidade_pnab": 7000,
        "nomes_equipes": "ESB BERCO DO SAMBA; BERCO DO SAMBA ESF; CIDADE NOVA ESF; CNAR CIGANA; ESB SAO FRANCISCO DIF I; ESB SAO FRANCISCO"
      },
      "geometry": {
        "type": "Point",
        "coordinates": [
          -43.20089,
          -22.90991
        ]
      }
    },
    {
      "type": "Feature",
      "id": 2280760,
      "properties": {
        "operator": "Prefeitura Municipal de Rio de Janeiro",
        "operator:type": "public",
        "ref:CNES": "2280760",
        "source": "cnes;datasus;dados_abertos_saude",
        "official_name": "SMS CMS MARIA APARECIDA DE ALMEIDA AP 53",
        "addr:street": "Rua Praca Antonio Mattos Areas",
        "addr:suburb": "Paciencia",
        "addr:city": "Rio de Janeiro",
        "addr:state": "RJ",
        "addr:country": "BR",
        "addr:postcode": "23585-052",
        "phone": "+55 21 3484-0891",
        "email": "cmsmaa.cap53@gmail.com",
        "amenity": "clinic",
        "healthcare": "clinic",
        "name": "Unidade Básica de Saúde Sms Cms Maria Aparecida de Almeida Ap 53",
        "short_name": "UBS Sms Cms Maria Aparecida de Almeida Ap 53",
        "comment": "UBS",
        "qtd_equipes_esf": 1,
        "qtd_equipes_eap": 0,
        "qtd_equipes_total": 4,
        "capacidade_pnab": 3500,
        "nomes_equipes": "CESARINHO; EMULTI MARIA APARECIDA; EMULTI MARIA APARECIDA; CESARINHO ESB"
      },
      "geometry": {
        "type": "Point",
        "coordinates": [
          -43.6391,
          -22.92245
        ]
      }
    },
    {
      "type": "Feature",
      "id": 2280272,
      "properties": {
        "operator": "Prefeitura Municipal de Rio de Janeiro",
        "operator:type": "public",
        "ref:CNES": "2280272",
        "source": "cnes;datasus;dados_abertos_saude",
        "official_name": "SMS CMS MARIA AUGUSTA ESTRELLA AP 22",
        "addr:street": "Rua Visconde de Santa Isabel",
        "addr:housenumber": "56",
        "addr:suburb": "Vila Isabel",
        "addr:city": "Rio de Janeiro",
        "addr:state": "RJ",
        "addr:country": "BR",
        "addr:postcode": "20560-121",
        "phone": "+55 21 2042-9685",
        "email": "cmsmaestrella@rio.rj.gov.br",
        "amenity": "clinic",
        "healthcare": "clinic",
        "name": "Unidade Básica de Saúde Sms Cms Maria Augusta Estrella Ap 22",
        "short_name": "UBS Sms Cms Maria Augusta Estrella Ap 22",
        "comment": "UBS",
        "qtd_equipes_esf": 10,
        "qtd_equipes_eap": 0,
        "qtd_equipes_total": 14,
        "capacidade_pnab": 35000,
        "nomes_equipes": "VILA OPERARIA ESF; CONSELHEIRO ESB; SENADOR ESB; MANOEL DE ABREU; EMULTI MARIA AUGUSTA ESTRELLA; SOUZA FRANCO; VIA LACTEA; BARAO DE COTEGIPE; MIGUEL PEDRO; SANTA ISABEL; MIGUEL PEDRO ESB; SENADOR; CONSELHEIRO; PETROCOCHINO"
      },
      "geometry": {
        "type": "Point",
        "coordinates": [
          -43.2532245,
          -22.9163763
        ]
      }
    },
    {
      "type": "Feature",
      "id": 2295032,
      "properties": {
        "operator": "Prefeitura Municipal de Rio de Janeiro",
        "operator:type": "public",
        "ref:CNES": "2295032",
        "source": "cnes;datasus;dados_abertos_saude",
        "official_name": "SMS CMS MARIA CRISTINA ROMA PAUGARTTEN AP 31",
        "addr:street": "Rua Joaquim Gomes",
        "addr:suburb": "Ramos",
        "addr:city": "Rio de Janeiro",
        "addr:state": "RJ",
        "addr:country": "BR",
        "addr:postcode": "21040-060",
        "phone": "+55 21 98591-0077",
        "email": "cmsmariacristinaroma@gmail.com",
        "amenity": "clinic",
        "healthcare": "clinic",
        "name": "Unidade Básica de Saúde Sms Cms Maria Cristina Roma Paugartten Ap 31",
        "short_name": "UBS Sms Cms Maria Cristina Roma Paugartten Ap 31",
        "comment": "UBS",
        "qtd_equipes_esf": 9,
        "qtd_equipes_eap": 0,
        "qtd_equipes_total": 12,
        "capacidade_pnab": 31500,
        "nomes_equipes": "NACOES; TORQUATO; BORGAUTO ESB; SIRIEMA ESB; SANTA RITA; BATURITE; SANTA RITA ESB; CECI; BORGAUTO; SIRIEMA; PEDREIRA; SANTA LUZIA"
      },
      "geometry": {
        "type": "Point",
        "coordinates": [
          -43.251818,
          -22.851928
        ]
      }
    },
    {
      "type": "Feature",
      "id": 2708205,
      "properties": {
        "operator": "Prefeitura Municipal de Rio de Janeiro",
        "operator:type": "public",
        "ref:CNES": "2708205",
        "source": "cnes;datasus;dados_abertos_saude",
        "official_name": "SMS CMS MARIO OLINTO DE OLIVEIRA AP 33",
        "addr:street": "Rua Ferraz",
        "addr:housenumber": "2",
        "addr:suburb": "Cascadura",
        "addr:city": "Rio de Janeiro",
        "addr:state": "RJ",
        "addr:country": "BR",
        "addr:postcode": "21311-060",
        "phone": "97540-3243/3272-0011",
        "email": "cmsmarioolinto@gmail.com",
        "amenity": "clinic",
        "healthcare": "clinic",
        "name": "Unidade Básica de Saúde Sms Cms Mario Olinto de Oliveira Ap 33",
        "short_name": "UBS Sms Cms Mario Olinto de Oliveira Ap 33",
        "comment": "UBS",
        "qtd_equipes_esf": 3,
        "qtd_equipes_eap": 2,
        "qtd_equipes_total": 6,
        "capacidade_pnab": 14500,
        "nomes_equipes": "CAMETA; ORLANDO LEITE ESB; ORLANDO LEITE; 33 EAP 10; PEDREIRA; 33 EAP 26"
      },
      "geometry": {
        "type": "Point",
        "coordinates": [
          -43.32774,
          -22.88471
        ]
      }
    },
    {
      "type": "Feature",
      "id": 2270633,
      "properties": {
        "operator": "Prefeitura Municipal de Rio de Janeiro",
        "operator:type": "public",
        "ref:CNES": "2270633",
        "source": "cnes;datasus;dados_abertos_saude",
        "official_name": "SMS CMS MARIO VITOR DE ASSIS PACHECO AP 52",
        "addr:street": "Avenida Cesario de Melo",
        "addr:housenumber": "5580",
        "addr:suburb": "Inhoaiba",
        "addr:city": "Rio de Janeiro",
        "addr:state": "RJ",
        "addr:country": "BR",
        "addr:postcode": "23059-001",
        "phone": "+55 21 3394-3989",
        "email": "cmsmariovitor@gmail.com",
        "amenity": "clinic",
        "healthcare": "clinic",
        "name": "Unidade Básica de Saúde Sms Cms Mario Vitor de Assis Pacheco Ap 52",
        "short_name": "UBS Sms Cms Mario Vitor de Assis Pacheco Ap 52",
        "comment": "UBS",
        "qtd_equipes_esf": 2,
        "qtd_equipes_eap": 0,
        "qtd_equipes_total": 4,
        "capacidade_pnab": 7000,
        "nomes_equipes": "EMULTI MORANGA; GRAMADO; CESARIO DE MELO ESB; CESARIO DE MELO"
      },
      "geometry": {
        "type": "Point",
        "coordinates": [
          -43.5840731,
          -22.9105022
        ]
      }
    },
    {
      "type": "Feature",
      "id": 2270560,
      "properties": {
        "operator": "Prefeitura Municipal de Rio de Janeiro",
        "operator:type": "public",
        "ref:CNES": "2270560",
        "source": "cnes;datasus;dados_abertos_saude",
        "official_name": "SMS CMS MASAO GOTO AP 51",
        "addr:street": "Rua Av Carlos Pontes",
        "addr:suburb": "Jardim Sulacap",
        "addr:city": "Rio de Janeiro",
        "addr:state": "RJ",
        "addr:country": "BR",
        "addr:postcode": "21741-340",
        "phone": "+55 21 3613-8284",
        "email": "direcaomasao@gmail.com",
        "amenity": "clinic",
        "healthcare": "clinic",
        "name": "Unidade Básica de Saúde Sms Cms Masao Goto Ap 51",
        "short_name": "UBS Sms Cms Masao Goto Ap 51",
        "comment": "UBS",
        "qtd_equipes_esf": 4,
        "qtd_equipes_eap": 2,
        "qtd_equipes_total": 9,
        "capacidade_pnab": 18000,
        "nomes_equipes": "51 EAP02; 51 EAP01; NOGUEIRA DE SA; CARLOS PONTES; 51 ESB DIF 01; 51 ESB DIF 02; EUZEBIO DE ALMEIDA; JAPORE; CARLOS PONTES ESB"
      },
      "geometry": {
        "type": "Point",
        "coordinates": [
          -43.399572,
          -22.886986
        ]
      }
    },
    {
      "type": "Feature",
      "id": 2269805,
      "properties": {
        "operator": "Prefeitura Municipal de Rio de Janeiro",
        "operator:type": "public",
        "ref:CNES": "2269805",
        "source": "cnes;datasus;dados_abertos_saude",
        "official_name": "SMS CMS MILTON FONTES MAGARAO AP 32",
        "addr:street": "Rua Av Amaro Cavalcanti",
        "addr:housenumber": "1387",
        "addr:suburb": "Engenho de Dentro",
        "addr:city": "Rio de Janeiro",
        "addr:state": "RJ",
        "addr:country": "BR",
        "addr:postcode": "20735-041",
        "phone": "+55 21 3111-6708",
        "email": "miltonfontesmagarao@gmail.com",
        "amenity": "clinic",
        "healthcare": "clinic",
        "name": "Unidade Básica de Saúde Sms Cms Milton Fontes Magarao Ap 32",
        "short_name": "UBS Sms Cms Milton Fontes Magarao Ap 32",
        "comment": "UBS",
        "qtd_equipes_esf": 7,
        "qtd_equipes_eap": 0,
        "qtd_equipes_total": 11,
        "capacidade_pnab": 24500,
        "nomes_equipes": "ITAPEMA; OURO PRETO; OURO PRETO ESB; BORJA REIS; CAMARISTA; ADOLFO BERGAMINI ESB DIF; ADOLFO BERGAMINI; CNAR GRANDE MEIER; SANTOS TITARA ESB DIF; OUTEIRO; SANTOS TITARA"
      },
      "geometry": {
        "type": "Point",
        "coordinates": [
          -43.2912008,
          -22.8964294
        ]
      }
    },
    {
      "type": "Feature",
      "id": 2270307,
      "properties": {
        "operator": "Prefeitura Municipal de Rio de Janeiro",
        "operator:type": "public",
        "ref:CNES": "2270307",
        "source": "cnes;datasus;dados_abertos_saude",
        "official_name": "SMS CMS MOURAO FILHO AP 52",
        "addr:street": "Estrada da Barra de Guaratiba",
        "addr:housenumber": "9748",
        "addr:suburb": "Barra de Guaratiba",
        "addr:city": "Rio de Janeiro",
        "addr:state": "RJ",
        "addr:country": "BR",
        "addr:postcode": "23020-240",
        "phone": "+55 21 2042-9681",
        "email": "gerentebg@gmail.com",
        "amenity": "clinic",
        "healthcare": "clinic",
        "name": "Unidade Básica de Saúde Sms Cms Mourao Filho Ap 52",
        "short_name": "UBS Sms Cms Mourao Filho Ap 52",
        "comment": "UBS",
        "qtd_equipes_esf": 2,
        "qtd_equipes_eap": 0,
        "qtd_equipes_total": 3,
        "capacidade_pnab": 7000,
        "nomes_equipes": "SOL; SOL ESB; MAR"
      },
      "geometry": {
        "type": "Point",
        "coordinates": [
          -43.5685,
          -23.0661
        ]
      }
    },
    {
      "type": "Feature",
      "id": 2296535,
      "properties": {
        "operator": "Prefeitura Municipal de Rio de Janeiro",
        "operator:type": "public",
        "ref:CNES": "2296535",
        "source": "cnes;datasus;dados_abertos_saude",
        "official_name": "SMS CMS NAGIB JORGE FARAH AP 31",
        "addr:street": "Rua Praca Soldado Michel Cheib",
        "addr:suburb": "Jardim America",
        "addr:city": "Rio de Janeiro",
        "addr:state": "RJ",
        "addr:country": "BR",
        "addr:postcode": "21240-780",
        "phone": "+55 21 98591-0005",
        "email": "cmsnagib.cap31@gmail.com",
        "amenity": "clinic",
        "healthcare": "clinic",
        "name": "Unidade Básica de Saúde Sms Cms Nagib Jorge Farah Ap 31",
        "short_name": "UBS Sms Cms Nagib Jorge Farah Ap 31",
        "comment": "UBS",
        "qtd_equipes_esf": 12,
        "qtd_equipes_eap": 1,
        "qtd_equipes_total": 18,
        "capacidade_pnab": 44000,
        "nomes_equipes": "DEBUSSY ESB; SABINO ESB; SABINO; ARINOS; DEBUSSY; 31 EAP 03; FERNANDES DA CUNHA; VALENTIM DE MAGALHAES; ALVARENGA PEIXOTO; FIGUEIREDO ROCHA; FICAP; BARAO STUDART ESB; EMULTI NAGIB JORGE FARAH; VILA ESPERANCA; BARAO STUDART; ATILIO PARIM; ALVARENGA PEIXOTO ESB; RENASCER"
      },
      "geometry": {
        "type": "Point",
        "coordinates": [
          -43.324005,
          -22.807804
        ]
      }
    },
    {
      "type": "Feature",
      "id": 2296586,
      "properties": {
        "operator": "Prefeitura Municipal de Rio de Janeiro",
        "operator:type": "public",
        "ref:CNES": "2296586",
        "source": "cnes;datasus;dados_abertos_saude",
        "official_name": "SMS CMS NASCIMENTO GURGEL AP 33",
        "addr:street": "Rua Mercurio",
        "addr:suburb": "Pavuna",
        "addr:city": "Rio de Janeiro",
        "addr:state": "RJ",
        "addr:country": "BR",
        "addr:postcode": "21532-290",
        "phone": "97530-6311/2474-4749",
        "email": "cmsnascimentogurgelesf@gmail.com",
        "amenity": "clinic",
        "healthcare": "clinic",
        "name": "Unidade Básica de Saúde Sms Cms Nascimento Gurgel Ap 33",
        "short_name": "UBS Sms Cms Nascimento Gurgel Ap 33",
        "comment": "UBS",
        "qtd_equipes_esf": 6,
        "qtd_equipes_eap": 0,
        "qtd_equipes_total": 8,
        "capacidade_pnab": 21000,
        "nomes_equipes": "SARGENTO ANTONIO ERNESTO; PALAS; PALAS ESB; MERCURIO; CAPITAO GOUVEIA; AFONSO TERRA; ALAMEDAS; ALAMEDAS ESB"
      },
      "geometry": {
        "type": "Point",
        "coordinates": [
          -43.35392,
          -22.80515
        ]
      }
    },
    {
      "type": "Feature",
      "id": 2280779,
      "properties": {
        "operator": "Prefeitura Municipal de Rio de Janeiro",
        "operator:type": "public",
        "ref:CNES": "2280779",
        "source": "cnes;datasus;dados_abertos_saude",
        "official_name": "SMS CMS NECKER PINTO AP 31",
        "addr:street": "Estrada Rio Jequia",
        "addr:housenumber": "428",
        "addr:suburb": "Zumbi",
        "addr:city": "Rio de Janeiro",
        "addr:state": "RJ",
        "addr:country": "BR",
        "addr:postcode": "21930-007",
        "phone": "+55 21 98591-0036",
        "email": "cmsnpinto@rio.rj.gov.br",
        "amenity": "clinic",
        "healthcare": "clinic",
        "name": "Unidade Básica de Saúde Sms Cms Necker Pinto Ap 31",
        "short_name": "UBS Sms Cms Necker Pinto Ap 31",
        "comment": "UBS",
        "qtd_equipes_esf": 6,
        "qtd_equipes_eap": 0,
        "qtd_equipes_total": 9,
        "capacidade_pnab": 21000,
        "nomes_equipes": "MILTON CARLOS ESB; MONJOLOS; CANDIDO PORTINARI ESB; RIBEIRA; MILTON CARLOS; 31 ESB DIF 07; IBATUBA; CANDIDO PORTINARI; Z-10"
      },
      "geometry": {
        "type": "Point",
        "coordinates": [
          -43.1775131,
          -22.8208592
        ]
      }
    },
    {
      "type": "Feature",
      "id": 7856954,
      "properties": {
        "operator": "Prefeitura Municipal de Rio de Janeiro",
        "operator:type": "public",
        "ref:CNES": "7856954",
        "source": "cnes;datasus;dados_abertos_saude",
        "official_name": "SMS CMS NEWTON ALVES CARDOZO AP 31",
        "addr:street": "Rua Dr Antonio Monteiro",
        "addr:housenumber": "191",
        "addr:suburb": "Jardim Carioca",
        "addr:city": "Rio de Janeiro",
        "addr:state": "RJ",
        "addr:country": "BR",
        "addr:postcode": "21921-610",
        "phone": "+55 21 98591-0021",
        "email": "cap31.rh.riosaude@gmail.com",
        "amenity": "clinic",
        "healthcare": "clinic",
        "name": "Unidade Básica de Saúde Sms Cms Newton Alves Cardozo Ap 31",
        "short_name": "UBS Sms Cms Newton Alves Cardozo Ap 31",
        "comment": "UBS",
        "qtd_equipes_esf": 11,
        "qtd_equipes_eap": 3,
        "qtd_equipes_total": 19,
        "capacidade_pnab": 44500,
        "nomes_equipes": "31 EAP 05; 31 EAP 04; GUARABU; CANINARE; COROADO; COMBU; CANINARE ESB; COMBU ESB; CASINHAS; SERRA MORENA; 31 EAP 12; 31 ESB DIF 08; COROADO ESB; EMULTI NEWTON ALVES CARDOZO; PORTUGUESA; VILAGE; JARDIM CARIOCA; JARDIM GUANABARA; QUEBRA COCO"
      },
      "geometry": {
        "type": "Point",
        "coordinates": [
          -43.18928,
          -22.80913
        ]
      }
    },
    {
      "type": "Feature",
      "id": 6927254,
      "properties": {
        "operator": "Prefeitura Municipal de Rio de Janeiro",
        "operator:type": "public",
        "ref:CNES": "6927254",
        "source": "cnes;datasus;dados_abertos_saude",
        "official_name": "SMS CMS NEWTON BETHLEM AP 40",
        "addr:street": "Rua Barao",
        "addr:housenumber": "260",
        "addr:suburb": "Praca Seca",
        "addr:city": "Rio de Janeiro",
        "addr:state": "RJ",
        "addr:country": "BR",
        "addr:postcode": "21321-620",
        "phone": "+55 46 3833-8552",
        "email": "ger.nb.cap40@gmail.com",
        "amenity": "clinic",
        "healthcare": "clinic",
        "name": "Unidade Básica de Saúde Sms Cms Newton Bethlem Ap 40",
        "short_name": "UBS Sms Cms Newton Bethlem Ap 40",
        "comment": "UBS",
        "qtd_equipes_esf": 7,
        "qtd_equipes_eap": 0,
        "qtd_equipes_total": 11,
        "capacidade_pnab": 24500,
        "nomes_equipes": "SAFIRA ESB; EMULTI - PRACA SECA; GUILHERME VELOSO; VALE DA MATA; JADE ESB; SAFIRA; TURMALINA; JADE; CITRINO ESB; CITRINO; DIAMANTE"
      },
      "geometry": {
        "type": "Point",
        "coordinates": [
          -43.3588734,
          -22.8937443
        ]
      }
    },
    {
      "type": "Feature",
      "id": 2280280,
      "properties": {
        "operator": "Prefeitura Municipal de Rio de Janeiro",
        "operator:type": "public",
        "ref:CNES": "2280280",
        "source": "cnes;datasus;dados_abertos_saude",
        "official_name": "SMS CMS NICOLA ALBANO AP 22",
        "addr:street": "Rua Boa Vista",
        "addr:housenumber": "190",
        "addr:suburb": "Alto da Boa Vista",
        "addr:city": "Rio de Janeiro",
        "addr:state": "RJ",
        "addr:country": "BR",
        "addr:postcode": "20531-610",
        "phone": "+55 21 2042-9842",
        "email": "gerencia.altodaboavista@gmail.com",
        "amenity": "clinic",
        "healthcare": "clinic",
        "name": "Unidade Básica de Saúde Sms Cms Nicola Albano Ap 22",
        "short_name": "UBS Sms Cms Nicola Albano Ap 22",
        "comment": "UBS",
        "qtd_equipes_esf": 3,
        "qtd_equipes_eap": 0,
        "qtd_equipes_total": 5,
        "capacidade_pnab": 10500,
        "nomes_equipes": "FLORESTA DA TIJUCA; BOA VISTA ESB; BOA VISTA; CACHOEIRA; EMULTI NICOLA ALBANO"
      },
      "geometry": {
        "type": "Point",
        "coordinates": [
          -43.2777173,
          -22.9660147
        ]
      }
    },
    {
      "type": "Feature",
      "id": 2280787,
      "properties": {
        "operator": "Prefeitura Municipal de Rio de Janeiro",
        "operator:type": "public",
        "ref:CNES": "2280787",
        "source": "cnes;datasus;dados_abertos_saude",
        "official_name": "SMS CMS NILZA ROSA AP 22",
        "addr:street": "Rua Castelnuovo",
        "addr:housenumber": "150",
        "addr:suburb": "Tijuca",
        "addr:city": "Rio de Janeiro",
        "addr:state": "RJ",
        "addr:country": "BR",
        "addr:postcode": "20530-120",
        "phone": "+55 21 2042-9843",
        "email": "gerencia.nilzarosa2@gmail.com",
        "amenity": "clinic",
        "healthcare": "clinic",
        "name": "Unidade Básica de Saúde Sms Cms Nilza Rosa Ap 22",
        "short_name": "UBS Sms Cms Nilza Rosa Ap 22",
        "comment": "UBS",
        "qtd_equipes_esf": 2,
        "qtd_equipes_eap": 0,
        "qtd_equipes_total": 4,
        "capacidade_pnab": 7000,
        "nomes_equipes": "RAIA; CASCATA; RAIA ESB; EMULTI NILZA ROSA"
      },
      "geometry": {
        "type": "Point",
        "coordinates": [
          -43.2431829,
          -22.942252
        ]
      }
    },
    {
      "type": "Feature",
      "id": 5465877,
      "properties": {
        "operator": "Prefeitura Municipal de Rio de Janeiro",
        "operator:type": "public",
        "ref:CNES": "5465877",
        "source": "cnes;datasus;dados_abertos_saude",
        "official_name": "SMS CMS NOVO PALMARES AP 40",
        "addr:street": "Rua Jacaranda",
        "addr:housenumber": "16",
        "addr:suburb": "Vargem Pequena",
        "addr:city": "Rio de Janeiro",
        "addr:state": "RJ",
        "addr:country": "BR",
        "addr:postcode": "22783-405",
        "phone": "+55 46 2042-3617",
        "email": "ger.novopalmares@gmail.com",
        "amenity": "clinic",
        "healthcare": "clinic",
        "name": "Unidade Básica de Saúde Sms Cms Novo Palmares Ap 40",
        "short_name": "UBS Sms Cms Novo Palmares Ap 40",
        "comment": "UBS",
        "qtd_equipes_esf": 2,
        "qtd_equipes_eap": 0,
        "qtd_equipes_total": 3,
        "capacidade_pnab": 7000,
        "nomes_equipes": "PALMARES; MONT SERRAT ESB; MONT SERRAT"
      },
      "geometry": {
        "type": "Point",
        "coordinates": [
          -43.4611367,
          -22.9895422
        ]
      }
    },
    {
      "type": "Feature",
      "id": 2277328,
      "properties": {
        "operator": "Prefeitura Municipal de Rio de Janeiro",
        "operator:type": "public",
        "ref:CNES": "2277328",
        "source": "cnes;datasus;dados_abertos_saude",
        "official_name": "SMS CMS OSWALDO CRUZ AP 10",
        "addr:street": "Rua Av Henrique Valadares",
        "addr:housenumber": "151",
        "addr:city": "Rio de Janeiro",
        "addr:state": "RJ",
        "addr:country": "BR",
        "addr:postcode": "20231-031",
        "phone": "+55 21 2151-1751",
        "email": "cmsoswaldocruz.cap10@gmail.com",
        "amenity": "clinic",
        "healthcare": "clinic",
        "name": "Unidade Básica de Saúde Sms Cms Oswaldo Cruz Ap 10",
        "short_name": "UBS Sms Cms Oswaldo Cruz Ap 10",
        "comment": "UBS",
        "qtd_equipes_esf": 7,
        "qtd_equipes_eap": 1,
        "qtd_equipes_total": 10,
        "capacidade_pnab": 26500,
        "nomes_equipes": "BAIRRO DE FATIMA; CARIOCA; RIACHUELO; ESB VALADARES; VALADARES; ANDRE CAVALCANTI; CRUZ VERMELHA; SANTOS DUMONT; ESB CRUZ VERMELHA; MEM DE SA"
      },
      "geometry": {
        "type": "Point",
        "coordinates": [
          -43.19034,
          -22.91251
        ]
      }
    },
    {
      "type": "Feature",
      "id": 2270455,
      "properties": {
        "operator": "Prefeitura Municipal de Rio de Janeiro",
        "operator:type": "public",
        "ref:CNES": "2270455",
        "source": "cnes;datasus;dados_abertos_saude",
        "official_name": "SMS CMS PADRE MIGUEL AP 51",
        "addr:street": "Rua Santo Evaldo",
        "addr:suburb": "Padre Miguel",
        "addr:city": "Rio de Janeiro",
        "addr:state": "RJ",
        "addr:country": "BR",
        "addr:postcode": "21875-220",
        "phone": "+55 21 3613-8275",
        "email": "cmspadremigueldocs@gmail.com",
        "amenity": "clinic",
        "healthcare": "clinic",
        "name": "Unidade Básica de Saúde Sms Cms Padre Miguel Ap 51",
        "short_name": "UBS Sms Cms Padre Miguel Ap 51",
        "comment": "UBS",
        "qtd_equipes_esf": 5,
        "qtd_equipes_eap": 0,
        "qtd_equipes_total": 6,
        "capacidade_pnab": 17500,
        "nomes_equipes": "JACQUES OURIQUES; MESTRE ANDRE; JUVENTUDE; GENERAL; JUVENTUDE ESB; MOCIDADE"
      },
      "geometry": {
        "type": "Point",
        "coordinates": [
          -43.448694,
          -22.872939
        ]
      }
    },
    {
      "type": "Feature",
      "id": 5467136,
      "properties": {
        "operator": "Prefeitura Municipal de Rio de Janeiro",
        "operator:type": "public",
        "ref:CNES": "5467136",
        "source": "cnes;datasus;dados_abertos_saude",
        "official_name": "SMS CMS PARQUE ROYAL AP 31",
        "addr:street": "Rua Jornalista Alaide Pires",
        "addr:housenumber": "25",
        "addr:suburb": "Portuguesa Ilha do",
        "addr:city": "Rio de Janeiro",
        "addr:state": "RJ",
        "addr:country": "BR",
        "addr:postcode": "21931-615",
        "phone": "+55 21 98591-0026",
        "email": "fernandapadrao@vivario.org.br",
        "amenity": "clinic",
        "healthcare": "clinic",
        "name": "Unidade Básica de Saúde Sms Cms Parque Royal Ap 31",
        "short_name": "UBS Sms Cms Parque Royal Ap 31",
        "comment": "UBS",
        "qtd_equipes_esf": 3,
        "qtd_equipes_eap": 0,
        "qtd_equipes_total": 4,
        "capacidade_pnab": 10500,
        "nomes_equipes": "BOA ESPERANCA; BEIJA-FLOR/TUBIACANGA; BOA ESPERANCA ESB; EMANUEL"
      },
      "geometry": {
        "type": "Point",
        "coordinates": [
          -43.2097175,
          -22.7948159
        ]
      }
    },
    {
      "type": "Feature",
      "id": 2270641,
      "properties": {
        "operator": "Prefeitura Municipal de Rio de Janeiro",
        "operator:type": "public",
        "ref:CNES": "2270641",
        "source": "cnes;datasus;dados_abertos_saude",
        "official_name": "SMS CMS PEDRO NAVA AP 52",
        "addr:street": "Rua do Pernambucano",
        "addr:suburb": "Campo Grande",
        "addr:city": "Rio de Janeiro",
        "addr:state": "RJ",
        "addr:country": "BR",
        "addr:postcode": "23095-090",
        "phone": "+55 21 3364-0371",
        "email": "glines.lucie@gmail.com",
        "amenity": "clinic",
        "healthcare": "clinic",
        "name": "Unidade Básica de Saúde Sms Cms Pedro Nava Ap 52",
        "short_name": "UBS Sms Cms Pedro Nava Ap 52",
        "comment": "UBS",
        "qtd_equipes_esf": 3,
        "qtd_equipes_eap": 0,
        "qtd_equipes_total": 4,
        "capacidade_pnab": 10500,
        "nomes_equipes": "ACREANO; BRASIL ESB; BRASIL; NORDESTE"
      },
      "geometry": {
        "type": "Point",
        "coordinates": [
          -43.5413328,
          -22.8544737
        ]
      }
    },
    {
      "type": "Feature",
      "id": 2288370,
      "properties": {
        "operator": "Prefeitura Municipal de Rio de Janeiro",
        "operator:type": "public",
        "ref:CNES": "2288370",
        "source": "cnes;datasus;dados_abertos_saude",
        "official_name": "SMS CMS PINDARO DE CARVALHO RODRIGUES AP 21",
        "addr:street": "Rua Av Padre Leonel Franca",
        "addr:suburb": "Gavea",
        "addr:city": "Rio de Janeiro",
        "addr:state": "RJ",
        "addr:country": "BR",
        "addr:postcode": "22451-000",
        "phone": "+55 21 3613-8353",
        "email": "admpindaro@gmail.com",
        "amenity": "clinic",
        "healthcare": "clinic",
        "name": "Unidade Básica de Saúde Sms Cms Pindaro de Carvalho Rodrigues Ap 21",
        "short_name": "UBS Sms Cms Pindaro de Carvalho Rodrigues Ap 21",
        "comment": "UBS",
        "qtd_equipes_esf": 5,
        "qtd_equipes_eap": 0,
        "qtd_equipes_total": 7,
        "capacidade_pnab": 17500,
        "nomes_equipes": "PARQUE DA CIDADE; TROMBETA ESB; VINICIUS DE MORAES; DOIS IRMAOS; TROMBETA; HORTO; EMULTI PINDARO DE CARVALHO ROD"
      },
      "geometry": {
        "type": "Point",
        "coordinates": [
          -43.2295446,
          -22.9797121
        ]
      }
    },
    {
      "type": "Feature",
      "id": 5315050,
      "properties": {
        "operator": "Prefeitura Municipal de Rio de Janeiro",
        "operator:type": "public",
        "ref:CNES": "5315050",
        "source": "cnes;datasus;dados_abertos_saude",
        "official_name": "SMS CMS PORTUS E QUITANDA AP 33",
        "addr:street": "Rua Jorge Nogueira",
        "addr:suburb": "Pavuna",
        "addr:city": "Rio de Janeiro",
        "addr:state": "RJ",
        "addr:country": "BR",
        "addr:postcode": "21520-790",
        "phone": "97501-2465/3835-3907",
        "email": "cmsportuscap33@gmail.com",
        "amenity": "clinic",
        "healthcare": "clinic",
        "name": "Unidade Básica de Saúde Sms Cms Portus e Quitanda Ap 33",
        "short_name": "UBS Sms Cms Portus e Quitanda Ap 33",
        "comment": "UBS",
        "qtd_equipes_esf": 3,
        "qtd_equipes_eap": 0,
        "qtd_equipes_total": 3,
        "capacidade_pnab": 10500,
        "nomes_equipes": "TOM JOBIM; PORTUS; QUITANDA"
      },
      "geometry": {
        "type": "Point",
        "coordinates": [
          -43.36651,
          -22.8173
        ]
      }
    },
    {
      "type": "Feature",
      "id": 3567508,
      "properties": {
        "operator": "Prefeitura Municipal de Rio de Janeiro",
        "operator:type": "public",
        "ref:CNES": "3567508",
        "source": "cnes;datasus;dados_abertos_saude",
        "official_name": "SMS CMS RAPHAEL DE PAULA SOUZA AP 40",
        "addr:street": "Estrada de Curicica",
        "addr:housenumber": "2000",
        "addr:suburb": "Jacarepagua",
        "addr:city": "Rio de Janeiro",
        "addr:state": "RJ",
        "addr:country": "BR",
        "addr:postcode": "22780-194",
        "phone": "+55 46 2042-3693",
        "email": "ger.cmsrps.cap40@gmail.com",
        "amenity": "clinic",
        "healthcare": "clinic",
        "name": "Unidade Básica de Saúde Sms Cms Raphael de Paula Souza Ap 40",
        "short_name": "UBS Sms Cms Raphael de Paula Souza Ap 40",
        "comment": "UBS",
        "qtd_equipes_esf": 9,
        "qtd_equipes_eap": 0,
        "qtd_equipes_total": 13,
        "capacidade_pnab": 31500,
        "nomes_equipes": "ESPERANCA; VILA AURORA; PARAISO DO NORTE; EMULTI - CURICICA; UNIAO ESB; VALE DAS ORQUIDEAS ESB; BANDOLIM; VILAGE; UNIAO; VALE DAS ORQUIDEAS; VILA SANTA CLARA; CNAR CELSO VIEIRA DO PRADO; DOIS IRMAOS"
      },
      "geometry": {
        "type": "Point",
        "coordinates": [
          -43.3922857,
          -22.9540972
        ]
      }
    },
    {
      "type": "Feature",
      "id": 2270293,
      "properties": {
        "operator": "Prefeitura Municipal de Rio de Janeiro",
        "operator:type": "public",
        "ref:CNES": "2270293",
        "source": "cnes;datasus;dados_abertos_saude",
        "official_name": "SMS CMS RAUL BARROSO AP 52",
        "addr:street": "Rua Av Roberto Burle Max",
        "addr:suburb": "Guaratiba",
        "addr:city": "Rio de Janeiro",
        "addr:state": "RJ",
        "addr:country": "BR",
        "addr:postcode": "23020-240",
        "phone": "+55 21 4042-1985",
        "email": "ger.ilhadeguaratiba@gmail.com",
        "amenity": "clinic",
        "healthcare": "clinic",
        "name": "Unidade Básica de Saúde Sms Cms Raul Barroso Ap 52",
        "short_name": "UBS Sms Cms Raul Barroso Ap 52",
        "comment": "UBS",
        "qtd_equipes_esf": 4,
        "qtd_equipes_eap": 0,
        "qtd_equipes_total": 7,
        "capacidade_pnab": 14000,
        "nomes_equipes": "EMULTI MATRIZ; ESTRELA DA TARDE; TACHAS ESB; GUIMARAES; GASPAR DE LEMOS; GUIMARAES ESB; TACHAS"
      },
      "geometry": {
        "type": "Point",
        "coordinates": [
          -43.54063,
          -23.0056
        ]
      }
    },
    {
      "type": "Feature",
      "id": 2280736,
      "properties": {
        "operator": "Prefeitura Municipal de Rio de Janeiro",
        "operator:type": "public",
        "ref:CNES": "2280736",
        "source": "cnes;datasus;dados_abertos_saude",
        "official_name": "SMS CMS RENATO ROCCO AP 32",
        "addr:street": "Rua Aires de Casal",
        "addr:suburb": "Jacarezinho",
        "addr:city": "Rio de Janeiro",
        "addr:state": "RJ",
        "addr:country": "BR",
        "addr:postcode": "20785-090",
        "phone": "+55 21 2042-4301",
        "email": "cmsrenatorocco@gmail.com",
        "amenity": "clinic",
        "healthcare": "clinic",
        "name": "Unidade Básica de Saúde Sms Cms Renato Rocco Ap 32",
        "short_name": "UBS Sms Cms Renato Rocco Ap 32",
        "comment": "UBS",
        "qtd_equipes_esf": 5,
        "qtd_equipes_eap": 1,
        "qtd_equipes_total": 10,
        "capacidade_pnab": 19500,
        "nomes_equipes": "CACHAMBI; ALVARES DE AZEVEDO; JACARE; RENATO ROCCO 05 ESB DIF; EMULTI RENATO ROCCO; JACARE ESB; AIRES CASAL ESB; 32 EAP 05; AIRES CASAL; ESPERANCA"
      },
      "geometry": {
        "type": "Point",
        "coordinates": [
          -43.262982,
          -22.8922
        ]
      }
    },
    {
      "type": "Feature",
      "id": 6926797,
      "properties": {
        "operator": "Prefeitura Municipal de Rio de Janeiro",
        "operator:type": "public",
        "ref:CNES": "6926797",
        "source": "cnes;datasus;dados_abertos_saude",
        "official_name": "SMS CMS RODOLPHO ROCCO AP 32",
        "addr:street": "Estrada Adhemar Bebiano",
        "addr:housenumber": "339",
        "addr:suburb": "Inhauma",
        "addr:city": "Rio de Janeiro",
        "addr:state": "RJ",
        "addr:country": "BR",
        "addr:postcode": "21051-070",
        "phone": "+55 21 3798-9243",
        "email": "cmsrodolphorocco@ideiasrj.org.br",
        "amenity": "clinic",
        "healthcare": "clinic",
        "name": "Unidade Básica de Saúde Sms Cms Rodolpho Rocco Ap 32",
        "short_name": "UBS Sms Cms Rodolpho Rocco Ap 32",
        "comment": "UBS",
        "qtd_equipes_esf": 6,
        "qtd_equipes_eap": 0,
        "qtd_equipes_total": 10,
        "capacidade_pnab": 21000,
        "nomes_equipes": "AMARO HAMATI; TURIMA; SANTA LUZIA; SANTA LUZIA ESB; TIMBO; AMARO HAMATI ESB; EMULTI RODOLPHO ROCCO; PERIANTA; TIMBO ESB; LAGO VERDE"
      },
      "geometry": {
        "type": "Point",
        "coordinates": [
          -43.2752249,
          -22.8724351
        ]
      }
    },
    {
      "type": "Feature",
      "id": 2269953,
      "properties": {
        "operator": "Prefeitura Municipal de Rio de Janeiro",
        "operator:type": "public",
        "ref:CNES": "2269953",
        "source": "cnes;datasus;dados_abertos_saude",
        "official_name": "SMS CMS SALLES NETTO AP 10",
        "addr:street": "Rua Praca Condessa Paulo de Frontin",
        "addr:housenumber": "52",
        "addr:suburb": "Rio Comprido",
        "addr:city": "Rio de Janeiro",
        "addr:state": "RJ",
        "addr:country": "BR",
        "addr:postcode": "20261-190",
        "phone": "+55 21 2273-9249",
        "email": "cmssallesnetto.cap10@gmail.com",
        "amenity": "clinic",
        "healthcare": "clinic",
        "name": "Unidade Básica de Saúde Sms Cms Salles Netto Ap 10",
        "short_name": "UBS Sms Cms Salles Netto Ap 10",
        "comment": "UBS",
        "qtd_equipes_esf": 7,
        "qtd_equipes_eap": 0,
        "qtd_equipes_total": 10,
        "capacidade_pnab": 24500,
        "nomes_equipes": "CAMPOS DA PAZ; ESB CATURAMA; EMULTI PAULO DE FRONTIN; FORTUNA; ESCONDIDINHO; REBOUCAS; BARAO DE PETROPOLIS; ESTRELA; ESB ALEXANDRINA; CATURAMA"
      },
      "geometry": {
        "type": "Point",
        "coordinates": [
          -43.20895,
          -22.92497
        ]
      }
    },
    {
      "type": "Feature",
      "id": 5465885,
      "properties": {
        "operator": "Prefeitura Municipal de Rio de Janeiro",
        "operator:type": "public",
        "ref:CNES": "5465885",
        "source": "cnes;datasus;dados_abertos_saude",
        "official_name": "SMS CMS SANTA MARIA AP 40",
        "addr:street": "Estrada do Rio Pequeno",
        "addr:suburb": "Jacarepagua",
        "addr:city": "Rio de Janeiro",
        "addr:state": "RJ",
        "addr:country": "BR",
        "addr:postcode": "22723-195",
        "phone": "+55 46 2042-3621",
        "email": "ger.santamaria.cap40@gmail.com",
        "amenity": "clinic",
        "healthcare": "clinic",
        "name": "Unidade Básica de Saúde Sms Cms Santa Maria Ap 40",
        "short_name": "UBS Sms Cms Santa Maria Ap 40",
        "comment": "UBS",
        "qtd_equipes_esf": 3,
        "qtd_equipes_eap": 0,
        "qtd_equipes_total": 4,
        "capacidade_pnab": 10500,
        "nomes_equipes": "TEIXEIRAS; RIO PEQUENO ESB; LADEIRA SANTA MARIA; RIO PEQUENO"
      },
      "geometry": {
        "type": "Point",
        "coordinates": [
          -43.4209125,
          -22.9158391
        ]
      }
    },
    {
      "type": "Feature",
      "id": 6664164,
      "properties": {
        "operator": "Prefeitura Municipal de Rio de Janeiro",
        "operator:type": "public",
        "ref:CNES": "6664164",
        "source": "cnes;datasus;dados_abertos_saude",
        "official_name": "SMS CMS SAO GODOFREDO AP 31",
        "addr:street": "Rua São Godofredo",
        "addr:housenumber": "45",
        "addr:suburb": "Penha",
        "addr:city": "Rio de Janeiro",
        "addr:state": "RJ",
        "addr:country": "BR",
        "addr:postcode": "21021-230",
        "phone": "+55 21 98591-0048",
        "email": "cmssaogodofredo@gmail.com",
        "amenity": "clinic",
        "healthcare": "clinic",
        "name": "Unidade Básica de Saúde Sms Cms São Godofredo Ap 31",
        "short_name": "UBS Sms Cms São Godofredo Ap 31",
        "comment": "UBS",
        "qtd_equipes_esf": 4,
        "qtd_equipes_eap": 0,
        "qtd_equipes_total": 4,
        "capacidade_pnab": 14000,
        "nomes_equipes": "BARIRI; PIRANGI; IBIAPINA; IAPC"
      },
      "geometry": {
        "type": "Point",
        "coordinates": [
          -43.2777778,
          -22.8369444
        ]
      }
    },
    {
      "type": "Feature",
      "id": 2806320,
      "properties": {
        "operator": "Prefeitura Municipal de Rio de Janeiro",
        "operator:type": "public",
        "ref:CNES": "2806320",
        "source": "cnes;datasus;dados_abertos_saude",
        "official_name": "SMS CMS SAVIO ANTUNES ANTARES AP 53",
        "addr:street": "Avenida Herminia Aurelio Sampaio",
        "addr:housenumber": "105",
        "addr:suburb": "Paciencia",
        "addr:city": "Rio de Janeiro",
        "addr:state": "RJ",
        "addr:country": "BR",
        "addr:postcode": "23590-012",
        "phone": "+55 21 3317-3185",
        "email": "cmssa.cap53@gmail.com",
        "amenity": "clinic",
        "healthcare": "clinic",
        "name": "Unidade Básica de Saúde Sms Cms Savio Antunes Antares Ap 53",
        "short_name": "UBS Sms Cms Savio Antunes Antares Ap 53",
        "comment": "UBS",
        "qtd_equipes_esf": 3,
        "qtd_equipes_eap": 0,
        "qtd_equipes_total": 5,
        "capacidade_pnab": 10500,
        "nomes_equipes": "CAMPO DOS BANDEIRANTES; PONTE AMARELA; CNAR ANTARES; SEMPRE VIDA; CAMPO DOS BANDEIRANTES ESB"
      },
      "geometry": {
        "type": "Point",
        "coordinates": [
          -43.6391,
          -22.91985
        ]
      }
    },
    {
      "type": "Feature",
      "id": 2270552,
      "properties": {
        "operator": "Prefeitura Municipal de Rio de Janeiro",
        "operator:type": "public",
        "ref:CNES": "2270552",
        "source": "cnes;datasus;dados_abertos_saude",
        "official_name": "SMS CMS SILVIO BARBOSA AP 51",
        "addr:street": "Rua Rodrigues de Freitas",
        "addr:suburb": "Senador Camara",
        "addr:city": "Rio de Janeiro",
        "addr:state": "RJ",
        "addr:country": "BR",
        "addr:postcode": "21833-260",
        "phone": "+55 21 3613-8276",
        "email": "psfsilviobarboza8@gmail.com",
        "amenity": "clinic",
        "healthcare": "clinic",
        "name": "Unidade Básica de Saúde Sms Cms Silvio Barbosa Ap 51",
        "short_name": "UBS Sms Cms Silvio Barbosa Ap 51",
        "comment": "UBS",
        "qtd_equipes_esf": 7,
        "qtd_equipes_eap": 0,
        "qtd_equipes_total": 10,
        "capacidade_pnab": 24500,
        "nomes_equipes": "REBU ESB; ASSIS; CENIRA CAMPOS; SELVA DE PEDRA; REBU; EMULTI SILVIO/EITHEL; JACARE ESB; JACARE; CAVALO DE ACO; CARINHOSO"
      },
      "geometry": {
        "type": "Point",
        "coordinates": [
          -43.497281,
          -22.877667
        ]
      }
    },
    {
      "type": "Feature",
      "id": 2269627,
      "properties": {
        "operator": "Prefeitura Municipal de Rio de Janeiro",
        "operator:type": "public",
        "ref:CNES": "2269627",
        "source": "cnes;datasus;dados_abertos_saude",
        "official_name": "SMS CMS SYLVIO FREDERICO BRAUNER AP 33",
        "addr:street": "Rua Darwin Brandao",
        "addr:suburb": "Costa Barros",
        "addr:city": "Rio de Janeiro",
        "addr:state": "RJ",
        "addr:country": "BR",
        "addr:postcode": "21515-210",
        "phone": "97519-2726/3835-8689",
        "email": "cmssylviofbrauner@gmail.com",
        "amenity": "clinic",
        "healthcare": "clinic",
        "name": "Unidade Básica de Saúde Sms Cms Sylvio Frederico Brauner Ap 33",
        "short_name": "UBS Sms Cms Sylvio Frederico Brauner Ap 33",
        "comment": "UBS",
        "qtd_equipes_esf": 9,
        "qtd_equipes_eap": 0,
        "qtd_equipes_total": 13,
        "capacidade_pnab": 31500,
        "nomes_equipes": "EMULTI SYLVIO BRAUNER; LARGO DO SENHOR; UNEIRA; LAGARTO ESB; PARQUE NOVA CIDADE ESB; ISRAEL ESB; MARIA DE LOURDES; PARQUE NOVA CIDADE; LAGARTO; PEDRA; ISRAEL; LUTHER KING; MONTE SINAI"
      },
      "geometry": {
        "type": "Point",
        "coordinates": [
          -43.36076,
          -22.82464
        ]
      }
    },
    {
      "type": "Feature",
      "id": 5598435,
      "properties": {
        "operator": "Prefeitura Municipal de Rio de Janeiro",
        "operator:type": "public",
        "ref:CNES": "5598435",
        "source": "cnes;datasus;dados_abertos_saude",
        "official_name": "SMS CMS TIA ALICE AP 32",
        "addr:street": "Rua R Santos Mello",
        "addr:housenumber": "73",
        "addr:suburb": "São Francisco Xavier",
        "addr:city": "Rio de Janeiro",
        "addr:state": "RJ",
        "addr:country": "BR",
        "addr:postcode": "20960-030",
        "phone": "+55 21 3546-6227",
        "email": "psfm.rj@gmail.com",
        "amenity": "clinic",
        "healthcare": "clinic",
        "name": "Unidade Básica de Saúde Sms Cms Tia Alice Ap 32",
        "short_name": "UBS Sms Cms Tia Alice Ap 32",
        "comment": "UBS",
        "qtd_equipes_esf": 3,
        "qtd_equipes_eap": 0,
        "qtd_equipes_total": 4,
        "capacidade_pnab": 10500,
        "nomes_equipes": "24 DE MAIO; SAO FRANCISCO XAVIER; VILA OLIMPICA; SAO FRANCISCO XAVIER ESB"
      },
      "geometry": {
        "type": "Point",
        "coordinates": [
          -43.2426096,
          -22.900404
        ]
      }
    },
    {
      "type": "Feature",
      "id": 3796310,
      "properties": {
        "operator": "Prefeitura Municipal de Rio de Janeiro",
        "operator:type": "public",
        "ref:CNES": "3796310",
        "source": "cnes;datasus;dados_abertos_saude",
        "official_name": "SMS CMS VILA CANOAS AP 21",
        "addr:street": "Estrada das Canoas",
        "addr:housenumber": "610",
        "addr:suburb": "São Conrado",
        "addr:city": "Rio de Janeiro",
        "addr:state": "RJ",
        "addr:country": "BR",
        "addr:postcode": "22610-210",
        "phone": "+55 21 3613-8278",
        "email": "sfcanoas@gmail.com",
        "amenity": "clinic",
        "healthcare": "clinic",
        "name": "Unidade Básica de Saúde Sms Cms Vila Canoas Ap 21",
        "short_name": "UBS Sms Cms Vila Canoas Ap 21",
        "comment": "UBS",
        "qtd_equipes_esf": 1,
        "qtd_equipes_eap": 0,
        "qtd_equipes_total": 1,
        "capacidade_pnab": 3500,
        "nomes_equipes": "VILA CANOAS"
      },
      "geometry": {
        "type": "Point",
        "coordinates": [
          -43.2698065,
          -22.9953639
        ]
      }
    },
    {
      "type": "Feature",
      "id": 5670357,
      "properties": {
        "operator": "Prefeitura Municipal de Rio de Janeiro",
        "operator:type": "public",
        "ref:CNES": "5670357",
        "source": "cnes;datasus;dados_abertos_saude",
        "official_name": "SMS CMS VILA DO CEU AP 52",
        "addr:street": "Rua Guaruja",
        "addr:housenumber": "69",
        "addr:suburb": "Cosmos",
        "addr:city": "Rio de Janeiro",
        "addr:state": "RJ",
        "addr:country": "BR",
        "addr:postcode": "23060-660",
        "phone": "+55 21 4042-1940",
        "email": "cmsviladoceu@gmail.com",
        "amenity": "clinic",
        "healthcare": "clinic",
        "name": "Unidade Básica de Saúde Sms Cms Vila do Ceu Ap 52",
        "short_name": "UBS Sms Cms Vila do Ceu Ap 52",
        "comment": "UBS",
        "qtd_equipes_esf": 6,
        "qtd_equipes_eap": 0,
        "qtd_equipes_total": 8,
        "capacidade_pnab": 21000,
        "nomes_equipes": "VILAGE DAS MANGUEIRAS; ARARANGUA; NOVA CONQUISTA; SOFIA MOREIRA; ROSITA; ARARANGUA ESB; SOFIA MOREIRA ESB; VALE VERDE"
      },
      "geometry": {
        "type": "Point",
        "coordinates": [
          -43.208005,
          -22.90296
        ]
      }
    },
    {
      "type": "Feature",
      "id": 5476844,
      "properties": {
        "operator": "Prefeitura Municipal de Rio de Janeiro",
        "operator:type": "public",
        "ref:CNES": "5476844",
        "source": "cnes;datasus;dados_abertos_saude",
        "official_name": "SMS CMS VILA DO JOAO AP 31",
        "addr:street": "Rua 17",
        "addr:suburb": "Mare",
        "addr:city": "Rio de Janeiro",
        "addr:state": "RJ",
        "addr:country": "BR",
        "addr:postcode": "21043-020",
        "phone": "+55 21 98591-0075",
        "email": "adm.cmsvj@gmail.com",
        "amenity": "clinic",
        "healthcare": "clinic",
        "name": "Unidade Básica de Saúde Sms Cms Vila do João Ap 31",
        "short_name": "UBS Sms Cms Vila do João Ap 31",
        "comment": "UBS",
        "qtd_equipes_esf": 6,
        "qtd_equipes_eap": 0,
        "qtd_equipes_total": 9,
        "capacidade_pnab": 21000,
        "nomes_equipes": "JOSUE DE CASTRO; PATA CHOCA; CONJUNTO ESPERANCA; CONJUNTO ESPERANCA ESB; TIO MARIO; NOVA ERA; NOVA ERA ESB; SOLIDARIA; EMULTI VILA DO JOAO"
      },
      "geometry": {
        "type": "Point",
        "coordinates": [
          -43.23981,
          -22.87356
        ]
      }
    },
    {
      "type": "Feature",
      "id": 2270420,
      "properties": {
        "operator": "Prefeitura Municipal de Rio de Janeiro",
        "operator:type": "public",
        "ref:CNES": "2270420",
        "source": "cnes;datasus;dados_abertos_saude",
        "official_name": "SMS CMS WALDYR FRANCO AP 51",
        "addr:street": "Rua Praca Cecilia Pedro",
        "addr:housenumber": "60",
        "addr:suburb": "Bangu",
        "addr:city": "Rio de Janeiro",
        "addr:state": "RJ",
        "addr:country": "BR",
        "addr:postcode": "21840-600",
        "phone": "+55 21 3613-8310",
        "email": "cmswaldyrfrancorj@gmail.com",
        "amenity": "clinic",
        "healthcare": "clinic",
        "name": "Unidade Básica de Saúde Sms Cms Waldyr Franco Ap 51",
        "short_name": "UBS Sms Cms Waldyr Franco Ap 51",
        "comment": "UBS",
        "qtd_equipes_esf": 7,
        "qtd_equipes_eap": 0,
        "qtd_equipes_total": 11,
        "capacidade_pnab": 24500,
        "nomes_equipes": "EQUIPE ESB DIF 01; MINISTRO ARY FRANCO; AUGUSTO FIGUEIREDO; FABRICA; SULAMERICA; SAINA ESB; SAINA; MINUANO; EQUIPE ESB DIF 02; FRANCISCO REAL; AUGUSTO FIGUEIREDO ESB"
      },
      "geometry": {
        "type": "Point",
        "coordinates": [
          -43.465394,
          -22.88863
        ]
      }
    },
    {
      "type": "Feature",
      "id": 2270285,
      "properties": {
        "operator": "Prefeitura Municipal de Rio de Janeiro",
        "operator:type": "public",
        "ref:CNES": "2270285",
        "source": "cnes;datasus;dados_abertos_saude",
        "official_name": "SMS CMS WOODROW PIMENTEL PANTOJA AP 52",
        "addr:street": "Estrada do Magarca",
        "addr:housenumber": "4435",
        "addr:suburb": "Guaratiba",
        "addr:city": "Rio de Janeiro",
        "addr:state": "RJ",
        "addr:country": "BR",
        "addr:postcode": "23031-202",
        "phone": "+55 21 2394-8360",
        "email": "cmswppcap52@gmail.com",
        "amenity": "clinic",
        "healthcare": "clinic",
        "name": "Unidade Básica de Saúde Sms Cms Woodrow Pimentel Pantoja Ap 52",
        "short_name": "UBS Sms Cms Woodrow Pimentel Pantoja Ap 52",
        "comment": "UBS",
        "qtd_equipes_esf": 3,
        "qtd_equipes_eap": 0,
        "qtd_equipes_total": 4,
        "capacidade_pnab": 10500,
        "nomes_equipes": "FRAGOSO; SANTA CLARA; AMERICAS ESB; AMERICAS"
      },
      "geometry": {
        "type": "Point",
        "coordinates": [
          -43.609716,
          -22.9554053
        ]
      }
    },
    {
      "type": "Feature",
      "id": 5621801,
      "properties": {
        "operator": "Prefeitura Municipal de Rio de Janeiro",
        "operator:type": "public",
        "ref:CNES": "5621801",
        "source": "cnes;datasus;dados_abertos_saude",
        "official_name": "SMS CSE LAPA AP 10",
        "addr:street": "Rua do Riachuelo",
        "addr:housenumber": "43",
        "addr:city": "Rio de Janeiro",
        "addr:state": "RJ",
        "addr:country": "BR",
        "addr:postcode": "20230-010",
        "phone": "+55 46 3231-6015",
        "email": "cselapa.cap10@gmail.com",
        "amenity": "clinic",
        "healthcare": "clinic",
        "name": "Unidade Básica de Saúde Sms Cse Lapa Ap 10",
        "short_name": "UBS Sms Cse Lapa Ap 10",
        "comment": "UBS",
        "qtd_equipes_esf": 3,
        "qtd_equipes_eap": 0,
        "qtd_equipes_total": 3,
        "capacidade_pnab": 10500,
        "nomes_equipes": "DEMOCRATICOS; ARCOS DA LAPA; CATEDRAL"
      },
      "geometry": {
        "type": "Point",
        "coordinates": [
          -43.1813,
          -22.9144
        ]
      }
    },
    {
      "type": "Feature",
      "id": 6023983,
      "properties": {
        "operator": "Prefeitura Municipal de Rio de Janeiro",
        "operator:type": "public",
        "ref:CNES": "6023983",
        "source": "cnes;datasus;dados_abertos_saude",
        "official_name": "SMS CSE SAO FRANCISCO DE ASSIS AP 10",
        "addr:street": "Rua Afonso Cavalcanti",
        "addr:housenumber": "20",
        "addr:suburb": "Cidade Nova",
        "addr:city": "Rio de Janeiro",
        "addr:state": "RJ",
        "addr:country": "BR",
        "addr:postcode": "20230-030",
        "phone": "+55 21 3938-4449",
        "email": "csesaofrancisco.cap10@gmail.com",
        "amenity": "clinic",
        "healthcare": "clinic",
        "name": "Unidade Básica de Saúde Sms Cse São Francisco de Assis Ap 10",
        "short_name": "UBS Sms Cse São Francisco de Assis Ap 10",
        "comment": "UBS",
        "qtd_equipes_esf": 2,
        "qtd_equipes_eap": 0,
        "qtd_equipes_total": 2,
        "capacidade_pnab": 7000,
        "nomes_equipes": "PRESIDENTE VARGAS; CAMPO DE SANTANA"
      },
      "geometry": {
        "type": "Point",
        "coordinates": [
          -43.20189,
          -22.90925
        ]
      }
    },
    {
      "type": "Feature",
      "id": 5456932,
      "properties": {
        "operator": "Prefeitura Municipal de Rio de Janeiro",
        "operator:type": "public",
        "ref:CNES": "5456932",
        "source": "cnes;datasus;dados_abertos_saude",
        "official_name": "SMS FIOCRUZ ENSP CSE GERMANO SINVAL FARIA AP 31",
        "addr:street": "Rua Leopoldo Bulhoes",
        "addr:housenumber": "1480",
        "addr:suburb": "Manguinhos",
        "addr:city": "Rio de Janeiro",
        "addr:state": "RJ",
        "addr:country": "BR",
        "addr:postcode": "21041-210",
        "phone": "+55 46 2598-2519",
        "email": "csegsf.ensp@fiocruz.br",
        "amenity": "clinic",
        "healthcare": "clinic",
        "name": "Unidade Básica de Saúde Sms Fiocruz Ensp Cse Germano Sinval Faria Ap 31",
        "short_name": "UBS Sms Fiocruz Ensp Cse Germano Sinval Faria Ap 31",
        "comment": "UBS",
        "qtd_equipes_esf": 7,
        "qtd_equipes_eap": 0,
        "qtd_equipes_total": 10,
        "capacidade_pnab": 24500,
        "nomes_equipes": "ACONCHEGO; VIDA; FRATERNIDADE; AMIZADE; HARMONIA; SERENIDADE; HARMONIA ESB; ACONCHEGO ESB; FRATERNIDADE ESB; FORTALEZA"
      },
      "geometry": {
        "type": "Point",
        "coordinates": [
          -43.2502341,
          -22.8777222
        ]
      }
    },
    {
      "type": "Feature",
      "id": 4056167,
      "properties": {
        "operator": "Prefeitura Municipal de Rio de Janeiro",
        "operator:type": "public",
        "ref:CNES": "4056167",
        "source": "cnes;datasus;dados_abertos_saude",
        "official_name": "SMS UNIDADES PRISIONAIS DE ATENCAO PRIMARIA AP 10",
        "addr:street": "Rua Bartolomeu de Gusmao",
        "addr:housenumber": "100",
        "addr:suburb": "São Cristóvão",
        "addr:city": "Rio de Janeiro",
        "addr:state": "RJ",
        "addr:country": "BR",
        "addr:postcode": "20941-160",
        "phone": "+55 46 2334-1840",
        "email": "equipeevaristomoraes.app@vivario.org.br",
        "amenity": "clinic",
        "healthcare": "clinic",
        "name": "Unidade Básica de Saúde Sms Unidades Prisionais de Atencao Primaria Ap 10",
        "short_name": "UBS Sms Unidades Prisionais de Atencao Primaria Ap 10",
        "comment": "UBS",
        "qtd_equipes_esf": 0,
        "qtd_equipes_eap": 0,
        "qtd_equipes_total": 4,
        "capacidade_pnab": 3500,
        "nomes_equipes": "CRISPIM / OSCAR / CANDIDO; EVARISTO DE MORAES; CRISPIM / OSCAR / CANDIDO PSIC; EVARISTO DE MORAES PSIC"
      },
      "geometry": {
        "type": "Point",
        "coordinates": [
          -43.23,
          -22.905
        ]
      }
    },
    {
      "type": "Feature",
      "id": 4056221,
      "properties": {
        "operator": "Prefeitura Municipal de Rio de Janeiro",
        "operator:type": "public",
        "ref:CNES": "4056221",
        "source": "cnes;datasus;dados_abertos_saude",
        "official_name": "SMS UNIDADES PRISIONAIS DE ATENCAO PRIMARIA AP 32",
        "addr:street": "Rua Monteiro da Luz",
        "addr:suburb": "Agua Santa",
        "addr:city": "Rio de Janeiro",
        "addr:state": "RJ",
        "addr:country": "BR",
        "addr:postcode": "20745-150",
        "phone": "+55 21 2333-9538",
        "amenity": "clinic",
        "healthcare": "clinic",
        "name": "Unidade Básica de Saúde Sms Unidades Prisionais de Atencao Primaria Ap 32",
        "short_name": "UBS Sms Unidades Prisionais de Atencao Primaria Ap 32",
        "comment": "UBS",
        "qtd_equipes_esf": 0,
        "qtd_equipes_eap": 0,
        "qtd_equipes_total": 2,
        "capacidade_pnab": 3500,
        "nomes_equipes": "ARY FRANCO PSIC; ARY FRANCO"
      },
      "geometry": {
        "type": "Point",
        "coordinates": [
          -43.30822,
          -22.90534
        ]
      }
    },
    {
      "type": "Feature",
      "id": 4056310,
      "properties": {
        "operator": "Prefeitura Municipal de Rio de Janeiro",
        "operator:type": "public",
        "ref:CNES": "4056310",
        "source": "cnes;datasus;dados_abertos_saude",
        "official_name": "SMS UNIDADES PRISIONAIS DE ATENCAO PRIMARIA AP 51",
        "addr:street": "Estrada Guandu do Sena",
        "addr:housenumber": "1902",
        "addr:suburb": "Gericino",
        "addr:city": "Rio de Janeiro",
        "addr:state": "RJ",
        "addr:country": "BR",
        "addr:postcode": "21854-010",
        "phone": "+55 46 2333-4820",
        "email": "pnaisp.uf@gmail.com",
        "amenity": "clinic",
        "healthcare": "clinic",
        "name": "Unidade Básica de Saúde Sms Unidades Prisionais de Atencao Primaria Ap 51",
        "short_name": "UBS Sms Unidades Prisionais de Atencao Primaria Ap 51",
        "comment": "UBS",
        "qtd_equipes_esf": 0,
        "qtd_equipes_eap": 0,
        "qtd_equipes_total": 38,
        "capacidade_pnab": 3500,
        "nomes_equipes": "NELSON HUNGRIA PSIC; MONIZ SODRE PSIC; JORGE SANTANA; VICENTE PIRAGIBE; PAULO ROBERTO ROCHA; PEDRO MELO DA SILVA; DOUTOR SERRANO NEVES; GABRIEL FERREIRA CASTILHO; JONAS LOPES DE CARVALHO; JOSE ANTONIO DA COSTA BARROS; ESMERALDINO BANDEIRA; JOAQUIM / PEDROLINO; BANDEIRA STAMPA; LEMOS DE BRITO / LAERCIO; NELSON HUNGRIA; MONIZ SODRE; ELIZABETH SA REGO PSIC; JORGE SANTANA PSIC; VICENTE PIRAGIBE PSIC; PAULO ROBERTO ROCHA PSIC; PEDRO MELO DA SILVA PSIC; DOUTOR SERRANO NEVES PSIC; GABRIEL FERREIRA CASTILHO PSIC; JONAS LOPES DE CARVALHO PSIC; JOSE ANTONIO DA COSTA PSIC; ESMERALDINO BANDEIRA PSIC; JOAQUIM / PEDROLINO PSIC; BANDEIRA STAMPA PSIC; LEMOS DE BRITO / LAERCIO PSIC; BENJAMIN DE MORAES FILHO; BENJAMIN DE MORAES FILHO PSIC; ELIZABETH SA REGO; PLACIDO DE SA PSIC; ALFREDO TRANJAN; DJANIRA/ TALAVERA/ UMI; PLACIDO DE SA CARVALHO; ALFREDO TRANJAN PSIC; DJANIRA/ TALAVERA/ UMI PSIC"
      },
      "geometry": {
        "type": "Point",
        "coordinates": [
          -43.486265,
          -22.848936
        ]
      }
    },
    {
      "type": "Feature",
      "id": 2980150,
      "properties": {
        "operator": "Governo do Estado (RJ)",
        "operator:type": "public",
        "ref:CNES": "2980150",
        "source": "cnes;datasus;dados_abertos_saude",
        "official_name": "1 POLICLINICA DO CBMERJ",
        "addr:street": "Rua Maria Lopes",
        "addr:housenumber": "735",
        "addr:suburb": "Madureira",
        "addr:city": "Rio de Janeiro",
        "addr:state": "RJ",
        "addr:country": "BR",
        "addr:postcode": "21310-050",
        "phone": "+55 46 2333-5631",
        "email": "polcampinho@cbmerj.rj.gov.br",
        "amenity": "clinic",
        "healthcare": "rehabilitation",
        "name": "Serviço de Reabilitação Física Nível Intermediário",
        "comment": "Reabilitação Física",
        "qtd_equipes_esf": 1,
        "qtd_equipes_eap": 0,
        "qtd_equipes_total": 1,
        "capacidade_pnab": 3500,
        "nomes_equipes": ""
      },
      "geometry": {
        "type": "Point",
        "coordinates": [
          -43.3406725,
          -22.879465
        ]
      }
    },
    {
      "type": "Feature",
      "id": 3988724,
      "properties": {
        "operator": "Prefeitura Municipal de Rio de Janeiro",
        "operator:type": "public",
        "ref:CNES": "3988724",
        "source": "cnes;datasus;dados_abertos_saude",
        "official_name": "AMBULATORIO IASERJ MARACANA",
        "addr:street": "Rua Jaceguai",
        "addr:suburb": "Maracana",
        "addr:city": "Rio de Janeiro",
        "addr:state": "RJ",
        "addr:country": "BR",
        "addr:postcode": "20550-150",
        "phone": "+55 21 2284-9622",
        "amenity": "clinic",
        "healthcare": "rehabilitation",
        "name": "Serviço de Reabilitação Física Nível Intermediário",
        "comment": "Reabilitação Física",
        "qtd_equipes_esf": 1,
        "qtd_equipes_eap": 0,
        "qtd_equipes_total": 1,
        "capacidade_pnab": 3500,
        "nomes_equipes": ""
      },
      "geometry": {
        "type": "Point",
        "coordinates": [
          -43.2324484,
          -22.916327
        ]
      }
    },
    {
      "type": "Feature",
      "id": 6344097,
      "properties": {
        "operator": "Prefeitura Municipal de Rio de Janeiro",
        "operator:type": "public",
        "ref:CNES": "6344097",
        "source": "cnes;datasus;dados_abertos_saude",
        "official_name": "HOSPITAL CENTRAL DA MARINHA",
        "addr:street": "Rua Ilha das Cobras",
        "addr:city": "Rio de Janeiro",
        "addr:state": "RJ",
        "addr:country": "BR",
        "addr:postcode": "20091-000",
        "phone": "+55 21 2126-5380",
        "email": "sheila.oliveira@marinha.mil.br",
        "amenity": "clinic",
        "healthcare": "rehabilitation",
        "name": "Serviço de Reabilitação Física Nível Intermediário",
        "comment": "Reabilitação Física",
        "qtd_equipes_esf": 1,
        "qtd_equipes_eap": 0,
        "qtd_equipes_total": 1,
        "capacidade_pnab": 3500,
        "nomes_equipes": ""
      },
      "geometry": {
        "type": "Point",
        "coordinates": [
          -43.1740271,
          -22.8961759
        ]
      }
    },
    {
      "type": "Feature",
      "id": 9844392,
      "properties": {
        "operator": "Governo do Estado (RJ)",
        "operator:type": "public",
        "ref:CNES": "9844392",
        "source": "cnes;datasus;dados_abertos_saude",
        "official_name": "POLICLINICA DA POLICIA CIVIL",
        "addr:street": "Rua da Relacao",
        "addr:housenumber": "42",
        "addr:city": "Rio de Janeiro",
        "addr:state": "RJ",
        "addr:country": "BR",
        "addr:postcode": "20231-110",
        "phone": "+55 21 2334-9842",
        "email": "gabdgaf@pcivil.rj.gov.br",
        "amenity": "clinic",
        "healthcare": "rehabilitation",
        "name": "Serviço de Reabilitação Física Nível Intermediário",
        "comment": "Reabilitação Física",
        "qtd_equipes_esf": 1,
        "qtd_equipes_eap": 0,
        "qtd_equipes_total": 1,
        "capacidade_pnab": 3500,
        "nomes_equipes": ""
      },
      "geometry": {
        "type": "Point",
        "coordinates": [
          -43.20709,
          -22.91448
        ]
      }
    },
    {
      "type": "Feature",
      "id": 3836134,
      "properties": {
        "operator": "Prefeitura Municipal de Rio de Janeiro",
        "operator:type": "public",
        "ref:CNES": "3836134",
        "source": "cnes;datasus;dados_abertos_saude",
        "official_name": "POLICLINICA DE AERONAUTICA DE SANTA CRUZ",
        "addr:street": "Rua do Imperio",
        "addr:suburb": "Santa Cruz",
        "addr:city": "Rio de Janeiro",
        "addr:state": "RJ",
        "addr:country": "BR",
        "addr:postcode": "23555-024",
        "phone": "+55 21 3078-0337",
        "email": "protocolo.gsausc@fab.mil.br",
        "amenity": "clinic",
        "healthcare": "rehabilitation",
        "name": "Serviço de Reabilitação Física Nível Intermediário",
        "comment": "Reabilitação Física",
        "qtd_equipes_esf": 1,
        "qtd_equipes_eap": 0,
        "qtd_equipes_total": 1,
        "capacidade_pnab": 3500,
        "nomes_equipes": ""
      },
      "geometry": {
        "type": "Point",
        "coordinates": [
          -43.71254,
          -22.92687
        ]
      }
    },
    {
      "type": "Feature",
      "id": 8530076,
      "properties": {
        "operator": "Prefeitura Municipal de Rio de Janeiro",
        "operator:type": "public",
        "ref:CNES": "8530076",
        "source": "cnes;datasus;dados_abertos_saude",
        "official_name": "POLICLINICA MILITAR DA PRAIA VERMELHA",
        "addr:street": "Rua Praca General Tiburcio",
        "addr:housenumber": "83",
        "addr:suburb": "Urca",
        "addr:city": "Rio de Janeiro",
        "addr:state": "RJ",
        "addr:country": "BR",
        "addr:postcode": "22290-270",
        "phone": "+55 21 2519-4700",
        "email": "anapaulareis.carvalho@eb.mil.br",
        "amenity": "clinic",
        "healthcare": "rehabilitation",
        "name": "Serviço de Reabilitação Física Nível Intermediário",
        "comment": "Reabilitação Física",
        "qtd_equipes_esf": 1,
        "qtd_equipes_eap": 0,
        "qtd_equipes_total": 1,
        "capacidade_pnab": 3500,
        "nomes_equipes": ""
      },
      "geometry": {
        "type": "Point",
        "coordinates": [
          -43.1669381,
          -22.954384
        ]
      }
    },
    {
      "type": "Feature",
      "id": 9035125,
      "properties": {
        "operator": "Prefeitura Municipal de Rio de Janeiro",
        "operator:type": "public",
        "ref:CNES": "9035125",
        "source": "cnes;datasus;dados_abertos_saude",
        "official_name": "POLICLINICA MILITAR DO RIO DE JANEIRO",
        "addr:street": "Rua Moncorvo Filho",
        "addr:housenumber": "34",
        "addr:city": "Rio de Janeiro",
        "addr:state": "RJ",
        "addr:country": "BR",
        "addr:postcode": "20211-340",
        "phone": "+55 21 2505-4909",
        "email": "divmedpmrj@gmail.com",
        "amenity": "clinic",
        "healthcare": "rehabilitation",
        "name": "Serviço de Reabilitação Física Nível Intermediário",
        "comment": "Reabilitação Física",
        "qtd_equipes_esf": 1,
        "qtd_equipes_eap": 0,
        "qtd_equipes_total": 1,
        "capacidade_pnab": 3500,
        "nomes_equipes": ""
      },
      "geometry": {
        "type": "Point",
        "coordinates": [
          -43.1908607,
          -22.9076849
        ]
      }
    },
    {
      "type": "Feature",
      "id": 7544243,
      "properties": {
        "operator": "Prefeitura Municipal de Rio de Janeiro",
        "operator:type": "public",
        "ref:CNES": "7544243",
        "source": "cnes;datasus;dados_abertos_saude",
        "official_name": "POLICLINICA NAVAL DE CAMPO GRANDE",
        "addr:street": "Rua Brasil",
        "addr:housenumber": "44878",
        "addr:suburb": "Campo Grande",
        "addr:city": "Rio de Janeiro",
        "addr:state": "RJ",
        "addr:country": "BR",
        "addr:postcode": "23078-001",
        "phone": "+55 21 2104-6234",
        "amenity": "clinic",
        "healthcare": "rehabilitation",
        "name": "Serviço de Reabilitação Física Nível Intermediário",
        "comment": "Reabilitação Física",
        "qtd_equipes_esf": 1,
        "qtd_equipes_eap": 0,
        "qtd_equipes_total": 1,
        "capacidade_pnab": 3500,
        "nomes_equipes": ""
      },
      "geometry": {
        "type": "Point",
        "coordinates": [
          -43.208,
          -22.45903
        ]
      }
    },
    {
      "type": "Feature",
      "id": 5380340,
      "properties": {
        "operator": "Prefeitura Municipal de Rio de Janeiro",
        "operator:type": "public",
        "ref:CNES": "5380340",
        "source": "cnes;datasus;dados_abertos_saude",
        "official_name": "POLICLINICA NAVAL NOSSA DA GLORIA",
        "addr:street": "Rua Conde de Bonfim",
        "addr:housenumber": "54",
        "addr:suburb": "Tijuca",
        "addr:city": "Rio de Janeiro",
        "addr:state": "RJ",
        "addr:country": "BR",
        "addr:postcode": "20520-053",
        "phone": "+55 46 2566-1200",
        "email": "pnnsg.secom@marinha.mil.br",
        "amenity": "clinic",
        "healthcare": "rehabilitation",
        "name": "Serviço de Reabilitação Física Nível Intermediário",
        "comment": "Reabilitação Física",
        "qtd_equipes_esf": 1,
        "qtd_equipes_eap": 0,
        "qtd_equipes_total": 1,
        "capacidade_pnab": 3500,
        "nomes_equipes": ""
      },
      "geometry": {
        "type": "Point",
        "coordinates": [
          -43.223754,
          -22.923076
        ]
      }
    },
    {
      "type": "Feature",
      "id": 4269535,
      "properties": {
        "operator": "Governo do Estado (RJ)",
        "operator:type": "public",
        "ref:CNES": "4269535",
        "source": "cnes;datasus;dados_abertos_saude",
        "official_name": "SES RJ AME JORNALISTA SUSANA NASPOLINI PAVAO PAVAOZINHO",
        "addr:street": "Rua Barao da Torre",
        "addr:suburb": "Ipanema",
        "addr:city": "Rio de Janeiro",
        "addr:state": "RJ",
        "addr:country": "BR",
        "addr:postcode": "22411-000",
        "phone": "+55 21 96876-0659",
        "amenity": "clinic",
        "healthcare": "rehabilitation",
        "name": "Serviço de Reabilitação Física Nível Intermediário",
        "comment": "Reabilitação Física",
        "qtd_equipes_esf": 1,
        "qtd_equipes_eap": 0,
        "qtd_equipes_total": 1,
        "capacidade_pnab": 3500,
        "nomes_equipes": ""
      },
      "geometry": {
        "type": "Point",
        "coordinates": [
          -43.1984165,
          -22.9833725
        ]
      }
    },
    {
      "type": "Feature",
      "id": 9931112,
      "properties": {
        "operator": "Prefeitura Municipal de Rio de Janeiro",
        "operator:type": "public",
        "ref:CNES": "9931112",
        "source": "cnes;datasus;dados_abertos_saude",
        "official_name": "SES RJ IASERJ AMBULATORIO ALMIR DUTTON CAMPO GRANDE",
        "addr:street": "Rua Mario Mendes",
        "addr:housenumber": "256",
        "addr:suburb": "Senador Vasconcellos",
        "addr:city": "Rio de Janeiro",
        "addr:state": "RJ",
        "addr:country": "BR",
        "addr:postcode": "23013-530",
        "email": "almirdutton@gmail.com",
        "amenity": "clinic",
        "healthcare": "rehabilitation",
        "name": "Serviço de Reabilitação Física Nível Intermediário",
        "comment": "Reabilitação Física",
        "qtd_equipes_esf": 1,
        "qtd_equipes_eap": 0,
        "qtd_equipes_total": 1,
        "capacidade_pnab": 3500,
        "nomes_equipes": ""
      },
      "geometry": {
        "type": "Point",
        "coordinates": [
          -43.5447177,
          -22.8985487
        ]
      }
    },
    {
      "type": "Feature",
      "id": 2270412,
      "properties": {
        "operator": "Governo do Estado (RJ)",
        "operator:type": "public",
        "ref:CNES": "2270412",
        "source": "cnes;datasus;dados_abertos_saude",
        "official_name": "SES RJ PAM CAVALCANTI",
        "addr:street": "Rua Graca Melo",
        "addr:housenumber": "640",
        "addr:suburb": "Cavalcanti",
        "addr:city": "Rio de Janeiro",
        "addr:state": "RJ",
        "addr:country": "BR",
        "addr:postcode": "21381-300",
        "amenity": "clinic",
        "healthcare": "rehabilitation",
        "name": "Serviço de Reabilitação Física Nível Intermediário",
        "comment": "Reabilitação Física",
        "qtd_equipes_esf": 1,
        "qtd_equipes_eap": 0,
        "qtd_equipes_total": 1,
        "capacidade_pnab": 3500,
        "nomes_equipes": ""
      },
      "geometry": {
        "type": "Point",
        "coordinates": [
          -43.3311125,
          -22.8732074
        ]
      }
    },
    {
      "type": "Feature",
      "id": 2269740,
      "properties": {
        "operator": "Governo do Estado (RJ)",
        "operator:type": "public",
        "ref:CNES": "2269740",
        "source": "cnes;datasus;dados_abertos_saude",
        "official_name": "SES RJ PAM COELHO NETO",
        "addr:street": "Rua Ouseley",
        "addr:housenumber": "355",
        "addr:suburb": "Coelho Neto",
        "addr:city": "Rio de Janeiro",
        "addr:state": "RJ",
        "addr:country": "BR",
        "addr:postcode": "21510-104",
        "email": "direcao.pamcneto@gmail.com",
        "amenity": "clinic",
        "healthcare": "rehabilitation",
        "name": "Serviço de Reabilitação Física Nível Intermediário",
        "comment": "Reabilitação Física",
        "qtd_equipes_esf": 1,
        "qtd_equipes_eap": 0,
        "qtd_equipes_total": 1,
        "capacidade_pnab": 3500,
        "nomes_equipes": ""
      },
      "geometry": {
        "type": "Point",
        "coordinates": [
          -43.3518601,
          -22.8290193
        ]
      }
    },
    {
      "type": "Feature",
      "id": 2280299,
      "properties": {
        "operator": "Prefeitura Municipal de Rio de Janeiro",
        "operator:type": "public",
        "ref:CNES": "2280299",
        "source": "cnes;datasus;dados_abertos_saude",
        "official_name": "SMS POLICLINICA ANTONIO RIBEIRO NETTO AP 10",
        "addr:street": "Rua Av Treze de Maio",
        "addr:housenumber": "23",
        "addr:city": "Rio de Janeiro",
        "addr:state": "RJ",
        "addr:country": "BR",
        "addr:postcode": "20031-902",
        "phone": "+55 21 3512-4732",
        "email": "policlinicaantoniornetto.cap10@gmail.com",
        "amenity": "clinic",
        "healthcare": "rehabilitation",
        "name": "Serviço de Reabilitação Física Nível Intermediário",
        "comment": "Reabilitação Física",
        "qtd_equipes_esf": 1,
        "qtd_equipes_eap": 0,
        "qtd_equipes_total": 1,
        "capacidade_pnab": 3500,
        "nomes_equipes": ""
      },
      "geometry": {
        "type": "Point",
        "coordinates": [
          -43.176861,
          -22.909261
        ]
      }
    },
    {
      "type": "Feature",
      "id": 2270331,
      "properties": {
        "operator": "Prefeitura Municipal de Rio de Janeiro",
        "operator:type": "public",
        "ref:CNES": "2270331",
        "source": "cnes;datasus;dados_abertos_saude",
        "official_name": "SMS POLICLINICA CARLOS ALBERTO NASCIMENTO AP 52",
        "addr:street": "Rua Praca Major Vieira de Melo",
        "addr:suburb": "Campo Grande",
        "addr:city": "Rio de Janeiro",
        "addr:state": "RJ",
        "addr:country": "BR",
        "addr:postcode": "23045-405",
        "phone": "33940615/33941982",
        "email": "polcanascimento@gmail.com",
        "amenity": "clinic",
        "healthcare": "rehabilitation",
        "name": "Serviço de Reabilitação Física Nível Intermediário",
        "comment": "Reabilitação Física",
        "qtd_equipes_esf": 1,
        "qtd_equipes_eap": 0,
        "qtd_equipes_total": 1,
        "capacidade_pnab": 3500,
        "nomes_equipes": ""
      },
      "geometry": {
        "type": "Point",
        "coordinates": [
          -43.5593477,
          -22.918188
        ]
      }
    },
    {
      "type": "Feature",
      "id": 2269368,
      "properties": {
        "operator": "Prefeitura Municipal de Rio de Janeiro",
        "operator:type": "public",
        "ref:CNES": "2269368",
        "source": "cnes;datasus;dados_abertos_saude",
        "official_name": "SMS POLICLINICA HELIO PELLEGRINO AP 22",
        "addr:street": "Rua do Matoso",
        "addr:housenumber": "96",
        "addr:suburb": "Praca da Bandeira",
        "addr:city": "Rio de Janeiro",
        "addr:state": "RJ",
        "addr:country": "BR",
        "addr:postcode": "20270-150",
        "phone": "+55 46 21273-2996",
        "email": "pamhpellegrino@gmaill.com",
        "amenity": "clinic",
        "healthcare": "rehabilitation",
        "name": "Serviço de Reabilitação Física Nível Intermediário",
        "comment": "Reabilitação Física",
        "qtd_equipes_esf": 1,
        "qtd_equipes_eap": 0,
        "qtd_equipes_total": 1,
        "capacidade_pnab": 3500,
        "nomes_equipes": ""
      },
      "geometry": {
        "type": "Point",
        "coordinates": [
          -43.2128345,
          -22.9142922
        ]
      }
    },
    {
      "type": "Feature",
      "id": 2296527,
      "properties": {
        "operator": "Prefeitura Municipal de Rio de Janeiro",
        "operator:type": "public",
        "ref:CNES": "2296527",
        "source": "cnes;datasus;dados_abertos_saude",
        "official_name": "SMS POLICLINICA JOSE PARANHOS FONTENELLE AP 31",
        "addr:street": "Rua Leopoldina Rego",
        "addr:housenumber": "700",
        "addr:suburb": "Penha",
        "addr:city": "Rio de Janeiro",
        "addr:state": "RJ",
        "addr:country": "BR",
        "addr:postcode": "21021-522",
        "phone": "+55 21 3111-6925",
        "email": "pfontenelle@rio.rj.gov.br",
        "amenity": "clinic",
        "healthcare": "rehabilitation",
        "name": "Serviço de Reabilitação Física Nível Intermediário",
        "comment": "Reabilitação Física",
        "qtd_equipes_esf": 1,
        "qtd_equipes_eap": 0,
        "qtd_equipes_total": 1,
        "capacidade_pnab": 3500,
        "nomes_equipes": ""
      },
      "geometry": {
        "type": "Point",
        "coordinates": [
          -43.2696,
          -22.84161
        ]
      }
    },
    {
      "type": "Feature",
      "id": 2280191,
      "properties": {
        "operator": "Prefeitura Municipal de Rio de Janeiro",
        "operator:type": "public",
        "ref:CNES": "2280191",
        "source": "cnes;datasus;dados_abertos_saude",
        "official_name": "SMS POLICLINICA LINCOLN DE FREITAS FILHO AP 53",
        "addr:street": "Rua Alvaro Alberto",
        "addr:housenumber": "601",
        "addr:suburb": "Santa Cruz",
        "addr:city": "Rio de Janeiro",
        "addr:state": "RJ",
        "addr:country": "BR",
        "addr:postcode": "23550-040",
        "phone": "+55 21 3395-4129",
        "email": "plff.cap53@gmail.com",
        "amenity": "clinic",
        "healthcare": "rehabilitation",
        "name": "Serviço de Reabilitação Física Nível Intermediário",
        "comment": "Reabilitação Física",
        "qtd_equipes_esf": 1,
        "qtd_equipes_eap": 0,
        "qtd_equipes_total": 1,
        "capacidade_pnab": 3500,
        "nomes_equipes": ""
      },
      "geometry": {
        "type": "Point",
        "coordinates": [
          -43.208,
          -22.803
        ]
      }
    },
    {
      "type": "Feature",
      "id": 2270048,
      "properties": {
        "operator": "Prefeitura Municipal de Rio de Janeiro",
        "operator:type": "public",
        "ref:CNES": "2270048",
        "source": "cnes;datasus;dados_abertos_saude",
        "official_name": "SMS POLICLINICA MANOEL GUILHERME PAM BANGU AP 51",
        "addr:street": "Rua Av Ribeiro Dantas",
        "addr:housenumber": "571",
        "addr:suburb": "Bangu",
        "addr:city": "Rio de Janeiro",
        "addr:state": "RJ",
        "addr:country": "BR",
        "addr:postcode": "21870-170",
        "phone": "+55 21 3464-6030",
        "email": "pammgsilveira@rio.rj.gov.br",
        "amenity": "clinic",
        "healthcare": "rehabilitation",
        "name": "Serviço de Reabilitação Física Nível Intermediário",
        "comment": "Reabilitação Física",
        "qtd_equipes_esf": 1,
        "qtd_equipes_eap": 0,
        "qtd_equipes_total": 1,
        "capacidade_pnab": 3500,
        "nomes_equipes": ""
      },
      "geometry": {
        "type": "Point",
        "coordinates": [
          -43.457089,
          -22.870742
        ]
      }
    },
    {
      "type": "Feature",
      "id": 2270064,
      "properties": {
        "operator": "Prefeitura Municipal de Rio de Janeiro",
        "operator:type": "public",
        "ref:CNES": "2270064",
        "source": "cnes;datasus;dados_abertos_saude",
        "official_name": "SMS POLICLINICA NEWTON ALVES CARDOZO AP 31",
        "addr:street": "Rua Dr Antonio Monteiro",
        "addr:housenumber": "191",
        "addr:suburb": "Ilha do Governador",
        "addr:city": "Rio de Janeiro",
        "addr:state": "RJ",
        "addr:country": "BR",
        "addr:postcode": "21921-610",
        "phone": "+55 21 3975-3360",
        "email": "pnacardozo@gmail.com",
        "amenity": "clinic",
        "healthcare": "rehabilitation",
        "name": "Serviço de Reabilitação Física Nível Intermediário",
        "comment": "Reabilitação Física",
        "qtd_equipes_esf": 1,
        "qtd_equipes_eap": 0,
        "qtd_equipes_total": 1,
        "capacidade_pnab": 3500,
        "nomes_equipes": ""
      },
      "geometry": {
        "type": "Point",
        "coordinates": [
          -43.1892353,
          -22.8091311
        ]
      }
    },
    {
      "type": "Feature",
      "id": 2708175,
      "properties": {
        "operator": "Prefeitura Municipal de Rio de Janeiro",
        "operator:type": "public",
        "ref:CNES": "2708175",
        "source": "cnes;datasus;dados_abertos_saude",
        "official_name": "SMS POLICLINICA NEWTON BETHLEM AP 40",
        "addr:street": "Rua Barao",
        "addr:housenumber": "259",
        "addr:suburb": "Jacarepagua",
        "addr:city": "Rio de Janeiro",
        "addr:state": "RJ",
        "addr:country": "BR",
        "addr:postcode": "21321-620",
        "phone": "+55 46 3833-8554",
        "email": "pnb.cap40@gmail.com",
        "amenity": "clinic",
        "healthcare": "rehabilitation",
        "name": "Serviço de Reabilitação Física Nível Intermediário",
        "comment": "Reabilitação Física",
        "qtd_equipes_esf": 1,
        "qtd_equipes_eap": 0,
        "qtd_equipes_total": 1,
        "capacidade_pnab": 3500,
        "nomes_equipes": ""
      },
      "geometry": {
        "type": "Point",
        "coordinates": [
          -43.3507997,
          -22.899812
        ]
      }
    },
    {
      "type": "Feature",
      "id": 9264612,
      "properties": {
        "operator": "Prefeitura Municipal de Rio de Janeiro",
        "operator:type": "public",
        "ref:CNES": "9264612",
        "source": "cnes;datasus;dados_abertos_saude",
        "official_name": "SMS POLICLINICA ROCHA MAIA AP 21",
        "addr:street": "Rua General Severiano",
        "addr:housenumber": "91",
        "addr:suburb": "Botafogo",
        "addr:city": "Rio de Janeiro",
        "addr:state": "RJ",
        "addr:country": "BR",
        "addr:postcode": "22290-040",
        "phone": "+55 21 2244-6210",
        "email": "polrochamaia@gmail.com",
        "amenity": "clinic",
        "healthcare": "rehabilitation",
        "name": "Serviço de Reabilitação Física Nível Intermediário",
        "comment": "Reabilitação Física",
        "qtd_equipes_esf": 1,
        "qtd_equipes_eap": 0,
        "qtd_equipes_total": 1,
        "capacidade_pnab": 3500,
        "nomes_equipes": ""
      },
      "geometry": {
        "type": "Point",
        "coordinates": [
          -43.177577,
          -22.953219
        ]
      }
    },
    {
      "type": "Feature",
      "id": 2270471,
      "properties": {
        "operator": "Prefeitura Municipal de Rio de Janeiro",
        "operator:type": "public",
        "ref:CNES": "2270471",
        "source": "cnes;datasus;dados_abertos_saude",
        "official_name": "SMS POLICLINICA RODOLPHO ROCCO AP 32",
        "addr:street": "Estrada Adhemar Bebiano",
        "addr:housenumber": "339",
        "addr:suburb": "Inhauma",
        "addr:city": "Rio de Janeiro",
        "addr:state": "RJ",
        "addr:country": "BR",
        "addr:postcode": "21051-070",
        "phone": "+55 21 3884-9055",
        "email": "pamrrocco@rio.rj.gov.br",
        "amenity": "clinic",
        "healthcare": "rehabilitation",
        "name": "Serviço de Reabilitação Física Nível Intermediário",
        "comment": "Reabilitação Física",
        "qtd_equipes_esf": 1,
        "qtd_equipes_eap": 0,
        "qtd_equipes_total": 1,
        "capacidade_pnab": 3500,
        "nomes_equipes": ""
      },
      "geometry": {
        "type": "Point",
        "coordinates": [
          -43.2751953,
          -22.8724194
        ]
      }
    },
    {
      "type": "Feature",
      "id": 2270692,
      "properties": {
        "operator": "Governo do Estado (RJ)",
        "operator:type": "public",
        "ref:CNES": "2270692",
        "source": "cnes;datasus;dados_abertos_saude",
        "official_name": "CBMERJ HOSP ARISTARCHO PESSOA HOSP DO CORPO DE BOMBEIROS",
        "addr:street": "Rua Paulo de Frontin",
        "addr:housenumber": "876",
        "addr:suburb": "Rio Comprido",
        "addr:city": "Rio de Janeiro",
        "addr:state": "RJ",
        "addr:country": "BR",
        "addr:postcode": "20261-243",
        "phone": "+55 21 99451-0951",
        "email": "hcapdivisaomedica@gmail.com",
        "amenity": "clinic",
        "healthcare": "clinic",
        "name": "Cbmerj Hosp Aristarcho Pessoa Hosp do Corpo de Bombeiros",
        "comment": "Outros Serviços de Saúde",
        "qtd_equipes_esf": 1,
        "qtd_equipes_eap": 0,
        "qtd_equipes_total": 1,
        "capacidade_pnab": 3500,
        "nomes_equipes": ""
      },
      "geometry": {
        "type": "Point",
        "coordinates": [
          -43.209657,
          -22.93137
        ]
      }
    },
    {
      "type": "Feature",
      "id": 6043941,
      "properties": {
        "operator": "Prefeitura Municipal de Rio de Janeiro",
        "operator:type": "public",
        "ref:CNES": "6043941",
        "source": "cnes;datasus;dados_abertos_saude",
        "official_name": "HOSPITAL CENTRAL DA AERONAUTICA HCA",
        "addr:street": "Rua Barao de Itapagipe",
        "addr:housenumber": "167",
        "addr:suburb": "Rio Comprido",
        "addr:city": "Rio de Janeiro",
        "addr:state": "RJ",
        "addr:country": "BR",
        "addr:postcode": "20261-000",
        "phone": "+55 21 3501-3100",
        "email": "dmd.hca@gmail.com",
        "amenity": "clinic",
        "healthcare": "clinic",
        "name": "Hospital Central da Aeronautica Hca",
        "comment": "Outros Serviços de Saúde",
        "qtd_equipes_esf": 1,
        "qtd_equipes_eap": 0,
        "qtd_equipes_total": 1,
        "capacidade_pnab": 3500,
        "nomes_equipes": ""
      },
      "geometry": {
        "type": "Point",
        "coordinates": [
          -43.2084103,
          -22.900014
        ]
      }
    },
    {
      "type": "Feature",
      "id": 2273438,
      "properties": {
        "operator": "Governo do Estado (RJ)",
        "operator:type": "public",
        "ref:CNES": "2273438",
        "source": "cnes;datasus;dados_abertos_saude",
        "official_name": "HOSPITAL CENTRAL DA POLICIA MILITAR DO ESTADO DO RIO DE JANE",
        "addr:street": "Rua Estacio de Sa",
        "addr:housenumber": "20",
        "addr:suburb": "Estacio",
        "addr:city": "Rio de Janeiro",
        "addr:state": "RJ",
        "addr:country": "BR",
        "addr:postcode": "20211-270",
        "amenity": "clinic",
        "healthcare": "clinic",
        "name": "Hospital Central da Policia Militar do Estado do Rio de Jane",
        "comment": "Outros Serviços de Saúde",
        "qtd_equipes_esf": 1,
        "qtd_equipes_eap": 0,
        "qtd_equipes_total": 1,
        "capacidade_pnab": 3500,
        "nomes_equipes": ""
      },
      "geometry": {
        "type": "Point",
        "coordinates": [
          -43.203847,
          -22.912685
        ]
      }
    },
    {
      "type": "Feature",
      "id": 6753469,
      "properties": {
        "operator": "Prefeitura Municipal de Rio de Janeiro",
        "operator:type": "public",
        "ref:CNES": "6753469",
        "source": "cnes;datasus;dados_abertos_saude",
        "official_name": "HOSPITAL CENTRAL DO EXERCITO",
        "addr:street": "Rua Francisco Manuel",
        "addr:housenumber": "126",
        "addr:suburb": "Benfica",
        "addr:city": "Rio de Janeiro",
        "addr:state": "RJ",
        "addr:country": "BR",
        "addr:postcode": "20911-270",
        "phone": "+55 21 3891-7013",
        "email": "tesouraria@hce.eb.mil.br",
        "amenity": "clinic",
        "healthcare": "clinic",
        "name": "Hospital Central do Exercito",
        "comment": "Outros Serviços de Saúde",
        "qtd_equipes_esf": 1,
        "qtd_equipes_eap": 0,
        "qtd_equipes_total": 1,
        "capacidade_pnab": 3500,
        "nomes_equipes": ""
      },
      "geometry": {
        "type": "Point",
        "coordinates": [
          -43.2435608,
          -22.8940065
        ]
      }
    },
    {
      "type": "Feature",
      "id": 697524,
      "properties": {
        "operator": "Prefeitura Municipal de Rio de Janeiro",
        "operator:type": "public",
        "ref:CNES": "697524",
        "source": "cnes;datasus;dados_abertos_saude",
        "official_name": "HOSPITAL DE AERONAUTICA DOS AFONSOS",
        "addr:street": "Avenida Marechal Fontenelle",
        "addr:housenumber": "1628",
        "addr:suburb": "Campo dos Afonsos",
        "addr:city": "Rio de Janeiro",
        "addr:state": "RJ",
        "addr:country": "BR",
        "addr:postcode": "21740-002",
        "phone": "+55 46 3289-6800",
        "email": "secdir.haaf@fab.mil.br",
        "amenity": "clinic",
        "healthcare": "clinic",
        "name": "Hospital de Aeronautica dos Afonsos",
        "comment": "Outros Serviços de Saúde",
        "qtd_equipes_esf": 1,
        "qtd_equipes_eap": 0,
        "qtd_equipes_total": 1,
        "capacidade_pnab": 3500,
        "nomes_equipes": ""
      },
      "geometry": {
        "type": "Point",
        "coordinates": [
          -43.38643,
          -22.88408
        ]
      }
    },
    {
      "type": "Feature",
      "id": 2295423,
      "properties": {
        "operator": "Prefeitura Municipal de Rio de Janeiro",
        "operator:type": "public",
        "ref:CNES": "2295423",
        "source": "cnes;datasus;dados_abertos_saude",
        "official_name": "HOSPITAL FEDERAL CARDOSO FONTES",
        "addr:street": "Avenida Menezes Cortes",
        "addr:housenumber": "3245",
        "addr:suburb": "Freguesia Jpa",
        "addr:city": "Rio de Janeiro",
        "addr:state": "RJ",
        "addr:country": "BR",
        "addr:postcode": "22745-130",
        "phone": "+55 21 2425-2255",
        "email": "dirhgj@nerj.rj.saude.gov.br",
        "amenity": "clinic",
        "healthcare": "clinic",
        "name": "Hospital Federal Cardoso Fontes",
        "comment": "Outros Serviços de Saúde",
        "qtd_equipes_esf": 0,
        "qtd_equipes_eap": 0,
        "qtd_equipes_total": 1,
        "capacidade_pnab": 3500,
        "nomes_equipes": "PADI CARDOSO FONTES EMAD I"
      },
      "geometry": {
        "type": "Point",
        "coordinates": [
          -43.316111,
          -22.925833
        ]
      }
    },
    {
      "type": "Feature",
      "id": 2269384,
      "properties": {
        "operator": "Prefeitura Municipal de Rio de Janeiro",
        "operator:type": "public",
        "ref:CNES": "2269384",
        "source": "cnes;datasus;dados_abertos_saude",
        "official_name": "HOSPITAL FEDERAL DO ANDARAI",
        "addr:street": "Rua Gastao Penalva",
        "addr:housenumber": "119",
        "addr:suburb": "Andarai",
        "addr:city": "Rio de Janeiro",
        "addr:state": "RJ",
        "addr:country": "BR",
        "addr:postcode": "20540-220",
        "phone": "+55 21 2575-7000",
        "amenity": "clinic",
        "healthcare": "clinic",
        "name": "Hospital Federal do Andarai",
        "comment": "Outros Serviços de Saúde",
        "qtd_equipes_esf": 1,
        "qtd_equipes_eap": 0,
        "qtd_equipes_total": 1,
        "capacidade_pnab": 3500,
        "nomes_equipes": ""
      },
      "geometry": {
        "type": "Point",
        "coordinates": [
          -43.2526118,
          -22.9276592
        ]
      }
    },
    {
      "type": "Feature",
      "id": 9110089,
      "properties": {
        "operator": "Prefeitura Municipal de Rio de Janeiro",
        "operator:type": "public",
        "ref:CNES": "9110089",
        "source": "cnes;datasus;dados_abertos_saude",
        "official_name": "HOSPITAL GERAL DO RIO DE JANEIRO",
        "addr:street": "Rua Av Duque de Caxias",
        "addr:housenumber": "1551",
        "addr:suburb": "Deodoro",
        "addr:city": "Rio de Janeiro",
        "addr:state": "RJ",
        "addr:country": "BR",
        "addr:postcode": "21615-220",
        "phone": "+55 21 2457-1700",
        "email": "divmedhgerj@gmail.com",
        "amenity": "clinic",
        "healthcare": "clinic",
        "name": "Hospital Geral do Rio de Janeiro",
        "comment": "Outros Serviços de Saúde",
        "qtd_equipes_esf": 1,
        "qtd_equipes_eap": 0,
        "qtd_equipes_total": 1,
        "capacidade_pnab": 3500,
        "nomes_equipes": ""
      },
      "geometry": {
        "type": "Point",
        "coordinates": [
          -43.227875,
          -22.8762515
        ]
      }
    },
    {
      "type": "Feature",
      "id": 5158044,
      "properties": {
        "operator": "Prefeitura Municipal de Rio de Janeiro",
        "operator:type": "public",
        "ref:CNES": "5158044",
        "source": "cnes;datasus;dados_abertos_saude",
        "official_name": "HOSPITAL NAVAL MARCILIO DIAS",
        "addr:street": "Rua Cesar Zama",
        "addr:housenumber": "185",
        "addr:suburb": "Lins de Vasconcelos",
        "addr:city": "Rio de Janeiro",
        "addr:state": "RJ",
        "addr:country": "BR",
        "addr:postcode": "20725-090",
        "amenity": "clinic",
        "healthcare": "clinic",
        "name": "Hospital Naval Marcilio Dias",
        "comment": "Outros Serviços de Saúde",
        "qtd_equipes_esf": 1,
        "qtd_equipes_eap": 0,
        "qtd_equipes_total": 1,
        "capacidade_pnab": 3500,
        "nomes_equipes": ""
      },
      "geometry": {
        "type": "Point",
        "coordinates": [
          -43.145207,
          -22.47908
        ]
      }
    },
    {
      "type": "Feature",
      "id": 2280167,
      "properties": {
        "operator": "Prefeitura Municipal de Rio de Janeiro",
        "operator:type": "public",
        "ref:CNES": "2280167",
        "source": "cnes;datasus;dados_abertos_saude",
        "official_name": "HOSPITAL UNIVERSITARIO CLEMENTINO FRAGA FILHO",
        "addr:street": "Rua Professor Rodolpho Paulo Rocco",
        "addr:housenumber": "255",
        "addr:suburb": "Ilha do Fundao",
        "addr:city": "Rio de Janeiro",
        "addr:state": "RJ",
        "addr:country": "BR",
        "addr:postcode": "21941-590",
        "phone": "+55 21 3938-2789",
        "email": "diretor@hucff.ufrj.br",
        "amenity": "clinic",
        "healthcare": "clinic",
        "name": "Hospital Universitario Clementino Fraga Filho",
        "comment": "Outros Serviços de Saúde",
        "qtd_equipes_esf": 1,
        "qtd_equipes_eap": 0,
        "qtd_equipes_total": 1,
        "capacidade_pnab": 3500,
        "nomes_equipes": ""
      },
      "geometry": {
        "type": "Point",
        "coordinates": [
          -43.237381,
          -22.8424434
        ]
      }
    },
    {
      "type": "Feature",
      "id": 2295415,
      "properties": {
        "operator": "Prefeitura Municipal de Rio de Janeiro",
        "operator:type": "public",
        "ref:CNES": "2295415",
        "source": "cnes;datasus;dados_abertos_saude",
        "official_name": "HOSPITAL UNIVERSITARIO GAFFREE E GUINLE",
        "addr:street": "Rua Mariz e Barros",
        "addr:housenumber": "775",
        "addr:suburb": "Tijuca",
        "addr:city": "Rio de Janeiro",
        "addr:state": "RJ",
        "addr:country": "BR",
        "addr:postcode": "20270-004",
        "amenity": "clinic",
        "healthcare": "clinic",
        "name": "Hospital Universitario Gaffree e Guinle",
        "comment": "Outros Serviços de Saúde",
        "qtd_equipes_esf": 1,
        "qtd_equipes_eap": 0,
        "qtd_equipes_total": 1,
        "capacidade_pnab": 3500,
        "nomes_equipes": ""
      },
      "geometry": {
        "type": "Point",
        "coordinates": [
          -43.221008,
          -22.916223
        ]
      }
    },
    {
      "type": "Feature",
      "id": 2288338,
      "properties": {
        "operator": "Prefeitura Municipal de Rio de Janeiro",
        "operator:type": "public",
        "ref:CNES": "2288338",
        "source": "cnes;datasus;dados_abertos_saude",
        "official_name": "INI FIOCRUZ",
        "addr:street": "Rua Brasil",
        "addr:housenumber": "4365",
        "addr:suburb": "Manguinhos",
        "addr:city": "Rio de Janeiro",
        "addr:state": "RJ",
        "addr:country": "BR",
        "addr:postcode": "21040-360",
        "phone": "+55 21 3865-9595",
        "email": "seinfo.faturamento@ini.fiocruz.br",
        "amenity": "clinic",
        "healthcare": "clinic",
        "name": "Ini Fiocruz",
        "comment": "Outros Serviços de Saúde",
        "qtd_equipes_esf": 1,
        "qtd_equipes_eap": 0,
        "qtd_equipes_total": 1,
        "capacidade_pnab": 3500,
        "nomes_equipes": ""
      },
      "geometry": {
        "type": "Point",
        "coordinates": [
          -43.243377,
          -22.879388
        ]
      }
    },
    {
      "type": "Feature",
      "id": 2270617,
      "properties": {
        "operator": "Governo do Estado (RJ)",
        "operator:type": "public",
        "ref:CNES": "2270617",
        "source": "cnes;datasus;dados_abertos_saude",
        "official_name": "INSTITUTO ESTADUAL DE DERMATOLOGIA SANITARIA",
        "addr:street": "Rua Godofredo Viana",
        "addr:housenumber": "64",
        "addr:suburb": "Tanque Jacarepagua",
        "addr:city": "Rio de Janeiro",
        "addr:state": "RJ",
        "addr:country": "BR",
        "addr:postcode": "22730-020",
        "phone": "+55 21 2333-6676",
        "email": "ieds@saude.rj.gov.br",
        "amenity": "clinic",
        "healthcare": "clinic",
        "name": "Instituto Estadual de Dermatologia Sanitaria",
        "comment": "Outros Serviços de Saúde",
        "qtd_equipes_esf": 1,
        "qtd_equipes_eap": 0,
        "qtd_equipes_total": 1,
        "capacidade_pnab": 3500,
        "nomes_equipes": ""
      },
      "geometry": {
        "type": "Point",
        "coordinates": [
          -43.366891,
          -22.913839
        ]
      }
    },
    {
      "type": "Feature",
      "id": 2269775,
      "properties": {
        "operator": "Prefeitura Municipal de Rio de Janeiro",
        "operator:type": "public",
        "ref:CNES": "2269775",
        "source": "cnes;datasus;dados_abertos_saude",
        "official_name": "MS HOSPITAL DE IPANEMA",
        "addr:street": "Rua Antonio Parreiras",
        "addr:housenumber": "67",
        "addr:suburb": "Ipanema",
        "addr:city": "Rio de Janeiro",
        "addr:state": "RJ",
        "addr:country": "BR",
        "addr:postcode": "22411-020",
        "phone": "+55 21 3111-2318",
        "email": "hospitaldeipanema@hgi.rj.saude.gov.br",
        "amenity": "clinic",
        "healthcare": "clinic",
        "name": "Ms Hospital de Ipanema",
        "comment": "Outros Serviços de Saúde",
        "qtd_equipes_esf": 1,
        "qtd_equipes_eap": 0,
        "qtd_equipes_total": 1,
        "capacidade_pnab": 3500,
        "nomes_equipes": ""
      },
      "geometry": {
        "type": "Point",
        "coordinates": [
          -43.1957799,
          -22.983975
        ]
      }
    },
    {
      "type": "Feature",
      "id": 2273659,
      "properties": {
        "operator": "Prefeitura Municipal de Rio de Janeiro",
        "operator:type": "public",
        "ref:CNES": "2273659",
        "source": "cnes;datasus;dados_abertos_saude",
        "official_name": "MS HOSPITAL FEDERAL DA LAGOA",
        "addr:street": "Rua Jardim Botanico",
        "addr:housenumber": "501",
        "addr:suburb": "Jardim Botanico",
        "addr:city": "Rio de Janeiro",
        "addr:state": "RJ",
        "addr:country": "BR",
        "addr:postcode": "22470-050",
        "phone": "+55 46 3111-5108",
        "email": "dirhgl@nerj.rj.saude.gov.br",
        "amenity": "clinic",
        "healthcare": "clinic",
        "name": "Ms Hospital Federal da Lagoa",
        "comment": "Outros Serviços de Saúde",
        "qtd_equipes_esf": 1,
        "qtd_equipes_eap": 0,
        "qtd_equipes_total": 1,
        "capacidade_pnab": 3500,
        "nomes_equipes": ""
      },
      "geometry": {
        "type": "Point",
        "coordinates": [
          -43.2157516,
          -22.9633525
        ]
      }
    },
    {
      "type": "Feature",
      "id": 2269392,
      "properties": {
        "operator": "Prefeitura Municipal de Rio de Janeiro",
        "operator:type": "public",
        "ref:CNES": "2269392",
        "source": "cnes;datasus;dados_abertos_saude",
        "official_name": "POLICLINICA PIQUET CARNEIRO",
        "addr:street": "Rua Av Marechal Rondom",
        "addr:housenumber": "381",
        "addr:suburb": "São Francisco Xavier",
        "addr:city": "Rio de Janeiro",
        "addr:state": "RJ",
        "addr:country": "BR",
        "addr:postcode": "20950-003",
        "phone": "+55 21 2566-7000",
        "email": "servccp@ppc.uerj.br",
        "amenity": "clinic",
        "healthcare": "clinic",
        "name": "Policlinica Piquet Carneiro",
        "comment": "Outros Serviços de Saúde",
        "qtd_equipes_esf": 1,
        "qtd_equipes_eap": 0,
        "qtd_equipes_total": 1,
        "capacidade_pnab": 3500,
        "nomes_equipes": ""
      },
      "geometry": {
        "type": "Point",
        "coordinates": [
          -43.244131,
          -22.905505
        ]
      }
    },
    {
      "type": "Feature",
      "id": 2270196,
      "properties": {
        "operator": "Governo do Estado (RJ)",
        "operator:type": "public",
        "ref:CNES": "2270196",
        "source": "cnes;datasus;dados_abertos_saude",
        "official_name": "SEAP CGSP RJ SANATORIO PENAL",
        "addr:street": "Rua Guandu do Sena",
        "addr:housenumber": "1902",
        "addr:suburb": "Bangu",
        "addr:city": "Rio de Janeiro",
        "addr:state": "RJ",
        "addr:country": "BR",
        "addr:postcode": "21810-011",
        "phone": "+55 46 2332-4826",
        "email": "sanatoriopenal@gmail.com",
        "amenity": "clinic",
        "healthcare": "clinic",
        "name": "Seap Cgsp Rj Sanatorio Penal",
        "comment": "Outros Serviços de Saúde",
        "qtd_equipes_esf": 1,
        "qtd_equipes_eap": 0,
        "qtd_equipes_total": 1,
        "capacidade_pnab": 3500,
        "nomes_equipes": ""
      },
      "geometry": {
        "type": "Point",
        "coordinates": [
          -43.52906,
          -22.84027
        ]
      }
    },
    {
      "type": "Feature",
      "id": 2298724,
      "properties": {
        "operator": "Governo do Estado (RJ)",
        "operator:type": "public",
        "ref:CNES": "2298724",
        "source": "cnes;datasus;dados_abertos_saude",
        "official_name": "SES RJ HOSPITAL ESTADUAL ANCHIETA",
        "addr:street": "Rua Carlos Seidl",
        "addr:housenumber": "785",
        "addr:suburb": "Caju",
        "addr:city": "Rio de Janeiro",
        "addr:state": "RJ",
        "addr:country": "BR",
        "addr:postcode": "20930-390",
        "amenity": "clinic",
        "healthcare": "clinic",
        "name": "Ses Rj Hospital Estadual Anchieta",
        "comment": "Outros Serviços de Saúde",
        "qtd_equipes_esf": 1,
        "qtd_equipes_eap": 0,
        "qtd_equipes_total": 1,
        "capacidade_pnab": 3500,
        "nomes_equipes": ""
      },
      "geometry": {
        "type": "Point",
        "coordinates": [
          -43.2218484,
          -22.8754893
        ]
      }
    },
    {
      "type": "Feature",
      "id": 2273411,
      "properties": {
        "operator": "Governo do Estado (RJ)",
        "operator:type": "public",
        "ref:CNES": "2273411",
        "source": "cnes;datasus;dados_abertos_saude",
        "official_name": "SES RJ HOSPITAL ESTADUAL CARLOS CHAGAS",
        "addr:street": "Avenida General Osvaldo Cordeiro de Farias",
        "addr:housenumber": "466",
        "addr:suburb": "Marechal Hermes",
        "addr:city": "Rio de Janeiro",
        "addr:state": "RJ",
        "addr:country": "BR",
        "addr:postcode": "21610-480",
        "phone": "+55 21 2332-1127",
        "email": "hecc.adm@gmail.com",
        "amenity": "clinic",
        "healthcare": "clinic",
        "name": "Ses Rj Hospital Estadual Carlos Chagas",
        "comment": "Outros Serviços de Saúde",
        "qtd_equipes_esf": 1,
        "qtd_equipes_eap": 0,
        "qtd_equipes_total": 1,
        "capacidade_pnab": 3500,
        "nomes_equipes": ""
      },
      "geometry": {
        "type": "Point",
        "coordinates": [
          -43.374061,
          -22.865494
        ]
      }
    },
    {
      "type": "Feature",
      "id": 7516800,
      "properties": {
        "operator": "Prefeitura Municipal de Rio de Janeiro",
        "operator:type": "public",
        "ref:CNES": "7516800",
        "source": "cnes;datasus;dados_abertos_saude",
        "official_name": "SES RJ HOSPITAL ESTADUAL EDUARDO RABELLO",
        "addr:street": "Rua do Pre",
        "addr:suburb": "Senador Vasconcelos",
        "addr:city": "Rio de Janeiro",
        "addr:state": "RJ",
        "addr:country": "BR",
        "addr:postcode": "23013-550",
        "phone": "+55 21 3408-9190",
        "email": "domingos.lima@fs.rj.gov.br",
        "amenity": "clinic",
        "healthcare": "clinic",
        "name": "Ses Rj Hospital Estadual Eduardo Rabello",
        "comment": "Outros Serviços de Saúde",
        "qtd_equipes_esf": 1,
        "qtd_equipes_eap": 0,
        "qtd_equipes_total": 1,
        "capacidade_pnab": 3500,
        "nomes_equipes": ""
      },
      "geometry": {
        "type": "Point",
        "coordinates": [
          -43.5415483,
          -22.8979063
        ]
      }
    },
    {
      "type": "Feature",
      "id": 2270234,
      "properties": {
        "operator": "Governo do Estado (RJ)",
        "operator:type": "public",
        "ref:CNES": "2270234",
        "source": "cnes;datasus;dados_abertos_saude",
        "official_name": "SES RJ HOSPITAL ESTADUAL GETULIO VARGAS",
        "addr:street": "Rua Lobo Junior",
        "addr:housenumber": "2293",
        "addr:suburb": "Penha",
        "addr:city": "Rio de Janeiro",
        "addr:state": "RJ",
        "addr:country": "BR",
        "addr:postcode": "21020-124",
        "amenity": "clinic",
        "healthcare": "clinic",
        "name": "Ses Rj Hospital Estadual Getulio Vargas",
        "comment": "Outros Serviços de Saúde",
        "qtd_equipes_esf": 1,
        "qtd_equipes_eap": 0,
        "qtd_equipes_total": 1,
        "capacidade_pnab": 3500,
        "nomes_equipes": ""
      },
      "geometry": {
        "type": "Point",
        "coordinates": [
          -43.285017,
          -22.8389235
        ]
      }
    },
    {
      "type": "Feature",
      "id": 2273365,
      "properties": {
        "operator": "Governo do Estado (RJ)",
        "operator:type": "public",
        "ref:CNES": "2273365",
        "source": "cnes;datasus;dados_abertos_saude",
        "official_name": "SES RJ INSTITUTO ESTADUAL DE INFECTOLOGIA SAO SEBASTIAO",
        "addr:street": "Rua Sacadura Cabral",
        "addr:housenumber": "178",
        "addr:suburb": "Saude",
        "addr:city": "Rio de Janeiro",
        "addr:state": "RJ",
        "addr:country": "BR",
        "addr:postcode": "20221-161",
        "phone": "+55 46 2332-7165",
        "email": "diretoriaieiss@gmail.com",
        "amenity": "clinic",
        "healthcare": "clinic",
        "name": "Ses Rj Instituto Estadual de Infectologia São Sebastiao",
        "comment": "Outros Serviços de Saúde",
        "qtd_equipes_esf": 1,
        "qtd_equipes_eap": 0,
        "qtd_equipes_total": 1,
        "capacidade_pnab": 3500,
        "nomes_equipes": ""
      },
      "geometry": {
        "type": "Point",
        "coordinates": [
          -43.18788,
          -22.89417
        ]
      }
    },
    {
      "type": "Feature",
      "id": 2298120,
      "properties": {
        "operator": "Prefeitura Municipal de Rio de Janeiro",
        "operator:type": "public",
        "ref:CNES": "2298120",
        "source": "cnes;datasus;dados_abertos_saude",
        "official_name": "SMS HOSPITAL MUNICIPAL ALBERT SCHWEITZER AP 51",
        "addr:street": "Rua Nilopolis",
        "addr:housenumber": "329",
        "addr:suburb": "Realengo",
        "addr:city": "Rio de Janeiro",
        "addr:state": "RJ",
        "addr:country": "BR",
        "addr:postcode": "21725-090",
        "phone": "+55 21 2042-2096",
        "email": "faturamento.hmas@vivario.org.br",
        "amenity": "clinic",
        "healthcare": "clinic",
        "name": "Sms Hospital Municipal Albert Schweitzer Ap 51",
        "comment": "Outros Serviços de Saúde",
        "qtd_equipes_esf": 1,
        "qtd_equipes_eap": 0,
        "qtd_equipes_total": 1,
        "capacidade_pnab": 3500,
        "nomes_equipes": ""
      },
      "geometry": {
        "type": "Point",
        "coordinates": [
          -43.43868,
          -22.86607
        ]
      }
    },
    {
      "type": "Feature",
      "id": 2269481,
      "properties": {
        "operator": "Prefeitura Municipal de Rio de Janeiro",
        "operator:type": "public",
        "ref:CNES": "2269481",
        "source": "cnes;datasus;dados_abertos_saude",
        "official_name": "SMS HOSPITAL MUNICIPAL DA PIEDADE AP 32",
        "addr:street": "Rua da Capela",
        "addr:housenumber": "96",
        "addr:suburb": "Piedade",
        "addr:city": "Rio de Janeiro",
        "addr:state": "RJ",
        "addr:country": "BR",
        "addr:postcode": "20740-310",
        "phone": "+55 21 3111-6540",
        "email": "hmpiedade@rio.rj.gov.br",
        "amenity": "clinic",
        "healthcare": "clinic",
        "name": "Sms Hospital Municipal da Piedade Ap 32",
        "comment": "Outros Serviços de Saúde",
        "qtd_equipes_esf": 1,
        "qtd_equipes_eap": 0,
        "qtd_equipes_total": 1,
        "capacidade_pnab": 3500,
        "nomes_equipes": ""
      },
      "geometry": {
        "type": "Point",
        "coordinates": [
          -43.309627,
          -22.891816
        ]
      }
    },
    {
      "type": "Feature",
      "id": 7166494,
      "properties": {
        "operator": "Prefeitura Municipal de Rio de Janeiro",
        "operator:type": "public",
        "ref:CNES": "7166494",
        "source": "cnes;datasus;dados_abertos_saude",
        "official_name": "SMS HOSPITAL MUNICIPAL EVANDRO FREIRE AP 31",
        "addr:street": "Estrada do Galeao",
        "addr:housenumber": "2920",
        "addr:suburb": "Portuguesa Ilha do G",
        "addr:city": "Rio de Janeiro",
        "addr:state": "RJ",
        "addr:country": "BR",
        "addr:postcode": "21931-582",
        "phone": "+55 21 3812-2400",
        "email": "faturamento.hmef@cejam.org.br",
        "amenity": "clinic",
        "healthcare": "clinic",
        "name": "Sms Hospital Municipal Evandro Freire Ap 31",
        "comment": "Outros Serviços de Saúde",
        "qtd_equipes_esf": 1,
        "qtd_equipes_eap": 0,
        "qtd_equipes_total": 1,
        "capacidade_pnab": 3500,
        "nomes_equipes": ""
      },
      "geometry": {
        "type": "Point",
        "coordinates": [
          -43.2106555,
          -22.8051874
        ]
      }
    },
    {
      "type": "Feature",
      "id": 2291266,
      "properties": {
        "operator": "Prefeitura Municipal de Rio de Janeiro",
        "operator:type": "public",
        "ref:CNES": "2291266",
        "source": "cnes;datasus;dados_abertos_saude",
        "official_name": "SMS HOSPITAL MUNICIPAL FRANCISCO DA SILVA TELLES AP 33",
        "addr:street": "Rua Ubirajara",
        "addr:housenumber": "25",
        "addr:suburb": "Iraja",
        "addr:city": "Rio de Janeiro",
        "addr:state": "RJ",
        "addr:country": "BR",
        "addr:postcode": "21230-300",
        "phone": "+55 46 21371-5070",
        "amenity": "clinic",
        "healthcare": "clinic",
        "name": "Sms Hospital Municipal Francisco da Silva Telles Ap 33",
        "comment": "Outros Serviços de Saúde",
        "qtd_equipes_esf": 1,
        "qtd_equipes_eap": 0,
        "qtd_equipes_total": 1,
        "capacidade_pnab": 3500,
        "nomes_equipes": ""
      },
      "geometry": {
        "type": "Point",
        "coordinates": [
          -43.208575,
          -22.90347
        ]
      }
    },
    {
      "type": "Feature",
      "id": 2270609,
      "properties": {
        "operator": "Prefeitura Municipal de Rio de Janeiro",
        "operator:type": "public",
        "ref:CNES": "2270609",
        "source": "cnes;datasus;dados_abertos_saude",
        "official_name": "SMS HOSPITAL MUNICIPAL LOURENCO JORGE AP 40",
        "addr:street": "Rua Av Ayrton Senna",
        "addr:housenumber": "2000",
        "addr:suburb": "Barra da Tijuca",
        "addr:city": "Rio de Janeiro",
        "addr:state": "RJ",
        "addr:country": "BR",
        "addr:postcode": "22793-000",
        "phone": "+55 21 3111-4612",
        "email": "hmljorge@rio.rj.gov.br",
        "amenity": "clinic",
        "healthcare": "clinic",
        "name": "Sms Hospital Municipal Lourenço Jorge Ap 40",
        "comment": "Outros Serviços de Saúde",
        "qtd_equipes_esf": 1,
        "qtd_equipes_eap": 0,
        "qtd_equipes_total": 1,
        "capacidade_pnab": 3500,
        "nomes_equipes": ""
      },
      "geometry": {
        "type": "Point",
        "coordinates": [
          -43.3643149,
          -22.9952485
        ]
      }
    },
    {
      "type": "Feature",
      "id": 2270269,
      "properties": {
        "operator": "Prefeitura Municipal de Rio de Janeiro",
        "operator:type": "public",
        "ref:CNES": "2270269",
        "source": "cnes;datasus;dados_abertos_saude",
        "official_name": "SMS HOSPITAL MUNICIPAL MIGUEL COUTO AP 21",
        "addr:street": "Rua Mario Ribeiro",
        "addr:housenumber": "117",
        "addr:suburb": "Gavea",
        "addr:city": "Rio de Janeiro",
        "addr:state": "RJ",
        "addr:country": "BR",
        "addr:postcode": "22430-160",
        "phone": "+55 21 3111-3711",
        "email": "hmmcdrh@gmail.com",
        "amenity": "clinic",
        "healthcare": "clinic",
        "name": "Sms Hospital Municipal Miguel Couto Ap 21",
        "comment": "Outros Serviços de Saúde",
        "qtd_equipes_esf": 1,
        "qtd_equipes_eap": 0,
        "qtd_equipes_total": 1,
        "capacidade_pnab": 3500,
        "nomes_equipes": ""
      },
      "geometry": {
        "type": "Point",
        "coordinates": [
          -43.20888,
          -22.90378
        ]
      }
    },
    {
      "type": "Feature",
      "id": 6995462,
      "properties": {
        "operator": "Prefeitura Municipal de Rio de Janeiro",
        "operator:type": "public",
        "ref:CNES": "6995462",
        "source": "cnes;datasus;dados_abertos_saude",
        "official_name": "SMS HOSPITAL MUNICIPAL PEDRO II AP 53",
        "addr:street": "Rua do Prado",
        "addr:housenumber": "325",
        "addr:suburb": "Santa Cruz",
        "addr:city": "Rio de Janeiro",
        "addr:state": "RJ",
        "addr:country": "BR",
        "addr:postcode": "23555-012",
        "phone": "+55 46 3365-5201",
        "email": "cnes.hmp2@spdm-pais.org.br",
        "amenity": "clinic",
        "healthcare": "clinic",
        "name": "Sms Hospital Municipal Pedro II Ap 53",
        "comment": "Outros Serviços de Saúde",
        "qtd_equipes_esf": 1,
        "qtd_equipes_eap": 0,
        "qtd_equipes_total": 1,
        "capacidade_pnab": 3500,
        "nomes_equipes": ""
      },
      "geometry": {
        "type": "Point",
        "coordinates": [
          -43.687744,
          -22.912682
        ]
      }
    },
    {
      "type": "Feature",
      "id": 2273349,
      "properties": {
        "operator": "Prefeitura Municipal de Rio de Janeiro",
        "operator:type": "public",
        "ref:CNES": "2273349",
        "source": "cnes;datasus;dados_abertos_saude",
        "official_name": "SMS HOSPITAL MUNICIPAL RAPHAEL DE PAULA SOUZA AP 40",
        "addr:street": "Estrada de Curicica",
        "addr:housenumber": "2000",
        "addr:suburb": "Jacarepagua",
        "addr:city": "Rio de Janeiro",
        "addr:state": "RJ",
        "addr:country": "BR",
        "addr:postcode": "22740-000",
        "phone": "+55 21 3413-6433",
        "email": "smsdirecaogeralhmrps@gmail.com",
        "amenity": "clinic",
        "healthcare": "clinic",
        "name": "Sms Hospital Municipal Raphael de Paula Souza Ap 40",
        "comment": "Outros Serviços de Saúde",
        "qtd_equipes_esf": 1,
        "qtd_equipes_eap": 0,
        "qtd_equipes_total": 1,
        "capacidade_pnab": 3500,
        "nomes_equipes": ""
      },
      "geometry": {
        "type": "Point",
        "coordinates": [
          -43.3969139,
          -22.955721
        ]
      }
    },
    {
      "type": "Feature",
      "id": 2295407,
      "properties": {
        "operator": "Prefeitura Municipal de Rio de Janeiro",
        "operator:type": "public",
        "ref:CNES": "2295407",
        "source": "cnes;datasus;dados_abertos_saude",
        "official_name": "SMS HOSPITAL MUNICIPAL ROCHA FARIA AP 52",
        "addr:street": "Rua Av Cesario de Melo",
        "addr:housenumber": "3215",
        "addr:suburb": "Campo Grande",
        "addr:city": "Rio de Janeiro",
        "addr:state": "RJ",
        "addr:country": "BR",
        "addr:postcode": "23050-101",
        "phone": "+55 21 2333-6797",
        "email": "direcao.hmrf@igedes.org.br",
        "amenity": "clinic",
        "healthcare": "clinic",
        "name": "Sms Hospital Municipal Rocha Faria Ap 52",
        "comment": "Outros Serviços de Saúde",
        "qtd_equipes_esf": 1,
        "qtd_equipes_eap": 0,
        "qtd_equipes_total": 1,
        "capacidade_pnab": 3500,
        "nomes_equipes": ""
      },
      "geometry": {
        "type": "Point",
        "coordinates": [
          -43.5623808,
          -22.908061
        ]
      }
    },
    {
      "type": "Feature",
      "id": 2273489,
      "properties": {
        "operator": "Prefeitura Municipal de Rio de Janeiro",
        "operator:type": "public",
        "ref:CNES": "2273489",
        "source": "cnes;datasus;dados_abertos_saude",
        "official_name": "SMS HOSPITAL MUNICIPAL ROCHA MAIA AP 21",
        "addr:street": "Rua General Severiano",
        "addr:housenumber": "91",
        "addr:suburb": "Botafogo",
        "addr:city": "Rio de Janeiro",
        "addr:state": "RJ",
        "addr:country": "BR",
        "addr:postcode": "22290-040",
        "phone": "+55 21 2295-2295",
        "email": "hospitalmunicipalrochamaia@gmail.com",
        "amenity": "clinic",
        "healthcare": "clinic",
        "name": "Sms Hospital Municipal Rocha Maia Ap 21",
        "comment": "Outros Serviços de Saúde",
        "qtd_equipes_esf": 1,
        "qtd_equipes_eap": 0,
        "qtd_equipes_total": 1,
        "capacidade_pnab": 3500,
        "nomes_equipes": ""
      },
      "geometry": {
        "type": "Point",
        "coordinates": [
          -43.208,
          -22.903
        ]
      }
    },
    {
      "type": "Feature",
      "id": 2296306,
      "properties": {
        "operator": "Prefeitura Municipal de Rio de Janeiro",
        "operator:type": "public",
        "ref:CNES": "2296306",
        "source": "cnes;datasus;dados_abertos_saude",
        "official_name": "SMS HOSPITAL MUNICIPAL SALGADO FILHO AP 32",
        "addr:street": "Rua Arquias Cordeiro",
        "addr:housenumber": "370",
        "addr:suburb": "Meier",
        "addr:city": "Rio de Janeiro",
        "addr:state": "RJ",
        "addr:country": "BR",
        "addr:postcode": "20770-000",
        "amenity": "clinic",
        "healthcare": "clinic",
        "name": "Sms Hospital Municipal Salgado Filho Ap 32",
        "comment": "Outros Serviços de Saúde",
        "qtd_equipes_esf": 0,
        "qtd_equipes_eap": 0,
        "qtd_equipes_total": 1,
        "capacidade_pnab": 3500,
        "nomes_equipes": "32 EMAD IIII PADI SALGADO FILH"
      },
      "geometry": {
        "type": "Point",
        "coordinates": [
          -43.2085365,
          -22.9031514
        ]
      }
    },
    {
      "type": "Feature",
      "id": 2280183,
      "properties": {
        "operator": "Prefeitura Municipal de Rio de Janeiro",
        "operator:type": "public",
        "ref:CNES": "2280183",
        "source": "cnes;datasus;dados_abertos_saude",
        "official_name": "SMS HOSPITAL MUNICIPAL SOUZA AGUIAR AP 10",
        "addr:street": "Rua Praca da Republica",
        "addr:housenumber": "111",
        "addr:city": "Rio de Janeiro",
        "addr:state": "RJ",
        "addr:country": "BR",
        "addr:postcode": "20211-350",
        "amenity": "clinic",
        "healthcare": "clinic",
        "name": "Sms Hospital Municipal Souza Aguiar Ap 10",
        "comment": "Outros Serviços de Saúde",
        "qtd_equipes_esf": 1,
        "qtd_equipes_eap": 0,
        "qtd_equipes_total": 1,
        "capacidade_pnab": 3500,
        "nomes_equipes": ""
      },
      "geometry": {
        "type": "Point",
        "coordinates": [
          -43.18969,
          -22.90822
        ]
      }
    },
    {
      "type": "Feature",
      "id": 2269783,
      "properties": {
        "operator": "Prefeitura Municipal de Rio de Janeiro",
        "operator:type": "public",
        "ref:CNES": "2269783",
        "source": "cnes;datasus;dados_abertos_saude",
        "official_name": "UERJ HOSPITAL UNIV PEDRO ERNESTO",
        "addr:street": "Rua Boulevard 28 de Setembro",
        "addr:housenumber": "77",
        "addr:suburb": "Vila Isabel",
        "addr:city": "Rio de Janeiro",
        "addr:state": "RJ",
        "addr:country": "BR",
        "addr:postcode": "20551-900",
        "phone": "+55 21 2868-8000",
        "email": "faturamento.hupe@uerj.br",
        "amenity": "clinic",
        "healthcare": "clinic",
        "name": "Uerj Hospital Univ Pedro Ernesto",
        "comment": "Outros Serviços de Saúde",
        "qtd_equipes_esf": 1,
        "qtd_equipes_eap": 0,
        "qtd_equipes_total": 1,
        "capacidade_pnab": 3500,
        "nomes_equipes": ""
      },
      "geometry": {
        "type": "Point",
        "coordinates": [
          -43.2374454,
          -22.914148
        ]
      }
    },
    {
      "type": "Feature",
      "id": 2270668,
      "properties": {
        "operator": "Prefeitura Municipal de Rio de Janeiro",
        "operator:type": "public",
        "ref:CNES": "2270668",
        "source": "cnes;datasus;dados_abertos_saude",
        "official_name": "UFRJ HOSP ESCOLA SAO FRANCISCO DE ASSIS",
        "addr:street": "Rua Presidente Vargas",
        "addr:housenumber": "2863",
        "addr:suburb": "Cidade Nova",
        "addr:city": "Rio de Janeiro",
        "addr:state": "RJ",
        "addr:country": "BR",
        "addr:postcode": "20210-030",
        "email": "eduardoalexander12@hesfa.ufrj.br",
        "amenity": "clinic",
        "healthcare": "clinic",
        "name": "Ufrj Hosp Escola São Francisco de Assis",
        "comment": "Outros Serviços de Saúde",
        "qtd_equipes_esf": 1,
        "qtd_equipes_eap": 0,
        "qtd_equipes_total": 1,
        "capacidade_pnab": 3500,
        "nomes_equipes": ""
      },
      "geometry": {
        "type": "Point",
        "coordinates": [
          -43.20108,
          -22.90866
        ]
      }
    },
    {
      "type": "Feature",
      "id": 2708353,
      "properties": {
        "operator": "Prefeitura Municipal de Rio de Janeiro",
        "operator:type": "public",
        "ref:CNES": "2708353",
        "source": "cnes;datasus;dados_abertos_saude",
        "official_name": "IFF FIOCRUZ",
        "addr:street": "Rua Av Rui Barbosa",
        "addr:housenumber": "716",
        "addr:suburb": "Flamengo",
        "addr:city": "Rio de Janeiro",
        "addr:state": "RJ",
        "addr:country": "BR",
        "addr:postcode": "22250-020",
        "phone": "+55 21 2554-1700",
        "email": "direcao@iff.fiocruz.br",
        "amenity": "clinic",
        "healthcare": "clinic",
        "name": "Iff Fiocruz",
        "comment": "Outros Serviços de Saúde",
        "qtd_equipes_esf": 1,
        "qtd_equipes_eap": 0,
        "qtd_equipes_total": 1,
        "capacidade_pnab": 3500,
        "nomes_equipes": ""
      },
      "geometry": {
        "type": "Point",
        "coordinates": [
          -43.174152,
          -22.94237
        ]
      }
    },
    {
      "type": "Feature",
      "id": 2269430,
      "properties": {
        "operator": "Prefeitura Municipal de Rio de Janeiro",
        "operator:type": "public",
        "ref:CNES": "2269430",
        "source": "cnes;datasus;dados_abertos_saude",
        "official_name": "INSTITUTO DE PSIQUIATRIA DA UFRJ IPUB",
        "addr:street": "Avenida Venceslau Bras",
        "addr:housenumber": "71",
        "addr:suburb": "Botafogo",
        "addr:city": "Rio de Janeiro",
        "addr:state": "RJ",
        "addr:country": "BR",
        "addr:postcode": "22290-140",
        "phone": "+55 21 3938-0500",
        "email": "gabdiretor@ipub.ufrj.br",
        "amenity": "clinic",
        "healthcare": "clinic",
        "name": "Instituto de Psiquiatria da Ufrj Ipub",
        "comment": "Outros Serviços de Saúde",
        "qtd_equipes_esf": 1,
        "qtd_equipes_eap": 0,
        "qtd_equipes_total": 1,
        "capacidade_pnab": 3500,
        "nomes_equipes": ""
      },
      "geometry": {
        "type": "Point",
        "coordinates": [
          -43.1762942,
          -22.9530494
        ]
      }
    },
    {
      "type": "Feature",
      "id": 2295067,
      "properties": {
        "operator": "Governo do Estado (RJ)",
        "operator:type": "public",
        "ref:CNES": "2295067",
        "source": "cnes;datasus;dados_abertos_saude",
        "official_name": "INSTITUTO ESTADUAL DE HEMATOLOGIA ARTHUR SIQUEIRA CAVALCANTI",
        "addr:street": "Rua Frei Caneca",
        "addr:housenumber": "8",
        "addr:city": "Rio de Janeiro",
        "addr:state": "RJ",
        "addr:country": "BR",
        "addr:postcode": "20211-030",
        "phone": "+55 21 2332-8611",
        "email": "diretoria@hemorio.rj.gov.br",
        "amenity": "clinic",
        "healthcare": "clinic",
        "name": "Instituto Estadual de Hematologia Arthur Siqueira Cavalcanti",
        "comment": "Outros Serviços de Saúde",
        "qtd_equipes_esf": 1,
        "qtd_equipes_eap": 0,
        "qtd_equipes_total": 1,
        "capacidade_pnab": 3500,
        "nomes_equipes": ""
      },
      "geometry": {
        "type": "Point",
        "coordinates": [
          -43.1900317,
          -22.9092281
        ]
      }
    },
    {
      "type": "Feature",
      "id": 2270021,
      "properties": {
        "operator": "Prefeitura Municipal de Rio de Janeiro",
        "operator:type": "public",
        "ref:CNES": "2270021",
        "source": "cnes;datasus;dados_abertos_saude",
        "official_name": "MATERNIDADE ESCOLA DA UFRJ",
        "addr:street": "Rua das Laranjeiras",
        "addr:housenumber": "180",
        "addr:suburb": "Laranjeiras",
        "addr:city": "Rio de Janeiro",
        "addr:state": "RJ",
        "addr:country": "BR",
        "addr:postcode": "22240-003",
        "phone": "+55 21 2205-9064",
        "email": "matesc@me.ufrj.br",
        "amenity": "clinic",
        "healthcare": "clinic",
        "name": "Maternidade Escola da Ufrj",
        "comment": "Outros Serviços de Saúde",
        "qtd_equipes_esf": 1,
        "qtd_equipes_eap": 0,
        "qtd_equipes_total": 1,
        "capacidade_pnab": 3500,
        "nomes_equipes": ""
      },
      "geometry": {
        "type": "Point",
        "coordinates": [
          -43.1852829,
          -22.9327169
        ]
      }
    },
    {
      "type": "Feature",
      "id": 2280132,
      "properties": {
        "operator": "Prefeitura Municipal de Rio de Janeiro",
        "operator:type": "public",
        "ref:CNES": "2280132",
        "source": "cnes;datasus;dados_abertos_saude",
        "official_name": "MS INC INSTITUTO NACIONAL DE CARDIOLOGIA",
        "addr:street": "Rua das Laranjeiras",
        "addr:housenumber": "374",
        "addr:suburb": "Laranjeiras",
        "addr:city": "Rio de Janeiro",
        "addr:state": "RJ",
        "addr:country": "BR",
        "addr:postcode": "22240-006",
        "phone": "+55 21 3037-2152",
        "amenity": "clinic",
        "healthcare": "clinic",
        "name": "Ms Inc Instituto Nacional de Cardiologia",
        "comment": "Outros Serviços de Saúde",
        "qtd_equipes_esf": 1,
        "qtd_equipes_eap": 0,
        "qtd_equipes_total": 1,
        "capacidade_pnab": 3500,
        "nomes_equipes": ""
      },
      "geometry": {
        "type": "Point",
        "coordinates": [
          -43.1903956,
          -22.9368299
        ]
      }
    },
    {
      "type": "Feature",
      "id": 2273454,
      "properties": {
        "operator": "Prefeitura Municipal de Rio de Janeiro",
        "operator:type": "public",
        "ref:CNES": "2273454",
        "source": "cnes;datasus;dados_abertos_saude",
        "official_name": "MS INCA HOSPITAL DO CANCER I",
        "addr:street": "Rua Praca Cruz Vermelha",
        "addr:housenumber": "23",
        "addr:city": "Rio de Janeiro",
        "addr:state": "RJ",
        "addr:country": "BR",
        "addr:postcode": "20230-130",
        "phone": "+55 21 3207-1000",
        "email": "cnes.hc1@inca.gov.br",
        "amenity": "clinic",
        "healthcare": "clinic",
        "name": "Ms Inca Hospital do Cancer I",
        "comment": "Outros Serviços de Saúde",
        "qtd_equipes_esf": 1,
        "qtd_equipes_eap": 0,
        "qtd_equipes_total": 1,
        "capacidade_pnab": 3500,
        "nomes_equipes": ""
      },
      "geometry": {
        "type": "Point",
        "coordinates": [
          -43.1880098,
          -22.9121815
        ]
      }
    },
    {
      "type": "Feature",
      "id": 2273462,
      "properties": {
        "operator": "Prefeitura Municipal de Rio de Janeiro",
        "operator:type": "public",
        "ref:CNES": "2273462",
        "source": "cnes;datasus;dados_abertos_saude",
        "official_name": "MS INCA HOSPITAL DO CANCER III",
        "addr:street": "Rua Visconde de Santa Isabel",
        "addr:housenumber": "274",
        "addr:suburb": "Vila Isabel",
        "addr:city": "Rio de Janeiro",
        "addr:state": "RJ",
        "addr:country": "BR",
        "addr:postcode": "20560-120",
        "phone": "+55 21 3207-3912",
        "email": "direcao.hc3@inca.gov.br",
        "amenity": "clinic",
        "healthcare": "clinic",
        "name": "Ms Inca Hospital do Cancer III",
        "comment": "Outros Serviços de Saúde",
        "qtd_equipes_esf": 1,
        "qtd_equipes_eap": 0,
        "qtd_equipes_total": 1,
        "capacidade_pnab": 3500,
        "nomes_equipes": ""
      },
      "geometry": {
        "type": "Point",
        "coordinates": [
          -43.2565462,
          -22.9169815
        ]
      }
    },
    {
      "type": "Feature",
      "id": 7002017,
      "properties": {
        "operator": "Prefeitura Municipal de Rio de Janeiro",
        "operator:type": "public",
        "ref:CNES": "7002017",
        "source": "cnes;datasus;dados_abertos_saude",
        "official_name": "MS INCA HOSPITAL DO CANCER IV CUIDADOS PALIATIVOS",
        "addr:street": "Rua Visconde Santa Isabel",
        "addr:housenumber": "274",
        "addr:suburb": "Vila Isabel",
        "addr:city": "Rio de Janeiro",
        "addr:state": "RJ",
        "addr:country": "BR",
        "addr:postcode": "20560-120",
        "phone": "+55 21 3207-4058",
        "email": "hc4@inca.gov.br",
        "amenity": "clinic",
        "healthcare": "clinic",
        "name": "Ms Inca Hospital do Cancer Iv Cuidados Paliativos",
        "comment": "Outros Serviços de Saúde",
        "qtd_equipes_esf": 1,
        "qtd_equipes_eap": 0,
        "qtd_equipes_total": 1,
        "capacidade_pnab": 3500,
        "nomes_equipes": ""
      },
      "geometry": {
        "type": "Point",
        "coordinates": [
          -43.2618207,
          -22.925686
        ]
      }
    },
    {
      "type": "Feature",
      "id": 2269821,
      "properties": {
        "operator": "Prefeitura Municipal de Rio de Janeiro",
        "operator:type": "public",
        "ref:CNES": "2269821",
        "source": "cnes;datasus;dados_abertos_saude",
        "official_name": "MS INCA II HOSPITAL DO CANCER II",
        "addr:street": "Rua do Equador",
        "addr:housenumber": "831",
        "addr:suburb": "Santo Cristo",
        "addr:city": "Rio de Janeiro",
        "addr:state": "RJ",
        "addr:country": "BR",
        "addr:postcode": "20220-410",
        "phone": "+55 21 3207-2800",
        "email": "faturamento.hc2@inca.gov.br",
        "amenity": "clinic",
        "healthcare": "clinic",
        "name": "Ms Inca II Hospital do Cancer II",
        "comment": "Outros Serviços de Saúde",
        "qtd_equipes_esf": 1,
        "qtd_equipes_eap": 0,
        "qtd_equipes_total": 1,
        "capacidade_pnab": 3500,
        "nomes_equipes": ""
      },
      "geometry": {
        "type": "Point",
        "coordinates": [
          -43.2060528,
          -22.8991064
        ]
      }
    },
    {
      "type": "Feature",
      "id": 2273276,
      "properties": {
        "operator": "Prefeitura Municipal de Rio de Janeiro",
        "operator:type": "public",
        "ref:CNES": "2273276",
        "source": "cnes;datasus;dados_abertos_saude",
        "official_name": "MS INST NACIONAL DE TRAUMATO ORTOPEDIA",
        "addr:street": "Avenida Brasil",
        "addr:housenumber": "500",
        "addr:suburb": "São Cristóvão",
        "addr:city": "Rio de Janeiro",
        "addr:state": "RJ",
        "addr:country": "BR",
        "addr:postcode": "20940-070",
        "phone": "+55 21 2134-5482",
        "email": "into@into.saude.gov.br",
        "amenity": "clinic",
        "healthcare": "clinic",
        "name": "Ms Inst Nacional de Traumato Ortopedia",
        "comment": "Outros Serviços de Saúde",
        "qtd_equipes_esf": 1,
        "qtd_equipes_eap": 0,
        "qtd_equipes_total": 1,
        "capacidade_pnab": 3500,
        "nomes_equipes": ""
      },
      "geometry": {
        "type": "Point",
        "coordinates": [
          -43.2149895,
          -22.89288
        ]
      }
    },
    {
      "type": "Feature",
      "id": 2270188,
      "properties": {
        "operator": "Governo do Estado (RJ)",
        "operator:type": "public",
        "ref:CNES": "2270188",
        "source": "cnes;datasus;dados_abertos_saude",
        "official_name": "SEAP RJ CENTRO TRAT EM DEPENDENCIA QUIMICA ROBERTO MEDEIROS",
        "addr:street": "Rua Gen Emilio Mourel Filho",
        "addr:housenumber": "1100",
        "addr:suburb": "Bangu",
        "addr:city": "Rio de Janeiro",
        "addr:state": "RJ",
        "addr:country": "BR",
        "addr:postcode": "21854-010",
        "email": "seaprm@seap.rj.gov.br",
        "amenity": "clinic",
        "healthcare": "clinic",
        "name": "Seap Rj Centro Trat em Dependencia Quimica Roberto Medeiros",
        "comment": "Outros Serviços de Saúde",
        "qtd_equipes_esf": 1,
        "qtd_equipes_eap": 0,
        "qtd_equipes_total": 1,
        "capacidade_pnab": 3500,
        "nomes_equipes": ""
      },
      "geometry": {
        "type": "Point",
        "coordinates": [
          -43.20727,
          -22.90835
        ]
      }
    },
    {
      "type": "Feature",
      "id": 2291304,
      "properties": {
        "operator": "Governo do Estado (RJ)",
        "operator:type": "public",
        "ref:CNES": "2291304",
        "source": "cnes;datasus;dados_abertos_saude",
        "official_name": "SES RJ CENTRO PSIQUIATRICO RIO DE JANEIRO",
        "addr:street": "Rua Coronel Assuncao",
        "addr:suburb": "Gamboa",
        "addr:city": "Rio de Janeiro",
        "addr:state": "RJ",
        "addr:country": "BR",
        "addr:postcode": "20220-480",
        "phone": "+55 21 2299-2577",
        "amenity": "clinic",
        "healthcare": "clinic",
        "name": "Ses Rj Centro Psiquiatrico Rio de Janeiro",
        "comment": "Outros Serviços de Saúde",
        "qtd_equipes_esf": 1,
        "qtd_equipes_eap": 0,
        "qtd_equipes_total": 1,
        "capacidade_pnab": 3500,
        "nomes_equipes": ""
      },
      "geometry": {
        "type": "Point",
        "coordinates": [
          -43.1910968,
          -22.8947379
        ]
      }
    },
    {
      "type": "Feature",
      "id": 2273209,
      "properties": {
        "operator": "Governo do Estado (RJ)",
        "operator:type": "public",
        "ref:CNES": "2273209",
        "source": "cnes;datasus;dados_abertos_saude",
        "official_name": "SES RJ HOSPITAL ESTADUAL SANTA MARIA",
        "addr:street": "Estrada do Rio Pequeno",
        "addr:housenumber": "656",
        "addr:suburb": "Jacarepagua",
        "addr:city": "Rio de Janeiro",
        "addr:state": "RJ",
        "addr:country": "BR",
        "addr:postcode": "22723-195",
        "phone": "+55 21 2333-6548",
        "email": "direcaogeral.hesm@gmail.com",
        "amenity": "clinic",
        "healthcare": "clinic",
        "name": "Ses Rj Hospital Estadual Santa Maria",
        "comment": "Outros Serviços de Saúde",
        "qtd_equipes_esf": 1,
        "qtd_equipes_eap": 0,
        "qtd_equipes_total": 1,
        "capacidade_pnab": 3500,
        "nomes_equipes": ""
      },
      "geometry": {
        "type": "Point",
        "coordinates": [
          -43.4240039,
          -22.9161638
        ]
      }
    },
    {
      "type": "Feature",
      "id": 7185081,
      "properties": {
        "operator": "Governo do Estado (RJ)",
        "operator:type": "public",
        "ref:CNES": "7185081",
        "source": "cnes;datasus;dados_abertos_saude",
        "official_name": "SES RJ HOSPITAL ESTADUAL TRANSPLANTE CANCER E CIR INFANTIL",
        "addr:street": "Rua Luiz Beltrao",
        "addr:housenumber": "147",
        "addr:suburb": "Vila Valqueire",
        "addr:city": "Rio de Janeiro",
        "addr:state": "RJ",
        "addr:country": "BR",
        "addr:postcode": "21330-400",
        "phone": "+55 21 3369-9650",
        "email": "administracao@hcrianca.com.br",
        "amenity": "clinic",
        "healthcare": "clinic",
        "name": "Ses Rj Hospital Estadual Transplante Cancer e Cir Infantil",
        "comment": "Outros Serviços de Saúde",
        "qtd_equipes_esf": 1,
        "qtd_equipes_eap": 0,
        "qtd_equipes_total": 1,
        "capacidade_pnab": 3500,
        "nomes_equipes": ""
      },
      "geometry": {
        "type": "Point",
        "coordinates": [
          -43.3686044,
          -22.8851061
        ]
      }
    },
    {
      "type": "Feature",
      "id": 2270803,
      "properties": {
        "operator": "Governo do Estado (RJ)",
        "operator:type": "public",
        "ref:CNES": "2270803",
        "source": "cnes;datasus;dados_abertos_saude",
        "official_name": "SES RJ I INST EST DIABET ENDOCRINOLOGIA IEDE",
        "addr:street": "Rua Moncorvo Filho",
        "addr:housenumber": "90",
        "addr:city": "Rio de Janeiro",
        "addr:state": "RJ",
        "addr:country": "BR",
        "addr:postcode": "20211-340",
        "phone": "+55 21 2332-7154",
        "email": "diretor.iede@saude.rj.gov.br",
        "amenity": "clinic",
        "healthcare": "clinic",
        "name": "Ses Rj I Inst Est Diabet Endocrinologia Iede",
        "comment": "Outros Serviços de Saúde",
        "qtd_equipes_esf": 1,
        "qtd_equipes_eap": 0,
        "qtd_equipes_total": 1,
        "capacidade_pnab": 3500,
        "nomes_equipes": ""
      },
      "geometry": {
        "type": "Point",
        "coordinates": [
          -43.1915154,
          -22.908549
        ]
      }
    },
    {
      "type": "Feature",
      "id": 2269678,
      "properties": {
        "operator": "Prefeitura Municipal de Rio de Janeiro",
        "operator:type": "public",
        "ref:CNES": "2269678",
        "source": "cnes;datasus;dados_abertos_saude",
        "official_name": "SES RJ IECAC INST EST DE CARDIOLOGIA ALOYSIO DE CASTRO",
        "addr:street": "Rua David Campista",
        "addr:housenumber": "326",
        "addr:suburb": "Humaita",
        "addr:city": "Rio de Janeiro",
        "addr:state": "RJ",
        "addr:country": "BR",
        "addr:postcode": "22261-010",
        "phone": "+55 46 2332-1570",
        "email": "faturamento@iecac.fundacaosaude.rj.gov.br",
        "amenity": "clinic",
        "healthcare": "clinic",
        "name": "Ses Rj Iecac Inst Est de Cardiologia Aloysio de Castro",
        "comment": "Outros Serviços de Saúde",
        "qtd_equipes_esf": 1,
        "qtd_equipes_eap": 0,
        "qtd_equipes_total": 1,
        "capacidade_pnab": 3500,
        "nomes_equipes": ""
      },
      "geometry": {
        "type": "Point",
        "coordinates": [
          -43.1996155,
          -22.9530981
        ]
      }
    },
    {
      "type": "Feature",
      "id": 7267975,
      "properties": {
        "operator": "Governo do Estado (RJ)",
        "operator:type": "public",
        "ref:CNES": "7267975",
        "source": "cnes;datasus;dados_abertos_saude",
        "official_name": "SES RJ INSTITUTO ESTADUAL DO CEREBRO PAULO NIEMEYER",
        "addr:street": "Rua do Rezende",
        "addr:housenumber": "156",
        "addr:city": "Rio de Janeiro",
        "addr:state": "RJ",
        "addr:country": "BR",
        "addr:postcode": "20231-092",
        "phone": "+55 21 3812-4105",
        "email": "direcao.tecnica@fcpn.med.br",
        "amenity": "clinic",
        "healthcare": "clinic",
        "name": "Ses Rj Instituto Estadual do Cerebro Paulo Niemeyer",
        "comment": "Outros Serviços de Saúde",
        "qtd_equipes_esf": 1,
        "qtd_equipes_eap": 0,
        "qtd_equipes_total": 1,
        "capacidade_pnab": 3500,
        "nomes_equipes": ""
      },
      "geometry": {
        "type": "Point",
        "coordinates": [
          -44.4556,
          -22.4627
        ]
      }
    },
    {
      "type": "Feature",
      "id": 2269945,
      "properties": {
        "operator": "Prefeitura Municipal de Rio de Janeiro",
        "operator:type": "public",
        "ref:CNES": "2269945",
        "source": "cnes;datasus;dados_abertos_saude",
        "official_name": "SMS HOSPITAL MATERNIDADE ALEXANDER FLEMING AP 33",
        "addr:street": "Rua Jorge Schmidt",
        "addr:housenumber": "331",
        "addr:suburb": "Marechal Hermes",
        "addr:city": "Rio de Janeiro",
        "addr:state": "RJ",
        "addr:country": "BR",
        "addr:postcode": "21610-645",
        "phone": "+55 46 2458-3343",
        "email": "direcaohmaf2021@gmail.com",
        "amenity": "clinic",
        "healthcare": "clinic",
        "name": "Sms Hospital Maternidade Alexander Fleming Ap 33",
        "comment": "Outros Serviços de Saúde",
        "qtd_equipes_esf": 1,
        "qtd_equipes_eap": 0,
        "qtd_equipes_total": 1,
        "capacidade_pnab": 3500,
        "nomes_equipes": ""
      },
      "geometry": {
        "type": "Point",
        "coordinates": [
          -43.37001,
          -22.86462
        ]
      }
    },
    {
      "type": "Feature",
      "id": 2280248,
      "properties": {
        "operator": "Prefeitura Municipal de Rio de Janeiro",
        "operator:type": "public",
        "ref:CNES": "2280248",
        "source": "cnes;datasus;dados_abertos_saude",
        "official_name": "SMS HOSPITAL MATERNIDADE CARMELA DUTRA AP 32",
        "addr:street": "Rua Aquidaba",
        "addr:housenumber": "1037",
        "addr:suburb": "Lins de Vasconcelos",
        "addr:city": "Rio de Janeiro",
        "addr:state": "RJ",
        "addr:country": "BR",
        "addr:postcode": "20720-292",
        "phone": "+55 21 3111-6766",
        "email": "hmatcdutra@rio.rj.gov.br",
        "amenity": "clinic",
        "healthcare": "clinic",
        "name": "Sms Hospital Maternidade Carmela Dutra Ap 32",
        "comment": "Outros Serviços de Saúde",
        "qtd_equipes_esf": 1,
        "qtd_equipes_eap": 0,
        "qtd_equipes_total": 1,
        "capacidade_pnab": 3500,
        "nomes_equipes": ""
      },
      "geometry": {
        "type": "Point",
        "coordinates": [
          -43.2902251,
          -22.9108134
        ]
      }
    },
    {
      "type": "Feature",
      "id": 2270714,
      "properties": {
        "operator": "Prefeitura Municipal de Rio de Janeiro",
        "operator:type": "public",
        "ref:CNES": "2270714",
        "source": "cnes;datasus;dados_abertos_saude",
        "official_name": "SMS HOSPITAL MATERNIDADE FERNANDO MAGALHAES AP 10",
        "addr:street": "Rua General Jose Cristino",
        "addr:housenumber": "87",
        "addr:suburb": "São Cristóvão",
        "addr:city": "Rio de Janeiro",
        "addr:state": "RJ",
        "addr:country": "BR",
        "addr:postcode": "20921-400",
        "phone": "+55 21 3878-1498",
        "email": "hmatfernandomagalhaes@gmail.com",
        "amenity": "clinic",
        "healthcare": "clinic",
        "name": "Sms Hospital Maternidade Fernando Magalhaes Ap 10",
        "comment": "Outros Serviços de Saúde",
        "qtd_equipes_esf": 1,
        "qtd_equipes_eap": 0,
        "qtd_equipes_total": 1,
        "capacidade_pnab": 3500,
        "nomes_equipes": ""
      },
      "geometry": {
        "type": "Point",
        "coordinates": [
          -43.22645,
          -22.89522
        ]
      }
    },
    {
      "type": "Feature",
      "id": 2270390,
      "properties": {
        "operator": "Prefeitura Municipal de Rio de Janeiro",
        "operator:type": "public",
        "ref:CNES": "2270390",
        "source": "cnes;datasus;dados_abertos_saude",
        "official_name": "SMS HOSPITAL MATERNIDADE HERCULANO PINHEIRO AP 33",
        "addr:street": "Rua Av Min Edgard Romero",
        "addr:housenumber": "276",
        "addr:suburb": "Madureira",
        "addr:city": "Rio de Janeiro",
        "addr:state": "RJ",
        "addr:country": "BR",
        "addr:postcode": "21360-200",
        "phone": "+55 21 2088-6124",
        "email": "maternidadeherculanopinheiro@gmail.com",
        "amenity": "clinic",
        "healthcare": "clinic",
        "name": "Sms Hospital Maternidade Herculano Pinheiro Ap 33",
        "comment": "Outros Serviços de Saúde",
        "qtd_equipes_esf": 1,
        "qtd_equipes_eap": 0,
        "qtd_equipes_total": 1,
        "capacidade_pnab": 3500,
        "nomes_equipes": ""
      },
      "geometry": {
        "type": "Point",
        "coordinates": [
          -43.3341204,
          -22.8703843
        ]
      }
    },
    {
      "type": "Feature",
      "id": 7027397,
      "properties": {
        "operator": "Prefeitura Municipal de Rio de Janeiro",
        "operator:type": "public",
        "ref:CNES": "7027397",
        "source": "cnes;datasus;dados_abertos_saude",
        "official_name": "SMS HOSPITAL MATERNIDADE MARIA AMELIA B DE HOLLANDA AP 10",
        "addr:street": "Rua Moncorvo Filho",
        "addr:housenumber": "67",
        "addr:city": "Rio de Janeiro",
        "addr:state": "RJ",
        "addr:country": "BR",
        "addr:postcode": "20211-340",
        "phone": "+55 21 2224-1949",
        "email": "hmmabh.faturamento@gmail.com",
        "amenity": "clinic",
        "healthcare": "clinic",
        "name": "Sms Hospital Maternidade Maria Amelia B de Hollanda Ap 10",
        "comment": "Outros Serviços de Saúde",
        "qtd_equipes_esf": 1,
        "qtd_equipes_eap": 0,
        "qtd_equipes_total": 1,
        "capacidade_pnab": 3500,
        "nomes_equipes": ""
      },
      "geometry": {
        "type": "Point",
        "coordinates": [
          -43.1915072,
          -22.9088002
        ]
      }
    },
    {
      "type": "Feature",
      "id": 2270056,
      "properties": {
        "operator": "Prefeitura Municipal de Rio de Janeiro",
        "operator:type": "public",
        "ref:CNES": "2270056",
        "source": "cnes;datasus;dados_abertos_saude",
        "official_name": "SMS HOSPITAL MATERNIDADE PAULINO WERNECK AP 31",
        "addr:street": "Estrada da Cacuia",
        "addr:housenumber": "745",
        "addr:suburb": "Ilha do Governador",
        "addr:city": "Rio de Janeiro",
        "addr:state": "RJ",
        "addr:country": "BR",
        "addr:postcode": "21921-001",
        "phone": "+55 21 3512-9805",
        "email": "diretoria.hmpw@cejam.org.br",
        "amenity": "clinic",
        "healthcare": "clinic",
        "name": "Sms Hospital Maternidade Paulino Werneck Ap 31",
        "comment": "Outros Serviços de Saúde",
        "qtd_equipes_esf": 1,
        "qtd_equipes_eap": 0,
        "qtd_equipes_total": 1,
        "capacidade_pnab": 3500,
        "nomes_equipes": ""
      },
      "geometry": {
        "type": "Point",
        "coordinates": [
          -43.1847825,
          -22.8108157
        ]
      }
    },
    {
      "type": "Feature",
      "id": 2273187,
      "properties": {
        "operator": "Prefeitura Municipal de Rio de Janeiro",
        "operator:type": "public",
        "ref:CNES": "2273187",
        "source": "cnes;datasus;dados_abertos_saude",
        "official_name": "SMS HOSPITAL MUNICIPAL ALVARO RAMOS AP 40",
        "addr:street": "Rua Adauto Botelho",
        "addr:suburb": "Jacarepagua",
        "addr:city": "Rio de Janeiro",
        "addr:state": "RJ",
        "addr:country": "BR",
        "addr:postcode": "22713-550",
        "phone": "+55 21 3392-0008",
        "email": "hmaramos@rio.rj.gov.br",
        "amenity": "clinic",
        "healthcare": "clinic",
        "name": "Sms Hospital Municipal Alvaro Ramos Ap 40",
        "comment": "Outros Serviços de Saúde",
        "qtd_equipes_esf": 1,
        "qtd_equipes_eap": 0,
        "qtd_equipes_total": 1,
        "capacidade_pnab": 3500,
        "nomes_equipes": ""
      },
      "geometry": {
        "type": "Point",
        "coordinates": [
          -43.3975314,
          -22.9457408
        ]
      }
    },
    {
      "type": "Feature",
      "id": 2270242,
      "properties": {
        "operator": "Prefeitura Municipal de Rio de Janeiro",
        "operator:type": "public",
        "ref:CNES": "2270242",
        "source": "cnes;datasus;dados_abertos_saude",
        "official_name": "SMS HOSPITAL MUNICIPAL BARATA RIBEIRO AP 10",
        "addr:street": "Rua Visconde de Niteroi",
        "addr:housenumber": "1450",
        "addr:suburb": "Mangueira",
        "addr:city": "Rio de Janeiro",
        "addr:state": "RJ",
        "addr:country": "BR",
        "addr:postcode": "20943-001",
        "phone": "+55 21 2284-1812",
        "email": "hmbribeiro@rio.rj.gov.br",
        "amenity": "clinic",
        "healthcare": "clinic",
        "name": "Sms Hospital Municipal Barata Ribeiro Ap 10",
        "comment": "Outros Serviços de Saúde",
        "qtd_equipes_esf": 1,
        "qtd_equipes_eap": 0,
        "qtd_equipes_total": 1,
        "capacidade_pnab": 3500,
        "nomes_equipes": ""
      },
      "geometry": {
        "type": "Point",
        "coordinates": [
          -43.428177,
          -22.9686606
        ]
      }
    },
    {
      "type": "Feature",
      "id": 2269341,
      "properties": {
        "operator": "Prefeitura Municipal de Rio de Janeiro",
        "operator:type": "public",
        "ref:CNES": "2269341",
        "source": "cnes;datasus;dados_abertos_saude",
        "official_name": "SMS HOSPITAL MUNICIPAL JESUS AP 22",
        "addr:street": "Rua Oito de Dezembro",
        "addr:housenumber": "717",
        "addr:suburb": "Vila Isabel",
        "addr:city": "Rio de Janeiro",
        "addr:state": "RJ",
        "addr:country": "BR",
        "addr:postcode": "20550-200",
        "email": "dica.hmjesus@gmail.com",
        "amenity": "clinic",
        "healthcare": "clinic",
        "name": "Sms Hospital Municipal Jesus Ap 22",
        "comment": "Outros Serviços de Saúde",
        "qtd_equipes_esf": 1,
        "qtd_equipes_eap": 0,
        "qtd_equipes_total": 1,
        "capacidade_pnab": 3500,
        "nomes_equipes": ""
      },
      "geometry": {
        "type": "Point",
        "coordinates": [
          -43.243555,
          -22.911417
        ]
      }
    },
    {
      "type": "Feature",
      "id": 2273381,
      "properties": {
        "operator": "Prefeitura Municipal de Rio de Janeiro",
        "operator:type": "public",
        "ref:CNES": "2273381",
        "source": "cnes;datasus;dados_abertos_saude",
        "official_name": "SMS HOSPITAL MUNICIPAL JURANDYR MANFREDINI AP 40",
        "addr:street": "Rua Sampaio Correia",
        "addr:suburb": "Jacarepagua",
        "addr:city": "Rio de Janeiro",
        "addr:state": "RJ",
        "addr:country": "BR",
        "addr:postcode": "22713-560",
        "phone": "+55 21 3432-2246",
        "email": "hmjmanfredini@pcrj.rj.gov.br",
        "amenity": "clinic",
        "healthcare": "clinic",
        "name": "Sms Hospital Municipal Jurandyr Manfredini Ap 40",
        "comment": "Outros Serviços de Saúde",
        "qtd_equipes_esf": 1,
        "qtd_equipes_eap": 0,
        "qtd_equipes_total": 1,
        "capacidade_pnab": 3500,
        "nomes_equipes": ""
      },
      "geometry": {
        "type": "Point",
        "coordinates": [
          -43.208555,
          -22.903475
        ]
      }
    },
    {
      "type": "Feature",
      "id": 2269724,
      "properties": {
        "operator": "Prefeitura Municipal de Rio de Janeiro",
        "operator:type": "public",
        "ref:CNES": "2269724",
        "source": "cnes;datasus;dados_abertos_saude",
        "official_name": "SMS HOSPITAL MUNICIPAL NOSSA SENHORA DO LORETO AP 31",
        "addr:street": "Rua Taifeiro Osmar de Moraes",
        "addr:housenumber": "26",
        "addr:suburb": "Galeao",
        "addr:city": "Rio de Janeiro",
        "addr:state": "RJ",
        "addr:country": "BR",
        "addr:postcode": "21941-455",
        "phone": "(21)33931983/0610",
        "email": "hmnsloreto@gmail.com",
        "amenity": "clinic",
        "healthcare": "clinic",
        "name": "Sms Hospital Municipal Nossa Senhora do Loreto Ap 31",
        "comment": "Outros Serviços de Saúde",
        "qtd_equipes_esf": 1,
        "qtd_equipes_eap": 0,
        "qtd_equipes_total": 1,
        "capacidade_pnab": 3500,
        "nomes_equipes": ""
      },
      "geometry": {
        "type": "Point",
        "coordinates": [
          -43.2250092,
          -22.8124486
        ]
      }
    },
    {
      "type": "Feature",
      "id": 2269996,
      "properties": {
        "operator": "Prefeitura Municipal de Rio de Janeiro",
        "operator:type": "public",
        "ref:CNES": "2269996",
        "source": "cnes;datasus;dados_abertos_saude",
        "official_name": "SMS IMAS JULIANO MOREIRA AP 40",
        "addr:street": "Estrada Rodrigues Caldas",
        "addr:housenumber": "3400",
        "addr:suburb": "Jacarepagua",
        "addr:city": "Rio de Janeiro",
        "addr:state": "RJ",
        "addr:country": "BR",
        "addr:postcode": "22713-375",
        "phone": "+55 21 3432-2358",
        "email": "imasjulianomoreira.nig@gmail.com",
        "amenity": "clinic",
        "healthcare": "clinic",
        "name": "Sms Imas Juliano Moreira Ap 40",
        "comment": "Outros Serviços de Saúde",
        "qtd_equipes_esf": 1,
        "qtd_equipes_eap": 0,
        "qtd_equipes_total": 1,
        "capacidade_pnab": 3500,
        "nomes_equipes": ""
      },
      "geometry": {
        "type": "Point",
        "coordinates": [
          -43.2080054,
          -22.903198
        ]
      }
    },
    {
      "type": "Feature",
      "id": 2288362,
      "properties": {
        "operator": "Prefeitura Municipal de Rio de Janeiro",
        "operator:type": "public",
        "ref:CNES": "2288362",
        "source": "cnes;datasus;dados_abertos_saude",
        "official_name": "SMS INSTITUTO MUNICIPAL PHILIPPE PINEL AP 21",
        "addr:street": "Rua Av Venceslau Bras",
        "addr:housenumber": "65",
        "addr:suburb": "Botafogo",
        "addr:city": "Rio de Janeiro",
        "addr:state": "RJ",
        "addr:country": "BR",
        "addr:postcode": "22290-140",
        "phone": "+55 21 2275-5694",
        "email": "imppinel@smsdc.rio.rj.gov.br",
        "amenity": "clinic",
        "healthcare": "clinic",
        "name": "Sms Instituto Municipal Philippe Pinel Ap 21",
        "comment": "Outros Serviços de Saúde",
        "qtd_equipes_esf": 1,
        "qtd_equipes_eap": 0,
        "qtd_equipes_total": 1,
        "capacidade_pnab": 3500,
        "nomes_equipes": ""
      },
      "geometry": {
        "type": "Point",
        "coordinates": [
          -43.227875,
          -22.876652
        ]
      }
    },
    {
      "type": "Feature",
      "id": 2280728,
      "properties": {
        "operator": "Prefeitura Municipal de Rio de Janeiro",
        "operator:type": "public",
        "ref:CNES": "2280728",
        "source": "cnes;datasus;dados_abertos_saude",
        "official_name": "SMS INSTITUTO NISE DA SILVEIRA AP 32",
        "addr:street": "Rua Ramiro Magalhaes",
        "addr:housenumber": "521",
        "addr:suburb": "Engenho de Dentro",
        "addr:city": "Rio de Janeiro",
        "addr:state": "RJ",
        "addr:country": "BR",
        "addr:postcode": "20730-460",
        "phone": "+55 21 3111-7426",
        "email": "imnisedasilveira@gmail.com",
        "amenity": "clinic",
        "healthcare": "clinic",
        "name": "Sms Instituto Nise da Silveira Ap 32",
        "comment": "Outros Serviços de Saúde",
        "qtd_equipes_esf": 1,
        "qtd_equipes_eap": 0,
        "qtd_equipes_total": 1,
        "capacidade_pnab": 3500,
        "nomes_equipes": ""
      },
      "geometry": {
        "type": "Point",
        "coordinates": [
          -43.3056352,
          -22.9016439
        ]
      }
    },
    {
      "type": "Feature",
      "id": 7041624,
      "properties": {
        "operator": "Prefeitura Municipal de Rio de Janeiro",
        "operator:type": "public",
        "ref:CNES": "7041624",
        "source": "cnes;datasus;dados_abertos_saude",
        "official_name": "SMS MATERNIDADE DA MULHER MARISKA RIBEIRO AP 51",
        "addr:street": "Rua Praca 1 de Maio",
        "addr:suburb": "Bangu",
        "addr:city": "Rio de Janeiro",
        "addr:state": "RJ",
        "addr:country": "BR",
        "addr:postcode": "21830-006",
        "phone": "+55 21 2042-2912",
        "email": "diretoria.hmmr@cejam.org.br",
        "amenity": "clinic",
        "healthcare": "clinic",
        "name": "Sms Maternidade da Mulher Mariska Ribeiro Ap 51",
        "comment": "Outros Serviços de Saúde",
        "qtd_equipes_esf": 1,
        "qtd_equipes_eap": 0,
        "qtd_equipes_total": 1,
        "capacidade_pnab": 3500,
        "nomes_equipes": ""
      },
      "geometry": {
        "type": "Point",
        "coordinates": [
          -43.4727696,
          -22.8766711
        ]
      }
    },
    {
      "type": "Feature",
      "id": 4575474,
      "properties": {
        "operator": "Prefeitura Municipal de Rio de Janeiro",
        "operator:type": "public",
        "ref:CNES": "4575474",
        "source": "cnes;datasus;dados_abertos_saude",
        "official_name": "SMS MATERNIDADE DA ROCINHA AP 21",
        "addr:street": "Rua Av Niemeyer",
        "addr:housenumber": "776",
        "addr:suburb": "São Conrado",
        "addr:city": "Rio de Janeiro",
        "addr:state": "RJ",
        "addr:country": "BR",
        "addr:postcode": "22450-221",
        "amenity": "clinic",
        "healthcare": "clinic",
        "name": "Sms Maternidade da Rocinha Ap 21",
        "comment": "Outros Serviços de Saúde",
        "qtd_equipes_esf": 1,
        "qtd_equipes_eap": 0,
        "qtd_equipes_total": 1,
        "capacidade_pnab": 3500,
        "nomes_equipes": ""
      },
      "geometry": {
        "type": "Point",
        "coordinates": [
          -43.364785,
          -22.820409
        ]
      }
    },
    {
      "type": "Feature",
      "id": 5358833,
      "properties": {
        "operator": "Prefeitura Municipal de Rio de Janeiro",
        "operator:type": "public",
        "ref:CNES": "5358833",
        "source": "cnes;datasus;dados_abertos_saude",
        "official_name": "UFRJ INSTITUTO DE DOENCAS DO TORAX",
        "addr:street": "Rua Professor Rodolpho Paulo Rocco",
        "addr:housenumber": "255",
        "addr:suburb": "Ilha do Fundao",
        "addr:city": "Rio de Janeiro",
        "addr:state": "RJ",
        "addr:country": "BR",
        "addr:postcode": "21941-913",
        "phone": "+55 21 3938-2887",
        "email": "direcao@idt.ufrj.br",
        "amenity": "clinic",
        "healthcare": "clinic",
        "name": "Ufrj Instituto de Doencas do Torax",
        "comment": "Outros Serviços de Saúde",
        "qtd_equipes_esf": 1,
        "qtd_equipes_eap": 0,
        "qtd_equipes_total": 1,
        "capacidade_pnab": 3500,
        "nomes_equipes": ""
      },
      "geometry": {
        "type": "Point",
        "coordinates": [
          -43.2373703,
          -22.842216
        ]
      }
    },
    {
      "type": "Feature",
      "id": 2296594,
      "properties": {
        "operator": "Prefeitura Municipal de Rio de Janeiro",
        "operator:type": "public",
        "ref:CNES": "2296594",
        "source": "cnes;datasus;dados_abertos_saude",
        "official_name": "UFRJ INSTITUTO DE GINECOLOGIA",
        "addr:street": "Rua Moncorvo Filho",
        "addr:housenumber": "90",
        "addr:city": "Rio de Janeiro",
        "addr:state": "RJ",
        "addr:country": "BR",
        "addr:postcode": "20211-340",
        "phone": "+55 46 2232-2970",
        "email": "diretor@ig.ufrj.br",
        "amenity": "clinic",
        "healthcare": "clinic",
        "name": "Ufrj Instituto de Ginecologia",
        "comment": "Outros Serviços de Saúde",
        "qtd_equipes_esf": 1,
        "qtd_equipes_eap": 0,
        "qtd_equipes_total": 1,
        "capacidade_pnab": 3500,
        "nomes_equipes": ""
      },
      "geometry": {
        "type": "Point",
        "coordinates": [
          -43.1922933,
          -22.9092082
        ]
      }
    },
    {
      "type": "Feature",
      "id": 2708361,
      "properties": {
        "operator": "Prefeitura Municipal de Rio de Janeiro",
        "operator:type": "public",
        "ref:CNES": "2708361",
        "source": "cnes;datasus;dados_abertos_saude",
        "official_name": "UFRJ INSTITUTO DE NEUROLOGIA DEOLINDO COUTO",
        "addr:street": "Avenida Venceslau Bras",
        "addr:housenumber": "95",
        "addr:suburb": "Botafogo",
        "addr:city": "Rio de Janeiro",
        "addr:state": "RJ",
        "addr:country": "BR",
        "addr:postcode": "22290-140",
        "phone": "(21) 3938-0531/0533",
        "email": "direcao@indc.ufrj.br",
        "amenity": "clinic",
        "healthcare": "clinic",
        "name": "Ufrj Instituto de Neurologia Deolindo Couto",
        "comment": "Outros Serviços de Saúde",
        "qtd_equipes_esf": 1,
        "qtd_equipes_eap": 0,
        "qtd_equipes_total": 1,
        "capacidade_pnab": 3500,
        "nomes_equipes": ""
      },
      "geometry": {
        "type": "Point",
        "coordinates": [
          -43.1764,
          -22.9539
        ]
      }
    },
    {
      "type": "Feature",
      "id": 2296616,
      "properties": {
        "operator": "Prefeitura Municipal de Rio de Janeiro",
        "operator:type": "public",
        "ref:CNES": "2296616",
        "source": "cnes;datasus;dados_abertos_saude",
        "official_name": "UFRJ IPPMG INST DE PUER PED MARTAGAO GESTEIRA",
        "addr:street": "Rua Bruno Lobo",
        "addr:housenumber": "50",
        "addr:suburb": "Cidade Universitaria",
        "addr:city": "Rio de Janeiro",
        "addr:state": "RJ",
        "addr:country": "BR",
        "addr:postcode": "21941-912",
        "phone": "+55 21 3938-4816",
        "amenity": "clinic",
        "healthcare": "clinic",
        "name": "Ufrj Ippmg Inst de Puer Ped Martagao Gesteira",
        "comment": "Outros Serviços de Saúde",
        "qtd_equipes_esf": 1,
        "qtd_equipes_eap": 0,
        "qtd_equipes_total": 1,
        "capacidade_pnab": 3500,
        "nomes_equipes": ""
      },
      "geometry": {
        "type": "Point",
        "coordinates": [
          -43.3841506,
          -22.949461
        ]
      }
    },
    {
      "type": "Feature",
      "id": 6257100,
      "properties": {
        "operator": "Prefeitura Municipal de Rio de Janeiro",
        "operator:type": "public",
        "ref:CNES": "6257100",
        "source": "cnes;datasus;dados_abertos_saude",
        "official_name": "UNIDADE INTEGRADA DE SAUDE MENTAL",
        "addr:street": "Rua Marechal Serejo",
        "addr:housenumber": "539",
        "addr:suburb": "Jacarepagua",
        "addr:city": "Rio de Janeiro",
        "addr:state": "RJ",
        "addr:country": "BR",
        "addr:postcode": "22743-380",
        "phone": "+55 21 3312-4900",
        "email": "uism.secom@marinha.mil.br",
        "amenity": "clinic",
        "healthcare": "clinic",
        "name": "Unidade Integrada de Saude Mental",
        "comment": "Outros Serviços de Saúde",
        "qtd_equipes_esf": 1,
        "qtd_equipes_eap": 0,
        "qtd_equipes_total": 1,
        "capacidade_pnab": 3500,
        "nomes_equipes": ""
      },
      "geometry": {
        "type": "Point",
        "coordinates": [
          -43.342728,
          -22.924688
        ]
      }
    },
    {
      "type": "Feature",
      "id": 2277301,
      "properties": {
        "operator": "Prefeitura Municipal de Rio de Janeiro",
        "operator:type": "public",
        "ref:CNES": "2277301",
        "source": "cnes;datasus;dados_abertos_saude",
        "official_name": "SMS CMS MANOEL ARTHUR VILLABOIM AP 10",
        "addr:street": "Rua Praca Bom Jesus",
        "addr:housenumber": "40",
        "addr:suburb": "Paqueta",
        "addr:city": "Rio de Janeiro",
        "addr:state": "RJ",
        "addr:country": "BR",
        "addr:postcode": "20397-140",
        "phone": "+55 21 3397-0123",
        "email": "uismavillaboim.cap10@gmail.com",
        "amenity": "clinic",
        "healthcare": "clinic",
        "name": "Sms Cms Manoel Arthur Villaboim Ap 10",
        "comment": "Outros Serviços de Saúde",
        "qtd_equipes_esf": 2,
        "qtd_equipes_eap": 0,
        "qtd_equipes_total": 3,
        "capacidade_pnab": 7000,
        "nomes_equipes": "CAMPO; PONTE ESF; ESB CAMPO"
      },
      "geometry": {
        "type": "Point",
        "coordinates": [
          -43.10825,
          -22.76144
        ]
      }
    },
    {
      "type": "Feature",
      "id": 2270161,
      "properties": {
        "operator": "Governo do Estado (RJ)",
        "operator:type": "public",
        "ref:CNES": "2270161",
        "source": "cnes;datasus;dados_abertos_saude",
        "official_name": "SEAP CGSP RJ HOSPITAL DR HAMILTON AGOSTINHO VIEIRA CASTRO",
        "addr:street": "Rua Gen Emilio Mourel Filho",
        "addr:housenumber": "1100",
        "addr:suburb": "Bangu",
        "addr:city": "Rio de Janeiro",
        "addr:state": "RJ",
        "addr:country": "BR",
        "addr:postcode": "21854-010",
        "amenity": "clinic",
        "healthcare": "clinic",
        "emergency": "yes",
        "opening_hours": "24/7",
        "name": "UPA 24 Horas Maria Itália Freddo",
        "short_name": "UPA 24h",
        "comment": "UPA 24h",
        "qtd_equipes_esf": 1,
        "qtd_equipes_eap": 0,
        "qtd_equipes_total": 1,
        "capacidade_pnab": 3500,
        "nomes_equipes": ""
      },
      "geometry": {
        "type": "Point",
        "coordinates": [
          -43.4885068,
          -22.8411113
        ]
      }
    },
    {
      "type": "Feature",
      "id": 6716938,
      "properties": {
        "operator": "Prefeitura Municipal de Rio de Janeiro",
        "operator:type": "public",
        "ref:CNES": "6716938",
        "source": "cnes;datasus;dados_abertos_saude",
        "official_name": "SMS CENTRO DE EMERGENCIA REGIONAL CER BARRA AP 40",
        "addr:street": "Avenida Ayrton Senna",
        "addr:housenumber": "2000",
        "addr:suburb": "Barra da Tijuca",
        "addr:city": "Rio de Janeiro",
        "addr:state": "RJ",
        "addr:country": "BR",
        "addr:postcode": "22793-000",
        "phone": "+55 46 3550-7060",
        "email": "coord.emerg.barra.riosaude@gmail.com",
        "amenity": "clinic",
        "healthcare": "clinic",
        "emergency": "yes",
        "opening_hours": "24/7",
        "name": "UPA 24 Horas Maria Itália Freddo",
        "short_name": "UPA 24h",
        "comment": "UPA 24h",
        "qtd_equipes_esf": 1,
        "qtd_equipes_eap": 0,
        "qtd_equipes_total": 1,
        "capacidade_pnab": 3500,
        "nomes_equipes": ""
      },
      "geometry": {
        "type": "Point",
        "coordinates": [
          -43.2715093,
          -22.594
        ]
      }
    },
    {
      "type": "Feature",
      "id": 6716911,
      "properties": {
        "operator": "Prefeitura Municipal de Rio de Janeiro",
        "operator:type": "public",
        "ref:CNES": "6716911",
        "source": "cnes;datasus;dados_abertos_saude",
        "official_name": "SMS CENTRO DE EMERGENCIA REGIONAL CER CENTRO AP 10",
        "addr:street": "Rua Frei Caneca",
        "addr:housenumber": "50",
        "addr:city": "Rio de Janeiro",
        "addr:state": "RJ",
        "addr:country": "BR",
        "addr:postcode": "20211-030",
        "phone": "+55 21 3111-2607",
        "email": "cercentro.faturamento@gmail.com",
        "amenity": "clinic",
        "healthcare": "clinic",
        "emergency": "yes",
        "opening_hours": "24/7",
        "name": "UPA 24 Horas Maria Itália Freddo",
        "short_name": "UPA 24h",
        "comment": "UPA 24h",
        "qtd_equipes_esf": 1,
        "qtd_equipes_eap": 0,
        "qtd_equipes_total": 1,
        "capacidade_pnab": 3500,
        "nomes_equipes": ""
      },
      "geometry": {
        "type": "Point",
        "coordinates": [
          -43.208,
          -22.36554
        ]
      }
    },
    {
      "type": "Feature",
      "id": 6716849,
      "properties": {
        "operator": "Prefeitura Municipal de Rio de Janeiro",
        "operator:type": "public",
        "ref:CNES": "6716849",
        "source": "cnes;datasus;dados_abertos_saude",
        "official_name": "SMS CENTRO DE EMERGENCIA REGIONAL CER LEBLON AP 21",
        "addr:street": "Rua Mario Ribeiro",
        "addr:housenumber": "1080",
        "addr:suburb": "Leblon",
        "addr:city": "Rio de Janeiro",
        "addr:state": "RJ",
        "addr:country": "BR",
        "addr:postcode": "22430-160",
        "phone": "+55 46 2529-9227",
        "email": "coord.adm.cerleblon@fas.org.br",
        "amenity": "clinic",
        "healthcare": "clinic",
        "emergency": "yes",
        "opening_hours": "24/7",
        "name": "UPA 24 Horas Maria Itália Freddo",
        "short_name": "UPA 24h",
        "comment": "UPA 24h",
        "qtd_equipes_esf": 1,
        "qtd_equipes_eap": 0,
        "qtd_equipes_total": 1,
        "capacidade_pnab": 3500,
        "nomes_equipes": ""
      },
      "geometry": {
        "type": "Point",
        "coordinates": [
          -43.2190085,
          -22.9766497
        ]
      }
    },
    {
      "type": "Feature",
      "id": 9654151,
      "properties": {
        "operator": "Prefeitura Municipal de Rio de Janeiro",
        "operator:type": "public",
        "ref:CNES": "9654151",
        "source": "cnes;datasus;dados_abertos_saude",
        "official_name": "SMS CENTRO DE EMERGENCIA REGIONAL CER REALENGO AP 51",
        "addr:street": "Rua Nilopolis",
        "addr:housenumber": "329",
        "addr:suburb": "Realengo",
        "addr:city": "Rio de Janeiro",
        "addr:state": "RJ",
        "addr:country": "BR",
        "addr:postcode": "21725-090",
        "phone": "+55 21 2042-2096",
        "email": "faturamento.hmas@vivario.org.br",
        "amenity": "clinic",
        "healthcare": "clinic",
        "emergency": "yes",
        "opening_hours": "24/7",
        "name": "UPA 24 Horas Maria Itália Freddo",
        "short_name": "UPA 24h",
        "comment": "UPA 24h",
        "qtd_equipes_esf": 1,
        "qtd_equipes_eap": 0,
        "qtd_equipes_total": 1,
        "capacidade_pnab": 3500,
        "nomes_equipes": ""
      },
      "geometry": {
        "type": "Point",
        "coordinates": [
          -43.4386504,
          -22.8660543
        ]
      }
    },
    {
      "type": "Feature",
      "id": 6995446,
      "properties": {
        "operator": "Prefeitura Municipal de Rio de Janeiro",
        "operator:type": "public",
        "ref:CNES": "6995446",
        "source": "cnes;datasus;dados_abertos_saude",
        "official_name": "SMS CENTRO DE EMERGENCIA REGIONAL CER SANTA CRUZ AP 53",
        "addr:street": "Rua do Prado",
        "addr:housenumber": "325",
        "addr:suburb": "Santa Cruz",
        "addr:city": "Rio de Janeiro",
        "addr:state": "RJ",
        "addr:country": "BR",
        "addr:postcode": "23555-012",
        "phone": "+55 46 3365-5201",
        "email": "cnes.hmp2@spdm-pais.org.br",
        "amenity": "clinic",
        "healthcare": "clinic",
        "emergency": "yes",
        "opening_hours": "24/7",
        "name": "UPA 24 Horas Maria Itália Freddo",
        "short_name": "UPA 24h",
        "comment": "UPA 24h",
        "qtd_equipes_esf": 1,
        "qtd_equipes_eap": 0,
        "qtd_equipes_total": 1,
        "capacidade_pnab": 3500,
        "nomes_equipes": ""
      },
      "geometry": {
        "type": "Point",
        "coordinates": [
          -43.20885,
          -22.90355
        ]
      }
    },
    {
      "type": "Feature",
      "id": 7107366,
      "properties": {
        "operator": "Prefeitura Municipal de Rio de Janeiro",
        "operator:type": "public",
        "ref:CNES": "7107366",
        "source": "cnes;datasus;dados_abertos_saude",
        "official_name": "SMS RIO COORD DE EMERGENCIA REGIONAL CER ILHA DO GOV AP 31",
        "addr:street": "Estrada do Galeao",
        "addr:housenumber": "2920",
        "addr:suburb": "Portuguesa",
        "addr:city": "Rio de Janeiro",
        "addr:state": "RJ",
        "addr:country": "BR",
        "addr:postcode": "21931-582",
        "phone": "+55 21 3812-2400",
        "email": "faturamento.cerilha@cejam.org.br",
        "amenity": "clinic",
        "healthcare": "clinic",
        "emergency": "yes",
        "opening_hours": "24/7",
        "name": "UPA 24 Horas Maria Itália Freddo",
        "short_name": "UPA 24h",
        "comment": "UPA 24h",
        "qtd_equipes_esf": 1,
        "qtd_equipes_eap": 0,
        "qtd_equipes_total": 1,
        "capacidade_pnab": 3500,
        "nomes_equipes": ""
      },
      "geometry": {
        "type": "Point",
        "coordinates": [
          -43.2110472,
          -22.8052174
        ]
      }
    },
    {
      "type": "Feature",
      "id": 4538390,
      "properties": {
        "operator": "Prefeitura Municipal de Rio de Janeiro",
        "operator:type": "public",
        "ref:CNES": "4538390",
        "source": "cnes;datasus;dados_abertos_saude",
        "official_name": "SMS AMPLIA PROGRAMAS DE RESIDENCIA INTEGRALIDADE",
        "addr:street": "Avenida Venceslau Bras",
        "addr:housenumber": "65",
        "addr:suburb": "Botafogo",
        "addr:city": "Rio de Janeiro",
        "addr:state": "RJ",
        "addr:country": "BR",
        "addr:postcode": "22290-240",
        "amenity": "clinic",
        "healthcare": "clinic",
        "name": "Sms Amplia Programas de Residencia Integralidade",
        "comment": "Outros Serviços de Saúde",
        "qtd_equipes_esf": 1,
        "qtd_equipes_eap": 0,
        "qtd_equipes_total": 1,
        "capacidade_pnab": 3500,
        "nomes_equipes": ""
      },
      "geometry": {
        "type": "Point",
        "coordinates": [
          -43.175796,
          -22.953136
        ]
      }
    },
    {
      "type": "Feature",
      "id": 4388623,
      "properties": {
        "operator": "Prefeitura Municipal de Rio de Janeiro",
        "operator:type": "public",
        "ref:CNES": "4388623",
        "source": "cnes;datasus;dados_abertos_saude",
        "official_name": "SMS DEAMB ABOLICAO ENGENHO DE DENTRO AP 32",
        "addr:street": "Rua Av Amaro Cavalcanti",
        "addr:housenumber": "1387",
        "addr:suburb": "Todos Os Santos",
        "addr:city": "Rio de Janeiro",
        "addr:state": "RJ",
        "addr:country": "BR",
        "addr:postcode": "20735-041",
        "amenity": "clinic",
        "healthcare": "clinic",
        "name": "Sms Deamb Abolicao Engenho de Dentro Ap 32",
        "comment": "Outros Serviços de Saúde",
        "qtd_equipes_esf": 1,
        "qtd_equipes_eap": 0,
        "qtd_equipes_total": 1,
        "capacidade_pnab": 3500,
        "nomes_equipes": ""
      },
      "geometry": {
        "type": "Point",
        "coordinates": [
          -43.289918,
          -22.896665
        ]
      }
    },
    {
      "type": "Feature",
      "id": 4325516,
      "properties": {
        "operator": "Prefeitura Municipal de Rio de Janeiro",
        "operator:type": "public",
        "ref:CNES": "4325516",
        "source": "cnes;datasus;dados_abertos_saude",
        "official_name": "SMS DEAMB ANCHIETA AP 33",
        "addr:street": "Rua Jornalista Hermano Requiao",
        "addr:housenumber": "447",
        "addr:suburb": "Anchieta",
        "addr:city": "Rio de Janeiro",
        "addr:state": "RJ",
        "addr:country": "BR",
        "addr:postcode": "21675-360",
        "phone": "+55 21 97528-1006",
        "email": "deamb.anchieta33@gmail.com",
        "amenity": "clinic",
        "healthcare": "clinic",
        "name": "Sms Deamb Anchieta Ap 33",
        "comment": "Outros Serviços de Saúde",
        "qtd_equipes_esf": 1,
        "qtd_equipes_eap": 0,
        "qtd_equipes_total": 1,
        "capacidade_pnab": 3500,
        "nomes_equipes": ""
      },
      "geometry": {
        "type": "Point",
        "coordinates": [
          -43.37859,
          -22.84691
        ]
      }
    },
    {
      "type": "Feature",
      "id": 8349940,
      "properties": {
        "operator": "Prefeitura Municipal de Rio de Janeiro",
        "operator:type": "public",
        "ref:CNES": "8349940",
        "source": "cnes;datasus;dados_abertos_saude",
        "official_name": "SMS DEAMB CENTRISSIMO AP 52",
        "addr:street": "Rua Praca Major Vieira de Mello",
        "addr:housenumber": "13",
        "addr:suburb": "Campo Grande",
        "addr:city": "Rio de Janeiro",
        "addr:state": "RJ",
        "addr:country": "BR",
        "addr:postcode": "23045-400",
        "amenity": "clinic",
        "healthcare": "clinic",
        "name": "Sms Deamb Centrissimo Ap 52",
        "comment": "Outros Serviços de Saúde",
        "qtd_equipes_esf": 1,
        "qtd_equipes_eap": 0,
        "qtd_equipes_total": 1,
        "capacidade_pnab": 3500,
        "nomes_equipes": ""
      },
      "geometry": {
        "type": "Point",
        "coordinates": [
          -43.55869,
          -22.91819
        ]
      }
    },
    {
      "type": "Feature",
      "id": 4282353,
      "properties": {
        "operator": "Prefeitura Municipal de Rio de Janeiro",
        "operator:type": "public",
        "ref:CNES": "4282353",
        "source": "cnes;datasus;dados_abertos_saude",
        "official_name": "SMS DEAMB GUARATIBA AP 52",
        "addr:street": "Rua Praca Major Vieira de Mello",
        "addr:housenumber": "13",
        "addr:suburb": "Campo Grande",
        "addr:city": "Rio de Janeiro",
        "addr:state": "RJ",
        "addr:country": "BR",
        "addr:postcode": "23045-400",
        "amenity": "clinic",
        "healthcare": "clinic",
        "name": "Sms Deamb Guaratiba Ap 52",
        "comment": "Outros Serviços de Saúde",
        "qtd_equipes_esf": 1,
        "qtd_equipes_eap": 0,
        "qtd_equipes_total": 1,
        "capacidade_pnab": 3500,
        "nomes_equipes": ""
      },
      "geometry": {
        "type": "Point",
        "coordinates": [
          -43.561199,
          -22.918209
        ]
      }
    },
    {
      "type": "Feature",
      "id": 4271890,
      "properties": {
        "operator": "Prefeitura Municipal de Rio de Janeiro",
        "operator:type": "public",
        "ref:CNES": "4271890",
        "source": "cnes;datasus;dados_abertos_saude",
        "official_name": "SMS DEAMB IJ VIGARIO PENHA AP 31",
        "addr:street": "Rua Av Guanabara",
        "addr:suburb": "Praia de Ramos",
        "addr:city": "Rio de Janeiro",
        "addr:state": "RJ",
        "addr:country": "BR",
        "addr:postcode": "21030-080",
        "amenity": "clinic",
        "healthcare": "clinic",
        "name": "Sms Deamb Ij Vigario Penha Ap 31",
        "comment": "Outros Serviços de Saúde",
        "qtd_equipes_esf": 1,
        "qtd_equipes_eap": 0,
        "qtd_equipes_total": 1,
        "capacidade_pnab": 3500,
        "nomes_equipes": ""
      },
      "geometry": {
        "type": "Point",
        "coordinates": [
          -43.246931,
          -22.85213
        ]
      }
    },
    {
      "type": "Feature",
      "id": 5581273,
      "properties": {
        "operator": "Prefeitura Municipal de Rio de Janeiro",
        "operator:type": "public",
        "ref:CNES": "5581273",
        "source": "cnes;datasus;dados_abertos_saude",
        "official_name": "SMS DEAMB INFANTO JUVENIL AP 51",
        "addr:street": "Rua Praca Cecilia Pedro",
        "addr:housenumber": "60",
        "addr:suburb": "Bangu",
        "addr:city": "Rio de Janeiro",
        "addr:state": "RJ",
        "addr:country": "BR",
        "addr:postcode": "21840-600",
        "amenity": "clinic",
        "healthcare": "clinic",
        "name": "Sms Deamb Infanto Juvenil Ap 51",
        "comment": "Outros Serviços de Saúde",
        "qtd_equipes_esf": 1,
        "qtd_equipes_eap": 0,
        "qtd_equipes_total": 1,
        "capacidade_pnab": 3500,
        "nomes_equipes": ""
      },
      "geometry": {
        "type": "Point",
        "coordinates": [
          -43.465458,
          -22.888355
        ]
      }
    },
    {
      "type": "Feature",
      "id": 4214536,
      "properties": {
        "operator": "Prefeitura Municipal de Rio de Janeiro",
        "operator:type": "public",
        "ref:CNES": "4214536",
        "source": "cnes;datasus;dados_abertos_saude",
        "official_name": "SMS DEAMB IRAJA AP 33",
        "addr:street": "Rua Cap Aliatar Martins",
        "addr:housenumber": "231",
        "addr:suburb": "Iraja",
        "addr:city": "Rio de Janeiro",
        "addr:state": "RJ",
        "addr:country": "BR",
        "addr:postcode": "21235-515",
        "phone": "(21)",
        "amenity": "clinic",
        "healthcare": "clinic",
        "name": "Sms Deamb Iraja Ap 33",
        "comment": "Outros Serviços de Saúde",
        "qtd_equipes_esf": 1,
        "qtd_equipes_eap": 0,
        "qtd_equipes_total": 1,
        "capacidade_pnab": 3500,
        "nomes_equipes": ""
      },
      "geometry": {
        "type": "Point",
        "coordinates": [
          -43.3218,
          -22.8436
        ]
      }
    },
    {
      "type": "Feature",
      "id": 4762827,
      "properties": {
        "operator": "Prefeitura Municipal de Rio de Janeiro",
        "operator:type": "public",
        "ref:CNES": "4762827",
        "source": "cnes;datasus;dados_abertos_saude",
        "official_name": "SMS DEAMB JACARE INHAUMA AP 32",
        "addr:street": "Estrada Adhemar Bebiano",
        "addr:housenumber": "339",
        "addr:suburb": "Del Castilho",
        "addr:city": "Rio de Janeiro",
        "addr:state": "RJ",
        "addr:country": "BR",
        "addr:postcode": "20771-420",
        "amenity": "clinic",
        "healthcare": "clinic",
        "name": "Sms Deamb Jacare Inhauma Ap 32",
        "comment": "Outros Serviços de Saúde",
        "qtd_equipes_esf": 1,
        "qtd_equipes_eap": 0,
        "qtd_equipes_total": 1,
        "capacidade_pnab": 3500,
        "nomes_equipes": ""
      },
      "geometry": {
        "type": "Point",
        "coordinates": [
          -43.27304,
          -22.87234
        ]
      }
    },
    {
      "type": "Feature",
      "id": 4170318,
      "properties": {
        "operator": "Prefeitura Municipal de Rio de Janeiro",
        "operator:type": "public",
        "ref:CNES": "4170318",
        "source": "cnes;datasus;dados_abertos_saude",
        "official_name": "SMS DEAMB MARACANA AP 22",
        "addr:street": "Rua Jurupari",
        "addr:housenumber": "08",
        "addr:suburb": "Tijuca",
        "addr:city": "Rio de Janeiro",
        "addr:state": "RJ",
        "addr:country": "BR",
        "addr:postcode": "20520-110",
        "phone": "+55 21 2284-6860",
        "email": "deamb.maracana22@gmaii.com",
        "amenity": "clinic",
        "healthcare": "clinic",
        "name": "Sms Deamb Maracana Ap 22",
        "comment": "Outros Serviços de Saúde",
        "qtd_equipes_esf": 1,
        "qtd_equipes_eap": 0,
        "qtd_equipes_total": 1,
        "capacidade_pnab": 3500,
        "nomes_equipes": ""
      },
      "geometry": {
        "type": "Point",
        "coordinates": [
          -43.234216,
          -22.914211
        ]
      }
    },
    {
      "type": "Feature",
      "id": 4388054,
      "properties": {
        "operator": "Prefeitura Municipal de Rio de Janeiro",
        "operator:type": "public",
        "ref:CNES": "4388054",
        "source": "cnes;datasus;dados_abertos_saude",
        "official_name": "SMS DEAMB PENHA AP 31",
        "addr:street": "Rua Leopoldina Rego",
        "addr:housenumber": "754",
        "addr:suburb": "Penha",
        "addr:city": "Rio de Janeiro",
        "addr:state": "RJ",
        "addr:country": "BR",
        "addr:postcode": "21021-522",
        "amenity": "clinic",
        "healthcare": "clinic",
        "name": "Sms Deamb Penha Ap 31",
        "comment": "Outros Serviços de Saúde",
        "qtd_equipes_esf": 1,
        "qtd_equipes_eap": 0,
        "qtd_equipes_total": 1,
        "capacidade_pnab": 3500,
        "nomes_equipes": ""
      },
      "geometry": {
        "type": "Point",
        "coordinates": [
          -43.2649,
          -22.8485
        ]
      }
    },
    {
      "type": "Feature",
      "id": 5440203,
      "properties": {
        "operator": "Prefeitura Municipal de Rio de Janeiro",
        "operator:type": "public",
        "ref:CNES": "5440203",
        "source": "cnes;datasus;dados_abertos_saude",
        "official_name": "SMS DEAMB RIO COMPRIDO CENTRO AP 10",
        "addr:street": "Avenida Henrique Valadares",
        "addr:housenumber": "151",
        "addr:city": "Rio de Janeiro",
        "addr:state": "RJ",
        "addr:country": "BR",
        "addr:postcode": "20231-031",
        "phone": "+55 21 96518-1305",
        "email": "deamb.centro@gmail.com",
        "amenity": "clinic",
        "healthcare": "clinic",
        "name": "Sms Deamb Rio Comprido Centro Ap 10",
        "comment": "Outros Serviços de Saúde",
        "qtd_equipes_esf": 1,
        "qtd_equipes_eap": 0,
        "qtd_equipes_total": 1,
        "capacidade_pnab": 3500,
        "nomes_equipes": ""
      },
      "geometry": {
        "type": "Point",
        "coordinates": [
          -43.18771,
          -22.91193
        ]
      }
    },
    {
      "type": "Feature",
      "id": 5581265,
      "properties": {
        "operator": "Prefeitura Municipal de Rio de Janeiro",
        "operator:type": "public",
        "ref:CNES": "5581265",
        "source": "cnes;datasus;dados_abertos_saude",
        "official_name": "SMS DEAMB SANTISSIMO AP 52",
        "addr:street": "Estrada da Posse",
        "addr:suburb": "Santissimo",
        "addr:city": "Rio de Janeiro",
        "addr:state": "RJ",
        "addr:country": "BR",
        "addr:postcode": "23094-395",
        "amenity": "clinic",
        "healthcare": "clinic",
        "name": "Sms Deamb Santissimo Ap 52",
        "comment": "Outros Serviços de Saúde",
        "qtd_equipes_esf": 1,
        "qtd_equipes_eap": 0,
        "qtd_equipes_total": 1,
        "capacidade_pnab": 3500,
        "nomes_equipes": ""
      },
      "geometry": {
        "type": "Point",
        "coordinates": [
          -43.538658,
          -22.878008
        ]
      }
    },
    {
      "type": "Feature",
      "id": 4429486,
      "properties": {
        "operator": "Prefeitura Municipal de Rio de Janeiro",
        "operator:type": "public",
        "ref:CNES": "4429486",
        "source": "cnes;datasus;dados_abertos_saude",
        "official_name": "SMS DEAMB SENADOR CAMARA AP 51",
        "addr:street": "Rua Baalbeck",
        "addr:housenumber": "75",
        "addr:suburb": "Senador Camara",
        "addr:city": "Rio de Janeiro",
        "addr:state": "RJ",
        "addr:country": "BR",
        "addr:postcode": "21833-130",
        "phone": "+55 21 3523-8640",
        "email": "deamb51coordenacao@gmail.com",
        "amenity": "clinic",
        "healthcare": "clinic",
        "name": "Sms Deamb Senador Camara Ap 51",
        "comment": "Outros Serviços de Saúde",
        "qtd_equipes_esf": 1,
        "qtd_equipes_eap": 0,
        "qtd_equipes_total": 1,
        "capacidade_pnab": 3500,
        "nomes_equipes": ""
      },
      "geometry": {
        "type": "Point",
        "coordinates": [
          -43.491891,
          -22.880875
        ]
      }
    },
    {
      "type": "Feature",
      "id": 4672615,
      "properties": {
        "operator": "Prefeitura Municipal de Rio de Janeiro",
        "operator:type": "public",
        "ref:CNES": "4672615",
        "source": "cnes;datasus;dados_abertos_saude",
        "official_name": "SMS DEAMB SEPETIBA AP 53",
        "addr:street": "Rua Senador Camara 224",
        "addr:housenumber": "224",
        "addr:suburb": "Santa Cruz",
        "addr:city": "Rio de Janeiro",
        "addr:state": "RJ",
        "addr:country": "BR",
        "addr:postcode": "23570-160",
        "amenity": "clinic",
        "healthcare": "clinic",
        "name": "Sms Deamb Sepetiba Ap 53",
        "comment": "Outros Serviços de Saúde",
        "qtd_equipes_esf": 1,
        "qtd_equipes_eap": 0,
        "qtd_equipes_total": 1,
        "capacidade_pnab": 3500,
        "nomes_equipes": ""
      },
      "geometry": {
        "type": "Point",
        "coordinates": [
          -43.555483,
          -22.900168
        ]
      }
    },
    {
      "type": "Feature",
      "id": 4337549,
      "properties": {
        "operator": "Prefeitura Municipal de Rio de Janeiro",
        "operator:type": "public",
        "ref:CNES": "4337549",
        "source": "cnes;datasus;dados_abertos_saude",
        "official_name": "SMS DEAMB TANQUE AP 40",
        "addr:street": "Rua Av Geremario Dantas",
        "addr:housenumber": "135",
        "addr:suburb": "Jacarepagua",
        "addr:city": "Rio de Janeiro",
        "addr:state": "RJ",
        "addr:country": "BR",
        "addr:postcode": "22735-000",
        "email": "deamb4.0tanque@gmail.com",
        "amenity": "clinic",
        "healthcare": "clinic",
        "name": "Sms Deamb Tanque Ap 40",
        "comment": "Outros Serviços de Saúde",
        "qtd_equipes_esf": 1,
        "qtd_equipes_eap": 0,
        "qtd_equipes_total": 1,
        "capacidade_pnab": 3500,
        "nomes_equipes": ""
      },
      "geometry": {
        "type": "Point",
        "coordinates": [
          -43.3596828,
          -22.9197937
        ]
      }
    },
    {
      "type": "Feature",
      "id": 4325508,
      "properties": {
        "operator": "Prefeitura Municipal de Rio de Janeiro",
        "operator:type": "public",
        "ref:CNES": "4325508",
        "source": "cnes;datasus;dados_abertos_saude",
        "official_name": "SMS DEAMB ZONA PORTUARIA AP 10",
        "addr:street": "Rua Monsenhor Manuel Gomes",
        "addr:housenumber": "630",
        "addr:suburb": "Caju",
        "addr:city": "Rio de Janeiro",
        "addr:state": "RJ",
        "addr:country": "BR",
        "addr:postcode": "20931-004",
        "phone": "+55 21 96518-1305",
        "amenity": "clinic",
        "healthcare": "clinic",
        "name": "Sms Deamb Zona Portuaria Ap 10",
        "comment": "Outros Serviços de Saúde",
        "qtd_equipes_esf": 1,
        "qtd_equipes_eap": 0,
        "qtd_equipes_total": 1,
        "capacidade_pnab": 3500,
        "nomes_equipes": ""
      },
      "geometry": {
        "type": "Point",
        "coordinates": [
          -43.21564,
          -22.87938
        ]
      }
    },
    {
      "type": "Feature",
      "id": 6407412,
      "properties": {
        "operator": "Prefeitura Municipal de Rio de Janeiro",
        "operator:type": "public",
        "ref:CNES": "6407412",
        "source": "cnes;datasus;dados_abertos_saude",
        "official_name": "CENTRO DE ESTUDOS DE SAUDE DO TRABALHADOR E ECOLOGIA HUMANA",
        "addr:street": "Rua Leopoldo Bulhoes",
        "addr:housenumber": "1480",
        "addr:suburb": "Manguinhos",
        "addr:city": "Rio de Janeiro",
        "addr:state": "RJ",
        "addr:country": "BR",
        "addr:postcode": "21041-210",
        "phone": "+55 46 2598-2965",
        "email": "marijara.pires@fiocruz.br",
        "amenity": "clinic",
        "healthcare": "clinic",
        "name": "Centro de Estudos de Saude do Trabalhador e Ecologia Humana",
        "comment": "Centro de Especialidades",
        "qtd_equipes_esf": 1,
        "qtd_equipes_eap": 0,
        "qtd_equipes_total": 1,
        "capacidade_pnab": 3500,
        "nomes_equipes": ""
      },
      "geometry": {
        "type": "Point",
        "coordinates": [
          -43.2506847,
          -22.8772823
        ]
      }
    },
    {
      "type": "Feature",
      "id": 7619081,
      "properties": {
        "operator": "Governo do Estado (RJ)",
        "operator:type": "public",
        "ref:CNES": "7619081",
        "source": "cnes;datasus;dados_abertos_saude",
        "official_name": "CENTRO DE REFERENCIA ESTADUAL EM SAUDE DO TRABALHADOR DO RJ",
        "addr:street": "Rua Silva Jardim",
        "addr:housenumber": "31",
        "addr:city": "Rio de Janeiro",
        "addr:state": "RJ",
        "addr:country": "BR",
        "addr:postcode": "20050-060",
        "phone": "+55 21 2333-2125",
        "email": "cerestrj@saude.rj.gov.br",
        "amenity": "clinic",
        "healthcare": "clinic",
        "name": "Centro de Referencia Estadual em Saude do Trabalhador do Rj",
        "comment": "Centro de Especialidades",
        "qtd_equipes_esf": 1,
        "qtd_equipes_eap": 0,
        "qtd_equipes_total": 1,
        "capacidade_pnab": 3500,
        "nomes_equipes": ""
      },
      "geometry": {
        "type": "Point",
        "coordinates": [
          -43.184302,
          -22.9077243
        ]
      }
    },
    {
      "type": "Feature",
      "id": 6582788,
      "properties": {
        "operator": "Prefeitura Municipal de Rio de Janeiro",
        "operator:type": "public",
        "ref:CNES": "6582788",
        "source": "cnes;datasus;dados_abertos_saude",
        "official_name": "CENTRO DE REFERENCIA PROFESSOR HELIO FRAGA",
        "addr:street": "Estrada de Curicica",
        "addr:housenumber": "2000",
        "addr:suburb": "Curicica",
        "addr:city": "Rio de Janeiro",
        "addr:state": "RJ",
        "addr:country": "BR",
        "addr:postcode": "22780-192",
        "phone": "+55 46 2448-6814",
        "email": "gabinetecrphf.ensp@fiocruz.br",
        "amenity": "clinic",
        "healthcare": "clinic",
        "name": "Centro de Referencia Professor Helio Fraga",
        "comment": "Centro de Especialidades",
        "qtd_equipes_esf": 1,
        "qtd_equipes_eap": 0,
        "qtd_equipes_total": 1,
        "capacidade_pnab": 3500,
        "nomes_equipes": ""
      },
      "geometry": {
        "type": "Point",
        "coordinates": [
          -43.2454491,
          -22.876017
        ]
      }
    },
    {
      "type": "Feature",
      "id": 9243259,
      "properties": {
        "operator": "Prefeitura Municipal de Rio de Janeiro",
        "operator:type": "public",
        "ref:CNES": "9243259",
        "source": "cnes;datasus;dados_abertos_saude",
        "official_name": "CENTRO GERONTOLOGICO DE AERONAUTICA BRIGADEIRO EDUARDO GOMES",
        "addr:street": "Rua Major Aviador Carlos Biavati",
        "addr:suburb": "Ilha do Governador",
        "addr:city": "Rio de Janeiro",
        "addr:state": "RJ",
        "addr:country": "BR",
        "addr:postcode": "20941-330",
        "phone": "+55 21 3383-9500",
        "email": "queilaqss@fab.mil.br",
        "amenity": "clinic",
        "healthcare": "clinic",
        "name": "Centro Gerontologico de Aeronautica Brigadeiro Eduardo Gomes",
        "comment": "Centro de Especialidades",
        "qtd_equipes_esf": 1,
        "qtd_equipes_eap": 0,
        "qtd_equipes_total": 1,
        "capacidade_pnab": 3500,
        "nomes_equipes": ""
      },
      "geometry": {
        "type": "Point",
        "coordinates": [
          -43.8922788,
          -22.3687665
        ]
      }
    },
    {
      "type": "Feature",
      "id": 4816579,
      "properties": {
        "operator": "Prefeitura Municipal de Rio de Janeiro",
        "operator:type": "public",
        "ref:CNES": "4816579",
        "source": "cnes;datasus;dados_abertos_saude",
        "official_name": "CLINICA ESCOLA MARCIO SOPHIA",
        "addr:street": "Rua Professor Carlos Wenceslau",
        "addr:housenumber": "343",
        "addr:suburb": "Realengo",
        "addr:city": "Rio de Janeiro",
        "addr:state": "RJ",
        "addr:country": "BR",
        "addr:postcode": "21715-000",
        "email": "da.creal@ifrj.edu.br",
        "amenity": "clinic",
        "healthcare": "clinic",
        "name": "Clinica Escola Marcio Sophia",
        "comment": "Centro de Especialidades",
        "qtd_equipes_esf": 1,
        "qtd_equipes_eap": 0,
        "qtd_equipes_total": 1,
        "capacidade_pnab": 3500,
        "nomes_equipes": ""
      },
      "geometry": {
        "type": "Point",
        "coordinates": [
          -43.435624,
          -22.8795735
        ]
      }
    },
    {
      "type": "Feature",
      "id": 5501407,
      "properties": {
        "operator": "Prefeitura Municipal de Rio de Janeiro",
        "operator:type": "public",
        "ref:CNES": "5501407",
        "source": "cnes;datasus;dados_abertos_saude",
        "official_name": "INSTITUTO BENJAMIN CONSTANT",
        "addr:street": "Avenida Pasteur",
        "addr:housenumber": "360",
        "addr:suburb": "Urca",
        "addr:city": "Rio de Janeiro",
        "addr:state": "RJ",
        "addr:country": "BR",
        "addr:postcode": "22290-240",
        "phone": "+55 21 3478-4420",
        "email": "dmr@ibc.gov.br",
        "amenity": "clinic",
        "healthcare": "clinic",
        "name": "Instituto Benjamin Constant",
        "comment": "Centro de Especialidades",
        "qtd_equipes_esf": 1,
        "qtd_equipes_eap": 0,
        "qtd_equipes_total": 1,
        "capacidade_pnab": 3500,
        "nomes_equipes": ""
      },
      "geometry": {
        "type": "Point",
        "coordinates": [
          -43.7698,
          -22.9503
        ]
      }
    },
    {
      "type": "Feature",
      "id": 9217150,
      "properties": {
        "operator": "Prefeitura Municipal de Rio de Janeiro",
        "operator:type": "public",
        "ref:CNES": "9217150",
        "source": "cnes;datasus;dados_abertos_saude",
        "official_name": "ODONTOCLINICA CENTRAL DA MARINHA",
        "addr:street": "Rua Praca Barao de Ladario",
        "addr:city": "Rio de Janeiro",
        "addr:state": "RJ",
        "addr:country": "BR",
        "addr:postcode": "20091-000",
        "email": "livia@marinha.mil.br",
        "amenity": "clinic",
        "healthcare": "clinic",
        "name": "Odontoclinica Central da Marinha",
        "comment": "Centro de Especialidades",
        "qtd_equipes_esf": 1,
        "qtd_equipes_eap": 0,
        "qtd_equipes_total": 1,
        "capacidade_pnab": 3500,
        "nomes_equipes": ""
      },
      "geometry": {
        "type": "Point",
        "coordinates": [
          -43.20148,
          -22.90314
        ]
      }
    },
    {
      "type": "Feature",
      "id": 8086400,
      "properties": {
        "operator": "Prefeitura Municipal de Rio de Janeiro",
        "operator:type": "public",
        "ref:CNES": "8086400",
        "source": "cnes;datasus;dados_abertos_saude",
        "official_name": "ODONTOCLINICA CENTRAL DO EXERCITO",
        "addr:street": "Rua Moncorvo Filho",
        "addr:housenumber": "5",
        "addr:city": "Rio de Janeiro",
        "addr:state": "RJ",
        "addr:country": "BR",
        "addr:postcode": "20211-340",
        "phone": "+55 21 2505-4823",
        "email": "rpocex@yahoo.com.br",
        "amenity": "clinic",
        "healthcare": "clinic",
        "name": "Odontoclinica Central do Exercito",
        "comment": "Centro de Especialidades",
        "qtd_equipes_esf": 1,
        "qtd_equipes_eap": 0,
        "qtd_equipes_total": 1,
        "capacidade_pnab": 3500,
        "nomes_equipes": ""
      },
      "geometry": {
        "type": "Point",
        "coordinates": [
          -43.193172,
          -22.9075942
        ]
      }
    },
    {
      "type": "Feature",
      "id": 3814742,
      "properties": {
        "operator": "Prefeitura Municipal de Rio de Janeiro",
        "operator:type": "public",
        "ref:CNES": "3814742",
        "source": "cnes;datasus;dados_abertos_saude",
        "official_name": "ODONTOCLINICA DE AERONAUTICA SANTOS DUMONT",
        "addr:street": "Rua Praca Marechal Ancora",
        "addr:housenumber": "77",
        "addr:city": "Rio de Janeiro",
        "addr:state": "RJ",
        "addr:country": "BR",
        "addr:postcode": "20021-200",
        "phone": "+55 21 2174-7009",
        "email": "oasdsec@gmail.com",
        "amenity": "clinic",
        "healthcare": "clinic",
        "name": "Odontoclinica de Aeronautica Santos Dumont",
        "comment": "Centro de Especialidades",
        "qtd_equipes_esf": 1,
        "qtd_equipes_eap": 0,
        "qtd_equipes_total": 1,
        "capacidade_pnab": 3500,
        "nomes_equipes": ""
      },
      "geometry": {
        "type": "Point",
        "coordinates": [
          -43.169922,
          -22.903892
        ]
      }
    },
    {
      "type": "Feature",
      "id": 4558014,
      "properties": {
        "operator": "Governo do Estado (RJ)",
        "operator:type": "public",
        "ref:CNES": "4558014",
        "source": "cnes;datasus;dados_abertos_saude",
        "official_name": "SES RJ C ESTADUAL DE DIAGNOSTICO TRANSTORNO ESPECTRO AUTISTA",
        "addr:street": "Rua Padre Leonel Franca",
        "addr:housenumber": "248",
        "addr:suburb": "Gavea",
        "addr:city": "Rio de Janeiro",
        "addr:state": "RJ",
        "addr:country": "BR",
        "addr:postcode": "22451-000",
        "phone": "+55 21 3385-9151",
        "email": "gabsec@saude.rj.gov.br",
        "amenity": "clinic",
        "healthcare": "clinic",
        "name": "Ses Rj C Estadual de Diagnóstico Transtorno Espectro Autista",
        "comment": "Centro de Especialidades",
        "qtd_equipes_esf": 1,
        "qtd_equipes_eap": 0,
        "qtd_equipes_total": 1,
        "capacidade_pnab": 3500,
        "nomes_equipes": ""
      },
      "geometry": {
        "type": "Point",
        "coordinates": [
          -43.2279165,
          -22.9786799
        ]
      }
    },
    {
      "type": "Feature",
      "id": 4812743,
      "properties": {
        "operator": "Governo do Estado (RJ)",
        "operator:type": "public",
        "ref:CNES": "4812743",
        "source": "cnes;datasus;dados_abertos_saude",
        "official_name": "SES RJ INSTITUTO ESTADUAL DE OLHOS",
        "addr:street": "Rua Est do Pre",
        "addr:suburb": "Senador Vasconcelos",
        "addr:city": "Rio de Janeiro",
        "addr:state": "RJ",
        "addr:country": "BR",
        "addr:postcode": "23013-550",
        "phone": "+55 21 97077-5423",
        "email": "faturamento@fs.rj.gov.br",
        "amenity": "clinic",
        "healthcare": "clinic",
        "name": "Ses Rj Instituto Estadual de Olhos",
        "comment": "Centro de Especialidades",
        "qtd_equipes_esf": 1,
        "qtd_equipes_eap": 0,
        "qtd_equipes_total": 1,
        "capacidade_pnab": 3500,
        "nomes_equipes": ""
      },
      "geometry": {
        "type": "Point",
        "coordinates": [
          -43.5357821,
          -22.8983849
        ]
      }
    },
    {
      "type": "Feature",
      "id": 8063826,
      "properties": {
        "operator": "Governo do Estado (RJ)",
        "operator:type": "public",
        "ref:CNES": "8063826",
        "source": "cnes;datasus;dados_abertos_saude",
        "official_name": "SES RJ POLO DE ATENCAO A PESSOA COM EPIDERMOLISE BOLHOSA",
        "addr:street": "Rua Jaceguai",
        "addr:suburb": "Maracana",
        "addr:city": "Rio de Janeiro",
        "addr:state": "RJ",
        "addr:country": "BR",
        "addr:postcode": "20550-150",
        "amenity": "clinic",
        "healthcare": "clinic",
        "name": "Ses Rj Polo de Atencao A Pessoa Com Epidermolise Bolhosa",
        "comment": "Centro de Especialidades",
        "qtd_equipes_esf": 1,
        "qtd_equipes_eap": 0,
        "qtd_equipes_total": 1,
        "capacidade_pnab": 3500,
        "nomes_equipes": ""
      },
      "geometry": {
        "type": "Point",
        "coordinates": [
          -43.2322,
          -22.9175
        ]
      }
    },
    {
      "type": "Feature",
      "id": 8408785,
      "properties": {
        "operator": "Prefeitura Municipal de Rio de Janeiro",
        "operator:type": "public",
        "ref:CNES": "8408785",
        "source": "cnes;datasus;dados_abertos_saude",
        "official_name": "SMS CEDTEA DEL CASTILHO AP 32",
        "addr:street": "Estrada Adhemar Bebiano",
        "addr:housenumber": "339",
        "addr:suburb": "Del Castilho",
        "addr:city": "Rio de Janeiro",
        "addr:state": "RJ",
        "addr:country": "BR",
        "addr:postcode": "21051-070",
        "phone": "+55 21 97027-6140",
        "email": "cedtea.ap32@gmail.com",
        "amenity": "clinic",
        "healthcare": "clinic",
        "name": "Sms Cedtea Del Castilho Ap 32",
        "comment": "Centro de Especialidades",
        "qtd_equipes_esf": 1,
        "qtd_equipes_eap": 0,
        "qtd_equipes_total": 1,
        "capacidade_pnab": 3500,
        "nomes_equipes": ""
      },
      "geometry": {
        "type": "Point",
        "coordinates": [
          -43.2726574,
          -22.8723985
        ]
      }
    },
    {
      "type": "Feature",
      "id": 2970627,
      "properties": {
        "operator": "Prefeitura Municipal de Rio de Janeiro",
        "operator:type": "public",
        "ref:CNES": "2970627",
        "source": "cnes;datasus;dados_abertos_saude",
        "official_name": "SMS CENTRO CARIOCA DE DIAGNOSTICO E TRAT POR IMAGEM AP 10",
        "addr:street": "Rua Dr Rodrigues de Santana",
        "addr:housenumber": "53",
        "addr:suburb": "Benfica",
        "addr:city": "Rio de Janeiro",
        "addr:state": "RJ",
        "addr:country": "BR",
        "addr:postcode": "20910-240",
        "phone": "+55 46 3512-7130",
        "amenity": "clinic",
        "healthcare": "clinic",
        "name": "Sms Centro Carioca de Diagnóstico e Trat por Imagem Ap 10",
        "comment": "Centro de Especialidades",
        "qtd_equipes_esf": 1,
        "qtd_equipes_eap": 0,
        "qtd_equipes_total": 1,
        "capacidade_pnab": 3500,
        "nomes_equipes": ""
      },
      "geometry": {
        "type": "Point",
        "coordinates": [
          -43.2387114,
          -22.8962847
        ]
      }
    },
    {
      "type": "Feature",
      "id": 8148023,
      "properties": {
        "operator": "Prefeitura Municipal de Rio de Janeiro",
        "operator:type": "public",
        "ref:CNES": "8148023",
        "source": "cnes;datasus;dados_abertos_saude",
        "official_name": "SMS CENTRO CARIOCA DE ESPECIALIDADE DA ZONA OESTE AP 52",
        "addr:street": "Rua Campo Grande",
        "addr:housenumber": "120",
        "addr:suburb": "Campo Grande",
        "addr:city": "Rio de Janeiro",
        "addr:state": "RJ",
        "addr:country": "BR",
        "addr:postcode": "23085-360",
        "amenity": "clinic",
        "healthcare": "clinic",
        "name": "Sms Centro Carioca de Especialidade da Zona Oeste Ap 52",
        "comment": "Centro de Especialidades",
        "qtd_equipes_esf": 1,
        "qtd_equipes_eap": 0,
        "qtd_equipes_total": 1,
        "capacidade_pnab": 3500,
        "nomes_equipes": ""
      },
      "geometry": {
        "type": "Point",
        "coordinates": [
          -43.550951,
          -22.899623
        ]
      }
    },
    {
      "type": "Feature",
      "id": 2970643,
      "properties": {
        "operator": "Prefeitura Municipal de Rio de Janeiro",
        "operator:type": "public",
        "ref:CNES": "2970643",
        "source": "cnes;datasus;dados_abertos_saude",
        "official_name": "SMS CENTRO CARIOCA DE ESPECIALIDADES AP 10",
        "addr:street": "Rua General Gustavo Cordeiro de Farias",
        "addr:housenumber": "545",
        "addr:suburb": "Benfica",
        "addr:city": "Rio de Janeiro",
        "addr:state": "RJ",
        "addr:country": "BR",
        "addr:postcode": "20910-220",
        "phone": "+55 21 2018-0457",
        "email": "cce.smsrj@igedes.org.br",
        "amenity": "clinic",
        "healthcare": "clinic",
        "name": "Sms Centro Carioca de Especialidades Ap 10",
        "comment": "Centro de Especialidades",
        "qtd_equipes_esf": 1,
        "qtd_equipes_eap": 0,
        "qtd_equipes_total": 1,
        "capacidade_pnab": 3500,
        "nomes_equipes": ""
      },
      "geometry": {
        "type": "Point",
        "coordinates": [
          -43.23844,
          -22.89701
        ]
      }
    },
    {
      "type": "Feature",
      "id": 8195943,
      "properties": {
        "operator": "Prefeitura Municipal de Rio de Janeiro",
        "operator:type": "public",
        "ref:CNES": "8195943",
        "source": "cnes;datasus;dados_abertos_saude",
        "official_name": "SMS CENTRO CARIOCA DE HEMODIALISE DA ZONA OESTE AP 52",
        "addr:street": "Rua Campo Grande",
        "addr:housenumber": "120",
        "addr:suburb": "Campo Grande",
        "addr:city": "Rio de Janeiro",
        "addr:state": "RJ",
        "addr:country": "BR",
        "addr:postcode": "23085-360",
        "amenity": "clinic",
        "healthcare": "clinic",
        "name": "Sms Centro Carioca de Hemodialise da Zona Oeste Ap 52",
        "comment": "Centro de Especialidades",
        "qtd_equipes_esf": 1,
        "qtd_equipes_eap": 0,
        "qtd_equipes_total": 1,
        "capacidade_pnab": 3500,
        "nomes_equipes": ""
      },
      "geometry": {
        "type": "Point",
        "coordinates": [
          -43.5509204,
          -22.8996063
        ]
      }
    },
    {
      "type": "Feature",
      "id": 8148015,
      "properties": {
        "operator": "Prefeitura Municipal de Rio de Janeiro",
        "operator:type": "public",
        "ref:CNES": "8148015",
        "source": "cnes;datasus;dados_abertos_saude",
        "official_name": "SMS CENTRO CARIOCA DE REABILITACAO DA ZONA OESTE AP 52",
        "addr:street": "Rua Campo Grande",
        "addr:housenumber": "120",
        "addr:suburb": "Campo Grande",
        "addr:city": "Rio de Janeiro",
        "addr:state": "RJ",
        "addr:country": "BR",
        "addr:postcode": "23085-360",
        "amenity": "clinic",
        "healthcare": "rehabilitation",
        "name": "Centro Especializado em Reabilitação (CER)",
        "short_name": "CER",
        "comment": "Reabilitação (CER)",
        "qtd_equipes_esf": 1,
        "qtd_equipes_eap": 0,
        "qtd_equipes_total": 1,
        "capacidade_pnab": 3500,
        "nomes_equipes": ""
      },
      "geometry": {
        "type": "Point",
        "coordinates": [
          -43.550573,
          -22.899806
        ]
      }
    },
    {
      "type": "Feature",
      "id": 2970619,
      "properties": {
        "operator": "Prefeitura Municipal de Rio de Janeiro",
        "operator:type": "public",
        "ref:CNES": "2970619",
        "source": "cnes;datasus;dados_abertos_saude",
        "official_name": "SMS CENTRO CARIOCA DO OLHO AP 10",
        "addr:street": "Rua General Gustavo Cordeiro de Farias",
        "addr:housenumber": "495",
        "addr:suburb": "Benfica",
        "addr:city": "Rio de Janeiro",
        "addr:state": "RJ",
        "addr:country": "BR",
        "addr:postcode": "20910-220",
        "amenity": "clinic",
        "healthcare": "clinic",
        "name": "Sms Centro Carioca do Olho Ap 10",
        "comment": "Centro de Especialidades",
        "qtd_equipes_esf": 1,
        "qtd_equipes_eap": 0,
        "qtd_equipes_total": 1,
        "capacidade_pnab": 3500,
        "nomes_equipes": ""
      },
      "geometry": {
        "type": "Point",
        "coordinates": [
          -43.208447,
          -22.90377
        ]
      }
    },
    {
      "type": "Feature",
      "id": 8186839,
      "properties": {
        "operator": "Prefeitura Municipal de Rio de Janeiro",
        "operator:type": "public",
        "ref:CNES": "8186839",
        "source": "cnes;datasus;dados_abertos_saude",
        "official_name": "SMS CENTRO DE REABILITACAO E CEDTEA IRAJA AP 33",
        "addr:street": "Rua Hannibal Porto",
        "addr:housenumber": "450",
        "addr:suburb": "Iraja",
        "addr:city": "Rio de Janeiro",
        "addr:state": "RJ",
        "addr:country": "BR",
        "addr:postcode": "21230-330",
        "amenity": "clinic",
        "healthcare": "rehabilitation",
        "name": "Centro Especializado em Reabilitação (CER)",
        "short_name": "CER",
        "comment": "Reabilitação (CER)",
        "qtd_equipes_esf": 1,
        "qtd_equipes_eap": 0,
        "qtd_equipes_total": 1,
        "capacidade_pnab": 3500,
        "nomes_equipes": ""
      },
      "geometry": {
        "type": "Point",
        "coordinates": [
          -43.32478,
          -22.82383
        ]
      }
    },
    {
      "type": "Feature",
      "id": 2708159,
      "properties": {
        "operator": "Prefeitura Municipal de Rio de Janeiro",
        "operator:type": "public",
        "ref:CNES": "2708159",
        "source": "cnes;datasus;dados_abertos_saude",
        "official_name": "SMS CMR ENG DENTRO AP 32",
        "addr:street": "Estrada Adhemar Bebiano",
        "addr:housenumber": "339",
        "addr:suburb": "Inhauma",
        "addr:city": "Rio de Janeiro",
        "addr:state": "RJ",
        "addr:country": "BR",
        "addr:postcode": "21051-070",
        "phone": "+55 46 3111-7350",
        "email": "cmred@rio.rj.gov.br",
        "amenity": "clinic",
        "healthcare": "clinic",
        "name": "Sms Cmr Eng Dentro Ap 32",
        "comment": "Centro de Especialidades",
        "qtd_equipes_esf": 1,
        "qtd_equipes_eap": 0,
        "qtd_equipes_total": 1,
        "capacidade_pnab": 3500,
        "nomes_equipes": ""
      },
      "geometry": {
        "type": "Point",
        "coordinates": [
          -43.2751953,
          -22.8724508
        ]
      }
    },
    {
      "type": "Feature",
      "id": 2295326,
      "properties": {
        "operator": "Prefeitura Municipal de Rio de Janeiro",
        "operator:type": "public",
        "ref:CNES": "2295326",
        "source": "cnes;datasus;dados_abertos_saude",
        "official_name": "SMS CMR OSCAR CLARK AP 22",
        "addr:street": "Rua General Canabarro",
        "addr:housenumber": "345",
        "addr:suburb": "Maracana",
        "addr:city": "Rio de Janeiro",
        "addr:state": "RJ",
        "addr:country": "BR",
        "addr:postcode": "20271-202",
        "phone": "+55 46 2284-1849",
        "email": "cmroscarclark.cap22.smsrio@gmail.com",
        "amenity": "clinic",
        "healthcare": "clinic",
        "name": "Sms Cmr Oscar Clark Ap 22",
        "comment": "Centro de Especialidades",
        "qtd_equipes_esf": 1,
        "qtd_equipes_eap": 0,
        "qtd_equipes_total": 1,
        "capacidade_pnab": 3500,
        "nomes_equipes": ""
      },
      "geometry": {
        "type": "Point",
        "coordinates": [
          -43.2253144,
          -22.9135918
        ]
      }
    },
    {
      "type": "Feature",
      "id": 4337557,
      "properties": {
        "operator": "Prefeitura Municipal de Rio de Janeiro",
        "operator:type": "public",
        "ref:CNES": "4337557",
        "source": "cnes;datasus;dados_abertos_saude",
        "official_name": "SMS PADI ALBERT SCHWEITZER AP 51",
        "addr:street": "Rua Nilopolis",
        "addr:housenumber": "239",
        "addr:suburb": "Realengo",
        "addr:city": "Rio de Janeiro",
        "addr:state": "RJ",
        "addr:country": "BR",
        "addr:postcode": "21720-040",
        "phone": "+55 21 96455-2998",
        "email": "faturamento.padi@ideiasrj.org.br",
        "amenity": "clinic",
        "healthcare": "clinic",
        "name": "Sms Padi Albert Schweitzer Ap 51",
        "comment": "Centro de Especialidades",
        "qtd_equipes_esf": 0,
        "qtd_equipes_eap": 0,
        "qtd_equipes_total": 4,
        "capacidade_pnab": 3500,
        "nomes_equipes": "EMAP PADI ALBERT SCHWEITZER I; EMAD PADI ALBERT SCHWEITZERIII; EMAD PADI ALBERT SCHWEITZER II; EMAD PADI ALBERT SCHWEITZER I"
      },
      "geometry": {
        "type": "Point",
        "coordinates": [
          -43.4421178,
          -22.8667372
        ]
      }
    },
    {
      "type": "Feature",
      "id": 4466403,
      "properties": {
        "operator": "Prefeitura Municipal de Rio de Janeiro",
        "operator:type": "public",
        "ref:CNES": "4466403",
        "source": "cnes;datasus;dados_abertos_saude",
        "official_name": "SMS PADI FARMACIA AP 32",
        "addr:street": "Rua Getulio",
        "addr:housenumber": "59",
        "addr:suburb": "Cachambi",
        "addr:city": "Rio de Janeiro",
        "addr:state": "RJ",
        "addr:country": "BR",
        "addr:postcode": "20775-000",
        "email": "faturamento.padi@ideias.org.br",
        "amenity": "clinic",
        "healthcare": "clinic",
        "name": "Sms Padi Farmácia Ap 32",
        "comment": "Centro de Especialidades",
        "qtd_equipes_esf": 1,
        "qtd_equipes_eap": 0,
        "qtd_equipes_total": 1,
        "capacidade_pnab": 3500,
        "nomes_equipes": ""
      },
      "geometry": {
        "type": "Point",
        "coordinates": [
          -43.2815144,
          -22.8964005
        ]
      }
    },
    {
      "type": "Feature",
      "id": 7110340,
      "properties": {
        "operator": "Prefeitura Municipal de Rio de Janeiro",
        "operator:type": "public",
        "ref:CNES": "7110340",
        "source": "cnes;datasus;dados_abertos_saude",
        "official_name": "SMS PADI FRANCISCO DA SILVA TELLES AP 33",
        "addr:street": "Avenida Ubirajara",
        "addr:housenumber": "25",
        "addr:suburb": "Iraja",
        "addr:city": "Rio de Janeiro",
        "addr:state": "RJ",
        "addr:country": "BR",
        "addr:postcode": "21230-300",
        "phone": "+55 21 99425-5602",
        "email": "faturamento.padi@ideias.org.br",
        "amenity": "clinic",
        "healthcare": "clinic",
        "name": "Sms Padi Francisco da Silva Telles Ap 33",
        "comment": "Centro de Especialidades",
        "qtd_equipes_esf": 0,
        "qtd_equipes_eap": 0,
        "qtd_equipes_total": 4,
        "capacidade_pnab": 3500,
        "nomes_equipes": "EMAD PADI FRANCISCO TELLES III; EMAD PADI FRANCISCO TELLES I; EMAP PADI FRANCISCO TELLES I; EMAD PADI FRANCISCO TELLES II"
      },
      "geometry": {
        "type": "Point",
        "coordinates": [
          -43.3280611,
          -22.8306176
        ]
      }
    },
    {
      "type": "Feature",
      "id": 7063679,
      "properties": {
        "operator": "Prefeitura Municipal de Rio de Janeiro",
        "operator:type": "public",
        "ref:CNES": "7063679",
        "source": "cnes;datasus;dados_abertos_saude",
        "official_name": "SMS PADI LOURENCO JORGE AP 40",
        "addr:street": "Rua Av Ayrton Senna",
        "addr:housenumber": "2000",
        "addr:suburb": "Barra da Tijuca",
        "addr:city": "Rio de Janeiro",
        "addr:state": "RJ",
        "addr:country": "BR",
        "addr:postcode": "22793-000",
        "phone": "+55 21 3325-0580",
        "email": "faturamento.padi@ideias.org.br",
        "amenity": "clinic",
        "healthcare": "clinic",
        "name": "Sms Padi Lourenço Jorge Ap 40",
        "comment": "Centro de Especialidades",
        "qtd_equipes_esf": 0,
        "qtd_equipes_eap": 0,
        "qtd_equipes_total": 3,
        "capacidade_pnab": 3500,
        "nomes_equipes": "EMAP PADI LOURENCO JORGE I; EMAD PADI LOURENCO JORGE II; EMAD PADI LOURENCO JORGE I"
      },
      "geometry": {
        "type": "Point",
        "coordinates": [
          -43.3638735,
          -22.9948529
        ]
      }
    },
    {
      "type": "Feature",
      "id": 6694330,
      "properties": {
        "operator": "Prefeitura Municipal de Rio de Janeiro",
        "operator:type": "public",
        "ref:CNES": "6694330",
        "source": "cnes;datasus;dados_abertos_saude",
        "official_name": "SMS PADI MIGUEL COUTO AP 21",
        "addr:street": "Rua Mario Ribeiro",
        "addr:housenumber": "80",
        "addr:suburb": "Lagoa",
        "addr:city": "Rio de Janeiro",
        "addr:state": "RJ",
        "addr:country": "BR",
        "addr:postcode": "22430-160",
        "phone": "+55 21 3344-2201",
        "email": "faturamento.padi@ideias.org.br",
        "amenity": "clinic",
        "healthcare": "clinic",
        "name": "Sms Padi Miguel Couto Ap 21",
        "comment": "Centro de Especialidades",
        "qtd_equipes_esf": 0,
        "qtd_equipes_eap": 0,
        "qtd_equipes_total": 3,
        "capacidade_pnab": 3500,
        "nomes_equipes": "EMAP PADI MIGUEL COUTO I; EMAD PADI MIGUEL COUTO I; EMAD PADI MIGUEL COUTO II"
      },
      "geometry": {
        "type": "Point",
        "coordinates": [
          -43.2239904,
          -22.9773325
        ]
      }
    },
    {
      "type": "Feature",
      "id": 4092104,
      "properties": {
        "operator": "Prefeitura Municipal de Rio de Janeiro",
        "operator:type": "public",
        "ref:CNES": "4092104",
        "source": "cnes;datasus;dados_abertos_saude",
        "official_name": "SMS PADI PAULINO WERNECK AP 31",
        "addr:street": "Estrada da Cacuia",
        "addr:housenumber": "745",
        "addr:suburb": "Ilha do Governador",
        "addr:city": "Rio de Janeiro",
        "addr:state": "RJ",
        "addr:country": "BR",
        "addr:postcode": "21921-001",
        "phone": "+55 21 3111-7727",
        "email": "adm.padpw@gmail.com",
        "amenity": "clinic",
        "healthcare": "clinic",
        "name": "Sms Padi Paulino Werneck Ap 31",
        "comment": "Centro de Especialidades",
        "qtd_equipes_esf": 0,
        "qtd_equipes_eap": 0,
        "qtd_equipes_total": 2,
        "capacidade_pnab": 3500,
        "nomes_equipes": "RONALDO GAZOLLA II; RONALDO GAZOLLA"
      },
      "geometry": {
        "type": "Point",
        "coordinates": [
          -43.1847529,
          -22.8108
        ]
      }
    },
    {
      "type": "Feature",
      "id": 7110324,
      "properties": {
        "operator": "Prefeitura Municipal de Rio de Janeiro",
        "operator:type": "public",
        "ref:CNES": "7110324",
        "source": "cnes;datasus;dados_abertos_saude",
        "official_name": "SMS PADI PEDRO II AP 53",
        "addr:street": "Rua do Prado",
        "addr:housenumber": "325",
        "addr:suburb": "Santa Cruz",
        "addr:city": "Rio de Janeiro",
        "addr:state": "RJ",
        "addr:country": "BR",
        "addr:postcode": "23555-012",
        "phone": "+55 21 3288-7418",
        "email": "faturamento.padi@ideias.org.br",
        "amenity": "clinic",
        "healthcare": "clinic",
        "name": "Sms Padi Pedro II Ap 53",
        "comment": "Centro de Especialidades",
        "qtd_equipes_esf": 0,
        "qtd_equipes_eap": 0,
        "qtd_equipes_total": 4,
        "capacidade_pnab": 3500,
        "nomes_equipes": "EMAD PADI PEDRO II I; EMAD PADI PEDRO II II; EMAP PADI PEDRO II I; EMAD PADI PEDRO II III"
      },
      "geometry": {
        "type": "Point",
        "coordinates": [
          -43.6877155,
          -22.9124591
        ]
      }
    },
    {
      "type": "Feature",
      "id": 2976706,
      "properties": {
        "operator": "Prefeitura Municipal de Rio de Janeiro",
        "operator:type": "public",
        "ref:CNES": "2976706",
        "source": "cnes;datasus;dados_abertos_saude",
        "official_name": "SMS PADI ROCHA FARIA AP 52",
        "addr:street": "Avenida Cesario de Melo",
        "addr:housenumber": "3215",
        "addr:suburb": "Campo Grande",
        "addr:city": "Rio de Janeiro",
        "addr:state": "RJ",
        "addr:country": "BR",
        "addr:postcode": "23050-101",
        "phone": "+55 21 3273-8746",
        "email": "faturamento.padi@ideiasrj.org.br",
        "amenity": "clinic",
        "healthcare": "clinic",
        "name": "Sms Padi Rocha Faria Ap 52",
        "comment": "Centro de Especialidades",
        "qtd_equipes_esf": 0,
        "qtd_equipes_eap": 0,
        "qtd_equipes_total": 3,
        "capacidade_pnab": 3500,
        "nomes_equipes": "EMAD PADI ROCHA FARIA I; EMAD PADI ROCHA FARIA II; EMAP PADI ROCHA FARIA I"
      },
      "geometry": {
        "type": "Point",
        "coordinates": [
          -43.562413,
          -22.9082242
        ]
      }
    },
    {
      "type": "Feature",
      "id": 6694101,
      "properties": {
        "operator": "Prefeitura Municipal de Rio de Janeiro",
        "operator:type": "public",
        "ref:CNES": "6694101",
        "source": "cnes;datasus;dados_abertos_saude",
        "official_name": "SMS PADI SALGADO FILHO AP 32",
        "addr:street": "Rua Arquias Cordeiro",
        "addr:housenumber": "370",
        "addr:suburb": "Meier",
        "addr:city": "Rio de Janeiro",
        "addr:state": "RJ",
        "addr:country": "BR",
        "addr:postcode": "20770-000",
        "phone": "+55 21 2228-7599",
        "email": "faturamento.padi@ideias.org.br",
        "amenity": "clinic",
        "healthcare": "clinic",
        "name": "Sms Padi Salgado Filho Ap 32",
        "comment": "Centro de Especialidades",
        "qtd_equipes_esf": 0,
        "qtd_equipes_eap": 0,
        "qtd_equipes_total": 3,
        "capacidade_pnab": 3500,
        "nomes_equipes": "EMAD PADI SALGADO FILHO II; EMAD PADI SALGADO FILHO I; EMAP PADI SALGADO FILHO I"
      },
      "geometry": {
        "type": "Point",
        "coordinates": [
          -43.2780139,
          -22.9006828
        ]
      }
    },
    {
      "type": "Feature",
      "id": 8205590,
      "properties": {
        "operator": "Prefeitura Municipal de Rio de Janeiro",
        "operator:type": "public",
        "ref:CNES": "8205590",
        "source": "cnes;datasus;dados_abertos_saude",
        "official_name": "SMS PADI SOUZA AGUIAR AP10",
        "addr:street": "Rua Praca da Republica",
        "addr:housenumber": "111",
        "addr:city": "Rio de Janeiro",
        "addr:state": "RJ",
        "addr:country": "BR",
        "addr:postcode": "20211-350",
        "phone": "+55 21 97452-3607",
        "email": "faturamento.padi@igedes.org.br",
        "amenity": "clinic",
        "healthcare": "clinic",
        "name": "Sms Padi Souza Aguiar Ap10",
        "comment": "Centro de Especialidades",
        "qtd_equipes_esf": 0,
        "qtd_equipes_eap": 0,
        "qtd_equipes_total": 4,
        "capacidade_pnab": 3500,
        "nomes_equipes": "EMAD PADI SOUZA AGUIAR I; EMAD PADI SOUZA AGUIAR II; EMAP PADI SOUZA AGUIAR; EMAD PADI SOUZA AGUIAR III"
      },
      "geometry": {
        "type": "Point",
        "coordinates": [
          -43.189709,
          -22.9081608
        ]
      }
    },
    {
      "type": "Feature",
      "id": 3353915,
      "properties": {
        "operator": "Prefeitura Municipal de Rio de Janeiro",
        "operator:type": "public",
        "ref:CNES": "3353915",
        "source": "cnes;datasus;dados_abertos_saude",
        "official_name": "UFRJ FACULDADE DE ODONTOLOGIA",
        "addr:street": "Rua Prof Rodolpho Paulo Rocco",
        "addr:housenumber": "325",
        "addr:suburb": "Cidade Universitaria",
        "addr:city": "Rio de Janeiro",
        "addr:state": "RJ",
        "addr:country": "BR",
        "addr:postcode": "21941-617",
        "phone": "+55 46 3938-6439",
        "email": "gabinete@odonto.ufrj.br",
        "amenity": "dentist",
        "healthcare": "dentist",
        "name": "Centro de Especialidades Odontológicas (CEO)",
        "short_name": "CEO",
        "comment": "Odontologia (CEO)",
        "qtd_equipes_esf": 0,
        "qtd_equipes_eap": 0,
        "qtd_equipes_total": 0,
        "capacidade_pnab": 3500,
        "nomes_equipes": ""
      },
      "geometry": {
        "type": "Point",
        "coordinates": [
          -43.2374878,
          -22.8408289
        ]
      }
    },
    {
      "type": "Feature",
      "id": 4465350,
      "properties": {
        "operator": "Prefeitura Municipal de Rio de Janeiro",
        "operator:type": "public",
        "ref:CNES": "4465350",
        "source": "cnes;datasus;dados_abertos_saude",
        "official_name": "UFRJ NEEDIER CARLOS CHAGAS",
        "addr:street": "Avenida Carlos Chagas Filho",
        "addr:housenumber": "791",
        "addr:suburb": "Ilha do Fundao",
        "addr:city": "Rio de Janeiro",
        "addr:state": "RJ",
        "addr:country": "BR",
        "addr:postcode": "21941-599",
        "phone": "+55 21 99558-5179",
        "email": "coordenacao@needier.ufrj.br",
        "amenity": "clinic",
        "healthcare": "clinic",
        "name": "Ufrj Needier Carlos Chagas",
        "comment": "Centro de Especialidades",
        "qtd_equipes_esf": 1,
        "qtd_equipes_eap": 0,
        "qtd_equipes_total": 1,
        "capacidade_pnab": 3500,
        "nomes_equipes": ""
      },
      "geometry": {
        "type": "Point",
        "coordinates": [
          -43.234731,
          -22.839539
        ]
      }
    },
    {
      "type": "Feature",
      "id": 6996582,
      "properties": {
        "operator": "Prefeitura Municipal de Rio de Janeiro",
        "operator:type": "public",
        "ref:CNES": "6996582",
        "source": "cnes;datasus;dados_abertos_saude",
        "official_name": "FIOCRUZ DEPARTAMENTO DE SANEAMENTO E SAUDE AMBIENTAL ENSP",
        "addr:street": "Rua Av Brasil",
        "addr:housenumber": "4036",
        "addr:suburb": "Manguinhos",
        "addr:city": "Rio de Janeiro",
        "addr:state": "RJ",
        "addr:country": "BR",
        "addr:postcode": "21040-361",
        "phone": "+55 21 2088-3619",
        "email": "lssa@fiocruz.br",
        "amenity": "clinic",
        "healthcare": "diagnostic_centre",
        "name": "Fiocruz Departamento de Saneamento e Saude Ambiental Ensp",
        "comment": "Diagnóstico por Imagem",
        "qtd_equipes_esf": 1,
        "qtd_equipes_eap": 0,
        "qtd_equipes_total": 1,
        "capacidade_pnab": 3500,
        "nomes_equipes": ""
      },
      "geometry": {
        "type": "Point",
        "coordinates": [
          -43.22777,
          -22.87667
        ]
      }
    },
    {
      "type": "Feature",
      "id": 3061310,
      "properties": {
        "operator": "Prefeitura Municipal de Rio de Janeiro",
        "operator:type": "public",
        "ref:CNES": "3061310",
        "source": "cnes;datasus;dados_abertos_saude",
        "official_name": "FIOCRUZ LAB HANSENIASE",
        "addr:street": "Avenida Brasil",
        "addr:housenumber": "4365",
        "addr:suburb": "Manguinhos",
        "addr:city": "Rio de Janeiro",
        "addr:state": "RJ",
        "addr:country": "BR",
        "addr:postcode": "21040-360",
        "phone": "+55 21 2562-1588",
        "email": "asa.lahan@ioc.fiocruz.br",
        "amenity": "clinic",
        "healthcare": "diagnostic_centre",
        "name": "Fiocruz Lab Hanseniase",
        "comment": "Diagnóstico por Imagem",
        "qtd_equipes_esf": 1,
        "qtd_equipes_eap": 0,
        "qtd_equipes_total": 1,
        "capacidade_pnab": 3500,
        "nomes_equipes": ""
      },
      "geometry": {
        "type": "Point",
        "coordinates": [
          -43.2469365,
          -22.8767417
        ]
      }
    },
    {
      "type": "Feature",
      "id": 6582850,
      "properties": {
        "operator": "Prefeitura Municipal de Rio de Janeiro",
        "operator:type": "public",
        "ref:CNES": "6582850",
        "source": "cnes;datasus;dados_abertos_saude",
        "official_name": "INCQS SALA DE AMOSTRAS",
        "addr:street": "Avenida Brasil Incqs",
        "addr:housenumber": "4365",
        "addr:suburb": "Manguinhos",
        "addr:city": "Rio de Janeiro",
        "addr:state": "RJ",
        "addr:country": "BR",
        "addr:postcode": "21040-360",
        "phone": "+55 21 3865-5122",
        "amenity": "clinic",
        "healthcare": "diagnostic_centre",
        "name": "Incqs Sala de Amostras",
        "comment": "Diagnóstico por Imagem",
        "qtd_equipes_esf": 1,
        "qtd_equipes_eap": 0,
        "qtd_equipes_total": 1,
        "capacidade_pnab": 3500,
        "nomes_equipes": ""
      },
      "geometry": {
        "type": "Point",
        "coordinates": [
          -43.2452667,
          -22.8786168
        ]
      }
    },
    {
      "type": "Feature",
      "id": 3796302,
      "properties": {
        "operator": "Prefeitura Municipal de Rio de Janeiro",
        "operator:type": "public",
        "ref:CNES": "3796302",
        "source": "cnes;datasus;dados_abertos_saude",
        "official_name": "INSTITUTO DE BIOLOGIA DO EXERCITO IBEX",
        "addr:street": "Rua Francisco Manuel",
        "addr:housenumber": "102",
        "addr:suburb": "Benfica",
        "addr:city": "Rio de Janeiro",
        "addr:state": "RJ",
        "addr:country": "BR",
        "addr:postcode": "20911-270",
        "phone": "+55 46 3890-2135",
        "email": "gabdir.ibex@gmail.com",
        "amenity": "clinic",
        "healthcare": "diagnostic_centre",
        "name": "Instituto de Biologia do Exercito Ibex",
        "comment": "Diagnóstico por Imagem",
        "qtd_equipes_esf": 1,
        "qtd_equipes_eap": 0,
        "qtd_equipes_total": 1,
        "capacidade_pnab": 3500,
        "nomes_equipes": ""
      },
      "geometry": {
        "type": "Point",
        "coordinates": [
          -43.2408174,
          -22.8931822
        ]
      }
    },
    {
      "type": "Feature",
      "id": 4046382,
      "properties": {
        "operator": "Prefeitura Municipal de Rio de Janeiro",
        "operator:type": "public",
        "ref:CNES": "4046382",
        "source": "cnes;datasus;dados_abertos_saude",
        "official_name": "LABORATORIO DE HISTOCOMPATIBILIDADE E CRIOPRESERVACAO HLA UE",
        "addr:street": "Rua Av Marechal Rondon",
        "addr:housenumber": "381",
        "addr:suburb": "São Francisco Xavier",
        "addr:city": "Rio de Janeiro",
        "addr:state": "RJ",
        "addr:country": "BR",
        "addr:postcode": "20950-003",
        "phone": "+55 21 2334-2421",
        "email": "hla@uerj.br",
        "amenity": "clinic",
        "healthcare": "diagnostic_centre",
        "name": "Laboratorio de Histocompatibilidade e Criopreservacao Hla Ue",
        "comment": "Diagnóstico por Imagem",
        "qtd_equipes_esf": 1,
        "qtd_equipes_eap": 0,
        "qtd_equipes_total": 1,
        "capacidade_pnab": 3500,
        "nomes_equipes": ""
      },
      "geometry": {
        "type": "Point",
        "coordinates": [
          -43.2442544,
          -22.9060759
        ]
      }
    },
    {
      "type": "Feature",
      "id": 2273284,
      "properties": {
        "operator": "Prefeitura Municipal de Rio de Janeiro",
        "operator:type": "public",
        "ref:CNES": "2273284",
        "source": "cnes;datasus;dados_abertos_saude",
        "official_name": "MS INCA DIPAT DIV PATOLOGIA",
        "addr:street": "Rua Cordeiro da Graca",
        "addr:housenumber": "156",
        "addr:suburb": "Santo Cristo",
        "addr:city": "Rio de Janeiro",
        "addr:state": "RJ",
        "addr:country": "BR",
        "addr:postcode": "20220-400",
        "phone": "+55 21 3207-3400",
        "email": "diagmorfologico.dipat@inca.gov.br",
        "amenity": "clinic",
        "healthcare": "diagnostic_centre",
        "name": "Ms Inca Dipat Div Patologia",
        "comment": "Diagnóstico por Imagem",
        "qtd_equipes_esf": 1,
        "qtd_equipes_eap": 0,
        "qtd_equipes_total": 1,
        "capacidade_pnab": 3500,
        "nomes_equipes": ""
      },
      "geometry": {
        "type": "Point",
        "coordinates": [
          -43.2050483,
          -22.8998921
        ]
      }
    },
    {
      "type": "Feature",
      "id": 2273470,
      "properties": {
        "operator": "Prefeitura Municipal de Rio de Janeiro",
        "operator:type": "public",
        "ref:CNES": "2273470",
        "source": "cnes;datasus;dados_abertos_saude",
        "official_name": "MS INCA LAB DE IMUNOGENETICA",
        "addr:street": "Rua Praca Marechal Hermes",
        "addr:housenumber": "80",
        "addr:suburb": "Santo Cristo",
        "addr:city": "Rio de Janeiro",
        "addr:state": "RJ",
        "addr:country": "BR",
        "addr:postcode": "20220-430",
        "phone": "+55 46 3207-1698",
        "email": "maria.santos@inca.gov.br",
        "amenity": "clinic",
        "healthcare": "diagnostic_centre",
        "name": "Ms Inca Lab de Imunogenetica",
        "comment": "Diagnóstico por Imagem",
        "qtd_equipes_esf": 1,
        "qtd_equipes_eap": 0,
        "qtd_equipes_total": 1,
        "capacidade_pnab": 3500,
        "nomes_equipes": ""
      },
      "geometry": {
        "type": "Point",
        "coordinates": [
          -43.285,
          -22.968
        ]
      }
    },
    {
      "type": "Feature",
      "id": 6918417,
      "properties": {
        "operator": "Governo do Estado (RJ)",
        "operator:type": "public",
        "ref:CNES": "6918417",
        "source": "cnes;datasus;dados_abertos_saude",
        "official_name": "SES RJ CENTRO ESTADUAL DE DIAGNOSTICO POR IMAGEM",
        "addr:street": "Avenida Presidente Vargas",
        "addr:housenumber": "1733",
        "addr:city": "Rio de Janeiro",
        "addr:state": "RJ",
        "addr:country": "BR",
        "addr:postcode": "20210-030",
        "phone": "+55 21 2212-7400",
        "email": "daniele.rabelo@cedi.fs.rj.gov.br",
        "amenity": "clinic",
        "healthcare": "diagnostic_centre",
        "name": "Ses Rj Centro Estadual de Diagnóstico por Imagem",
        "comment": "Diagnóstico por Imagem",
        "qtd_equipes_esf": 1,
        "qtd_equipes_eap": 0,
        "qtd_equipes_total": 1,
        "capacidade_pnab": 3500,
        "nomes_equipes": ""
      },
      "geometry": {
        "type": "Point",
        "coordinates": [
          -43.8012929,
          -22.9057948
        ]
      }
    },
    {
      "type": "Feature",
      "id": 8063818,
      "properties": {
        "operator": "Governo do Estado (RJ)",
        "operator:type": "public",
        "ref:CNES": "8063818",
        "source": "cnes;datasus;dados_abertos_saude",
        "official_name": "SES RJ CENTRO ESTADUAL DE DIAGNOSTICO POR IMAGEM ZONA OESTE",
        "addr:street": "Estrada do Pre",
        "addr:suburb": "Senador Vasconcellos",
        "addr:city": "Rio de Janeiro",
        "addr:state": "RJ",
        "addr:country": "BR",
        "addr:postcode": "23013-550",
        "amenity": "clinic",
        "healthcare": "diagnostic_centre",
        "name": "Ses Rj Centro Estadual de Diagnóstico por Imagem Zona Oeste",
        "comment": "Diagnóstico por Imagem",
        "qtd_equipes_esf": 1,
        "qtd_equipes_eap": 0,
        "qtd_equipes_total": 1,
        "capacidade_pnab": 3500,
        "nomes_equipes": ""
      },
      "geometry": {
        "type": "Point",
        "coordinates": [
          -43.5564,
          -22.9009
        ]
      }
    },
    {
      "type": "Feature",
      "id": 215015,
      "properties": {
        "operator": "Prefeitura Municipal de Rio de Janeiro",
        "operator:type": "public",
        "ref:CNES": "215015",
        "source": "cnes;datasus;dados_abertos_saude",
        "official_name": "SMS CENTRO DE IMAGEM ROCINHA AP 21",
        "addr:street": "Estrada da Gavea",
        "addr:housenumber": "520",
        "addr:suburb": "Rocinha",
        "addr:city": "Rio de Janeiro",
        "addr:state": "RJ",
        "addr:country": "BR",
        "addr:postcode": "22610-001",
        "phone": "+55 21 99153-0378",
        "email": "tcrocinha@gmail.com",
        "amenity": "clinic",
        "healthcare": "diagnostic_centre",
        "name": "Sms Centro de Imagem Rocinha Ap 21",
        "comment": "Diagnóstico por Imagem",
        "qtd_equipes_esf": 1,
        "qtd_equipes_eap": 0,
        "qtd_equipes_total": 1,
        "capacidade_pnab": 3500,
        "nomes_equipes": ""
      },
      "geometry": {
        "type": "Point",
        "coordinates": [
          -43.252115,
          -22.989145
        ]
      }
    },
    {
      "type": "Feature",
      "id": 7592167,
      "properties": {
        "operator": "Governo do Estado (RJ)",
        "operator:type": "public",
        "ref:CNES": "7592167",
        "source": "cnes;datasus;dados_abertos_saude",
        "official_name": "SES RJ MAMOGRAFO MOVEL",
        "addr:street": "Rua Barao de Itapagipe",
        "addr:housenumber": "225",
        "addr:suburb": "Rio Comprido",
        "addr:city": "Rio de Janeiro",
        "addr:state": "RJ",
        "addr:country": "BR",
        "addr:postcode": "20261-005",
        "email": "rachelso.oliv@gmail.com",
        "amenity": "clinic",
        "healthcare": "clinic",
        "name": "Ses Rj Mamografo Movel",
        "comment": "Outros Serviços de Saúde",
        "qtd_equipes_esf": 1,
        "qtd_equipes_eap": 0,
        "qtd_equipes_total": 1,
        "capacidade_pnab": 3500,
        "nomes_equipes": ""
      },
      "geometry": {
        "type": "Point",
        "coordinates": [
          -43.21,
          -22.92
        ]
      }
    },
    {
      "type": "Feature",
      "id": 7542003,
      "properties": {
        "operator": "Governo do Estado (RJ)",
        "operator:type": "public",
        "ref:CNES": "7542003",
        "source": "cnes;datasus;dados_abertos_saude",
        "official_name": "SES RJ TOMOGRAFO MOVEL I",
        "addr:street": "Rua Mexico",
        "addr:housenumber": "128",
        "addr:city": "Rio de Janeiro",
        "addr:state": "RJ",
        "addr:country": "BR",
        "addr:postcode": "20031-142",
        "phone": "+55 21 97525-7211",
        "email": "christianne.freires@dasa.com.br",
        "amenity": "clinic",
        "healthcare": "clinic",
        "name": "Ses Rj Tomografo Movel I",
        "comment": "Outros Serviços de Saúde",
        "qtd_equipes_esf": 1,
        "qtd_equipes_eap": 0,
        "qtd_equipes_total": 1,
        "capacidade_pnab": 3500,
        "nomes_equipes": ""
      },
      "geometry": {
        "type": "Point",
        "coordinates": [
          -43.1749502,
          -22.9097375
        ]
      }
    },
    {
      "type": "Feature",
      "id": 4251725,
      "properties": {
        "operator": "Governo do Estado (RJ)",
        "operator:type": "public",
        "ref:CNES": "4251725",
        "source": "cnes;datasus;dados_abertos_saude",
        "official_name": "VIR01 SAMU 192 BASE SES",
        "addr:street": "Rua Barao de Itapagipe",
        "addr:housenumber": "225",
        "addr:suburb": "Rio Comprido",
        "addr:city": "Rio de Janeiro",
        "addr:state": "RJ",
        "addr:country": "BR",
        "addr:postcode": "20261-005",
        "email": "luciel.santos@samu.fs.rj.gov.br",
        "amenity": "clinic",
        "healthcare": "clinic",
        "name": "Vir01 SAMU 192 Base Ses",
        "comment": "Outros Serviços de Saúde",
        "qtd_equipes_esf": 1,
        "qtd_equipes_eap": 0,
        "qtd_equipes_total": 1,
        "capacidade_pnab": 3500,
        "nomes_equipes": ""
      },
      "geometry": {
        "type": "Point",
        "coordinates": [
          -43.2131442,
          -22.9215149
        ]
      }
    },
    {
      "type": "Feature",
      "id": 4251717,
      "properties": {
        "operator": "Governo do Estado (RJ)",
        "operator:type": "public",
        "ref:CNES": "4251717",
        "source": "cnes;datasus;dados_abertos_saude",
        "official_name": "VIR02 SAMU 192 BASE HOSPITAL ESTADUAL EDUARDO RABELLO",
        "addr:street": "Rua Estr do Pre",
        "addr:suburb": "Senador Vasconcelos",
        "addr:city": "Rio de Janeiro",
        "addr:state": "RJ",
        "addr:country": "BR",
        "addr:postcode": "23013-550",
        "email": "luciel.santos@samu.fs.rj.gov.br",
        "amenity": "clinic",
        "healthcare": "clinic",
        "name": "Vir02 SAMU 192 Base Hospital Estadual Eduardo Rabello",
        "comment": "Outros Serviços de Saúde",
        "qtd_equipes_esf": 1,
        "qtd_equipes_eap": 0,
        "qtd_equipes_total": 1,
        "capacidade_pnab": 3500,
        "nomes_equipes": ""
      },
      "geometry": {
        "type": "Point",
        "coordinates": [
          -43.5360963,
          -22.897622
        ]
      }
    },
    {
      "type": "Feature",
      "id": 2269449,
      "properties": {
        "operator": "Governo do Estado (RJ)",
        "operator:type": "public",
        "ref:CNES": "2269449",
        "source": "cnes;datasus;dados_abertos_saude",
        "official_name": "ATENDIMENTO PRE HOSPITALAR DO CBMERJ APH CBMERJ",
        "addr:street": "Rua Republica",
        "addr:housenumber": "45",
        "addr:city": "Rio de Janeiro",
        "addr:state": "RJ",
        "addr:country": "BR",
        "addr:postcode": "20211-350",
        "emergency": "ambulance_station",
        "emergency_service": "technical_rescue",
        "opening_hours": "24/7",
        "name": "Base SAMU 192",
        "short_name": "SAMU 192",
        "comment": "SAMU 192",
        "qtd_equipes_esf": 0,
        "qtd_equipes_eap": 0,
        "qtd_equipes_total": 0,
        "capacidade_pnab": 3500,
        "nomes_equipes": ""
      },
      "geometry": {
        "type": "Point",
        "coordinates": [
          -43.190322,
          -22.907247
        ]
      }
    },
    {
      "type": "Feature",
      "id": 887617,
      "properties": {
        "operator": "Governo do Estado (RJ)",
        "operator:type": "public",
        "ref:CNES": "887617",
        "source": "cnes;datasus;dados_abertos_saude",
        "official_name": "MOTO 01 SAMU 192 BASE IPANEMA",
        "addr:street": "Rua Barao da Torre",
        "addr:housenumber": "50",
        "addr:suburb": "Ipanema",
        "addr:city": "Rio de Janeiro",
        "addr:state": "RJ",
        "addr:country": "BR",
        "addr:postcode": "22411-000",
        "email": "luciel.santos@samu.fs.rj.gov.br",
        "emergency": "ambulance_station",
        "emergency_service": "technical_rescue",
        "opening_hours": "24/7",
        "name": "Base SAMU 192",
        "short_name": "SAMU 192",
        "comment": "SAMU 192",
        "qtd_equipes_esf": 0,
        "qtd_equipes_eap": 0,
        "qtd_equipes_total": 0,
        "capacidade_pnab": 3500,
        "nomes_equipes": ""
      },
      "geometry": {
        "type": "Point",
        "coordinates": [
          -43.1984997,
          -22.9833848
        ]
      }
    },
    {
      "type": "Feature",
      "id": 887625,
      "properties": {
        "operator": "Governo do Estado (RJ)",
        "operator:type": "public",
        "ref:CNES": "887625",
        "source": "cnes;datasus;dados_abertos_saude",
        "official_name": "MOTO 02 SAMU 192 BASE IPANEMA",
        "addr:street": "Rua Barao da Torre",
        "addr:housenumber": "50",
        "addr:suburb": "Ipanema",
        "addr:city": "Rio de Janeiro",
        "addr:state": "RJ",
        "addr:country": "BR",
        "addr:postcode": "22411-000",
        "email": "luciel.santos@samu.fs.rj.gov.br",
        "emergency": "ambulance_station",
        "emergency_service": "technical_rescue",
        "opening_hours": "24/7",
        "name": "Base SAMU 192",
        "short_name": "SAMU 192",
        "comment": "SAMU 192",
        "qtd_equipes_esf": 0,
        "qtd_equipes_eap": 0,
        "qtd_equipes_total": 0,
        "capacidade_pnab": 3500,
        "nomes_equipes": ""
      },
      "geometry": {
        "type": "Point",
        "coordinates": [
          -43.1984568,
          -22.983375
        ]
      }
    },
    {
      "type": "Feature",
      "id": 503517,
      "properties": {
        "operator": "Governo do Estado (RJ)",
        "operator:type": "public",
        "ref:CNES": "503517",
        "source": "cnes;datasus;dados_abertos_saude",
        "official_name": "MOTO 03 SAMU 192 GRUPAMENTO 28GBM PENHA",
        "addr:street": "Avenida Nossa Senhora da Penha",
        "addr:housenumber": "25",
        "addr:suburb": "Penha",
        "addr:city": "Rio de Janeiro",
        "addr:state": "RJ",
        "addr:country": "BR",
        "addr:postcode": "21070-390",
        "email": "luciel.santos@samu.fs.rj.gov.br",
        "amenity": "clinic",
        "healthcare": "clinic",
        "emergency": "yes",
        "opening_hours": "24/7",
        "name": "UPA 24 Horas Maria Itália Freddo",
        "short_name": "UPA 24h",
        "comment": "UPA 24h",
        "qtd_equipes_esf": 1,
        "qtd_equipes_eap": 0,
        "qtd_equipes_total": 1,
        "capacidade_pnab": 3500,
        "nomes_equipes": ""
      },
      "geometry": {
        "type": "Point",
        "coordinates": [
          -43.2793419,
          -22.8438066
        ]
      }
    },
    {
      "type": "Feature",
      "id": 503533,
      "properties": {
        "operator": "Governo do Estado (RJ)",
        "operator:type": "public",
        "ref:CNES": "503533",
        "source": "cnes;datasus;dados_abertos_saude",
        "official_name": "MOTO 04 SAMU 192 GRUPAMENTO 28GBM PENHA",
        "addr:street": "Avenida Nossa Senhora da Penha",
        "addr:housenumber": "25",
        "addr:suburb": "Penha",
        "addr:city": "Rio de Janeiro",
        "addr:state": "RJ",
        "addr:country": "BR",
        "addr:postcode": "21070-390",
        "email": "luciel.santos@samu.fs.rj.gov.br",
        "amenity": "clinic",
        "healthcare": "clinic",
        "emergency": "yes",
        "opening_hours": "24/7",
        "name": "UPA 24 Horas Maria Itália Freddo",
        "short_name": "UPA 24h",
        "comment": "UPA 24h",
        "qtd_equipes_esf": 1,
        "qtd_equipes_eap": 0,
        "qtd_equipes_total": 1,
        "capacidade_pnab": 3500,
        "nomes_equipes": ""
      },
      "geometry": {
        "type": "Point",
        "coordinates": [
          -43.2793123,
          -22.8437909
        ]
      }
    },
    {
      "type": "Feature",
      "id": 503614,
      "properties": {
        "operator": "Governo do Estado (RJ)",
        "operator:type": "public",
        "ref:CNES": "503614",
        "source": "cnes;datasus;dados_abertos_saude",
        "official_name": "MOTO 05 SAMU 192 BASE MUZEMA",
        "addr:street": "Rua Praca Seca",
        "addr:housenumber": "07",
        "addr:suburb": "Praca Seca",
        "addr:city": "Rio de Janeiro",
        "addr:state": "RJ",
        "addr:country": "BR",
        "addr:postcode": "22753-005",
        "email": "luciel.santos@samu.fs.rj.gov.br",
        "emergency": "ambulance_station",
        "emergency_service": "technical_rescue",
        "opening_hours": "24/7",
        "name": "Base SAMU 192",
        "short_name": "SAMU 192",
        "comment": "SAMU 192",
        "qtd_equipes_esf": 0,
        "qtd_equipes_eap": 0,
        "qtd_equipes_total": 0,
        "capacidade_pnab": 3500,
        "nomes_equipes": ""
      },
      "geometry": {
        "type": "Point",
        "coordinates": [
          -43.3118399,
          -22.9912787
        ]
      }
    },
    {
      "type": "Feature",
      "id": 503630,
      "properties": {
        "operator": "Governo do Estado (RJ)",
        "operator:type": "public",
        "ref:CNES": "503630",
        "source": "cnes;datasus;dados_abertos_saude",
        "official_name": "MOTO 06 SAMU 192 BASE MUZEMA",
        "addr:street": "Rua Praca Seca",
        "addr:housenumber": "07",
        "addr:suburb": "Praca Seca",
        "addr:city": "Rio de Janeiro",
        "addr:state": "RJ",
        "addr:country": "BR",
        "addr:postcode": "22753-005",
        "email": "luciel.santos@samu.fs.rj.gov.br",
        "emergency": "ambulance_station",
        "emergency_service": "technical_rescue",
        "opening_hours": "24/7",
        "name": "Base SAMU 192",
        "short_name": "SAMU 192",
        "comment": "SAMU 192",
        "qtd_equipes_esf": 0,
        "qtd_equipes_eap": 0,
        "qtd_equipes_total": 0,
        "capacidade_pnab": 3500,
        "nomes_equipes": ""
      },
      "geometry": {
        "type": "Point",
        "coordinates": [
          -43.3118129,
          -22.9912691
        ]
      }
    },
    {
      "type": "Feature",
      "id": 846120,
      "properties": {
        "operator": "Governo do Estado (RJ)",
        "operator:type": "public",
        "ref:CNES": "846120",
        "source": "cnes;datasus;dados_abertos_saude",
        "official_name": "MOTO 07 SAMU 192 BASE SAO CRISTOVAO",
        "addr:street": "Rua Campo de São Cristóvão",
        "addr:suburb": "São Cristóvão",
        "addr:city": "Rio de Janeiro",
        "addr:state": "RJ",
        "addr:country": "BR",
        "addr:postcode": "20921-240",
        "email": "luciel.santos@samu.fs.rj.gov.br",
        "emergency": "ambulance_station",
        "emergency_service": "technical_rescue",
        "opening_hours": "24/7",
        "name": "Base SAMU 192",
        "short_name": "SAMU 192",
        "comment": "SAMU 192",
        "qtd_equipes_esf": 0,
        "qtd_equipes_eap": 0,
        "qtd_equipes_total": 0,
        "capacidade_pnab": 3500,
        "nomes_equipes": ""
      },
      "geometry": {
        "type": "Point",
        "coordinates": [
          -43.22008,
          -22.89751
        ]
      }
    },
    {
      "type": "Feature",
      "id": 846163,
      "properties": {
        "operator": "Governo do Estado (RJ)",
        "operator:type": "public",
        "ref:CNES": "846163",
        "source": "cnes;datasus;dados_abertos_saude",
        "official_name": "MOTO 08 SAMU 192 BASE SAO CRISTOVAO",
        "addr:street": "Rua Campo de São Cristóvão",
        "addr:suburb": "São Cristóvão",
        "addr:city": "Rio de Janeiro",
        "addr:state": "RJ",
        "addr:country": "BR",
        "addr:postcode": "20921-240",
        "email": "luciel.santos@samu.fs.rj.gov.br",
        "emergency": "ambulance_station",
        "emergency_service": "technical_rescue",
        "opening_hours": "24/7",
        "name": "Base SAMU 192",
        "short_name": "SAMU 192",
        "comment": "SAMU 192",
        "qtd_equipes_esf": 0,
        "qtd_equipes_eap": 0,
        "qtd_equipes_total": 0,
        "capacidade_pnab": 3500,
        "nomes_equipes": ""
      },
      "geometry": {
        "type": "Point",
        "coordinates": [
          -43.2200504,
          -22.8974943
        ]
      }
    },
    {
      "type": "Feature",
      "id": 942146,
      "properties": {
        "operator": "Governo do Estado (RJ)",
        "operator:type": "public",
        "ref:CNES": "942146",
        "source": "cnes;datasus;dados_abertos_saude",
        "official_name": "MOTO 09 SAMU 192 RIO IMAGEM",
        "addr:street": "Rua Av Presidente Vargas",
        "addr:housenumber": "1733",
        "addr:city": "Rio de Janeiro",
        "addr:state": "RJ",
        "addr:country": "BR",
        "addr:postcode": "20210-030",
        "email": "luciel.santos@samu.fs.rj.gov.br",
        "emergency": "ambulance_station",
        "emergency_service": "technical_rescue",
        "opening_hours": "24/7",
        "name": "Base SAMU 192",
        "short_name": "SAMU 192",
        "comment": "SAMU 192",
        "qtd_equipes_esf": 0,
        "qtd_equipes_eap": 0,
        "qtd_equipes_total": 0,
        "capacidade_pnab": 3500,
        "nomes_equipes": ""
      },
      "geometry": {
        "type": "Point",
        "coordinates": [
          -43.1920731,
          -22.9061086
        ]
      }
    },
    {
      "type": "Feature",
      "id": 846171,
      "properties": {
        "operator": "Governo do Estado (RJ)",
        "operator:type": "public",
        "ref:CNES": "846171",
        "source": "cnes;datasus;dados_abertos_saude",
        "official_name": "MOTO 10 SAMU 192 RIO IMAGEM",
        "addr:street": "Rua Azevedo Coutinho",
        "addr:city": "Rio de Janeiro",
        "addr:state": "RJ",
        "addr:country": "BR",
        "addr:postcode": "20210-030",
        "email": "luciel.santos@samu.fs.rj.gov.br",
        "emergency": "ambulance_station",
        "emergency_service": "technical_rescue",
        "opening_hours": "24/7",
        "name": "Base SAMU 192",
        "short_name": "SAMU 192",
        "comment": "SAMU 192",
        "qtd_equipes_esf": 0,
        "qtd_equipes_eap": 0,
        "qtd_equipes_total": 0,
        "capacidade_pnab": 3500,
        "nomes_equipes": ""
      },
      "geometry": {
        "type": "Point",
        "coordinates": [
          -43.1923145,
          -22.9063359
        ]
      }
    },
    {
      "type": "Feature",
      "id": 736082,
      "properties": {
        "operator": "Governo do Estado (RJ)",
        "operator:type": "public",
        "ref:CNES": "736082",
        "source": "cnes;datasus;dados_abertos_saude",
        "official_name": "MOTO 11 SAMU 192 UPA COPACABANA",
        "addr:street": "Rua Siqueira Campos",
        "addr:housenumber": "143",
        "addr:suburb": "Copacabana",
        "addr:city": "Rio de Janeiro",
        "addr:state": "RJ",
        "addr:country": "BR",
        "addr:postcode": "22031-071",
        "email": "luciel.santos@samu.fs.rj.gov.br",
        "amenity": "clinic",
        "healthcare": "clinic",
        "emergency": "yes",
        "opening_hours": "24/7",
        "name": "UPA 24 Horas Maria Itália Freddo",
        "short_name": "UPA 24h",
        "comment": "UPA 24h",
        "qtd_equipes_esf": 1,
        "qtd_equipes_eap": 0,
        "qtd_equipes_total": 1,
        "capacidade_pnab": 3500,
        "nomes_equipes": ""
      },
      "geometry": {
        "type": "Point",
        "coordinates": [
          -43.18739,
          -22.96722
        ]
      }
    },
    {
      "type": "Feature",
      "id": 736090,
      "properties": {
        "operator": "Governo do Estado (RJ)",
        "operator:type": "public",
        "ref:CNES": "736090",
        "source": "cnes;datasus;dados_abertos_saude",
        "official_name": "MOTO 12 SAMU 192 UPA COPACABANA",
        "addr:street": "Rua Siqueira Campos",
        "addr:housenumber": "143",
        "addr:suburb": "Copacabana",
        "addr:city": "Rio de Janeiro",
        "addr:state": "RJ",
        "addr:country": "BR",
        "addr:postcode": "22031-071",
        "email": "luciel.santos@samu.fs.rj.gov.br",
        "amenity": "clinic",
        "healthcare": "clinic",
        "emergency": "yes",
        "opening_hours": "24/7",
        "name": "UPA 24 Horas Maria Itália Freddo",
        "short_name": "UPA 24h",
        "comment": "UPA 24h",
        "qtd_equipes_esf": 1,
        "qtd_equipes_eap": 0,
        "qtd_equipes_total": 1,
        "capacidade_pnab": 3500,
        "nomes_equipes": ""
      },
      "geometry": {
        "type": "Point",
        "coordinates": [
          -43.1873604,
          -22.9672043
        ]
      }
    },
    {
      "type": "Feature",
      "id": 736015,
      "properties": {
        "operator": "Governo do Estado (RJ)",
        "operator:type": "public",
        "ref:CNES": "736015",
        "source": "cnes;datasus;dados_abertos_saude",
        "official_name": "MOTO 13 SAMU 192 1GBS BARRA DA TIJUCA",
        "addr:street": "Rua Av Ayrton Senna",
        "addr:housenumber": "2001",
        "addr:suburb": "Barra da Tijuca",
        "addr:city": "Rio de Janeiro",
        "addr:state": "RJ",
        "addr:country": "BR",
        "addr:postcode": "22775-002",
        "email": "luciel.santos@samu.fs.rj.gov.br",
        "emergency": "ambulance_station",
        "emergency_service": "technical_rescue",
        "opening_hours": "24/7",
        "name": "Base SAMU 192",
        "short_name": "SAMU 192",
        "comment": "SAMU 192",
        "qtd_equipes_esf": 0,
        "qtd_equipes_eap": 0,
        "qtd_equipes_total": 0,
        "capacidade_pnab": 3500,
        "nomes_equipes": ""
      },
      "geometry": {
        "type": "Point",
        "coordinates": [
          -43.3674769,
          -22.9925492
        ]
      }
    },
    {
      "type": "Feature",
      "id": 736066,
      "properties": {
        "operator": "Governo do Estado (RJ)",
        "operator:type": "public",
        "ref:CNES": "736066",
        "source": "cnes;datasus;dados_abertos_saude",
        "official_name": "MOTO 14 SAMU 192 1GBS BARRA DA TIJUCA",
        "addr:street": "Rua Av Ayrton Senna",
        "addr:housenumber": "2001",
        "addr:suburb": "Barra da Tijuca",
        "addr:city": "Rio de Janeiro",
        "addr:state": "RJ",
        "addr:country": "BR",
        "addr:postcode": "22775-002",
        "email": "luciel.santos@samu.fs.rj.gov.br",
        "emergency": "ambulance_station",
        "emergency_service": "technical_rescue",
        "opening_hours": "24/7",
        "name": "Base SAMU 192",
        "short_name": "SAMU 192",
        "comment": "SAMU 192",
        "qtd_equipes_esf": 0,
        "qtd_equipes_eap": 0,
        "qtd_equipes_total": 0,
        "capacidade_pnab": 3500,
        "nomes_equipes": ""
      },
      "geometry": {
        "type": "Point",
        "coordinates": [
          -43.3674473,
          -22.9925335
        ]
      }
    },
    {
      "type": "Feature",
      "id": 736104,
      "properties": {
        "operator": "Governo do Estado (RJ)",
        "operator:type": "public",
        "ref:CNES": "736104",
        "source": "cnes;datasus;dados_abertos_saude",
        "official_name": "MOTO 15 SAMU 192 BASE PRACA SECA",
        "addr:street": "Rua Praca Seca",
        "addr:housenumber": "7",
        "addr:suburb": "Praca Seca",
        "addr:city": "Rio de Janeiro",
        "addr:state": "RJ",
        "addr:country": "BR",
        "addr:postcode": "21321-010",
        "email": "luciel.santos@samu.fs.rj.gov.br",
        "emergency": "ambulance_station",
        "emergency_service": "technical_rescue",
        "opening_hours": "24/7",
        "name": "Base SAMU 192",
        "short_name": "SAMU 192",
        "comment": "SAMU 192",
        "qtd_equipes_esf": 0,
        "qtd_equipes_eap": 0,
        "qtd_equipes_total": 0,
        "capacidade_pnab": 3500,
        "nomes_equipes": ""
      },
      "geometry": {
        "type": "Point",
        "coordinates": [
          -43.3514772,
          -22.8975825
        ]
      }
    },
    {
      "type": "Feature",
      "id": 736139,
      "properties": {
        "operator": "Governo do Estado (RJ)",
        "operator:type": "public",
        "ref:CNES": "736139",
        "source": "cnes;datasus;dados_abertos_saude",
        "official_name": "MOTO 16 SAMU 192 BASE PRACA SECA",
        "addr:street": "Rua Praca Seca",
        "addr:housenumber": "7",
        "addr:suburb": "Praca Seca",
        "addr:city": "Rio de Janeiro",
        "addr:state": "RJ",
        "addr:country": "BR",
        "addr:postcode": "21321-010",
        "email": "luciel.santos@samu.fs.rj.gov.br",
        "emergency": "ambulance_station",
        "emergency_service": "technical_rescue",
        "opening_hours": "24/7",
        "name": "Base SAMU 192",
        "short_name": "SAMU 192",
        "comment": "SAMU 192",
        "qtd_equipes_esf": 0,
        "qtd_equipes_eap": 0,
        "qtd_equipes_total": 0,
        "capacidade_pnab": 3500,
        "nomes_equipes": ""
      },
      "geometry": {
        "type": "Point",
        "coordinates": [
          -43.3514744,
          -22.8975763
        ]
      }
    },
    {
      "type": "Feature",
      "id": 408689,
      "properties": {
        "operator": "Governo do Estado (RJ)",
        "operator:type": "public",
        "ref:CNES": "408689",
        "source": "cnes;datasus;dados_abertos_saude",
        "official_name": "MOTO 17 SAMU 192 BASE CEASA",
        "addr:street": "Avenida Brasil",
        "addr:housenumber": "19001",
        "addr:suburb": "Iraja",
        "addr:city": "Rio de Janeiro",
        "addr:state": "RJ",
        "addr:country": "BR",
        "addr:postcode": "21530-000",
        "email": "luciel.santos@samu.fs.rj.gov.br",
        "emergency": "ambulance_station",
        "emergency_service": "technical_rescue",
        "opening_hours": "24/7",
        "name": "Base SAMU 192",
        "short_name": "SAMU 192",
        "comment": "SAMU 192",
        "qtd_equipes_esf": 0,
        "qtd_equipes_eap": 0,
        "qtd_equipes_total": 0,
        "capacidade_pnab": 3500,
        "nomes_equipes": ""
      },
      "geometry": {
        "type": "Point",
        "coordinates": [
          -43.3341425,
          -22.825214
        ]
      }
    },
    {
      "type": "Feature",
      "id": 7333528,
      "properties": {
        "operator": "Governo do Estado (RJ)",
        "operator:type": "public",
        "ref:CNES": "7333528",
        "source": "cnes;datasus;dados_abertos_saude",
        "official_name": "MOTO 18 SAMU 192 BASE CEASA",
        "addr:street": "Avenida Brasil",
        "addr:housenumber": "19001",
        "addr:suburb": "Iraja",
        "addr:city": "Rio de Janeiro",
        "addr:state": "RJ",
        "addr:country": "BR",
        "addr:postcode": "21530-000",
        "email": "luciel.santos@samu.fs.rj.gov.br",
        "emergency": "ambulance_station",
        "emergency_service": "technical_rescue",
        "opening_hours": "24/7",
        "name": "Base SAMU 192",
        "short_name": "SAMU 192",
        "comment": "SAMU 192",
        "qtd_equipes_esf": 0,
        "qtd_equipes_eap": 0,
        "qtd_equipes_total": 0,
        "capacidade_pnab": 3500,
        "nomes_equipes": ""
      },
      "geometry": {
        "type": "Point",
        "coordinates": [
          -43.3341658,
          -22.8253421
        ]
      }
    },
    {
      "type": "Feature",
      "id": 7506074,
      "properties": {
        "operator": "Governo do Estado (RJ)",
        "operator:type": "public",
        "ref:CNES": "7506074",
        "source": "cnes;datasus;dados_abertos_saude",
        "official_name": "MOTO 19 SAMU 192 UPA REALENGO",
        "addr:street": "Rua Mal Joaquim Inacio",
        "addr:suburb": "Realengo",
        "addr:city": "Rio de Janeiro",
        "addr:state": "RJ",
        "addr:country": "BR",
        "addr:postcode": "21735-320",
        "email": "luciel.santos@samu.fs.rj.gov.br",
        "amenity": "clinic",
        "healthcare": "clinic",
        "emergency": "yes",
        "opening_hours": "24/7",
        "name": "UPA 24 Horas Maria Itália Freddo",
        "short_name": "UPA 24h",
        "comment": "UPA 24h",
        "qtd_equipes_esf": 1,
        "qtd_equipes_eap": 0,
        "qtd_equipes_total": 1,
        "capacidade_pnab": 3500,
        "nomes_equipes": ""
      },
      "geometry": {
        "type": "Point",
        "coordinates": [
          -43.43055,
          -22.87432
        ]
      }
    },
    {
      "type": "Feature",
      "id": 736996,
      "properties": {
        "operator": "Governo do Estado (RJ)",
        "operator:type": "public",
        "ref:CNES": "736996",
        "source": "cnes;datasus;dados_abertos_saude",
        "official_name": "MOTO 20 SAMU 192 UPA REALENGO",
        "addr:street": "Rua Mal Joaquim Inacio",
        "addr:suburb": "Realengo",
        "addr:city": "Rio de Janeiro",
        "addr:state": "RJ",
        "addr:country": "BR",
        "addr:postcode": "21735-320",
        "email": "luciel.santos@samu.fs.rj.gov.br",
        "amenity": "clinic",
        "healthcare": "clinic",
        "emergency": "yes",
        "opening_hours": "24/7",
        "name": "UPA 24 Horas Maria Itália Freddo",
        "short_name": "UPA 24h",
        "comment": "UPA 24h",
        "qtd_equipes_esf": 1,
        "qtd_equipes_eap": 0,
        "qtd_equipes_total": 1,
        "capacidade_pnab": 3500,
        "nomes_equipes": ""
      },
      "geometry": {
        "type": "Point",
        "coordinates": [
          -43.4305204,
          -22.8743043
        ]
      }
    },
    {
      "type": "Feature",
      "id": 737011,
      "properties": {
        "operator": "Governo do Estado (RJ)",
        "operator:type": "public",
        "ref:CNES": "737011",
        "source": "cnes;datasus;dados_abertos_saude",
        "official_name": "MOTO 21 SAMU 192 BASE GUARATIBA",
        "addr:street": "Estrada da Matriz",
        "addr:housenumber": "4485",
        "addr:suburb": "Guaratiba",
        "addr:city": "Rio de Janeiro",
        "addr:state": "RJ",
        "addr:country": "BR",
        "addr:postcode": "23020-710",
        "email": "luciel.santos@samu.fs.rj.gov.br",
        "emergency": "ambulance_station",
        "emergency_service": "technical_rescue",
        "opening_hours": "24/7",
        "name": "Base SAMU 192",
        "short_name": "SAMU 192",
        "comment": "SAMU 192",
        "qtd_equipes_esf": 0,
        "qtd_equipes_eap": 0,
        "qtd_equipes_total": 0,
        "capacidade_pnab": 3500,
        "nomes_equipes": ""
      },
      "geometry": {
        "type": "Point",
        "coordinates": [
          -43.5926018,
          -22.994506
        ]
      }
    },
    {
      "type": "Feature",
      "id": 737038,
      "properties": {
        "operator": "Governo do Estado (RJ)",
        "operator:type": "public",
        "ref:CNES": "737038",
        "source": "cnes;datasus;dados_abertos_saude",
        "official_name": "MOTO 22 SAMU 192 BASE GUARATIBA",
        "addr:street": "Estrada da Matriz",
        "addr:housenumber": "4485",
        "addr:suburb": "Guaratiba",
        "addr:city": "Rio de Janeiro",
        "addr:state": "RJ",
        "addr:country": "BR",
        "addr:postcode": "23020-710",
        "email": "luciel.santos@samu.fs.rj.gov.br",
        "emergency": "ambulance_station",
        "emergency_service": "technical_rescue",
        "opening_hours": "24/7",
        "name": "Base SAMU 192",
        "short_name": "SAMU 192",
        "comment": "SAMU 192",
        "qtd_equipes_esf": 0,
        "qtd_equipes_eap": 0,
        "qtd_equipes_total": 0,
        "capacidade_pnab": 3500,
        "nomes_equipes": ""
      },
      "geometry": {
        "type": "Point",
        "coordinates": [
          -43.5925722,
          -22.9944902
        ]
      }
    },
    {
      "type": "Feature",
      "id": 7333587,
      "properties": {
        "operator": "Governo do Estado (RJ)",
        "operator:type": "public",
        "ref:CNES": "7333587",
        "source": "cnes;datasus;dados_abertos_saude",
        "official_name": "MOTO 23 SAMU 192 UPA CAMPO GRANDE II",
        "addr:street": "Rua Av Cesario Melo",
        "addr:suburb": "Campo Grande",
        "addr:city": "Rio de Janeiro",
        "addr:state": "RJ",
        "addr:country": "BR",
        "addr:postcode": "23055-002",
        "email": "luciel.santos@samu.fs.rj.gov.br",
        "amenity": "clinic",
        "healthcare": "clinic",
        "emergency": "yes",
        "opening_hours": "24/7",
        "name": "UPA 24 Horas Maria Itália Freddo",
        "short_name": "UPA 24h",
        "comment": "UPA 24h",
        "qtd_equipes_esf": 1,
        "qtd_equipes_eap": 0,
        "qtd_equipes_total": 1,
        "capacidade_pnab": 3500,
        "nomes_equipes": ""
      },
      "geometry": {
        "type": "Point",
        "coordinates": [
          -43.5744998,
          -22.9075218
        ]
      }
    },
    {
      "type": "Feature",
      "id": 408573,
      "properties": {
        "operator": "Governo do Estado (RJ)",
        "operator:type": "public",
        "ref:CNES": "408573",
        "source": "cnes;datasus;dados_abertos_saude",
        "official_name": "MOTO 24 SAMU 192 UPA CAMPO GRANDE II",
        "addr:street": "Avenida Cesario Melo Regimento Policia Montada",
        "addr:suburb": "Campo Grande",
        "addr:city": "Rio de Janeiro",
        "addr:state": "RJ",
        "addr:country": "BR",
        "addr:postcode": "23055-002",
        "email": "luciel.santos@samu.fs.rj.gov.br",
        "amenity": "clinic",
        "healthcare": "clinic",
        "emergency": "yes",
        "opening_hours": "24/7",
        "name": "UPA 24 Horas Maria Itália Freddo",
        "short_name": "UPA 24h",
        "comment": "UPA 24h",
        "qtd_equipes_esf": 1,
        "qtd_equipes_eap": 0,
        "qtd_equipes_total": 1,
        "capacidade_pnab": 3500,
        "nomes_equipes": ""
      },
      "geometry": {
        "type": "Point",
        "coordinates": [
          -43.5745239,
          -22.9075218
        ]
      }
    },
    {
      "type": "Feature",
      "id": 503541,
      "properties": {
        "operator": "Governo do Estado (RJ)",
        "operator:type": "public",
        "ref:CNES": "503541",
        "source": "cnes;datasus;dados_abertos_saude",
        "official_name": "MOTO 25 SAMU 192 BASE VIGILANCIA SANITARIA DO ROCHA",
        "addr:street": "Rua Ana Neri",
        "addr:housenumber": "1029",
        "addr:suburb": "Rocha",
        "addr:city": "Rio de Janeiro",
        "addr:state": "RJ",
        "addr:country": "BR",
        "addr:postcode": "20960-006",
        "email": "luciel.santos@samu.fs.rj.gov.br",
        "emergency": "ambulance_station",
        "emergency_service": "technical_rescue",
        "opening_hours": "24/7",
        "name": "Base SAMU 192",
        "short_name": "SAMU 192",
        "comment": "SAMU 192",
        "qtd_equipes_esf": 0,
        "qtd_equipes_eap": 0,
        "qtd_equipes_total": 0,
        "capacidade_pnab": 3500,
        "nomes_equipes": ""
      },
      "geometry": {
        "type": "Point",
        "coordinates": [
          -43.2457969,
          -22.9010098
        ]
      }
    },
    {
      "type": "Feature",
      "id": 503568,
      "properties": {
        "operator": "Governo do Estado (RJ)",
        "operator:type": "public",
        "ref:CNES": "503568",
        "source": "cnes;datasus;dados_abertos_saude",
        "official_name": "MOTO 26 SAMU 192 BASE VIGILANCIA SANITARIA DO ROCHA",
        "addr:street": "Rua Ana Neri",
        "addr:housenumber": "1029",
        "addr:suburb": "Rocha",
        "addr:city": "Rio de Janeiro",
        "addr:state": "RJ",
        "addr:country": "BR",
        "addr:postcode": "20960-006",
        "email": "luciel.santos@samu.fs.rj.gov.br",
        "emergency": "ambulance_station",
        "emergency_service": "technical_rescue",
        "opening_hours": "24/7",
        "name": "Base SAMU 192",
        "short_name": "SAMU 192",
        "comment": "SAMU 192",
        "qtd_equipes_esf": 0,
        "qtd_equipes_eap": 0,
        "qtd_equipes_total": 0,
        "capacidade_pnab": 3500,
        "nomes_equipes": ""
      },
      "geometry": {
        "type": "Point",
        "coordinates": [
          -43.2457674,
          -22.9009941
        ]
      }
    },
    {
      "type": "Feature",
      "id": 408654,
      "properties": {
        "operator": "Governo do Estado (RJ)",
        "operator:type": "public",
        "ref:CNES": "408654",
        "source": "cnes;datasus;dados_abertos_saude",
        "official_name": "MOTO 27 SAMU 192 UPA SANTA CRUZ",
        "addr:street": "Rua Av Cesario de Melo",
        "addr:housenumber": "13655",
        "addr:suburb": "Santa Cruz",
        "addr:city": "Rio de Janeiro",
        "addr:state": "RJ",
        "addr:country": "BR",
        "addr:postcode": "23590-060",
        "email": "luciel.santos@samu.fs.rj.gov.br",
        "amenity": "clinic",
        "healthcare": "clinic",
        "emergency": "yes",
        "opening_hours": "24/7",
        "name": "UPA 24 Horas Maria Itália Freddo",
        "short_name": "UPA 24h",
        "comment": "UPA 24h",
        "qtd_equipes_esf": 1,
        "qtd_equipes_eap": 0,
        "qtd_equipes_total": 1,
        "capacidade_pnab": 3500,
        "nomes_equipes": ""
      },
      "geometry": {
        "type": "Point",
        "coordinates": [
          -43.6612384,
          -22.9334244
        ]
      }
    },
    {
      "type": "Feature",
      "id": 408670,
      "properties": {
        "operator": "Governo do Estado (RJ)",
        "operator:type": "public",
        "ref:CNES": "408670",
        "source": "cnes;datasus;dados_abertos_saude",
        "official_name": "MOTO 28 SAMU 192 UPA SANTA CRUZ",
        "addr:street": "Rua Av Cesario de Melo",
        "addr:housenumber": "13655",
        "addr:suburb": "Santa Cruz",
        "addr:city": "Rio de Janeiro",
        "addr:state": "RJ",
        "addr:country": "BR",
        "addr:postcode": "23590-060",
        "email": "luciel.santos@samu.fs.rj.gov.br",
        "amenity": "clinic",
        "healthcare": "clinic",
        "emergency": "yes",
        "opening_hours": "24/7",
        "name": "UPA 24 Horas Maria Itália Freddo",
        "short_name": "UPA 24h",
        "comment": "UPA 24h",
        "qtd_equipes_esf": 1,
        "qtd_equipes_eap": 0,
        "qtd_equipes_total": 1,
        "capacidade_pnab": 3500,
        "nomes_equipes": ""
      },
      "geometry": {
        "type": "Point",
        "coordinates": [
          -43.6611019,
          -22.9336287
        ]
      }
    },
    {
      "type": "Feature",
      "id": 3402525,
      "properties": {
        "operator": "Governo do Estado (RJ)",
        "operator:type": "public",
        "ref:CNES": "3402525",
        "source": "cnes;datasus;dados_abertos_saude",
        "official_name": "PP SES SAMU 192 DBM 1 GOA",
        "addr:street": "Rua Av Borges de Medeiros",
        "addr:housenumber": "1518",
        "addr:suburb": "Leblon",
        "addr:city": "Rio de Janeiro",
        "addr:state": "RJ",
        "addr:country": "BR",
        "addr:postcode": "21910-240",
        "email": "luciel.santos@samu.fs.rj.gov.br",
        "emergency": "ambulance_station",
        "emergency_service": "technical_rescue",
        "opening_hours": "24/7",
        "name": "Base SAMU 192",
        "short_name": "SAMU 192",
        "comment": "SAMU 192",
        "qtd_equipes_esf": 0,
        "qtd_equipes_eap": 0,
        "qtd_equipes_total": 0,
        "capacidade_pnab": 3500,
        "nomes_equipes": ""
      },
      "geometry": {
        "type": "Point",
        "coordinates": [
          -43.2302379,
          -22.8382467
        ]
      }
    },
    {
      "type": "Feature",
      "id": 942154,
      "properties": {
        "operator": "Governo do Estado (RJ)",
        "operator:type": "public",
        "ref:CNES": "942154",
        "source": "cnes;datasus;dados_abertos_saude",
        "official_name": "SAMU 192 RIO IMAGEM MOTO II",
        "addr:street": "Rua Azevedo Coutinho",
        "addr:city": "Rio de Janeiro",
        "addr:state": "RJ",
        "addr:country": "BR",
        "addr:postcode": "20210-030",
        "emergency": "ambulance_station",
        "emergency_service": "technical_rescue",
        "opening_hours": "24/7",
        "name": "Base SAMU 192",
        "short_name": "SAMU 192",
        "comment": "SAMU 192",
        "qtd_equipes_esf": 0,
        "qtd_equipes_eap": 0,
        "qtd_equipes_total": 0,
        "capacidade_pnab": 3500,
        "nomes_equipes": ""
      },
      "geometry": {
        "type": "Point",
        "coordinates": [
          -43.1946,
          -22.9059
        ]
      }
    },
    {
      "type": "Feature",
      "id": 942189,
      "properties": {
        "operator": "Governo do Estado (RJ)",
        "operator:type": "public",
        "ref:CNES": "942189",
        "source": "cnes;datasus;dados_abertos_saude",
        "official_name": "SAMU 192 UPA CAMPO GRANDE 2 MOTO I",
        "addr:street": "Rua Av Cesario de Melo",
        "addr:suburb": "Campo Grande",
        "addr:city": "Rio de Janeiro",
        "addr:state": "RJ",
        "addr:country": "BR",
        "addr:postcode": "23055-002",
        "amenity": "clinic",
        "healthcare": "clinic",
        "emergency": "yes",
        "opening_hours": "24/7",
        "name": "UPA 24 Horas Maria Itália Freddo",
        "short_name": "UPA 24h",
        "comment": "UPA 24h",
        "qtd_equipes_esf": 1,
        "qtd_equipes_eap": 0,
        "qtd_equipes_total": 1,
        "capacidade_pnab": 3500,
        "nomes_equipes": ""
      },
      "geometry": {
        "type": "Point",
        "coordinates": [
          -43.5743774,
          -22.9075218
        ]
      }
    },
    {
      "type": "Feature",
      "id": 942197,
      "properties": {
        "operator": "Governo do Estado (RJ)",
        "operator:type": "public",
        "ref:CNES": "942197",
        "source": "cnes;datasus;dados_abertos_saude",
        "official_name": "SAMU 192 UPA CAMPO GRANDE 2 MOTO II",
        "addr:street": "Rua Av Cesario de Melo",
        "addr:suburb": "Campo Grande",
        "addr:city": "Rio de Janeiro",
        "addr:state": "RJ",
        "addr:country": "BR",
        "addr:postcode": "23055-002",
        "amenity": "clinic",
        "healthcare": "clinic",
        "emergency": "yes",
        "opening_hours": "24/7",
        "name": "UPA 24 Horas Maria Itália Freddo",
        "short_name": "UPA 24h",
        "comment": "UPA 24h",
        "qtd_equipes_esf": 1,
        "qtd_equipes_eap": 0,
        "qtd_equipes_total": 1,
        "capacidade_pnab": 3500,
        "nomes_equipes": ""
      },
      "geometry": {
        "type": "Point",
        "coordinates": [
          -43.5769,
          -22.9075
        ]
      }
    },
    {
      "type": "Feature",
      "id": 7333749,
      "properties": {
        "operator": "Governo do Estado (RJ)",
        "operator:type": "public",
        "ref:CNES": "7333749",
        "source": "cnes;datasus;dados_abertos_saude",
        "official_name": "USA01 SAMU 192 BASE RIO FARMES",
        "addr:street": "Rua Julio do Carmo",
        "addr:housenumber": "175",
        "addr:suburb": "Cidade Nova",
        "addr:city": "Rio de Janeiro",
        "addr:state": "RJ",
        "addr:country": "BR",
        "addr:postcode": "20210-051",
        "email": "luciel.santos@samu.fs.rj.gov.br",
        "emergency": "ambulance_station",
        "emergency_service": "technical_rescue",
        "opening_hours": "24/7",
        "name": "Base SAMU 192",
        "short_name": "SAMU 192",
        "comment": "SAMU 192",
        "qtd_equipes_esf": 0,
        "qtd_equipes_eap": 0,
        "qtd_equipes_total": 0,
        "capacidade_pnab": 3500,
        "nomes_equipes": ""
      },
      "geometry": {
        "type": "Point",
        "coordinates": [
          -43.1993754,
          -22.909841
        ]
      }
    },
    {
      "type": "Feature",
      "id": 7333498,
      "properties": {
        "operator": "Governo do Estado (RJ)",
        "operator:type": "public",
        "ref:CNES": "7333498",
        "source": "cnes;datasus;dados_abertos_saude",
        "official_name": "USA02 SAMU 192 UPA REALENGO",
        "addr:street": "Rua Mal Joaquim Inacio",
        "addr:suburb": "Realengo",
        "addr:city": "Rio de Janeiro",
        "addr:state": "RJ",
        "addr:country": "BR",
        "addr:postcode": "21735-320",
        "email": "luciel.santos@samu.fs.rj.gov.br",
        "amenity": "clinic",
        "healthcare": "clinic",
        "emergency": "yes",
        "opening_hours": "24/7",
        "name": "UPA 24 Horas Maria Itália Freddo",
        "short_name": "UPA 24h",
        "comment": "UPA 24h",
        "qtd_equipes_esf": 1,
        "qtd_equipes_eap": 0,
        "qtd_equipes_total": 1,
        "capacidade_pnab": 3500,
        "nomes_equipes": ""
      },
      "geometry": {
        "type": "Point",
        "coordinates": [
          -43.4305204,
          -22.8743357
        ]
      }
    },
    {
      "type": "Feature",
      "id": 7503989,
      "properties": {
        "operator": "Governo do Estado (RJ)",
        "operator:type": "public",
        "ref:CNES": "7503989",
        "source": "cnes;datasus;dados_abertos_saude",
        "official_name": "USA03 SAMU 192 BASE SAO CRISTOVAO",
        "addr:street": "Rua Campo de São Cristóvão",
        "addr:suburb": "São Cristóvão",
        "addr:city": "Rio de Janeiro",
        "addr:state": "RJ",
        "addr:country": "BR",
        "addr:postcode": "20921-240",
        "email": "luciel.santos@samu.fs.rj.gov.br",
        "emergency": "ambulance_station",
        "emergency_service": "technical_rescue",
        "opening_hours": "24/7",
        "name": "Base SAMU 192",
        "short_name": "SAMU 192",
        "comment": "SAMU 192",
        "qtd_equipes_esf": 0,
        "qtd_equipes_eap": 0,
        "qtd_equipes_total": 0,
        "capacidade_pnab": 3500,
        "nomes_equipes": ""
      },
      "geometry": {
        "type": "Point",
        "coordinates": [
          -43.2200504,
          -22.8975257
        ]
      }
    },
    {
      "type": "Feature",
      "id": 7333625,
      "properties": {
        "operator": "Governo do Estado (RJ)",
        "operator:type": "public",
        "ref:CNES": "7333625",
        "source": "cnes;datasus;dados_abertos_saude",
        "official_name": "USA04 SAMU 192 UPA TAQUARA",
        "addr:street": "Rua Andre Rocha",
        "addr:suburb": "Taquara",
        "addr:city": "Rio de Janeiro",
        "addr:state": "RJ",
        "addr:country": "BR",
        "addr:postcode": "22735-130",
        "email": "luciel.santos@samu.fs.rj.gov.br",
        "amenity": "clinic",
        "healthcare": "clinic",
        "emergency": "yes",
        "opening_hours": "24/7",
        "name": "UPA 24 Horas Maria Itália Freddo",
        "short_name": "UPA 24h",
        "comment": "UPA 24h",
        "qtd_equipes_esf": 1,
        "qtd_equipes_eap": 0,
        "qtd_equipes_total": 1,
        "capacidade_pnab": 3500,
        "nomes_equipes": ""
      },
      "geometry": {
        "type": "Point",
        "coordinates": [
          -43.36921,
          -22.92239
        ]
      }
    },
    {
      "type": "Feature",
      "id": 7505396,
      "properties": {
        "operator": "Governo do Estado (RJ)",
        "operator:type": "public",
        "ref:CNES": "7505396",
        "source": "cnes;datasus;dados_abertos_saude",
        "official_name": "USA05 SAMU 192 BASE QUINTINO",
        "addr:street": "Rua Clarimundo de Melo",
        "addr:housenumber": "910",
        "addr:suburb": "Quintino",
        "addr:city": "Rio de Janeiro",
        "addr:state": "RJ",
        "addr:country": "BR",
        "addr:postcode": "21311-281",
        "email": "luciel.santos@samu.fs.rj.gov.br",
        "emergency": "ambulance_station",
        "emergency_service": "technical_rescue",
        "opening_hours": "24/7",
        "name": "Base SAMU 192",
        "short_name": "SAMU 192",
        "comment": "SAMU 192",
        "qtd_equipes_esf": 0,
        "qtd_equipes_eap": 0,
        "qtd_equipes_total": 0,
        "capacidade_pnab": 3500,
        "nomes_equipes": ""
      },
      "geometry": {
        "type": "Point",
        "coordinates": [
          -43.3244265,
          -22.8917524
        ]
      }
    },
    {
      "type": "Feature",
      "id": 7333463,
      "properties": {
        "operator": "Governo do Estado (RJ)",
        "operator:type": "public",
        "ref:CNES": "7333463",
        "source": "cnes;datasus;dados_abertos_saude",
        "official_name": "USA06 SAMU 192 UPA SANTA CRUZ",
        "addr:street": "Rua Av Casario de Melo",
        "addr:housenumber": "13655",
        "addr:suburb": "Santa Cruz",
        "addr:city": "Rio de Janeiro",
        "addr:state": "RJ",
        "addr:country": "BR",
        "addr:postcode": "23050-102",
        "email": "luciel.santos@samu.fs.rj.gov.br",
        "amenity": "clinic",
        "healthcare": "clinic",
        "emergency": "yes",
        "opening_hours": "24/7",
        "name": "UPA 24 Horas Maria Itália Freddo",
        "short_name": "UPA 24h",
        "comment": "UPA 24h",
        "qtd_equipes_esf": 1,
        "qtd_equipes_eap": 0,
        "qtd_equipes_total": 1,
        "capacidade_pnab": 3500,
        "nomes_equipes": ""
      },
      "geometry": {
        "type": "Point",
        "coordinates": [
          -43.6608052,
          -22.9336936
        ]
      }
    },
    {
      "type": "Feature",
      "id": 7505493,
      "properties": {
        "operator": "Governo do Estado (RJ)",
        "operator:type": "public",
        "ref:CNES": "7505493",
        "source": "cnes;datasus;dados_abertos_saude",
        "official_name": "USA07 SAMU 192 GRUPAMENTO 28GBM PENHA",
        "addr:street": "Avenida Nossa Senhora da Penha",
        "addr:housenumber": "25",
        "addr:suburb": "Penha",
        "addr:city": "Rio de Janeiro",
        "addr:state": "RJ",
        "addr:country": "BR",
        "addr:postcode": "21070-390",
        "email": "luciel.santos@samu.fs.rj.gov.br",
        "amenity": "clinic",
        "healthcare": "clinic",
        "emergency": "yes",
        "opening_hours": "24/7",
        "name": "UPA 24 Horas Maria Itália Freddo",
        "short_name": "UPA 24h",
        "comment": "UPA 24h",
        "qtd_equipes_esf": 1,
        "qtd_equipes_eap": 0,
        "qtd_equipes_total": 1,
        "capacidade_pnab": 3500,
        "nomes_equipes": ""
      },
      "geometry": {
        "type": "Point",
        "coordinates": [
          -43.2793844,
          -22.8437288
        ]
      }
    },
    {
      "type": "Feature",
      "id": 7503962,
      "properties": {
        "operator": "Governo do Estado (RJ)",
        "operator:type": "public",
        "ref:CNES": "7503962",
        "source": "cnes;datasus;dados_abertos_saude",
        "official_name": "USA08 SAMU 192 BASE ILHA DO GOVERNADOR",
        "addr:street": "Rua Praia da Bandeira",
        "addr:suburb": "Cocota",
        "addr:city": "Rio de Janeiro",
        "addr:state": "RJ",
        "addr:country": "BR",
        "addr:postcode": "21910-296",
        "email": "luciel.santos@samu.fs.rj.gov.br",
        "emergency": "ambulance_station",
        "emergency_service": "technical_rescue",
        "opening_hours": "24/7",
        "name": "Base SAMU 192",
        "short_name": "SAMU 192",
        "comment": "SAMU 192",
        "qtd_equipes_esf": 0,
        "qtd_equipes_eap": 0,
        "qtd_equipes_total": 0,
        "capacidade_pnab": 3500,
        "nomes_equipes": ""
      },
      "geometry": {
        "type": "Point",
        "coordinates": [
          -43.1788,
          -22.803364
        ]
      }
    },
    {
      "type": "Feature",
      "id": 7506775,
      "properties": {
        "operator": "Governo do Estado (RJ)",
        "operator:type": "public",
        "ref:CNES": "7506775",
        "source": "cnes;datasus;dados_abertos_saude",
        "official_name": "USA09 SAMU 192 UPA CAMPO GRANDE II",
        "addr:street": "Rua Av Cesario de Melo",
        "addr:suburb": "Campo Grande",
        "addr:city": "Rio de Janeiro",
        "addr:state": "RJ",
        "addr:country": "BR",
        "addr:postcode": "23055-002",
        "email": "luciel.santos@samu.fs.rj.gov.br",
        "amenity": "clinic",
        "healthcare": "clinic",
        "emergency": "yes",
        "opening_hours": "24/7",
        "name": "UPA 24 Horas Maria Itália Freddo",
        "short_name": "UPA 24h",
        "comment": "UPA 24h",
        "qtd_equipes_esf": 1,
        "qtd_equipes_eap": 0,
        "qtd_equipes_total": 1,
        "capacidade_pnab": 3500,
        "nomes_equipes": ""
      },
      "geometry": {
        "type": "Point",
        "coordinates": [
          -43.57436,
          -22.90749
        ]
      }
    },
    {
      "type": "Feature",
      "id": 7594968,
      "properties": {
        "operator": "Governo do Estado (RJ)",
        "operator:type": "public",
        "ref:CNES": "7594968",
        "source": "cnes;datasus;dados_abertos_saude",
        "official_name": "USA10 SAMU 192 UPA MARECHAL HERMES",
        "addr:street": "Rua Xavier Curado",
        "addr:suburb": "Marechal Hermes",
        "addr:city": "Rio de Janeiro",
        "addr:state": "RJ",
        "addr:country": "BR",
        "addr:postcode": "21610-330",
        "email": "luciel.santos@samu.fs.rj.gov.br",
        "amenity": "clinic",
        "healthcare": "clinic",
        "emergency": "yes",
        "opening_hours": "24/7",
        "name": "UPA 24 Horas Maria Itália Freddo",
        "short_name": "UPA 24h",
        "comment": "UPA 24h",
        "qtd_equipes_esf": 1,
        "qtd_equipes_eap": 0,
        "qtd_equipes_total": 1,
        "capacidade_pnab": 3500,
        "nomes_equipes": ""
      },
      "geometry": {
        "type": "Point",
        "coordinates": [
          -43.37519,
          -22.85958
        ]
      }
    },
    {
      "type": "Feature",
      "id": 408603,
      "properties": {
        "operator": "Governo do Estado (RJ)",
        "operator:type": "public",
        "ref:CNES": "408603",
        "source": "cnes;datasus;dados_abertos_saude",
        "official_name": "USA11 SAMU 192 BASE GAVEA",
        "addr:street": "Rua Av Padre Leonel Franca",
        "addr:housenumber": "248",
        "addr:suburb": "Gavea",
        "addr:city": "Rio de Janeiro",
        "addr:state": "RJ",
        "addr:country": "BR",
        "addr:postcode": "22451-000",
        "email": "luciel.santos@samu.fs.rj.gov.br",
        "emergency": "ambulance_station",
        "emergency_service": "technical_rescue",
        "opening_hours": "24/7",
        "name": "Base SAMU 192",
        "short_name": "SAMU 192",
        "comment": "SAMU 192",
        "qtd_equipes_esf": 0,
        "qtd_equipes_eap": 0,
        "qtd_equipes_total": 0,
        "capacidade_pnab": 3500,
        "nomes_equipes": ""
      },
      "geometry": {
        "type": "Point",
        "coordinates": [
          -43.3117737,
          -22.9915603
        ]
      }
    },
    {
      "type": "Feature",
      "id": 408646,
      "properties": {
        "operator": "Governo do Estado (RJ)",
        "operator:type": "public",
        "ref:CNES": "408646",
        "source": "cnes;datasus;dados_abertos_saude",
        "official_name": "USA12 SAMU 192 BASE 1GBS BARRA DA TIJUCA",
        "addr:street": "Rua Av Ayrton Senna",
        "addr:housenumber": "2001",
        "addr:suburb": "Barra",
        "addr:city": "Rio de Janeiro",
        "addr:state": "RJ",
        "addr:country": "BR",
        "addr:postcode": "22775-002",
        "email": "luciel.santos@samu.fs.rj.gov.br",
        "emergency": "ambulance_station",
        "emergency_service": "technical_rescue",
        "opening_hours": "24/7",
        "name": "Base SAMU 192",
        "short_name": "SAMU 192",
        "comment": "SAMU 192",
        "qtd_equipes_esf": 0,
        "qtd_equipes_eap": 0,
        "qtd_equipes_total": 0,
        "capacidade_pnab": 3500,
        "nomes_equipes": ""
      },
      "geometry": {
        "type": "Point",
        "coordinates": [
          -43.3674473,
          -22.9925649
        ]
      }
    },
    {
      "type": "Feature",
      "id": 4594754,
      "properties": {
        "operator": "Governo do Estado (RJ)",
        "operator:type": "public",
        "ref:CNES": "4594754",
        "source": "cnes;datasus;dados_abertos_saude",
        "official_name": "USA13 SAMU 192 UPA TIJUCA",
        "addr:street": "Rua Conde de Bonfim",
        "addr:suburb": "Tijuca",
        "addr:city": "Rio de Janeiro",
        "addr:state": "RJ",
        "addr:country": "BR",
        "addr:postcode": "20520-054",
        "email": "luciel.santos@samu.fs.rj.gov.br",
        "amenity": "clinic",
        "healthcare": "clinic",
        "emergency": "yes",
        "opening_hours": "24/7",
        "name": "UPA 24 Horas Maria Itália Freddo",
        "short_name": "UPA 24h",
        "comment": "UPA 24h",
        "qtd_equipes_esf": 1,
        "qtd_equipes_eap": 0,
        "qtd_equipes_total": 1,
        "capacidade_pnab": 3500,
        "nomes_equipes": ""
      },
      "geometry": {
        "type": "Point",
        "coordinates": [
          -43.230536,
          -22.9228638
        ]
      }
    },
    {
      "type": "Feature",
      "id": 4594762,
      "properties": {
        "operator": "Governo do Estado (RJ)",
        "operator:type": "public",
        "ref:CNES": "4594762",
        "source": "cnes;datasus;dados_abertos_saude",
        "official_name": "USA14 SAMU 192 VIGILANCIA SANITARIA DO ROCHA",
        "addr:street": "Rua Ana Neri",
        "addr:housenumber": "1029",
        "addr:suburb": "Rocha",
        "addr:city": "Rio de Janeiro",
        "addr:state": "RJ",
        "addr:country": "BR",
        "addr:postcode": "20960-006",
        "email": "luciel.santos@samu.fs.rj.gov.br",
        "emergency": "ambulance_station",
        "emergency_service": "technical_rescue",
        "opening_hours": "24/7",
        "name": "Base SAMU 192",
        "short_name": "SAMU 192",
        "comment": "SAMU 192",
        "qtd_equipes_esf": 0,
        "qtd_equipes_eap": 0,
        "qtd_equipes_total": 0,
        "capacidade_pnab": 3500,
        "nomes_equipes": ""
      },
      "geometry": {
        "type": "Point",
        "coordinates": [
          -43.2457674,
          -22.9010256
        ]
      }
    },
    {
      "type": "Feature",
      "id": 7506538,
      "properties": {
        "operator": "Governo do Estado (RJ)",
        "operator:type": "public",
        "ref:CNES": "7506538",
        "source": "cnes;datasus;dados_abertos_saude",
        "official_name": "USA15 SAMU 192 UPA IRAJA",
        "addr:street": "Rua Av Monsenhor Felix",
        "addr:housenumber": "380",
        "addr:suburb": "Iraja",
        "addr:city": "Rio de Janeiro",
        "addr:state": "RJ",
        "addr:country": "BR",
        "addr:postcode": "21361-132",
        "email": "luciel.santos@samu.fs.rj.gov.br",
        "amenity": "clinic",
        "healthcare": "clinic",
        "emergency": "yes",
        "opening_hours": "24/7",
        "name": "UPA 24 Horas Maria Itália Freddo",
        "short_name": "UPA 24h",
        "comment": "UPA 24h",
        "qtd_equipes_esf": 1,
        "qtd_equipes_eap": 0,
        "qtd_equipes_total": 1,
        "capacidade_pnab": 3500,
        "nomes_equipes": ""
      },
      "geometry": {
        "type": "Point",
        "coordinates": [
          -43.32509,
          -22.84937
        ]
      }
    },
    {
      "type": "Feature",
      "id": 4335759,
      "properties": {
        "operator": "Governo do Estado (RJ)",
        "operator:type": "public",
        "ref:CNES": "4335759",
        "source": "cnes;datasus;dados_abertos_saude",
        "official_name": "USA18 SAMU 192 TIH UPA ILHA DO GOVERNADOR",
        "addr:street": "Rua Parque Poeta Manuel Bandeira",
        "addr:suburb": "Ilha do Governador",
        "addr:city": "Rio de Janeiro",
        "addr:state": "RJ",
        "addr:country": "BR",
        "addr:postcode": "21910-296",
        "email": "luciel.santos@samu.fs.rj.gov.br",
        "amenity": "clinic",
        "healthcare": "clinic",
        "emergency": "yes",
        "opening_hours": "24/7",
        "name": "UPA 24 Horas Maria Itália Freddo",
        "short_name": "UPA 24h",
        "comment": "UPA 24h",
        "qtd_equipes_esf": 1,
        "qtd_equipes_eap": 0,
        "qtd_equipes_total": 1,
        "capacidade_pnab": 3500,
        "nomes_equipes": ""
      },
      "geometry": {
        "type": "Point",
        "coordinates": [
          -43.1789401,
          -22.8043231
        ]
      }
    },
    {
      "type": "Feature",
      "id": 4335775,
      "properties": {
        "operator": "Governo do Estado (RJ)",
        "operator:type": "public",
        "ref:CNES": "4335775",
        "source": "cnes;datasus;dados_abertos_saude",
        "official_name": "USA19 SAMU 192 TIH HOSPITAL ESTADUAL ANCHIETA",
        "addr:street": "Rua Carlos Seidl",
        "addr:housenumber": "785",
        "addr:suburb": "Caju",
        "addr:city": "Rio de Janeiro",
        "addr:state": "RJ",
        "addr:country": "BR",
        "addr:postcode": "20031-000",
        "email": "luciel.santos@samu.fs.rj.gov.br",
        "emergency": "ambulance_station",
        "emergency_service": "technical_rescue",
        "opening_hours": "24/7",
        "name": "Base SAMU 192",
        "short_name": "SAMU 192",
        "comment": "SAMU 192",
        "qtd_equipes_esf": 0,
        "qtd_equipes_eap": 0,
        "qtd_equipes_total": 0,
        "capacidade_pnab": 3500,
        "nomes_equipes": ""
      },
      "geometry": {
        "type": "Point",
        "coordinates": [
          -43.2221218,
          -22.8758304
        ]
      }
    },
    {
      "type": "Feature",
      "id": 4335791,
      "properties": {
        "operator": "Governo do Estado (RJ)",
        "operator:type": "public",
        "ref:CNES": "4335791",
        "source": "cnes;datasus;dados_abertos_saude",
        "official_name": "USA20 SAMU 192 TIH HOSPITAL ESTADUAL CARLOS CHAGAS I",
        "addr:street": "Rua Av Gal Osvaldo Cordeiro de Farias",
        "addr:housenumber": "466",
        "addr:suburb": "Marechal Hermes",
        "addr:city": "Rio de Janeiro",
        "addr:state": "RJ",
        "addr:country": "BR",
        "addr:postcode": "21610-480",
        "email": "luciel.santos@samu.fs.rj.gov.br",
        "emergency": "ambulance_station",
        "emergency_service": "technical_rescue",
        "opening_hours": "24/7",
        "name": "Base SAMU 192",
        "short_name": "SAMU 192",
        "comment": "SAMU 192",
        "qtd_equipes_esf": 0,
        "qtd_equipes_eap": 0,
        "qtd_equipes_total": 0,
        "capacidade_pnab": 3500,
        "nomes_equipes": ""
      },
      "geometry": {
        "type": "Point",
        "coordinates": [
          -43.3740958,
          -22.8653513
        ]
      }
    },
    {
      "type": "Feature",
      "id": 4336186,
      "properties": {
        "operator": "Governo do Estado (RJ)",
        "operator:type": "public",
        "ref:CNES": "4336186",
        "source": "cnes;datasus;dados_abertos_saude",
        "official_name": "USA22 SAMU 192 TIH HOSPITAL ESTADUAL EDUARDO RABELLO",
        "addr:street": "Estrada do Pre",
        "addr:suburb": "Senador Vasconcelos",
        "addr:city": "Rio de Janeiro",
        "addr:state": "RJ",
        "addr:country": "BR",
        "addr:postcode": "23013-550",
        "email": "luciel.santos@samu.fs.rj.gov.br",
        "emergency": "ambulance_station",
        "emergency_service": "technical_rescue",
        "opening_hours": "24/7",
        "name": "Base SAMU 192",
        "short_name": "SAMU 192",
        "comment": "SAMU 192",
        "qtd_equipes_esf": 0,
        "qtd_equipes_eap": 0,
        "qtd_equipes_total": 0,
        "capacidade_pnab": 3500,
        "nomes_equipes": ""
      },
      "geometry": {
        "type": "Point",
        "coordinates": [
          -43.5359403,
          -22.8965181
        ]
      }
    },
    {
      "type": "Feature",
      "id": 4335864,
      "properties": {
        "operator": "Governo do Estado (RJ)",
        "operator:type": "public",
        "ref:CNES": "4335864",
        "source": "cnes;datasus;dados_abertos_saude",
        "official_name": "USA24 SAMU 192 TIH UPA BANGU",
        "addr:street": "Rua Figueiredo Camargo",
        "addr:suburb": "Bangu",
        "addr:city": "Rio de Janeiro",
        "addr:state": "RJ",
        "addr:country": "BR",
        "addr:postcode": "21870-210",
        "email": "luciel.santos@samu.fs.rj.gov.br",
        "amenity": "clinic",
        "healthcare": "clinic",
        "emergency": "yes",
        "opening_hours": "24/7",
        "name": "UPA 24 Horas Maria Itália Freddo",
        "short_name": "UPA 24h",
        "comment": "UPA 24h",
        "qtd_equipes_esf": 1,
        "qtd_equipes_eap": 0,
        "qtd_equipes_total": 1,
        "capacidade_pnab": 3500,
        "nomes_equipes": ""
      },
      "geometry": {
        "type": "Point",
        "coordinates": [
          -43.4597969,
          -22.8712884
        ]
      }
    },
    {
      "type": "Feature",
      "id": 4407164,
      "properties": {
        "operator": "Governo do Estado (RJ)",
        "operator:type": "public",
        "ref:CNES": "4407164",
        "source": "cnes;datasus;dados_abertos_saude",
        "official_name": "USA25 SAMU 192 TIH HEMORIO",
        "addr:street": "Rua Frei Caneca",
        "addr:housenumber": "8",
        "addr:city": "Rio de Janeiro",
        "addr:state": "RJ",
        "addr:country": "BR",
        "addr:postcode": "20211-030",
        "email": "luciel.santos@samu.fs.rj.gov.br",
        "emergency": "ambulance_station",
        "emergency_service": "technical_rescue",
        "opening_hours": "24/7",
        "name": "Base SAMU 192",
        "short_name": "SAMU 192",
        "comment": "SAMU 192",
        "qtd_equipes_esf": 0,
        "qtd_equipes_eap": 0,
        "qtd_equipes_total": 0,
        "capacidade_pnab": 3500,
        "nomes_equipes": ""
      },
      "geometry": {
        "type": "Point",
        "coordinates": [
          -43.1894673,
          -22.9088199
        ]
      }
    },
    {
      "type": "Feature",
      "id": 4335899,
      "properties": {
        "operator": "Governo do Estado (RJ)",
        "operator:type": "public",
        "ref:CNES": "4335899",
        "source": "cnes;datasus;dados_abertos_saude",
        "official_name": "USA26 SAMU 192 TIH UPA CAMPO GRANDE I",
        "addr:street": "Estrada do Mendanha",
        "addr:suburb": "Campo Grnade",
        "addr:city": "Rio de Janeiro",
        "addr:state": "RJ",
        "addr:country": "BR",
        "addr:postcode": "23087-286",
        "email": "luciel.santos@samu.fs.rj.gov.br",
        "amenity": "clinic",
        "healthcare": "clinic",
        "emergency": "yes",
        "opening_hours": "24/7",
        "name": "UPA 24 Horas Maria Itália Freddo",
        "short_name": "UPA 24h",
        "comment": "UPA 24h",
        "qtd_equipes_esf": 1,
        "qtd_equipes_eap": 0,
        "qtd_equipes_total": 1,
        "capacidade_pnab": 3500,
        "nomes_equipes": ""
      },
      "geometry": {
        "type": "Point",
        "coordinates": [
          -43.5565836,
          -22.8821027
        ]
      }
    },
    {
      "type": "Feature",
      "id": 4335937,
      "properties": {
        "operator": "Governo do Estado (RJ)",
        "operator:type": "public",
        "ref:CNES": "4335937",
        "source": "cnes;datasus;dados_abertos_saude",
        "official_name": "USA27 SAMU 192 TIH UPA COPACABANA",
        "addr:street": "Rua Siqueira Campos",
        "addr:housenumber": "129",
        "addr:suburb": "Copacabana",
        "addr:city": "Rio de Janeiro",
        "addr:state": "RJ",
        "addr:country": "BR",
        "addr:postcode": "22031-071",
        "email": "luciel.santos@samu.fs.rj.gov.br",
        "amenity": "clinic",
        "healthcare": "clinic",
        "emergency": "yes",
        "opening_hours": "24/7",
        "name": "UPA 24 Horas Maria Itália Freddo",
        "short_name": "UPA 24h",
        "comment": "UPA 24h",
        "qtd_equipes_esf": 1,
        "qtd_equipes_eap": 0,
        "qtd_equipes_total": 1,
        "capacidade_pnab": 3500,
        "nomes_equipes": ""
      },
      "geometry": {
        "type": "Point",
        "coordinates": [
          -43.1873681,
          -22.9673176
        ]
      }
    },
    {
      "type": "Feature",
      "id": 4335953,
      "properties": {
        "operator": "Governo do Estado (RJ)",
        "operator:type": "public",
        "ref:CNES": "4335953",
        "source": "cnes;datasus;dados_abertos_saude",
        "official_name": "USA28 SAMU 192 TIH UPA ENGENHO NOVO",
        "addr:street": "Rua Souza Barros",
        "addr:housenumber": "70",
        "addr:suburb": "Engenho Novo",
        "addr:city": "Rio de Janeiro",
        "addr:state": "RJ",
        "addr:country": "BR",
        "addr:postcode": "20961-150",
        "email": "luciel.santos@samu.fs.rj.gov.br",
        "amenity": "clinic",
        "healthcare": "clinic",
        "emergency": "yes",
        "opening_hours": "24/7",
        "name": "UPA 24 Horas Maria Itália Freddo",
        "short_name": "UPA 24h",
        "comment": "UPA 24h",
        "qtd_equipes_esf": 1,
        "qtd_equipes_eap": 0,
        "qtd_equipes_total": 1,
        "capacidade_pnab": 3500,
        "nomes_equipes": ""
      },
      "geometry": {
        "type": "Point",
        "coordinates": [
          -43.2640354,
          -22.899574
        ]
      }
    },
    {
      "type": "Feature",
      "id": 4335961,
      "properties": {
        "operator": "Governo do Estado (RJ)",
        "operator:type": "public",
        "ref:CNES": "4335961",
        "source": "cnes;datasus;dados_abertos_saude",
        "official_name": "USA29 SAMU 192 TIH UPA IRAJA",
        "addr:street": "Rua Av Monsenhor Felix",
        "addr:housenumber": "380",
        "addr:suburb": "Iraja",
        "addr:city": "Rio de Janeiro",
        "addr:state": "RJ",
        "addr:country": "BR",
        "addr:postcode": "21361-132",
        "email": "luciel.santos@samu.fs.rj.gov.br",
        "amenity": "clinic",
        "healthcare": "clinic",
        "emergency": "yes",
        "opening_hours": "24/7",
        "name": "UPA 24 Horas Maria Itália Freddo",
        "short_name": "UPA 24h",
        "comment": "UPA 24h",
        "qtd_equipes_esf": 1,
        "qtd_equipes_eap": 0,
        "qtd_equipes_total": 1,
        "capacidade_pnab": 3500,
        "nomes_equipes": ""
      },
      "geometry": {
        "type": "Point",
        "coordinates": [
          -43.325106,
          -22.8492652
        ]
      }
    },
    {
      "type": "Feature",
      "id": 4335988,
      "properties": {
        "operator": "Governo do Estado (RJ)",
        "operator:type": "public",
        "ref:CNES": "4335988",
        "source": "cnes;datasus;dados_abertos_saude",
        "official_name": "USA30 SAMU 192 TIH UPA JACAREPAGUA",
        "addr:street": "Rua Andre Rocha",
        "addr:housenumber": "20",
        "addr:suburb": "Taquara",
        "addr:city": "Rio de Janeiro",
        "addr:state": "RJ",
        "addr:country": "BR",
        "addr:postcode": "22730-522",
        "email": "luciel.santos@samu.fs.rj.gov.br",
        "amenity": "clinic",
        "healthcare": "clinic",
        "emergency": "yes",
        "opening_hours": "24/7",
        "name": "UPA 24 Horas Maria Itália Freddo",
        "short_name": "UPA 24h",
        "comment": "UPA 24h",
        "qtd_equipes_esf": 1,
        "qtd_equipes_eap": 0,
        "qtd_equipes_total": 1,
        "capacidade_pnab": 3500,
        "nomes_equipes": ""
      },
      "geometry": {
        "type": "Point",
        "coordinates": [
          -43.3691239,
          -22.9230102
        ]
      }
    },
    {
      "type": "Feature",
      "id": 4336062,
      "properties": {
        "operator": "Governo do Estado (RJ)",
        "operator:type": "public",
        "ref:CNES": "4336062",
        "source": "cnes;datasus;dados_abertos_saude",
        "official_name": "USA34 SAMU 192 TIH UPA RICARDO DE ALBURQUERQUE",
        "addr:street": "Estrada Marechal Alencastro",
        "addr:suburb": "Ricardo de Albuquerq",
        "addr:city": "Rio de Janeiro",
        "addr:state": "RJ",
        "addr:country": "BR",
        "addr:postcode": "21625-130",
        "email": "luciel.santos@samu.fs.rj.gov.br",
        "amenity": "clinic",
        "healthcare": "clinic",
        "emergency": "yes",
        "opening_hours": "24/7",
        "name": "UPA 24 Horas Maria Itália Freddo",
        "short_name": "UPA 24h",
        "comment": "UPA 24h",
        "qtd_equipes_esf": 1,
        "qtd_equipes_eap": 0,
        "qtd_equipes_total": 1,
        "capacidade_pnab": 3500,
        "nomes_equipes": ""
      },
      "geometry": {
        "type": "Point",
        "coordinates": [
          -43.3967179,
          -22.8363608
        ]
      }
    },
    {
      "type": "Feature",
      "id": 4336089,
      "properties": {
        "operator": "Governo do Estado (RJ)",
        "operator:type": "public",
        "ref:CNES": "4336089",
        "source": "cnes;datasus;dados_abertos_saude",
        "official_name": "USA35 SAMU 192 TIH UPA SANTA CRUZ",
        "addr:street": "Avenida Cesario de Melo",
        "addr:housenumber": "13655",
        "addr:suburb": "Santa Cruz",
        "addr:city": "Rio de Janeiro",
        "addr:state": "RJ",
        "addr:country": "BR",
        "addr:postcode": "23590-060",
        "email": "luciel.santos@samu.fs.rj.gov.br",
        "amenity": "clinic",
        "healthcare": "clinic",
        "emergency": "yes",
        "opening_hours": "24/7",
        "name": "UPA 24 Horas Maria Itália Freddo",
        "short_name": "UPA 24h",
        "comment": "UPA 24h",
        "qtd_equipes_esf": 1,
        "qtd_equipes_eap": 0,
        "qtd_equipes_total": 1,
        "capacidade_pnab": 3500,
        "nomes_equipes": ""
      },
      "geometry": {
        "type": "Point",
        "coordinates": [
          -43.6610132,
          -22.9338387
        ]
      }
    },
    {
      "type": "Feature",
      "id": 4336097,
      "properties": {
        "operator": "Governo do Estado (RJ)",
        "operator:type": "public",
        "ref:CNES": "4336097",
        "source": "cnes;datasus;dados_abertos_saude",
        "official_name": "USA36 SAMU 192 TIH UPA TIJUCA",
        "addr:street": "Rua Conde de Bonfim",
        "addr:suburb": "Tijuca",
        "addr:city": "Rio de Janeiro",
        "addr:state": "RJ",
        "addr:country": "BR",
        "addr:postcode": "20520-054",
        "email": "luciel.santos@samu.fs.rj.gov.br",
        "amenity": "clinic",
        "healthcare": "clinic",
        "emergency": "yes",
        "opening_hours": "24/7",
        "name": "UPA 24 Horas Maria Itália Freddo",
        "short_name": "UPA 24h",
        "comment": "UPA 24h",
        "qtd_equipes_esf": 1,
        "qtd_equipes_eap": 0,
        "qtd_equipes_total": 1,
        "capacidade_pnab": 3500,
        "nomes_equipes": ""
      },
      "geometry": {
        "type": "Point",
        "coordinates": [
          -43.2306342,
          -22.9229879
        ]
      }
    },
    {
      "type": "Feature",
      "id": 4336100,
      "properties": {
        "operator": "Governo do Estado (RJ)",
        "operator:type": "public",
        "ref:CNES": "4336100",
        "source": "cnes;datasus;dados_abertos_saude",
        "official_name": "USA37 SAMU 192 TIH INST EST DE CARDIOLOGIA IECAC",
        "addr:street": "Rua David Campista",
        "addr:housenumber": "326",
        "addr:suburb": "Humaita",
        "addr:city": "Rio de Janeiro",
        "addr:state": "RJ",
        "addr:country": "BR",
        "addr:postcode": "22261-010",
        "email": "luciel.santos@samu.fs.rj.gov.br",
        "emergency": "ambulance_station",
        "emergency_service": "technical_rescue",
        "opening_hours": "24/7",
        "name": "Base SAMU 192",
        "short_name": "SAMU 192",
        "comment": "SAMU 192",
        "qtd_equipes_esf": 0,
        "qtd_equipes_eap": 0,
        "qtd_equipes_total": 0,
        "capacidade_pnab": 3500,
        "nomes_equipes": ""
      },
      "geometry": {
        "type": "Point",
        "coordinates": [
          -43.1995516,
          -22.9530232
        ]
      }
    },
    {
      "type": "Feature",
      "id": 4594347,
      "properties": {
        "operator": "Governo do Estado (RJ)",
        "operator:type": "public",
        "ref:CNES": "4594347",
        "source": "cnes;datasus;dados_abertos_saude",
        "official_name": "USA40 SAMU 192 TIH BASE HOSPITAL GETULIO VARGAS",
        "addr:street": "Rua Av Lobo Junior",
        "addr:housenumber": "2293",
        "addr:suburb": "Penha Circular",
        "addr:city": "Rio de Janeiro",
        "addr:state": "RJ",
        "addr:country": "BR",
        "addr:postcode": "21070-061",
        "email": "luciel.santos@samu.fs.rj.gov.br",
        "emergency": "ambulance_station",
        "emergency_service": "technical_rescue",
        "opening_hours": "24/7",
        "name": "Base SAMU 192",
        "short_name": "SAMU 192",
        "comment": "SAMU 192",
        "qtd_equipes_esf": 0,
        "qtd_equipes_eap": 0,
        "qtd_equipes_total": 0,
        "capacidade_pnab": 3500,
        "nomes_equipes": ""
      },
      "geometry": {
        "type": "Point",
        "coordinates": [
          -43.2856299,
          -22.8388071
        ]
      }
    },
    {
      "type": "Feature",
      "id": 4336259,
      "properties": {
        "operator": "Governo do Estado (RJ)",
        "operator:type": "public",
        "ref:CNES": "4336259",
        "source": "cnes;datasus;dados_abertos_saude",
        "official_name": "USA41 SAMU 192 TIH UPA CAMPO GRANDE II",
        "addr:street": "Rua Av Cesario Melo",
        "addr:suburb": "Campo Grande",
        "addr:city": "Rio de Janeiro",
        "addr:state": "RJ",
        "addr:country": "BR",
        "addr:postcode": "23055-080",
        "email": "lucielsantos@samu.fs.rj.gov.br",
        "amenity": "clinic",
        "healthcare": "clinic",
        "emergency": "yes",
        "opening_hours": "24/7",
        "name": "UPA 24 Horas Maria Itália Freddo",
        "short_name": "UPA 24h",
        "comment": "UPA 24h",
        "qtd_equipes_esf": 1,
        "qtd_equipes_eap": 0,
        "qtd_equipes_total": 1,
        "capacidade_pnab": 3500,
        "nomes_equipes": ""
      },
      "geometry": {
        "type": "Point",
        "coordinates": [
          -43.5743769,
          -22.9074689
        ]
      }
    },
    {
      "type": "Feature",
      "id": 4336194,
      "properties": {
        "operator": "Governo do Estado (RJ)",
        "operator:type": "public",
        "ref:CNES": "4336194",
        "source": "cnes;datasus;dados_abertos_saude",
        "official_name": "USA42 SAMU 192 TIH UPA BOTAFOGO",
        "addr:street": "Rua São Clemente",
        "addr:suburb": "Botafogo",
        "addr:city": "Rio de Janeiro",
        "addr:state": "RJ",
        "addr:country": "BR",
        "addr:postcode": "22260-000",
        "email": "lucielsantos@samu.fs.rj.gov.br",
        "amenity": "clinic",
        "healthcare": "clinic",
        "emergency": "yes",
        "opening_hours": "24/7",
        "name": "UPA 24 Horas Maria Itália Freddo",
        "short_name": "UPA 24h",
        "comment": "UPA 24h",
        "qtd_equipes_esf": 1,
        "qtd_equipes_eap": 0,
        "qtd_equipes_total": 1,
        "capacidade_pnab": 3500,
        "nomes_equipes": ""
      },
      "geometry": {
        "type": "Point",
        "coordinates": [
          -43.1846183,
          -22.9496965
        ]
      }
    },
    {
      "type": "Feature",
      "id": 4336291,
      "properties": {
        "operator": "Governo do Estado (RJ)",
        "operator:type": "public",
        "ref:CNES": "4336291",
        "source": "cnes;datasus;dados_abertos_saude",
        "official_name": "USA43 SAMU 192 TIH UPA MARECHAL HERMES",
        "addr:street": "Rua Xavier Curado",
        "addr:suburb": "Marechal Hermes",
        "addr:city": "Rio de Janeiro",
        "addr:state": "RJ",
        "addr:country": "BR",
        "addr:postcode": "21610-220",
        "email": "lucielsantos@samu.fs.rj.gov.br",
        "amenity": "clinic",
        "healthcare": "clinic",
        "emergency": "yes",
        "opening_hours": "24/7",
        "name": "UPA 24 Horas Maria Itália Freddo",
        "short_name": "UPA 24h",
        "comment": "UPA 24h",
        "qtd_equipes_esf": 1,
        "qtd_equipes_eap": 0,
        "qtd_equipes_total": 1,
        "capacidade_pnab": 3500,
        "nomes_equipes": ""
      },
      "geometry": {
        "type": "Point",
        "coordinates": [
          -43.3752577,
          -22.8595787
        ]
      }
    },
    {
      "type": "Feature",
      "id": 4336283,
      "properties": {
        "operator": "Governo do Estado (RJ)",
        "operator:type": "public",
        "ref:CNES": "4336283",
        "source": "cnes;datasus;dados_abertos_saude",
        "official_name": "USA46 SAMU 192 TIH UPA MARE",
        "addr:street": "Rua Av Brasil",
        "addr:housenumber": "4800",
        "addr:suburb": "Vila Manguinhos",
        "addr:city": "Rio de Janeiro",
        "addr:state": "RJ",
        "addr:country": "BR",
        "addr:postcode": "21040-361",
        "email": "lucielsantos@samu.fs.rj.gov.br",
        "amenity": "clinic",
        "healthcare": "clinic",
        "emergency": "yes",
        "opening_hours": "24/7",
        "name": "UPA 24 Horas Maria Itália Freddo",
        "short_name": "UPA 24h",
        "comment": "UPA 24h",
        "qtd_equipes_esf": 1,
        "qtd_equipes_eap": 0,
        "qtd_equipes_total": 1,
        "capacidade_pnab": 3500,
        "nomes_equipes": ""
      },
      "geometry": {
        "type": "Point",
        "coordinates": [
          -43.2435228,
          -22.8701294
        ]
      }
    },
    {
      "type": "Feature",
      "id": 4594428,
      "properties": {
        "operator": "Governo do Estado (RJ)",
        "operator:type": "public",
        "ref:CNES": "4594428",
        "source": "cnes;datasus;dados_abertos_saude",
        "official_name": "USA48 SAMU 192 TIH BASE INST EST DE DIABETES E ENDOCRINO",
        "addr:street": "Rua Moncorvo Filho",
        "addr:housenumber": "90",
        "addr:city": "Rio de Janeiro",
        "addr:state": "RJ",
        "addr:country": "BR",
        "addr:postcode": "20211-340",
        "email": "luciel.santos@samu.fs.rj.gov.br",
        "emergency": "ambulance_station",
        "emergency_service": "technical_rescue",
        "opening_hours": "24/7",
        "name": "Base SAMU 192",
        "short_name": "SAMU 192",
        "comment": "SAMU 192",
        "qtd_equipes_esf": 0,
        "qtd_equipes_eap": 0,
        "qtd_equipes_total": 0,
        "capacidade_pnab": 3500,
        "nomes_equipes": ""
      },
      "geometry": {
        "type": "Point",
        "coordinates": [
          -43.1925035,
          -22.9092573
        ]
      }
    },
    {
      "type": "Feature",
      "id": 4706331,
      "properties": {
        "operator": "Governo do Estado (RJ)",
        "operator:type": "public",
        "ref:CNES": "4706331",
        "source": "cnes;datasus;dados_abertos_saude",
        "official_name": "USA49 SAMU 192 TIH UPA PENHA",
        "addr:street": "Rua Av Bras de Pina",
        "addr:suburb": "Penha Circular",
        "addr:city": "Rio de Janeiro",
        "addr:state": "RJ",
        "addr:country": "BR",
        "addr:postcode": "21210-673",
        "email": "luciel.santos@samu.rj.gov.br",
        "amenity": "clinic",
        "healthcare": "clinic",
        "emergency": "yes",
        "opening_hours": "24/7",
        "name": "UPA 24 Horas Maria Itália Freddo",
        "short_name": "UPA 24h",
        "comment": "UPA 24h",
        "qtd_equipes_esf": 1,
        "qtd_equipes_eap": 0,
        "qtd_equipes_total": 1,
        "capacidade_pnab": 3500,
        "nomes_equipes": ""
      },
      "geometry": {
        "type": "Point",
        "coordinates": [
          -43.3103398,
          -22.8398201
        ]
      }
    },
    {
      "type": "Feature",
      "id": 4435532,
      "properties": {
        "operator": "Governo do Estado (RJ)",
        "operator:type": "public",
        "ref:CNES": "4435532",
        "source": "cnes;datasus;dados_abertos_saude",
        "official_name": "USA51 SAMU 192 TIH INST EST DERMATOLOGIA SANITARIA",
        "addr:street": "Rua Godofredo Viana",
        "addr:housenumber": "64",
        "addr:suburb": "Tanque",
        "addr:city": "Rio de Janeiro",
        "addr:state": "RJ",
        "addr:country": "BR",
        "addr:postcode": "22730-020",
        "email": "luciel.santos@samu.rj.gov.br",
        "emergency": "ambulance_station",
        "emergency_service": "technical_rescue",
        "opening_hours": "24/7",
        "name": "Base SAMU 192",
        "short_name": "SAMU 192",
        "comment": "SAMU 192",
        "qtd_equipes_esf": 0,
        "qtd_equipes_eap": 0,
        "qtd_equipes_total": 0,
        "capacidade_pnab": 3500,
        "nomes_equipes": ""
      },
      "geometry": {
        "type": "Point",
        "coordinates": [
          -43.3642629,
          -22.9138146
        ]
      }
    },
    {
      "type": "Feature",
      "id": 7505477,
      "properties": {
        "operator": "Governo do Estado (RJ)",
        "operator:type": "public",
        "ref:CNES": "7505477",
        "source": "cnes;datasus;dados_abertos_saude",
        "official_name": "USB01 SAMU 192 BASE ALTO DA BOA VISTA",
        "addr:street": "Rua Alto da Boa Vista",
        "addr:housenumber": "196",
        "addr:suburb": "Alto da Boa Vista",
        "addr:city": "Rio de Janeiro",
        "addr:state": "RJ",
        "addr:country": "BR",
        "addr:postcode": "23535-033",
        "email": "luciel.santos@samu.fs.rj.gov.br",
        "emergency": "ambulance_station",
        "emergency_service": "technical_rescue",
        "opening_hours": "24/7",
        "name": "Base SAMU 192",
        "short_name": "SAMU 192",
        "comment": "SAMU 192",
        "qtd_equipes_esf": 0,
        "qtd_equipes_eap": 0,
        "qtd_equipes_total": 0,
        "capacidade_pnab": 3500,
        "nomes_equipes": ""
      },
      "geometry": {
        "type": "Point",
        "coordinates": [
          -43.2778797,
          -22.9660641
        ]
      }
    },
    {
      "type": "Feature",
      "id": 7333609,
      "properties": {
        "operator": "Governo do Estado (RJ)",
        "operator:type": "public",
        "ref:CNES": "7333609",
        "source": "cnes;datasus;dados_abertos_saude",
        "official_name": "USB02 SAMU 192 UPA DE IRAJA",
        "addr:street": "Rua Av Monsenhor Felix",
        "addr:housenumber": "380",
        "addr:suburb": "Iraja",
        "addr:city": "Rio de Janeiro",
        "addr:state": "RJ",
        "addr:country": "BR",
        "addr:postcode": "21361-132",
        "email": "luciel.santos@samu.fs.rj.gov.br",
        "amenity": "clinic",
        "healthcare": "clinic",
        "emergency": "yes",
        "opening_hours": "24/7",
        "name": "UPA 24 Horas Maria Itália Freddo",
        "short_name": "UPA 24h",
        "comment": "UPA 24h",
        "qtd_equipes_esf": 1,
        "qtd_equipes_eap": 0,
        "qtd_equipes_total": 1,
        "capacidade_pnab": 3500,
        "nomes_equipes": ""
      },
      "geometry": {
        "type": "Point",
        "coordinates": [
          -43.3250605,
          -22.8493543
        ]
      }
    },
    {
      "type": "Feature",
      "id": 7505329,
      "properties": {
        "operator": "Governo do Estado (RJ)",
        "operator:type": "public",
        "ref:CNES": "7505329",
        "source": "cnes;datasus;dados_abertos_saude",
        "official_name": "USB03 SAMU 192 BASE DE SAO CRISTOVAO",
        "addr:street": "Rua Campo de São Cristóvão",
        "addr:suburb": "São Cristóvão",
        "addr:city": "Rio de Janeiro",
        "addr:state": "RJ",
        "addr:country": "BR",
        "addr:postcode": "20921-240",
        "email": "luciel.santos@samu.fs.rj.gov.br",
        "emergency": "ambulance_station",
        "emergency_service": "technical_rescue",
        "opening_hours": "24/7",
        "name": "Base SAMU 192",
        "short_name": "SAMU 192",
        "comment": "SAMU 192",
        "qtd_equipes_esf": 0,
        "qtd_equipes_eap": 0,
        "qtd_equipes_total": 0,
        "capacidade_pnab": 3500,
        "nomes_equipes": ""
      },
      "geometry": {
        "type": "Point",
        "coordinates": [
          -43.22008,
          -22.8975414
        ]
      }
    },
    {
      "type": "Feature",
      "id": 7333447,
      "properties": {
        "operator": "Governo do Estado (RJ)",
        "operator:type": "public",
        "ref:CNES": "7333447",
        "source": "cnes;datasus;dados_abertos_saude",
        "official_name": "USB04 SAMU UPA COPACABANA",
        "addr:street": "Rua Siqueira Campos",
        "addr:housenumber": "143",
        "addr:suburb": "Copacabana",
        "addr:city": "Rio de Janeiro",
        "addr:state": "RJ",
        "addr:country": "BR",
        "addr:postcode": "22031-071",
        "email": "luciel.santos@samu.fs.rj.gov.br",
        "amenity": "clinic",
        "healthcare": "clinic",
        "emergency": "yes",
        "opening_hours": "24/7",
        "name": "UPA 24 Horas Maria Itália Freddo",
        "short_name": "UPA 24h",
        "comment": "UPA 24h",
        "qtd_equipes_esf": 1,
        "qtd_equipes_eap": 0,
        "qtd_equipes_total": 1,
        "capacidade_pnab": 3500,
        "nomes_equipes": ""
      },
      "geometry": {
        "type": "Point",
        "coordinates": [
          -43.1873604,
          -22.9672357
        ]
      }
    },
    {
      "type": "Feature",
      "id": 7505159,
      "properties": {
        "operator": "Governo do Estado (RJ)",
        "operator:type": "public",
        "ref:CNES": "7505159",
        "source": "cnes;datasus;dados_abertos_saude",
        "official_name": "USB05 SAMU 192 BASE MANGUEIRA",
        "addr:street": "Rua Santos Melo",
        "addr:housenumber": "41",
        "addr:suburb": "Mangueira",
        "addr:city": "Rio de Janeiro",
        "addr:state": "RJ",
        "addr:country": "BR",
        "addr:postcode": "20960-030",
        "email": "luciel.santos@samu.fs.rj.gov.br",
        "emergency": "ambulance_station",
        "emergency_service": "technical_rescue",
        "opening_hours": "24/7",
        "name": "Base SAMU 192",
        "short_name": "SAMU 192",
        "comment": "SAMU 192",
        "qtd_equipes_esf": 0,
        "qtd_equipes_eap": 0,
        "qtd_equipes_total": 0,
        "capacidade_pnab": 3500,
        "nomes_equipes": ""
      },
      "geometry": {
        "type": "Point",
        "coordinates": [
          -43.2435691,
          -22.902876
        ]
      }
    },
    {
      "type": "Feature",
      "id": 7505701,
      "properties": {
        "operator": "Governo do Estado (RJ)",
        "operator:type": "public",
        "ref:CNES": "7505701",
        "source": "cnes;datasus;dados_abertos_saude",
        "official_name": "USB06 SAMU 192 BASE QUINTINO",
        "addr:street": "Rua Clarimundo de Melo",
        "addr:housenumber": "910",
        "addr:suburb": "Quintino",
        "addr:city": "Rio de Janeiro",
        "addr:state": "RJ",
        "addr:country": "BR",
        "addr:postcode": "21311-281",
        "email": "luciel.santos@samu.fs.rj.gov.br",
        "emergency": "ambulance_station",
        "emergency_service": "technical_rescue",
        "opening_hours": "24/7",
        "name": "Base SAMU 192",
        "short_name": "SAMU 192",
        "comment": "SAMU 192",
        "qtd_equipes_esf": 0,
        "qtd_equipes_eap": 0,
        "qtd_equipes_total": 0,
        "capacidade_pnab": 3500,
        "nomes_equipes": ""
      },
      "geometry": {
        "type": "Point",
        "coordinates": [
          -43.3244457,
          -22.8917436
        ]
      }
    },
    {
      "type": "Feature",
      "id": 7504357,
      "properties": {
        "operator": "Governo do Estado (RJ)",
        "operator:type": "public",
        "ref:CNES": "7504357",
        "source": "cnes;datasus;dados_abertos_saude",
        "official_name": "USB07 SAMU 192 UPA ENGENHO NOVO",
        "addr:street": "Rua Sousa Barros",
        "addr:housenumber": "70",
        "addr:suburb": "Engenho Novo",
        "addr:city": "Rio de Janeiro",
        "addr:state": "RJ",
        "addr:country": "BR",
        "addr:postcode": "20961-150",
        "email": "luciel.santos@samu.fs.rj.gov.br",
        "amenity": "clinic",
        "healthcare": "clinic",
        "emergency": "yes",
        "opening_hours": "24/7",
        "name": "UPA 24 Horas Maria Itália Freddo",
        "short_name": "UPA 24h",
        "comment": "UPA 24h",
        "qtd_equipes_esf": 1,
        "qtd_equipes_eap": 0,
        "qtd_equipes_total": 1,
        "capacidade_pnab": 3500,
        "nomes_equipes": ""
      },
      "geometry": {
        "type": "Point",
        "coordinates": [
          -43.26404,
          -22.8996
        ]
      }
    },
    {
      "type": "Feature",
      "id": 7333552,
      "properties": {
        "operator": "Governo do Estado (RJ)",
        "operator:type": "public",
        "ref:CNES": "7333552",
        "source": "cnes;datasus;dados_abertos_saude",
        "official_name": "USB08 SAMU 192 BASE VILA KENNEDY",
        "addr:street": "Rua Av Etiopia",
        "addr:housenumber": "219",
        "addr:suburb": "Bangu",
        "addr:city": "Rio de Janeiro",
        "addr:state": "RJ",
        "addr:country": "BR",
        "addr:postcode": "21852-010",
        "email": "luciel.santos@samu.fs.rj.gov.br",
        "emergency": "ambulance_station",
        "emergency_service": "technical_rescue",
        "opening_hours": "24/7",
        "name": "Base SAMU 192",
        "short_name": "SAMU 192",
        "comment": "SAMU 192",
        "qtd_equipes_esf": 0,
        "qtd_equipes_eap": 0,
        "qtd_equipes_total": 0,
        "capacidade_pnab": 3500,
        "nomes_equipes": ""
      },
      "geometry": {
        "type": "Point",
        "coordinates": [
          -43.4885878,
          -22.8563696
        ]
      }
    },
    {
      "type": "Feature",
      "id": 7505337,
      "properties": {
        "operator": "Governo do Estado (RJ)",
        "operator:type": "public",
        "ref:CNES": "7505337",
        "source": "cnes;datasus;dados_abertos_saude",
        "official_name": "USB09 SAMU 192 UPA CAMPO GRANDE I",
        "addr:street": "Estrada do Mendanha",
        "addr:suburb": "Campo Grande",
        "addr:city": "Rio de Janeiro",
        "addr:state": "RJ",
        "addr:country": "BR",
        "addr:postcode": "23087-286",
        "email": "luciel.santos@samu.fs.rj.gov.br",
        "amenity": "clinic",
        "healthcare": "clinic",
        "emergency": "yes",
        "opening_hours": "24/7",
        "name": "UPA 24 Horas Maria Itália Freddo",
        "short_name": "UPA 24h",
        "comment": "UPA 24h",
        "qtd_equipes_esf": 1,
        "qtd_equipes_eap": 0,
        "qtd_equipes_total": 1,
        "capacidade_pnab": 3500,
        "nomes_equipes": ""
      },
      "geometry": {
        "type": "Point",
        "coordinates": [
          -43.55644,
          -22.88217
        ]
      }
    },
    {
      "type": "Feature",
      "id": 7505108,
      "properties": {
        "operator": "Governo do Estado (RJ)",
        "operator:type": "public",
        "ref:CNES": "7505108",
        "source": "cnes;datasus;dados_abertos_saude",
        "official_name": "USB10 SAMU 192 BASE CEASA",
        "addr:street": "Avenida Brasil",
        "addr:housenumber": "19001",
        "addr:suburb": "Iraja",
        "addr:city": "Rio de Janeiro",
        "addr:state": "RJ",
        "addr:country": "BR",
        "addr:postcode": "21530-000",
        "email": "luciel.santos@samu.fs.rj.gov.br",
        "emergency": "ambulance_station",
        "emergency_service": "technical_rescue",
        "opening_hours": "24/7",
        "name": "Base SAMU 192",
        "short_name": "SAMU 192",
        "comment": "SAMU 192",
        "qtd_equipes_esf": 0,
        "qtd_equipes_eap": 0,
        "qtd_equipes_total": 0,
        "capacidade_pnab": 3500,
        "nomes_equipes": ""
      },
      "geometry": {
        "type": "Point",
        "coordinates": [
          -43.3341639,
          -22.8252535
        ]
      }
    },
    {
      "type": "Feature",
      "id": 7333676,
      "properties": {
        "operator": "Governo do Estado (RJ)",
        "operator:type": "public",
        "ref:CNES": "7333676",
        "source": "cnes;datasus;dados_abertos_saude",
        "official_name": "USB11 SAMU 192 BASE MARE",
        "addr:street": "Rua Nove",
        "addr:suburb": "Mare",
        "addr:city": "Rio de Janeiro",
        "addr:state": "RJ",
        "addr:country": "BR",
        "addr:postcode": "21046-500",
        "email": "luciel.santos@samu.fs.rj.gov.br",
        "emergency": "ambulance_station",
        "emergency_service": "technical_rescue",
        "opening_hours": "24/7",
        "name": "Base SAMU 192",
        "short_name": "SAMU 192",
        "comment": "SAMU 192",
        "qtd_equipes_esf": 0,
        "qtd_equipes_eap": 0,
        "qtd_equipes_total": 0,
        "capacidade_pnab": 3500,
        "nomes_equipes": ""
      },
      "geometry": {
        "type": "Point",
        "coordinates": [
          -43.24323,
          -22.87418
        ]
      }
    },
    {
      "type": "Feature",
      "id": 7504306,
      "properties": {
        "operator": "Governo do Estado (RJ)",
        "operator:type": "public",
        "ref:CNES": "7504306",
        "source": "cnes;datasus;dados_abertos_saude",
        "official_name": "USB12 SAMU 192 GRUPAMENTO 28GBM PENHA",
        "addr:street": "Avenida Nossa Senhora da Penha",
        "addr:housenumber": "25",
        "addr:suburb": "Penha",
        "addr:city": "Rio de Janeiro",
        "addr:state": "RJ",
        "addr:country": "BR",
        "addr:postcode": "21070-390",
        "email": "luciel.santos@samu.fs.rj.gov.br",
        "amenity": "clinic",
        "healthcare": "clinic",
        "emergency": "yes",
        "opening_hours": "24/7",
        "name": "UPA 24 Horas Maria Itália Freddo",
        "short_name": "UPA 24h",
        "comment": "UPA 24h",
        "qtd_equipes_esf": 1,
        "qtd_equipes_eap": 0,
        "qtd_equipes_total": 1,
        "capacidade_pnab": 3500,
        "nomes_equipes": ""
      },
      "geometry": {
        "type": "Point",
        "coordinates": [
          -43.279202,
          -22.8434717
        ]
      }
    },
    {
      "type": "Feature",
      "id": 7505426,
      "properties": {
        "operator": "Governo do Estado (RJ)",
        "operator:type": "public",
        "ref:CNES": "7505426",
        "source": "cnes;datasus;dados_abertos_saude",
        "official_name": "USB13 SAMU 192 BASE VARGEM GRANDE",
        "addr:street": "Estrada do Pacui",
        "addr:housenumber": "80",
        "addr:suburb": "Vargem Grande",
        "addr:city": "Rio de Janeiro",
        "addr:state": "RJ",
        "addr:country": "BR",
        "addr:postcode": "22785-160",
        "email": "luciel.santos@samu.fs.rj.gov.br",
        "emergency": "ambulance_station",
        "emergency_service": "technical_rescue",
        "opening_hours": "24/7",
        "name": "Base SAMU 192",
        "short_name": "SAMU 192",
        "comment": "SAMU 192",
        "qtd_equipes_esf": 0,
        "qtd_equipes_eap": 0,
        "qtd_equipes_total": 0,
        "capacidade_pnab": 3500,
        "nomes_equipes": ""
      },
      "geometry": {
        "type": "Point",
        "coordinates": [
          -43.4938691,
          -22.9752657
        ]
      }
    },
    {
      "type": "Feature",
      "id": 7506589,
      "properties": {
        "operator": "Governo do Estado (RJ)",
        "operator:type": "public",
        "ref:CNES": "7506589",
        "source": "cnes;datasus;dados_abertos_saude",
        "official_name": "USB14 SAMU 192 GRUPAMENTO 1GBS BARRA DA TIJUCA",
        "addr:street": "Avenida Ayrton Senna",
        "addr:housenumber": "2001",
        "addr:suburb": "Barra da Tijuca",
        "addr:city": "Rio de Janeiro",
        "addr:state": "RJ",
        "addr:country": "BR",
        "addr:postcode": "22620-172",
        "email": "luciel.santos@samu.fs.rj.gov.br",
        "amenity": "clinic",
        "healthcare": "clinic",
        "emergency": "yes",
        "opening_hours": "24/7",
        "name": "UPA 24 Horas Maria Itália Freddo",
        "short_name": "UPA 24h",
        "comment": "UPA 24h",
        "qtd_equipes_esf": 1,
        "qtd_equipes_eap": 0,
        "qtd_equipes_total": 1,
        "capacidade_pnab": 3500,
        "nomes_equipes": ""
      },
      "geometry": {
        "type": "Point",
        "coordinates": [
          -43.3683166,
          -22.9919311
        ]
      }
    },
    {
      "type": "Feature",
      "id": 7506724,
      "properties": {
        "operator": "Governo do Estado (RJ)",
        "operator:type": "public",
        "ref:CNES": "7506724",
        "source": "cnes;datasus;dados_abertos_saude",
        "official_name": "USB15 SAMU 192 UPA REALENGO",
        "addr:street": "Rua Mal Joaquim Inacio",
        "addr:suburb": "Realengo",
        "addr:city": "Rio de Janeiro",
        "addr:state": "RJ",
        "addr:country": "BR",
        "addr:postcode": "21735-320",
        "email": "luciel.santos@samu.fs.rj.gov.br",
        "amenity": "clinic",
        "healthcare": "clinic",
        "emergency": "yes",
        "opening_hours": "24/7",
        "name": "UPA 24 Horas Maria Itália Freddo",
        "short_name": "UPA 24h",
        "comment": "UPA 24h",
        "qtd_equipes_esf": 1,
        "qtd_equipes_eap": 0,
        "qtd_equipes_total": 1,
        "capacidade_pnab": 3500,
        "nomes_equipes": ""
      },
      "geometry": {
        "type": "Point",
        "coordinates": [
          -43.43055,
          -22.8743514
        ]
      }
    },
    {
      "type": "Feature",
      "id": 7333471,
      "properties": {
        "operator": "Governo do Estado (RJ)",
        "operator:type": "public",
        "ref:CNES": "7333471",
        "source": "cnes;datasus;dados_abertos_saude",
        "official_name": "USB16 SAMU 192 BASE CEASA",
        "addr:street": "Avenida Brasil",
        "addr:housenumber": "19001",
        "addr:suburb": "Iraja",
        "addr:city": "Rio de Janeiro",
        "addr:state": "RJ",
        "addr:country": "BR",
        "addr:postcode": "21625-130",
        "email": "luciel.santos@samu.fs.rj.gov.br",
        "emergency": "ambulance_station",
        "emergency_service": "technical_rescue",
        "opening_hours": "24/7",
        "name": "Base SAMU 192",
        "short_name": "SAMU 192",
        "comment": "SAMU 192",
        "qtd_equipes_esf": 0,
        "qtd_equipes_eap": 0,
        "qtd_equipes_total": 0,
        "capacidade_pnab": 3500,
        "nomes_equipes": ""
      },
      "geometry": {
        "type": "Point",
        "coordinates": [
          -43.3352556,
          -22.8262593
        ]
      }
    },
    {
      "type": "Feature",
      "id": 7505736,
      "properties": {
        "operator": "Governo do Estado (RJ)",
        "operator:type": "public",
        "ref:CNES": "7505736",
        "source": "cnes;datasus;dados_abertos_saude",
        "official_name": "USB17 SAMU 192 BASE VILA KENNEDY",
        "addr:street": "Rua Av Etiopia",
        "addr:housenumber": "219",
        "addr:suburb": "Bangu",
        "addr:city": "Rio de Janeiro",
        "addr:state": "RJ",
        "addr:country": "BR",
        "addr:postcode": "21852-010",
        "email": "luciel.santos@samu.fs.rj.gov.br",
        "emergency": "ambulance_station",
        "emergency_service": "technical_rescue",
        "opening_hours": "24/7",
        "name": "Base SAMU 192",
        "short_name": "SAMU 192",
        "comment": "SAMU 192",
        "qtd_equipes_esf": 0,
        "qtd_equipes_eap": 0,
        "qtd_equipes_total": 0,
        "capacidade_pnab": 3500,
        "nomes_equipes": ""
      },
      "geometry": {
        "type": "Point",
        "coordinates": [
          -43.4885582,
          -22.8563539
        ]
      }
    },
    {
      "type": "Feature",
      "id": 7505361,
      "properties": {
        "operator": "Governo do Estado (RJ)",
        "operator:type": "public",
        "ref:CNES": "7505361",
        "source": "cnes;datasus;dados_abertos_saude",
        "official_name": "USB18 SAMU 192 UPA BANGU",
        "addr:street": "Rua Figueiredo Camargo",
        "addr:suburb": "Bangu",
        "addr:city": "Rio de Janeiro",
        "addr:state": "RJ",
        "addr:country": "BR",
        "addr:postcode": "21870-210",
        "email": "luciel.santos@samu.fs.rj.gov.br",
        "amenity": "clinic",
        "healthcare": "clinic",
        "emergency": "yes",
        "opening_hours": "24/7",
        "name": "UPA 24 Horas Maria Itália Freddo",
        "short_name": "UPA 24h",
        "comment": "UPA 24h",
        "qtd_equipes_esf": 1,
        "qtd_equipes_eap": 0,
        "qtd_equipes_total": 1,
        "capacidade_pnab": 3500,
        "nomes_equipes": ""
      },
      "geometry": {
        "type": "Point",
        "coordinates": [
          -43.45983,
          -22.87143
        ]
      }
    },
    {
      "type": "Feature",
      "id": 7504101,
      "properties": {
        "operator": "Governo do Estado (RJ)",
        "operator:type": "public",
        "ref:CNES": "7504101",
        "source": "cnes;datasus;dados_abertos_saude",
        "official_name": "USB19 SAMU 192 BASE MUZEMA",
        "addr:street": "Estrada do Itanhanga",
        "addr:housenumber": "270",
        "addr:suburb": "Itanhanga",
        "addr:city": "Rio de Janeiro",
        "addr:state": "RJ",
        "addr:country": "BR",
        "addr:postcode": "22753-005",
        "email": "luciel.santos@samu.fs.rj.gov.br",
        "emergency": "ambulance_station",
        "emergency_service": "technical_rescue",
        "opening_hours": "24/7",
        "name": "Base SAMU 192",
        "short_name": "SAMU 192",
        "comment": "SAMU 192",
        "qtd_equipes_esf": 0,
        "qtd_equipes_eap": 0,
        "qtd_equipes_total": 0,
        "capacidade_pnab": 3500,
        "nomes_equipes": ""
      },
      "geometry": {
        "type": "Point",
        "coordinates": [
          -43.3117737,
          -22.9915504
        ]
      }
    },
    {
      "type": "Feature",
      "id": 7504071,
      "properties": {
        "operator": "Governo do Estado (RJ)",
        "operator:type": "public",
        "ref:CNES": "7504071",
        "source": "cnes;datasus;dados_abertos_saude",
        "official_name": "USB20 SAMU 192 UPA BOTAFOGO",
        "addr:street": "Rua São Clemente",
        "addr:suburb": "Botafogo",
        "addr:city": "Rio de Janeiro",
        "addr:state": "RJ",
        "addr:country": "BR",
        "addr:postcode": "22260-000",
        "email": "luciel.santos@samu.fs.rj.gov.br",
        "amenity": "clinic",
        "healthcare": "clinic",
        "emergency": "yes",
        "opening_hours": "24/7",
        "name": "UPA 24 Horas Maria Itália Freddo",
        "short_name": "UPA 24h",
        "comment": "UPA 24h",
        "qtd_equipes_esf": 1,
        "qtd_equipes_eap": 0,
        "qtd_equipes_total": 1,
        "capacidade_pnab": 3500,
        "nomes_equipes": ""
      },
      "geometry": {
        "type": "Point",
        "coordinates": [
          -43.18465,
          -22.94971
        ]
      }
    },
    {
      "type": "Feature",
      "id": 7333560,
      "properties": {
        "operator": "Governo do Estado (RJ)",
        "operator:type": "public",
        "ref:CNES": "7333560",
        "source": "cnes;datasus;dados_abertos_saude",
        "official_name": "USB21 SAMU 192 UPA CAMPO GRANDE I",
        "addr:street": "Estrada do Mendanha",
        "addr:suburb": "Campo Grande",
        "addr:city": "Rio de Janeiro",
        "addr:state": "RJ",
        "addr:country": "BR",
        "addr:postcode": "23087-286",
        "email": "luciel.santos@samu.fs.rj.gov.br",
        "amenity": "clinic",
        "healthcare": "clinic",
        "emergency": "yes",
        "opening_hours": "24/7",
        "name": "UPA 24 Horas Maria Itália Freddo",
        "short_name": "UPA 24h",
        "comment": "UPA 24h",
        "qtd_equipes_esf": 1,
        "qtd_equipes_eap": 0,
        "qtd_equipes_total": 1,
        "capacidade_pnab": 3500,
        "nomes_equipes": ""
      },
      "geometry": {
        "type": "Point",
        "coordinates": [
          -43.5565819,
          -22.8820927
        ]
      }
    },
    {
      "type": "Feature",
      "id": 7333501,
      "properties": {
        "operator": "Governo do Estado (RJ)",
        "operator:type": "public",
        "ref:CNES": "7333501",
        "source": "cnes;datasus;dados_abertos_saude",
        "official_name": "USB22 SAMU 192 UPA SANTA CRUZ",
        "addr:street": "Rua Av Cesario de Melo",
        "addr:housenumber": "13655",
        "addr:suburb": "Santa Cruz",
        "addr:city": "Rio de Janeiro",
        "addr:state": "RJ",
        "addr:country": "BR",
        "addr:postcode": "23590-060",
        "email": "luciel.santos@samu.fs.rj.gov.br",
        "amenity": "clinic",
        "healthcare": "clinic",
        "emergency": "yes",
        "opening_hours": "24/7",
        "name": "UPA 24 Horas Maria Itália Freddo",
        "short_name": "UPA 24h",
        "comment": "UPA 24h",
        "qtd_equipes_esf": 1,
        "qtd_equipes_eap": 0,
        "qtd_equipes_total": 1,
        "capacidade_pnab": 3500,
        "nomes_equipes": ""
      },
      "geometry": {
        "type": "Point",
        "coordinates": [
          -43.6611426,
          -22.9335183
        ]
      }
    },
    {
      "type": "Feature",
      "id": 7333668,
      "properties": {
        "operator": "Governo do Estado (RJ)",
        "operator:type": "public",
        "ref:CNES": "7333668",
        "source": "cnes;datasus;dados_abertos_saude",
        "official_name": "USB23 SAMU 192 UPA BOTAFOGO",
        "addr:street": "Rua São Clemente",
        "addr:suburb": "Botafogo",
        "addr:city": "Rio de Janeiro",
        "addr:state": "RJ",
        "addr:country": "BR",
        "addr:postcode": "22260-000",
        "email": "luciel.santos@samu.fs.rj.gov.br",
        "amenity": "clinic",
        "healthcare": "clinic",
        "emergency": "yes",
        "opening_hours": "24/7",
        "name": "UPA 24 Horas Maria Itália Freddo",
        "short_name": "UPA 24h",
        "comment": "UPA 24h",
        "qtd_equipes_esf": 1,
        "qtd_equipes_eap": 0,
        "qtd_equipes_total": 1,
        "capacidade_pnab": 3500,
        "nomes_equipes": ""
      },
      "geometry": {
        "type": "Point",
        "coordinates": [
          -43.1846204,
          -22.9496943
        ]
      }
    },
    {
      "type": "Feature",
      "id": 7333617,
      "properties": {
        "operator": "Governo do Estado (RJ)",
        "operator:type": "public",
        "ref:CNES": "7333617",
        "source": "cnes;datasus;dados_abertos_saude",
        "official_name": "USB24 SAMU 192 UPA MARECHAL HERMES",
        "addr:street": "Rua Xavier Curado",
        "addr:suburb": "Marechal Hermes",
        "addr:city": "Rio de Janeiro",
        "addr:state": "RJ",
        "addr:country": "BR",
        "addr:postcode": "21610-330",
        "email": "luciel.santos@samu.fs.rj.gov.br",
        "amenity": "clinic",
        "healthcare": "clinic",
        "emergency": "yes",
        "opening_hours": "24/7",
        "name": "UPA 24 Horas Maria Itália Freddo",
        "short_name": "UPA 24h",
        "comment": "UPA 24h",
        "qtd_equipes_esf": 1,
        "qtd_equipes_eap": 0,
        "qtd_equipes_total": 1,
        "capacidade_pnab": 3500,
        "nomes_equipes": ""
      },
      "geometry": {
        "type": "Point",
        "coordinates": [
          -43.3751605,
          -22.8595643
        ]
      }
    },
    {
      "type": "Feature",
      "id": 7505353,
      "properties": {
        "operator": "Governo do Estado (RJ)",
        "operator:type": "public",
        "ref:CNES": "7505353",
        "source": "cnes;datasus;dados_abertos_saude",
        "official_name": "USB25 SAMU 192 BASE ILHA DO GOVERNADOR",
        "addr:street": "Rua Praia da Bandeira",
        "addr:suburb": "Cocota",
        "addr:city": "Rio de Janeiro",
        "addr:state": "RJ",
        "addr:country": "BR",
        "addr:postcode": "21910-296",
        "email": "luciel.santos@samu.fs.rj.gov.br",
        "emergency": "ambulance_station",
        "emergency_service": "technical_rescue",
        "opening_hours": "24/7",
        "name": "Base SAMU 192",
        "short_name": "SAMU 192",
        "comment": "SAMU 192",
        "qtd_equipes_esf": 0,
        "qtd_equipes_eap": 0,
        "qtd_equipes_total": 0,
        "capacidade_pnab": 3500,
        "nomes_equipes": ""
      },
      "geometry": {
        "type": "Point",
        "coordinates": [
          -43.1787705,
          -22.8033483
        ]
      }
    },
    {
      "type": "Feature",
      "id": 408662,
      "properties": {
        "operator": "Governo do Estado (RJ)",
        "operator:type": "public",
        "ref:CNES": "408662",
        "source": "cnes;datasus;dados_abertos_saude",
        "official_name": "USB26 SAMU 192 UPA BANGU",
        "addr:street": "Rua Figueiredo Camargo",
        "addr:suburb": "Bangu",
        "addr:city": "Rio de Janeiro",
        "addr:state": "RJ",
        "addr:country": "BR",
        "addr:postcode": "21870-210",
        "email": "luciel.santos@samu.fs.rj.gov.br",
        "amenity": "clinic",
        "healthcare": "clinic",
        "emergency": "yes",
        "opening_hours": "24/7",
        "name": "UPA 24 Horas Maria Itália Freddo",
        "short_name": "UPA 24h",
        "comment": "UPA 24h",
        "qtd_equipes_esf": 1,
        "qtd_equipes_eap": 0,
        "qtd_equipes_total": 1,
        "capacidade_pnab": 3500,
        "nomes_equipes": ""
      },
      "geometry": {
        "type": "Point",
        "coordinates": [
          -43.4598541,
          -22.8714501
        ]
      }
    },
    {
      "type": "Feature",
      "id": 422460,
      "properties": {
        "operator": "Governo do Estado (RJ)",
        "operator:type": "public",
        "ref:CNES": "422460",
        "source": "cnes;datasus;dados_abertos_saude",
        "official_name": "USB27 SAMU 192 HOSPITAL ESTADUAL EDUARDO RABELLO",
        "addr:street": "Estrada do Pre",
        "addr:suburb": "Senador Vasconcelos",
        "addr:city": "Rio de Janeiro",
        "addr:state": "RJ",
        "addr:country": "BR",
        "addr:postcode": "23013-550",
        "email": "luciel.santos@samu.fs.rj.gov.br",
        "emergency": "ambulance_station",
        "emergency_service": "technical_rescue",
        "opening_hours": "24/7",
        "name": "Base SAMU 192",
        "short_name": "SAMU 192",
        "comment": "SAMU 192",
        "qtd_equipes_esf": 0,
        "qtd_equipes_eap": 0,
        "qtd_equipes_total": 0,
        "capacidade_pnab": 3500,
        "nomes_equipes": ""
      },
      "geometry": {
        "type": "Point",
        "coordinates": [
          -43.5356672,
          -22.8976418
        ]
      }
    },
    {
      "type": "Feature",
      "id": 7506155,
      "properties": {
        "operator": "Governo do Estado (RJ)",
        "operator:type": "public",
        "ref:CNES": "7506155",
        "source": "cnes;datasus;dados_abertos_saude",
        "official_name": "USB28 SAMU 192 UPA SANTA CRUZ",
        "addr:street": "Rua Av Cesario de Melo",
        "addr:housenumber": "13655",
        "addr:suburb": "Santa Cruz",
        "addr:city": "Rio de Janeiro",
        "addr:state": "RJ",
        "addr:country": "BR",
        "addr:postcode": "23050-102",
        "email": "luciel.santos@samu.fs.rj.gov.br",
        "amenity": "clinic",
        "healthcare": "clinic",
        "emergency": "yes",
        "opening_hours": "24/7",
        "name": "UPA 24 Horas Maria Itália Freddo",
        "short_name": "UPA 24h",
        "comment": "UPA 24h",
        "qtd_equipes_esf": 1,
        "qtd_equipes_eap": 0,
        "qtd_equipes_total": 1,
        "capacidade_pnab": 3500,
        "nomes_equipes": ""
      },
      "geometry": {
        "type": "Point",
        "coordinates": [
          -43.6612,
          -22.9334
        ]
      }
    },
    {
      "type": "Feature",
      "id": 7503849,
      "properties": {
        "operator": "Governo do Estado (RJ)",
        "operator:type": "public",
        "ref:CNES": "7503849",
        "source": "cnes;datasus;dados_abertos_saude",
        "official_name": "USB29 SAMU 192 BASE MARE",
        "addr:street": "Rua Nove",
        "addr:suburb": "Fundao",
        "addr:city": "Rio de Janeiro",
        "addr:state": "RJ",
        "addr:country": "BR",
        "addr:postcode": "21046-500",
        "email": "luciel.santos@samu.fs.rj.gov.br",
        "emergency": "ambulance_station",
        "emergency_service": "technical_rescue",
        "opening_hours": "24/7",
        "name": "Base SAMU 192",
        "short_name": "SAMU 192",
        "comment": "SAMU 192",
        "qtd_equipes_esf": 0,
        "qtd_equipes_eap": 0,
        "qtd_equipes_total": 0,
        "capacidade_pnab": 3500,
        "nomes_equipes": ""
      },
      "geometry": {
        "type": "Point",
        "coordinates": [
          -43.2432004,
          -22.8741643
        ]
      }
    },
    {
      "type": "Feature",
      "id": 7506759,
      "properties": {
        "operator": "Governo do Estado (RJ)",
        "operator:type": "public",
        "ref:CNES": "7506759",
        "source": "cnes;datasus;dados_abertos_saude",
        "official_name": "USB30 SAMU 192 BASE UPA TIJUCA",
        "addr:street": "Rua Conde de Bonfim",
        "addr:suburb": "Tijuca",
        "addr:city": "Rio de Janeiro",
        "addr:state": "RJ",
        "addr:country": "BR",
        "addr:postcode": "20520-054",
        "email": "luciel.santos@samu.fs.rj.gov.br",
        "amenity": "clinic",
        "healthcare": "clinic",
        "emergency": "yes",
        "opening_hours": "24/7",
        "name": "UPA 24 Horas Maria Itália Freddo",
        "short_name": "UPA 24h",
        "comment": "UPA 24h",
        "qtd_equipes_esf": 1,
        "qtd_equipes_eap": 0,
        "qtd_equipes_total": 1,
        "capacidade_pnab": 3500,
        "nomes_equipes": ""
      },
      "geometry": {
        "type": "Point",
        "coordinates": [
          -43.2306437,
          -22.9229412
        ]
      }
    },
    {
      "type": "Feature",
      "id": 7333641,
      "properties": {
        "operator": "Governo do Estado (RJ)",
        "operator:type": "public",
        "ref:CNES": "7333641",
        "source": "cnes;datasus;dados_abertos_saude",
        "official_name": "USB31 SAMU 192 UPA MARECHAL HERMES",
        "addr:street": "Rua Xavier Curado",
        "addr:suburb": "Marechal Hermes",
        "addr:city": "Rio de Janeiro",
        "addr:state": "RJ",
        "addr:country": "BR",
        "addr:postcode": "21610-330",
        "email": "luciel.santos@samu.fs.rj.gov.br",
        "amenity": "clinic",
        "healthcare": "clinic",
        "emergency": "yes",
        "opening_hours": "24/7",
        "name": "UPA 24 Horas Maria Itália Freddo",
        "short_name": "UPA 24h",
        "comment": "UPA 24h",
        "qtd_equipes_esf": 1,
        "qtd_equipes_eap": 0,
        "qtd_equipes_total": 1,
        "capacidade_pnab": 3500,
        "nomes_equipes": ""
      },
      "geometry": {
        "type": "Point",
        "coordinates": [
          -43.3752238,
          -22.8597603
        ]
      }
    },
    {
      "type": "Feature",
      "id": 7506554,
      "properties": {
        "operator": "Governo do Estado (RJ)",
        "operator:type": "public",
        "ref:CNES": "7506554",
        "source": "cnes;datasus;dados_abertos_saude",
        "official_name": "USB32 SAMU 192 RIO FARMES",
        "addr:street": "Rua Julio do Carmo",
        "addr:housenumber": "175",
        "addr:suburb": "Cidade Nova",
        "addr:city": "Rio de Janeiro",
        "addr:state": "RJ",
        "addr:country": "BR",
        "addr:postcode": "20210-051",
        "email": "luciel.santos@samu.fs.rj.gov.br",
        "emergency": "ambulance_station",
        "emergency_service": "technical_rescue",
        "opening_hours": "24/7",
        "name": "Base SAMU 192",
        "short_name": "SAMU 192",
        "comment": "SAMU 192",
        "qtd_equipes_esf": 0,
        "qtd_equipes_eap": 0,
        "qtd_equipes_total": 0,
        "capacidade_pnab": 3500,
        "nomes_equipes": ""
      },
      "geometry": {
        "type": "Point",
        "coordinates": [
          -43.1993525,
          -22.9098324
        ]
      }
    },
    {
      "type": "Feature",
      "id": 7333455,
      "properties": {
        "operator": "Governo do Estado (RJ)",
        "operator:type": "public",
        "ref:CNES": "7333455",
        "source": "cnes;datasus;dados_abertos_saude",
        "official_name": "USB33 SAMU 192 UPA ENGENHO NOVO",
        "addr:street": "Rua Sousa Barros",
        "addr:housenumber": "70",
        "addr:suburb": "Engenho Novo",
        "addr:city": "Rio de Janeiro",
        "addr:state": "RJ",
        "addr:country": "BR",
        "addr:postcode": "20961-150",
        "email": "luciel.santos@samu.fs.rj.gov.br",
        "amenity": "clinic",
        "healthcare": "clinic",
        "emergency": "yes",
        "opening_hours": "24/7",
        "name": "UPA 24 Horas Maria Itália Freddo",
        "short_name": "UPA 24h",
        "comment": "UPA 24h",
        "qtd_equipes_esf": 1,
        "qtd_equipes_eap": 0,
        "qtd_equipes_total": 1,
        "capacidade_pnab": 3500,
        "nomes_equipes": ""
      },
      "geometry": {
        "type": "Point",
        "coordinates": [
          -43.2640104,
          -22.8995843
        ]
      }
    },
    {
      "type": "Feature",
      "id": 4594770,
      "properties": {
        "operator": "Governo do Estado (RJ)",
        "operator:type": "public",
        "ref:CNES": "4594770",
        "source": "cnes;datasus;dados_abertos_saude",
        "official_name": "USB34 SAMU 192 BASE HOSPITAL ESTADUAL GETULIO VARGAS",
        "addr:street": "Rua Av Lobo Junior",
        "addr:housenumber": "2293",
        "addr:suburb": "Penha Circular",
        "addr:city": "Rio de Janeiro",
        "addr:state": "RJ",
        "addr:country": "BR",
        "addr:postcode": "21070-061",
        "email": "luciel.santos@samu.fs.rj.gov.br",
        "emergency": "ambulance_station",
        "emergency_service": "technical_rescue",
        "opening_hours": "24/7",
        "name": "Base SAMU 192",
        "short_name": "SAMU 192",
        "comment": "SAMU 192",
        "qtd_equipes_esf": 0,
        "qtd_equipes_eap": 0,
        "qtd_equipes_total": 0,
        "capacidade_pnab": 3500,
        "nomes_equipes": ""
      },
      "geometry": {
        "type": "Point",
        "coordinates": [
          -43.2854121,
          -22.8388391
        ]
      }
    },
    {
      "type": "Feature",
      "id": 7505779,
      "properties": {
        "operator": "Governo do Estado (RJ)",
        "operator:type": "public",
        "ref:CNES": "7505779",
        "source": "cnes;datasus;dados_abertos_saude",
        "official_name": "USB34 SAMU 192 BASE MANGUEIRA",
        "addr:street": "Rua Santos Mello",
        "addr:housenumber": "41",
        "addr:suburb": "São Francisco Xavier",
        "addr:city": "Rio de Janeiro",
        "addr:state": "RJ",
        "addr:country": "BR",
        "addr:postcode": "20960-030",
        "emergency": "ambulance_station",
        "emergency_service": "technical_rescue",
        "opening_hours": "24/7",
        "name": "Base SAMU 192",
        "short_name": "SAMU 192",
        "comment": "SAMU 192",
        "qtd_equipes_esf": 0,
        "qtd_equipes_eap": 0,
        "qtd_equipes_total": 0,
        "capacidade_pnab": 3500,
        "nomes_equipes": ""
      },
      "geometry": {
        "type": "Point",
        "coordinates": [
          -43.2420162,
          -22.9033424
        ]
      }
    },
    {
      "type": "Feature",
      "id": 7505140,
      "properties": {
        "operator": "Governo do Estado (RJ)",
        "operator:type": "public",
        "ref:CNES": "7505140",
        "source": "cnes;datasus;dados_abertos_saude",
        "official_name": "USB35 SAMU 192 UPA CAMPO GRANDE II",
        "addr:street": "Avenida Cesario Melo",
        "addr:suburb": "Campo Grande",
        "addr:city": "Rio de Janeiro",
        "addr:state": "RJ",
        "addr:country": "BR",
        "addr:postcode": "23055-002",
        "email": "luciel.santos@samu.fs.rj.gov.br",
        "amenity": "clinic",
        "healthcare": "clinic",
        "emergency": "yes",
        "opening_hours": "24/7",
        "name": "UPA 24 Horas Maria Itália Freddo",
        "short_name": "UPA 24h",
        "comment": "UPA 24h",
        "qtd_equipes_esf": 1,
        "qtd_equipes_eap": 0,
        "qtd_equipes_total": 1,
        "capacidade_pnab": 3500,
        "nomes_equipes": ""
      },
      "geometry": {
        "type": "Point",
        "coordinates": [
          -43.5743304,
          -22.9074743
        ]
      }
    },
    {
      "type": "Feature",
      "id": 7505515,
      "properties": {
        "operator": "Governo do Estado (RJ)",
        "operator:type": "public",
        "ref:CNES": "7505515",
        "source": "cnes;datasus;dados_abertos_saude",
        "official_name": "USB36 SAMU 192 INST EST DERMATOLOGIA SANITARIA",
        "addr:street": "Rua Godofredo Viana",
        "addr:housenumber": "64",
        "addr:suburb": "Tanque",
        "addr:city": "Rio de Janeiro",
        "addr:state": "RJ",
        "addr:country": "BR",
        "addr:postcode": "22730-020",
        "email": "luciel.santos@samu.fs.rj.gov.br",
        "emergency": "ambulance_station",
        "emergency_service": "technical_rescue",
        "opening_hours": "24/7",
        "name": "Base SAMU 192",
        "short_name": "SAMU 192",
        "comment": "SAMU 192",
        "qtd_equipes_esf": 0,
        "qtd_equipes_eap": 0,
        "qtd_equipes_total": 0,
        "capacidade_pnab": 3500,
        "nomes_equipes": ""
      },
      "geometry": {
        "type": "Point",
        "coordinates": [
          -43.36431,
          -22.91358
        ]
      }
    },
    {
      "type": "Feature",
      "id": 7333579,
      "properties": {
        "operator": "Governo do Estado (RJ)",
        "operator:type": "public",
        "ref:CNES": "7333579",
        "source": "cnes;datasus;dados_abertos_saude",
        "official_name": "USB37 SAMU 192 INST EST DERMATOLOGIA SANITARIA",
        "addr:street": "Rua Godofredo Viana",
        "addr:housenumber": "64",
        "addr:suburb": "Tanque",
        "addr:city": "Rio de Janeiro",
        "addr:state": "RJ",
        "addr:country": "BR",
        "addr:postcode": "22730-020",
        "email": "luciel.santos@samu.fs.rj.gov.br",
        "emergency": "ambulance_station",
        "emergency_service": "technical_rescue",
        "opening_hours": "24/7",
        "name": "Base SAMU 192",
        "short_name": "SAMU 192",
        "comment": "SAMU 192",
        "qtd_equipes_esf": 0,
        "qtd_equipes_eap": 0,
        "qtd_equipes_total": 0,
        "capacidade_pnab": 3500,
        "nomes_equipes": ""
      },
      "geometry": {
        "type": "Point",
        "coordinates": [
          -43.36431,
          -23.91358
        ]
      }
    },
    {
      "type": "Feature",
      "id": 7504292,
      "properties": {
        "operator": "Governo do Estado (RJ)",
        "operator:type": "public",
        "ref:CNES": "7504292",
        "source": "cnes;datasus;dados_abertos_saude",
        "official_name": "USB38 SAMU 192 BASE MANGUEIRA",
        "addr:street": "Rua Santos Mello",
        "addr:housenumber": "41",
        "addr:suburb": "São Francisco Xavier",
        "addr:city": "Rio de Janeiro",
        "addr:state": "RJ",
        "addr:country": "BR",
        "addr:postcode": "20960-030",
        "email": "luciel.santos@samu.fs.rj.gov.br",
        "emergency": "ambulance_station",
        "emergency_service": "technical_rescue",
        "opening_hours": "24/7",
        "name": "Base SAMU 192",
        "short_name": "SAMU 192",
        "comment": "SAMU 192",
        "qtd_equipes_esf": 0,
        "qtd_equipes_eap": 0,
        "qtd_equipes_total": 0,
        "capacidade_pnab": 3500,
        "nomes_equipes": ""
      },
      "geometry": {
        "type": "Point",
        "coordinates": [
          -43.2420066,
          -22.9033336
        ]
      }
    },
    {
      "type": "Feature",
      "id": 7504012,
      "properties": {
        "operator": "Governo do Estado (RJ)",
        "operator:type": "public",
        "ref:CNES": "7504012",
        "source": "cnes;datasus;dados_abertos_saude",
        "official_name": "USB39 SAMU 192 HOSPITAL ESTADUAL EDUARDO RABELLO",
        "addr:street": "Estrada do Pre",
        "addr:suburb": "Senador Vasconcelos",
        "addr:city": "Rio de Janeiro",
        "addr:state": "RJ",
        "addr:country": "BR",
        "addr:postcode": "23013-550",
        "email": "luciel.santos@samu.fs.rj.gov.br",
        "emergency": "ambulance_station",
        "emergency_service": "technical_rescue",
        "opening_hours": "24/7",
        "name": "Base SAMU 192",
        "short_name": "SAMU 192",
        "comment": "SAMU 192",
        "qtd_equipes_esf": 0,
        "qtd_equipes_eap": 0,
        "qtd_equipes_total": 0,
        "capacidade_pnab": 3500,
        "nomes_equipes": ""
      },
      "geometry": {
        "type": "Point",
        "coordinates": [
          -43.3687019,
          -22.8976616
        ]
      }
    },
    {
      "type": "Feature",
      "id": 845698,
      "properties": {
        "operator": "Governo do Estado (RJ)",
        "operator:type": "public",
        "ref:CNES": "845698",
        "source": "cnes;datasus;dados_abertos_saude",
        "official_name": "USB40 SAMU 192 BASE VIGILANCIA SANITARIA DO ROCHA",
        "addr:street": "Rua Ana Neri",
        "addr:housenumber": "1029",
        "addr:suburb": "Rocha",
        "addr:city": "Rio de Janeiro",
        "addr:state": "RJ",
        "addr:country": "BR",
        "addr:postcode": "20960-006",
        "email": "luciel.santos@samu.fs.rj.gov.br",
        "emergency": "ambulance_station",
        "emergency_service": "technical_rescue",
        "opening_hours": "24/7",
        "name": "Base SAMU 192",
        "short_name": "SAMU 192",
        "comment": "SAMU 192",
        "qtd_equipes_esf": 0,
        "qtd_equipes_eap": 0,
        "qtd_equipes_total": 0,
        "capacidade_pnab": 3500,
        "nomes_equipes": ""
      },
      "geometry": {
        "type": "Point",
        "coordinates": [
          -43.2457969,
          -22.9010413
        ]
      }
    },
    {
      "type": "Feature",
      "id": 845728,
      "properties": {
        "operator": "Governo do Estado (RJ)",
        "operator:type": "public",
        "ref:CNES": "845728",
        "source": "cnes;datasus;dados_abertos_saude",
        "official_name": "USB41 SAMU 192 UPA REALENGO",
        "addr:street": "Rua Mal Joaquim Inacio",
        "addr:suburb": "Realengo",
        "addr:city": "Rio de Janeiro",
        "addr:state": "RJ",
        "addr:country": "BR",
        "addr:postcode": "21735-320",
        "email": "luciel.santos@samu.fs.rj.gov.br",
        "amenity": "clinic",
        "healthcare": "clinic",
        "emergency": "yes",
        "opening_hours": "24/7",
        "name": "UPA 24 Horas Maria Itália Freddo",
        "short_name": "UPA 24h",
        "comment": "UPA 24h",
        "qtd_equipes_esf": 1,
        "qtd_equipes_eap": 0,
        "qtd_equipes_total": 1,
        "capacidade_pnab": 3500,
        "nomes_equipes": ""
      },
      "geometry": {
        "type": "Point",
        "coordinates": [
          -43.4305796,
          -22.8743357
        ]
      }
    },
    {
      "type": "Feature",
      "id": 845736,
      "properties": {
        "operator": "Governo do Estado (RJ)",
        "operator:type": "public",
        "ref:CNES": "845736",
        "source": "cnes;datasus;dados_abertos_saude",
        "official_name": "USB42 SAMU 192 INST EST DERMATOLOGIA SANITARIA",
        "addr:street": "Rua Godofredo Viana",
        "addr:housenumber": "64",
        "addr:suburb": "Tanque",
        "addr:city": "Rio de Janeiro",
        "addr:state": "RJ",
        "addr:country": "BR",
        "addr:postcode": "22730-020",
        "email": "luciel.santos@samu.fs.rj.gov.br",
        "emergency": "ambulance_station",
        "emergency_service": "technical_rescue",
        "opening_hours": "24/7",
        "name": "Base SAMU 192",
        "short_name": "SAMU 192",
        "comment": "SAMU 192",
        "qtd_equipes_esf": 0,
        "qtd_equipes_eap": 0,
        "qtd_equipes_total": 0,
        "capacidade_pnab": 3500,
        "nomes_equipes": ""
      },
      "geometry": {
        "type": "Point",
        "coordinates": [
          -43.3656867,
          -22.9147762
        ]
      }
    },
    {
      "type": "Feature",
      "id": 7506163,
      "properties": {
        "operator": "Governo do Estado (RJ)",
        "operator:type": "public",
        "ref:CNES": "7506163",
        "source": "cnes;datasus;dados_abertos_saude",
        "official_name": "USB43 SAMU 192 INST EST DERMATOLOGIA SANITARIA",
        "addr:street": "Rua Godofredo Viana",
        "addr:housenumber": "64",
        "addr:suburb": "Tangue",
        "addr:city": "Rio de Janeiro",
        "addr:state": "RJ",
        "addr:country": "BR",
        "addr:postcode": "22730-020",
        "email": "luciel.santos@samu.fs.rj.gov.br",
        "emergency": "ambulance_station",
        "emergency_service": "technical_rescue",
        "opening_hours": "24/7",
        "name": "Base SAMU 192",
        "short_name": "SAMU 192",
        "comment": "SAMU 192",
        "qtd_equipes_esf": 0,
        "qtd_equipes_eap": 0,
        "qtd_equipes_total": 0,
        "capacidade_pnab": 3500,
        "nomes_equipes": ""
      },
      "geometry": {
        "type": "Point",
        "coordinates": [
          -43.3642804,
          -22.9135643
        ]
      }
    },
    {
      "type": "Feature",
      "id": 7504446,
      "properties": {
        "operator": "Governo do Estado (RJ)",
        "operator:type": "public",
        "ref:CNES": "7504446",
        "source": "cnes;datasus;dados_abertos_saude",
        "official_name": "USB44 SAMU 192 HOSPITAL ESTADUAL EDUARDO RABELLO",
        "addr:street": "Rua Estr do Pre",
        "addr:suburb": "Senador Vasconcelos",
        "addr:city": "Rio de Janeiro",
        "addr:state": "RJ",
        "addr:country": "BR",
        "addr:postcode": "23013-550",
        "email": "luciel.santos@samu.fs.rj.gov.br",
        "emergency": "ambulance_station",
        "emergency_service": "technical_rescue",
        "opening_hours": "24/7",
        "name": "Base SAMU 192",
        "short_name": "SAMU 192",
        "comment": "SAMU 192",
        "qtd_equipes_esf": 0,
        "qtd_equipes_eap": 0,
        "qtd_equipes_total": 0,
        "capacidade_pnab": 3500,
        "nomes_equipes": ""
      },
      "geometry": {
        "type": "Point",
        "coordinates": [
          -43.5368535,
          -22.8977134
        ]
      }
    },
    {
      "type": "Feature",
      "id": 7505086,
      "properties": {
        "operator": "Governo do Estado (RJ)",
        "operator:type": "public",
        "ref:CNES": "7505086",
        "source": "cnes;datasus;dados_abertos_saude",
        "official_name": "USB45 SAMU 192 HOSPITAL ESTADUAL EDUARDO RABELLO",
        "addr:street": "Rua Estr do Pre",
        "addr:suburb": "Senador Vasconcelos",
        "addr:city": "Rio de Janeiro",
        "addr:state": "RJ",
        "addr:country": "BR",
        "addr:postcode": "23013-550",
        "email": "luciel.santos@samu.fs.rj.gov.br",
        "emergency": "ambulance_station",
        "emergency_service": "technical_rescue",
        "opening_hours": "24/7",
        "name": "Base SAMU 192",
        "short_name": "SAMU 192",
        "comment": "SAMU 192",
        "qtd_equipes_esf": 0,
        "qtd_equipes_eap": 0,
        "qtd_equipes_total": 0,
        "capacidade_pnab": 3500,
        "nomes_equipes": ""
      },
      "geometry": {
        "type": "Point",
        "coordinates": [
          -43.53609,
          -22.89671
        ]
      }
    },
    {
      "type": "Feature",
      "id": 4251709,
      "properties": {
        "operator": "Governo do Estado (RJ)",
        "operator:type": "public",
        "ref:CNES": "4251709",
        "source": "cnes;datasus;dados_abertos_saude",
        "official_name": "USB46 SAMU 192 BASE SECRETARIA DE ESTADO DE SAUDE DO RJ",
        "addr:street": "Rua Barao de Itapagipe",
        "addr:housenumber": "225",
        "addr:suburb": "Rio Comprido",
        "addr:city": "Rio de Janeiro",
        "addr:state": "RJ",
        "addr:country": "BR",
        "addr:postcode": "20261-005",
        "email": "luciel.santos@samu.fs.rj.gov.br",
        "emergency": "ambulance_station",
        "emergency_service": "technical_rescue",
        "opening_hours": "24/7",
        "name": "Base SAMU 192",
        "short_name": "SAMU 192",
        "comment": "SAMU 192",
        "qtd_equipes_esf": 0,
        "qtd_equipes_eap": 0,
        "qtd_equipes_total": 0,
        "capacidade_pnab": 3500,
        "nomes_equipes": ""
      },
      "geometry": {
        "type": "Point",
        "coordinates": [
          -43.2134384,
          -22.9212179
        ]
      }
    },
    {
      "type": "Feature",
      "id": 4408500,
      "properties": {
        "operator": "Governo do Estado (RJ)",
        "operator:type": "public",
        "ref:CNES": "4408500",
        "source": "cnes;datasus;dados_abertos_saude",
        "official_name": "USB47 SAMU 192 BASE PRACA SECA",
        "addr:street": "Rua Praca Seca",
        "addr:housenumber": "7",
        "addr:suburb": "Praca Seca",
        "addr:city": "Rio de Janeiro",
        "addr:state": "RJ",
        "addr:country": "BR",
        "addr:postcode": "20210-051",
        "email": "luciel.santos@samu.fs.rj.gov.br",
        "emergency": "ambulance_station",
        "emergency_service": "technical_rescue",
        "opening_hours": "24/7",
        "name": "Base SAMU 192",
        "short_name": "SAMU 192",
        "comment": "SAMU 192",
        "qtd_equipes_esf": 0,
        "qtd_equipes_eap": 0,
        "qtd_equipes_total": 0,
        "capacidade_pnab": 3500,
        "nomes_equipes": ""
      },
      "geometry": {
        "type": "Point",
        "coordinates": [
          -43.3514261,
          -22.8974971
        ]
      }
    },
    {
      "type": "Feature",
      "id": 4408527,
      "properties": {
        "operator": "Governo do Estado (RJ)",
        "operator:type": "public",
        "ref:CNES": "4408527",
        "source": "cnes;datasus;dados_abertos_saude",
        "official_name": "USB48 SAMU 192 BASE UPA BOTAFOGO",
        "addr:street": "Rua São Clemente",
        "addr:suburb": "Botafogo",
        "addr:city": "Rio de Janeiro",
        "addr:state": "RJ",
        "addr:country": "BR",
        "addr:postcode": "22260-000",
        "email": "luciel.santos@samu.fs.rj.gov.br",
        "amenity": "clinic",
        "healthcare": "clinic",
        "emergency": "yes",
        "opening_hours": "24/7",
        "name": "UPA 24 Horas Maria Itália Freddo",
        "short_name": "UPA 24h",
        "comment": "UPA 24h",
        "qtd_equipes_esf": 1,
        "qtd_equipes_eap": 0,
        "qtd_equipes_total": 1,
        "capacidade_pnab": 3500,
        "nomes_equipes": ""
      },
      "geometry": {
        "type": "Point",
        "coordinates": [
          -43.1843162,
          -22.9499243
        ]
      }
    },
    {
      "type": "Feature",
      "id": 4408543,
      "properties": {
        "operator": "Governo do Estado (RJ)",
        "operator:type": "public",
        "ref:CNES": "4408543",
        "source": "cnes;datasus;dados_abertos_saude",
        "official_name": "USB49 SAMU 192 DBM 1 GOA",
        "addr:street": "Rua Av Borges de Medeiros",
        "addr:housenumber": "1518",
        "addr:suburb": "Leblon",
        "addr:city": "Rio de Janeiro",
        "addr:state": "RJ",
        "addr:country": "BR",
        "addr:postcode": "21910-240",
        "email": "luciel.santos@samu.fs.rj.gov.br",
        "emergency": "ambulance_station",
        "emergency_service": "technical_rescue",
        "opening_hours": "24/7",
        "name": "Base SAMU 192",
        "short_name": "SAMU 192",
        "comment": "SAMU 192",
        "qtd_equipes_esf": 0,
        "qtd_equipes_eap": 0,
        "qtd_equipes_total": 0,
        "capacidade_pnab": 3500,
        "nomes_equipes": ""
      },
      "geometry": {
        "type": "Point",
        "coordinates": [
          -43.2174326,
          -22.9741756
        ]
      }
    },
    {
      "type": "Feature",
      "id": 4408578,
      "properties": {
        "operator": "Governo do Estado (RJ)",
        "operator:type": "public",
        "ref:CNES": "4408578",
        "source": "cnes;datasus;dados_abertos_saude",
        "official_name": "USB50 SAMU 192 BASE HOSPITAL ESTADUAL GETULIO VARGAS",
        "addr:street": "Rua Av Lobo Junior",
        "addr:housenumber": "2293",
        "addr:suburb": "Penha Circular",
        "addr:city": "Rio de Janeiro",
        "addr:state": "RJ",
        "addr:country": "BR",
        "addr:postcode": "21070-061",
        "email": "luciel.santos@samu.fs.rj.gov.br",
        "emergency": "ambulance_station",
        "emergency_service": "technical_rescue",
        "opening_hours": "24/7",
        "name": "Base SAMU 192",
        "short_name": "SAMU 192",
        "comment": "SAMU 192",
        "qtd_equipes_esf": 0,
        "qtd_equipes_eap": 0,
        "qtd_equipes_total": 0,
        "capacidade_pnab": 3500,
        "nomes_equipes": ""
      },
      "geometry": {
        "type": "Point",
        "coordinates": [
          -43.2849538,
          -22.8389638
        ]
      }
    },
    {
      "type": "Feature",
      "id": 4408594,
      "properties": {
        "operator": "Governo do Estado (RJ)",
        "operator:type": "public",
        "ref:CNES": "4408594",
        "source": "cnes;datasus;dados_abertos_saude",
        "official_name": "USB51 SAMU 192 UPA RICARDO DE ALBUQUERQUE",
        "addr:street": "Rua Estr Marechal Alencastro",
        "addr:suburb": "Ricardo de Albuquerq",
        "addr:city": "Rio de Janeiro",
        "addr:state": "RJ",
        "addr:country": "BR",
        "addr:postcode": "21625-001",
        "email": "luciel.santos@sumu.fs.rj.gov.br",
        "amenity": "clinic",
        "healthcare": "clinic",
        "emergency": "yes",
        "opening_hours": "24/7",
        "name": "UPA 24 Horas Maria Itália Freddo",
        "short_name": "UPA 24h",
        "comment": "UPA 24h",
        "qtd_equipes_esf": 1,
        "qtd_equipes_eap": 0,
        "qtd_equipes_total": 1,
        "capacidade_pnab": 3500,
        "nomes_equipes": ""
      },
      "geometry": {
        "type": "Point",
        "coordinates": [
          -43.3965626,
          -22.8363976
        ]
      }
    },
    {
      "type": "Feature",
      "id": 4426630,
      "properties": {
        "operator": "Governo do Estado (RJ)",
        "operator:type": "public",
        "ref:CNES": "4426630",
        "source": "cnes;datasus;dados_abertos_saude",
        "official_name": "USB52 SAMU 192 BASE SEPETIBA",
        "addr:street": "Rua Landri Sales",
        "addr:housenumber": "73",
        "addr:suburb": "Sepetiba",
        "addr:city": "Rio de Janeiro",
        "addr:state": "RJ",
        "addr:country": "BR",
        "addr:postcode": "23545-070",
        "email": "luciel.santos@samu.rj.gov.br",
        "emergency": "ambulance_station",
        "emergency_service": "technical_rescue",
        "opening_hours": "24/7",
        "name": "Base SAMU 192",
        "short_name": "SAMU 192",
        "comment": "SAMU 192",
        "qtd_equipes_esf": 0,
        "qtd_equipes_eap": 0,
        "qtd_equipes_total": 0,
        "capacidade_pnab": 3500,
        "nomes_equipes": ""
      },
      "geometry": {
        "type": "Point",
        "coordinates": [
          -43.7056661,
          -22.9639696
        ]
      }
    },
    {
      "type": "Feature",
      "id": 4426657,
      "properties": {
        "operator": "Governo do Estado (RJ)",
        "operator:type": "public",
        "ref:CNES": "4426657",
        "source": "cnes;datasus;dados_abertos_saude",
        "official_name": "USB53 SAMU 192 BASE GUARATIBA",
        "addr:street": "Estrada da Matriz",
        "addr:housenumber": "4485",
        "addr:suburb": "Guaratiba",
        "addr:city": "Rio de Janeiro",
        "addr:state": "RJ",
        "addr:country": "BR",
        "addr:postcode": "23020-710",
        "email": "luciel.santos@samu.fs.rj.gov.br",
        "emergency": "ambulance_station",
        "emergency_service": "technical_rescue",
        "opening_hours": "24/7",
        "name": "Base SAMU 192",
        "short_name": "SAMU 192",
        "comment": "SAMU 192",
        "qtd_equipes_esf": 0,
        "qtd_equipes_eap": 0,
        "qtd_equipes_total": 0,
        "capacidade_pnab": 3500,
        "nomes_equipes": ""
      },
      "geometry": {
        "type": "Point",
        "coordinates": [
          -43.5920978,
          -22.9946443
        ]
      }
    },
    {
      "type": "Feature",
      "id": 4426665,
      "properties": {
        "operator": "Governo do Estado (RJ)",
        "operator:type": "public",
        "ref:CNES": "4426665",
        "source": "cnes;datasus;dados_abertos_saude",
        "official_name": "USB54 SAMU 192 BASE IPANEMA",
        "addr:street": "Rua Barao da Torre",
        "addr:housenumber": "50",
        "addr:suburb": "Ipanema",
        "addr:city": "Rio de Janeiro",
        "addr:state": "RJ",
        "addr:country": "BR",
        "addr:postcode": "22411-000",
        "email": "luciel.santos@samu.fs.rj.gov.br",
        "emergency": "ambulance_station",
        "emergency_service": "technical_rescue",
        "opening_hours": "24/7",
        "name": "Base SAMU 192",
        "short_name": "SAMU 192",
        "comment": "SAMU 192",
        "qtd_equipes_esf": 0,
        "qtd_equipes_eap": 0,
        "qtd_equipes_total": 0,
        "capacidade_pnab": 3500,
        "nomes_equipes": ""
      },
      "geometry": {
        "type": "Point",
        "coordinates": [
          -43.1982068,
          -22.9832993
        ]
      }
    },
    {
      "type": "Feature",
      "id": 4426673,
      "properties": {
        "operator": "Governo do Estado (RJ)",
        "operator:type": "public",
        "ref:CNES": "4426673",
        "source": "cnes;datasus;dados_abertos_saude",
        "official_name": "USB55 SAMU 192 BASE JACAREZINHO",
        "addr:street": "Rua Dilermando Reis",
        "addr:suburb": "Jacarezinho",
        "addr:city": "Rio de Janeiro",
        "addr:state": "RJ",
        "addr:country": "BR",
        "addr:postcode": "20973-050",
        "email": "luciel.santos@samu.fs.rj.gov.br",
        "emergency": "ambulance_station",
        "emergency_service": "technical_rescue",
        "opening_hours": "24/7",
        "name": "Base SAMU 192",
        "short_name": "SAMU 192",
        "comment": "SAMU 192",
        "qtd_equipes_esf": 0,
        "qtd_equipes_eap": 0,
        "qtd_equipes_total": 0,
        "capacidade_pnab": 3500,
        "nomes_equipes": ""
      },
      "geometry": {
        "type": "Point",
        "coordinates": [
          -43.253324,
          -22.8856447
        ]
      }
    },
    {
      "type": "Feature",
      "id": 4801997,
      "properties": {
        "operator": "Governo do Estado (RJ)",
        "operator:type": "public",
        "ref:CNES": "4801997",
        "source": "cnes;datasus;dados_abertos_saude",
        "official_name": "USB56 SAMU 192 BASE UPA SANTA CRUZ",
        "addr:street": "Rua Av Cesario de Melo",
        "addr:housenumber": "13655",
        "addr:suburb": "Santa Cruz",
        "addr:city": "Rio de Janeiro",
        "addr:state": "RJ",
        "addr:country": "BR",
        "addr:postcode": "23590-060",
        "email": "luciel.santos@samu.fs.rj.gov.br",
        "amenity": "clinic",
        "healthcare": "clinic",
        "emergency": "yes",
        "opening_hours": "24/7",
        "name": "UPA 24 Horas Maria Itália Freddo",
        "short_name": "UPA 24h",
        "comment": "UPA 24h",
        "qtd_equipes_esf": 1,
        "qtd_equipes_eap": 0,
        "qtd_equipes_total": 1,
        "capacidade_pnab": 3500,
        "nomes_equipes": ""
      },
      "geometry": {
        "type": "Point",
        "coordinates": [
          -43.6419858,
          -22.9207765
        ]
      }
    },
    {
      "type": "Feature",
      "id": 4866622,
      "properties": {
        "operator": "Governo do Estado (RJ)",
        "operator:type": "public",
        "ref:CNES": "4866622",
        "source": "cnes;datasus;dados_abertos_saude",
        "official_name": "USB57 SAMU 192 BASE VARGEM GRANDE",
        "addr:street": "Estrada do Pacui",
        "addr:housenumber": "80",
        "addr:suburb": "Vargem Grande",
        "addr:city": "Rio de Janeiro",
        "addr:state": "RJ",
        "addr:country": "BR",
        "addr:postcode": "22785-160",
        "email": "luciel.santos@samu.fs.rj.gov.br",
        "emergency": "ambulance_station",
        "emergency_service": "technical_rescue",
        "opening_hours": "24/7",
        "name": "Base SAMU 192",
        "short_name": "SAMU 192",
        "comment": "SAMU 192",
        "qtd_equipes_esf": 0,
        "qtd_equipes_eap": 0,
        "qtd_equipes_total": 0,
        "capacidade_pnab": 3500,
        "nomes_equipes": ""
      },
      "geometry": {
        "type": "Point",
        "coordinates": [
          -43.4942451,
          -22.9756299
        ]
      }
    },
    {
      "type": "Feature",
      "id": 4336143,
      "properties": {
        "operator": "Governo do Estado (RJ)",
        "operator:type": "public",
        "ref:CNES": "4336143",
        "source": "cnes;datasus;dados_abertos_saude",
        "official_name": "USB62 SAMU 192 TIH CENTRO PSIQUIATRICO DO RIO DE JANEIRO",
        "addr:street": "Rua Praca Cel Assumpcao",
        "addr:suburb": "Gamboa",
        "addr:city": "Rio de Janeiro",
        "addr:state": "RJ",
        "addr:country": "BR",
        "addr:postcode": "20220-480",
        "email": "luciel.santos@samu.fs.rj.gov.br",
        "emergency": "ambulance_station",
        "emergency_service": "technical_rescue",
        "opening_hours": "24/7",
        "name": "Base SAMU 192",
        "short_name": "SAMU 192",
        "comment": "SAMU 192",
        "qtd_equipes_esf": 0,
        "qtd_equipes_eap": 0,
        "qtd_equipes_total": 0,
        "capacidade_pnab": 3500,
        "nomes_equipes": ""
      },
      "geometry": {
        "type": "Point",
        "coordinates": [
          -43.1911048,
          -22.894941
        ]
      }
    },
    {
      "type": "Feature",
      "id": 4336208,
      "properties": {
        "operator": "Governo do Estado (RJ)",
        "operator:type": "public",
        "ref:CNES": "4336208",
        "source": "cnes;datasus;dados_abertos_saude",
        "official_name": "USB66 SAMU 192 TIH HOSPITAL ESTADUAL GETULIO VARGAS",
        "addr:street": "Rua Av Lobo Junior",
        "addr:housenumber": "2293",
        "addr:suburb": "Penha Circular",
        "addr:city": "Rio de Janeiro",
        "addr:state": "RJ",
        "addr:country": "BR",
        "addr:postcode": "21070-061",
        "email": "lucielsantos@samu.fs.rj.gov.br",
        "emergency": "ambulance_station",
        "emergency_service": "technical_rescue",
        "opening_hours": "24/7",
        "name": "Base SAMU 192",
        "short_name": "SAMU 192",
        "comment": "SAMU 192",
        "qtd_equipes_esf": 0,
        "qtd_equipes_eap": 0,
        "qtd_equipes_total": 0,
        "capacidade_pnab": 3500,
        "nomes_equipes": ""
      },
      "geometry": {
        "type": "Point",
        "coordinates": [
          -43.2455589,
          -22.9003481
        ]
      }
    },
    {
      "type": "Feature",
      "id": 4336372,
      "properties": {
        "operator": "Governo do Estado (RJ)",
        "operator:type": "public",
        "ref:CNES": "4336372",
        "source": "cnes;datasus;dados_abertos_saude",
        "official_name": "USB77 SAMU 192 TIH UPA SEAP",
        "addr:street": "Estrada do Guandu",
        "addr:housenumber": "1100",
        "addr:suburb": "Gericino",
        "addr:city": "Rio de Janeiro",
        "addr:state": "RJ",
        "addr:country": "BR",
        "addr:postcode": "21854-010",
        "email": "lucielsantos@samu.fs.rj.gov.br",
        "amenity": "clinic",
        "healthcare": "clinic",
        "emergency": "yes",
        "opening_hours": "24/7",
        "name": "UPA 24 Horas Maria Itália Freddo",
        "short_name": "UPA 24h",
        "comment": "UPA 24h",
        "qtd_equipes_esf": 1,
        "qtd_equipes_eap": 0,
        "qtd_equipes_total": 1,
        "capacidade_pnab": 3500,
        "nomes_equipes": ""
      },
      "geometry": {
        "type": "Point",
        "coordinates": [
          -43.4848704,
          -22.8452691
        ]
      }
    },
    {
      "type": "Feature",
      "id": 4336151,
      "properties": {
        "operator": "Governo do Estado (RJ)",
        "operator:type": "public",
        "ref:CNES": "4336151",
        "source": "cnes;datasus;dados_abertos_saude",
        "official_name": "USB81 SAMU 192 TIH HOSPITAL ESTADUAL CARLOS CHAGAS II",
        "addr:street": "Rua Av Gal Osvaldo Cordeiro de Farias",
        "addr:housenumber": "466",
        "addr:suburb": "Marechal Hermes",
        "addr:city": "Rio de Janeiro",
        "addr:state": "RJ",
        "addr:country": "BR",
        "addr:postcode": "21610-480",
        "email": "lucielsantos@samu.fs.rj.gov.br",
        "emergency": "ambulance_station",
        "emergency_service": "technical_rescue",
        "opening_hours": "24/7",
        "name": "Base SAMU 192",
        "short_name": "SAMU 192",
        "comment": "SAMU 192",
        "qtd_equipes_esf": 0,
        "qtd_equipes_eap": 0,
        "qtd_equipes_total": 0,
        "capacidade_pnab": 3500,
        "nomes_equipes": ""
      },
      "geometry": {
        "type": "Point",
        "coordinates": [
          -43.3743668,
          -22.865242
        ]
      }
    },
    {
      "type": "Feature",
      "id": 2999455,
      "properties": {
        "operator": "Prefeitura Municipal de Rio de Janeiro",
        "operator:type": "public",
        "ref:CNES": "2999455",
        "source": "cnes;datasus;dados_abertos_saude",
        "official_name": "FACULDADE DE FARMACIA",
        "addr:street": "Rua Av Carlos Chagas Filho",
        "addr:housenumber": "373",
        "addr:suburb": "Cidade Universitaria",
        "addr:city": "Rio de Janeiro",
        "addr:state": "RJ",
        "addr:country": "BR",
        "addr:postcode": "21941-902",
        "email": "contato@sampali.com.br",
        "amenity": "pharmacy",
        "healthcare": "pharmacy",
        "dispensing": "yes",
        "name": "Faculdade de Farmácia",
        "comment": "Farmácia Pública",
        "qtd_equipes_esf": 0,
        "qtd_equipes_eap": 0,
        "qtd_equipes_total": 0,
        "capacidade_pnab": 3500,
        "nomes_equipes": ""
      },
      "geometry": {
        "type": "Point",
        "coordinates": [
          -43.233,
          -22.841
        ]
      }
    },
    {
      "type": "Feature",
      "id": 4046374,
      "properties": {
        "operator": "Governo do Estado (RJ)",
        "operator:type": "public",
        "ref:CNES": "4046374",
        "source": "cnes;datasus;dados_abertos_saude",
        "official_name": "SES RJ RIO FARMES",
        "addr:street": "Rua Julio Carmo",
        "addr:suburb": "Cidade Nova",
        "addr:city": "Rio de Janeiro",
        "addr:state": "RJ",
        "addr:country": "BR",
        "addr:postcode": "20211-160",
        "phone": "+55 21 2333-3895",
        "email": "riofarmesf@gmail.com",
        "amenity": "pharmacy",
        "healthcare": "pharmacy",
        "dispensing": "yes",
        "name": "Ses Rj Rio Farmes",
        "comment": "Farmácia Pública",
        "qtd_equipes_esf": 0,
        "qtd_equipes_eap": 0,
        "qtd_equipes_total": 0,
        "capacidade_pnab": 3500,
        "nomes_equipes": ""
      },
      "geometry": {
        "type": "Point",
        "coordinates": [
          -43.1993974,
          -22.9096792
        ]
      }
    },
    {
      "type": "Feature",
      "id": 8498806,
      "properties": {
        "operator": "Prefeitura Municipal de Rio de Janeiro",
        "operator:type": "public",
        "ref:CNES": "8498806",
        "source": "cnes;datasus;dados_abertos_saude",
        "official_name": "NUCLEO DE SAUDE DO TRABALHADOR NUST",
        "addr:street": "Avenida Brasil",
        "addr:housenumber": "4365",
        "addr:suburb": "Manguinhos",
        "addr:city": "Rio de Janeiro",
        "addr:state": "RJ",
        "addr:country": "BR",
        "addr:postcode": "21040-360",
        "phone": "+55 21 3836-2198",
        "email": "secretaria.nust@fiocruz.br",
        "office": "government",
        "government": "healthcare",
        "name": "Vigilância Sanitária Municipal",
        "short_name": "VISA",
        "comment": "Vigilância Sanitária",
        "qtd_equipes_esf": 0,
        "qtd_equipes_eap": 0,
        "qtd_equipes_total": 0,
        "capacidade_pnab": 3500,
        "nomes_equipes": ""
      },
      "geometry": {
        "type": "Point",
        "coordinates": [
          -43.2305145,
          -22.8899344
        ]
      }
    },
    {
      "type": "Feature",
      "id": 8063834,
      "properties": {
        "operator": "Governo do Estado (RJ)",
        "operator:type": "public",
        "ref:CNES": "8063834",
        "source": "cnes;datasus;dados_abertos_saude",
        "official_name": "SES RJ VIGILANCIA SANITARIA DO ESTADO DO RIO DE JANEIRO",
        "addr:street": "Rua Barao de Itapagipe",
        "addr:housenumber": "225",
        "addr:suburb": "Rio Comprido",
        "addr:city": "Rio de Janeiro",
        "addr:state": "RJ",
        "addr:country": "BR",
        "addr:postcode": "20261-005",
        "phone": "+55 21 3385-9801",
        "email": "vigsanitaria.rj@gmail.com",
        "office": "government",
        "government": "healthcare",
        "name": "Vigilância Sanitária Municipal",
        "short_name": "VISA",
        "comment": "Vigilância Sanitária",
        "qtd_equipes_esf": 0,
        "qtd_equipes_eap": 0,
        "qtd_equipes_total": 0,
        "capacidade_pnab": 3500,
        "nomes_equipes": ""
      },
      "geometry": {
        "type": "Point",
        "coordinates": [
          -43.21342,
          -22.92147
        ]
      }
    },
    {
      "type": "Feature",
      "id": 7072406,
      "properties": {
        "operator": "Prefeitura Municipal de Rio de Janeiro",
        "operator:type": "public",
        "ref:CNES": "7072406",
        "source": "cnes;datasus;dados_abertos_saude",
        "official_name": "SMS CENTRO DE CONTROLE DE ZOONOSES AP53",
        "addr:street": "Rua Largo do Bodegao",
        "addr:housenumber": "150",
        "addr:suburb": "Santa Cruz",
        "addr:city": "Rio de Janeiro",
        "addr:state": "RJ",
        "addr:country": "BR",
        "addr:postcode": "23550-050",
        "phone": "+55 21 3395-5618",
        "email": "centrocontrolecoord.zoonoses@gmail.com",
        "office": "government",
        "government": "healthcare",
        "name": "Vigilância Sanitária Municipal",
        "short_name": "VISA",
        "comment": "Vigilância Sanitária",
        "qtd_equipes_esf": 0,
        "qtd_equipes_eap": 0,
        "qtd_equipes_total": 0,
        "capacidade_pnab": 3500,
        "nomes_equipes": ""
      },
      "geometry": {
        "type": "Point",
        "coordinates": [
          -43.6907544,
          -22.9263872
        ]
      }
    },
    {
      "type": "Feature",
      "id": 5483107,
      "properties": {
        "operator": "Prefeitura Municipal de Rio de Janeiro",
        "operator:type": "public",
        "ref:CNES": "5483107",
        "source": "cnes;datasus;dados_abertos_saude",
        "official_name": "SMS CENTRO DE REF EM SAUDE DO TRABALHADOR 1 AP 10",
        "addr:street": "Avenida do Exercito",
        "addr:housenumber": "1",
        "addr:suburb": "São Cristóvão",
        "addr:city": "Rio de Janeiro",
        "addr:state": "RJ",
        "addr:country": "BR",
        "addr:postcode": "20910-025",
        "phone": "+55 46 2221-4269",
        "email": "gttrabalhador@rio.rj.gov.br",
        "office": "government",
        "government": "healthcare",
        "name": "Vigilância Sanitária Municipal",
        "short_name": "VISA",
        "comment": "Vigilância Sanitária",
        "qtd_equipes_esf": 0,
        "qtd_equipes_eap": 0,
        "qtd_equipes_total": 0,
        "capacidade_pnab": 3500,
        "nomes_equipes": ""
      },
      "geometry": {
        "type": "Point",
        "coordinates": [
          -43.2250401,
          -22.8998734
        ]
      }
    },
    {
      "type": "Feature",
      "id": 5483115,
      "properties": {
        "operator": "Prefeitura Municipal de Rio de Janeiro",
        "operator:type": "public",
        "ref:CNES": "5483115",
        "source": "cnes;datasus;dados_abertos_saude",
        "official_name": "SMS CENTRO DE REF EM SAUDE DO TRABALHADOR 2 AP 32",
        "addr:street": "Estrada Adhemar Bebiano",
        "addr:housenumber": "339",
        "addr:suburb": "Del Castilho",
        "addr:city": "Rio de Janeiro",
        "addr:state": "RJ",
        "addr:country": "BR",
        "addr:postcode": "20271-205",
        "phone": "+55 46 2221-4269",
        "email": "gtrabalhador@rio.rj.gov.br",
        "office": "government",
        "government": "healthcare",
        "name": "Vigilância Sanitária Municipal",
        "short_name": "VISA",
        "comment": "Vigilância Sanitária",
        "qtd_equipes_esf": 0,
        "qtd_equipes_eap": 0,
        "qtd_equipes_total": 0,
        "capacidade_pnab": 3500,
        "nomes_equipes": ""
      },
      "geometry": {
        "type": "Point",
        "coordinates": [
          -43.268325,
          -22.874495
        ]
      }
    },
    {
      "type": "Feature",
      "id": 9441700,
      "properties": {
        "operator": "Prefeitura Municipal de Rio de Janeiro",
        "operator:type": "public",
        "ref:CNES": "9441700",
        "source": "cnes;datasus;dados_abertos_saude",
        "official_name": "SMS CENTRO DE REF EM SAUDE DO TRABALHADOR 3 AP 51",
        "addr:street": "Avenida Ribeiro Dantas",
        "addr:housenumber": "571",
        "addr:suburb": "Bangu",
        "addr:city": "Rio de Janeiro",
        "addr:state": "RJ",
        "addr:country": "BR",
        "addr:postcode": "21870-170",
        "office": "government",
        "government": "healthcare",
        "name": "Vigilância Sanitária Municipal",
        "short_name": "VISA",
        "comment": "Vigilância Sanitária",
        "qtd_equipes_esf": 0,
        "qtd_equipes_eap": 0,
        "qtd_equipes_total": 0,
        "capacidade_pnab": 3500,
        "nomes_equipes": ""
      },
      "geometry": {
        "type": "Point",
        "coordinates": [
          -43.4617752,
          -22.8706667
        ]
      }
    },
    {
      "type": "Feature",
      "id": 7807368,
      "properties": {
        "operator": "Prefeitura Municipal de Rio de Janeiro",
        "operator:type": "public",
        "ref:CNES": "7807368",
        "source": "cnes;datasus;dados_abertos_saude",
        "official_name": "SMS INAD AP21",
        "addr:street": "Avenida Pasteur",
        "addr:housenumber": "44",
        "addr:suburb": "Botafogo",
        "addr:city": "Rio de Janeiro",
        "addr:state": "RJ",
        "addr:country": "BR",
        "addr:postcode": "22290-240",
        "phone": "+55 21 2224-6927",
        "email": "direcao.inad@gmail.com",
        "office": "government",
        "government": "healthcare",
        "name": "Vigilância Sanitária Municipal",
        "short_name": "VISA",
        "comment": "Vigilância Sanitária",
        "qtd_equipes_esf": 0,
        "qtd_equipes_eap": 0,
        "qtd_equipes_total": 0,
        "capacidade_pnab": 3500,
        "nomes_equipes": ""
      },
      "geometry": {
        "type": "Point",
        "coordinates": [
          -43.179428,
          -22.9510447
        ]
      }
    },
    {
      "type": "Feature",
      "id": 2277271,
      "properties": {
        "operator": "Prefeitura Municipal de Rio de Janeiro",
        "operator:type": "public",
        "ref:CNES": "2277271",
        "source": "cnes;datasus;dados_abertos_saude",
        "official_name": "SMS INST DE MEDICINA VETERINARIA JORGE VAITSMAN AP10",
        "addr:street": "Rua Av Bartolomeu de Gusmao",
        "addr:housenumber": "1120",
        "addr:suburb": "São Cristóvão",
        "addr:city": "Rio de Janeiro",
        "addr:state": "RJ",
        "addr:country": "BR",
        "addr:postcode": "20941-160",
        "phone": "+55 21 3872-5039",
        "email": "jorgevaitsman.subvisa@gmail.com",
        "office": "government",
        "government": "healthcare",
        "name": "Vigilância Sanitária Municipal",
        "short_name": "VISA",
        "comment": "Vigilância Sanitária",
        "qtd_equipes_esf": 0,
        "qtd_equipes_eap": 0,
        "qtd_equipes_total": 0,
        "capacidade_pnab": 3500,
        "nomes_equipes": ""
      },
      "geometry": {
        "type": "Point",
        "coordinates": [
          -43.2315043,
          -22.9084742
        ]
      }
    },
    {
      "type": "Feature",
      "id": 3612503,
      "properties": {
        "operator": "Prefeitura Municipal de Rio de Janeiro",
        "operator:type": "public",
        "ref:CNES": "3612503",
        "source": "cnes;datasus;dados_abertos_saude",
        "official_name": "SMS VIGILANCIA SANITARIA E CONTROLE DE ZOONOSES AP 10",
        "addr:street": "Rua do Lavradio",
        "addr:housenumber": "180",
        "addr:city": "Rio de Janeiro",
        "addr:state": "RJ",
        "addr:country": "BR",
        "addr:postcode": "20230-070",
        "phone": "+55 21 2224-6290",
        "email": "gabinete.ivisa@prefeitura.rio",
        "office": "government",
        "government": "healthcare",
        "name": "Vigilância Sanitária Municipal",
        "short_name": "VISA",
        "comment": "Vigilância Sanitária",
        "qtd_equipes_esf": 0,
        "qtd_equipes_eap": 0,
        "qtd_equipes_total": 0,
        "capacidade_pnab": 3500,
        "nomes_equipes": ""
      },
      "geometry": {
        "type": "Point",
        "coordinates": [
          -43.1821441,
          -22.9124257
        ]
      }
    },
    {
      "type": "Feature",
      "id": 3567486,
      "properties": {
        "operator": "Prefeitura Municipal de Rio de Janeiro",
        "operator:type": "public",
        "ref:CNES": "3567486",
        "source": "cnes;datasus;dados_abertos_saude",
        "official_name": "SMS CASA DE PARTO DAVID CAPISTRANO FILHO AP 51",
        "addr:street": "Avenida Pedro da Cunha",
        "addr:suburb": "Realengo",
        "addr:city": "Rio de Janeiro",
        "addr:state": "RJ",
        "addr:country": "BR",
        "addr:postcode": "21710-110",
        "phone": "+55 21 3088-8217",
        "email": "casadeparto@rio.rj.gov.br",
        "amenity": "clinic",
        "healthcare": "clinic",
        "name": "Sms Casa de Parto David Capistrano Filho Ap 51",
        "comment": "Outros Serviços de Saúde",
        "qtd_equipes_esf": 1,
        "qtd_equipes_eap": 0,
        "qtd_equipes_total": 1,
        "capacidade_pnab": 3500,
        "nomes_equipes": ""
      },
      "geometry": {
        "type": "Point",
        "coordinates": [
          -43.4248293,
          -22.8800351
        ]
      }
    },
    {
      "type": "Feature",
      "id": 3343715,
      "properties": {
        "operator": "Governo do Estado (RJ)",
        "operator:type": "public",
        "ref:CNES": "3343715",
        "source": "cnes;datasus;dados_abertos_saude",
        "official_name": "SECRETARIA DE ESTADO DE SAUDE DO RIO DE JANEIRO",
        "addr:street": "Rua Barao de Itapagipe",
        "addr:housenumber": "225",
        "addr:suburb": "Rio Comprido",
        "addr:city": "Rio de Janeiro",
        "addr:state": "RJ",
        "addr:country": "BR",
        "addr:postcode": "20261-005",
        "phone": "+55 21 3385-9000",
        "office": "government",
        "government": "healthcare",
        "name": "Secretaria Municipal de Saúde de Pato Branco",
        "short_name": "SMS Pato Branco",
        "comment": "Secretaria Municipal de Saúde",
        "qtd_equipes_esf": 0,
        "qtd_equipes_eap": 0,
        "qtd_equipes_total": 4,
        "capacidade_pnab": 3500,
        "nomes_equipes": "SES RJ EQUIPE I EAP-DESINST; SES RJ EQUIPE IV EAP-DESINST; SES RJ EQUIPE II EAP-DESINST; SES RJ EQUIPE III EAP DESINST"
      },
      "geometry": {
        "type": "Point",
        "coordinates": [
          -42.348786,
          -22.88839
        ]
      }
    },
    {
      "type": "Feature",
      "id": 4723104,
      "properties": {
        "operator": "Governo do Estado (RJ)",
        "operator:type": "public",
        "ref:CNES": "4723104",
        "source": "cnes;datasus;dados_abertos_saude",
        "official_name": "SEPPEN CGSP RJ SUPERINT DE GESTAO EM SAUDE PENITENCIARIA",
        "addr:street": "Rua Av Presidente Vargas",
        "addr:housenumber": "2555",
        "addr:suburb": "Cidade Nova",
        "addr:city": "Rio de Janeiro",
        "addr:state": "RJ",
        "addr:country": "BR",
        "addr:postcode": "20210-030",
        "phone": "+55 21 2334-6260",
        "email": "tpgssaude@gmail.com",
        "office": "government",
        "government": "healthcare",
        "name": "Secretaria Municipal de Saúde de Pato Branco",
        "short_name": "SMS Pato Branco",
        "comment": "Secretaria Municipal de Saúde",
        "qtd_equipes_esf": 0,
        "qtd_equipes_eap": 0,
        "qtd_equipes_total": 0,
        "capacidade_pnab": 3500,
        "nomes_equipes": ""
      },
      "geometry": {
        "type": "Point",
        "coordinates": [
          -43.199554,
          -22.9086026
        ]
      }
    },
    {
      "type": "Feature",
      "id": 3526097,
      "properties": {
        "operator": "Prefeitura Municipal de Rio de Janeiro",
        "operator:type": "public",
        "ref:CNES": "3526097",
        "source": "cnes;datasus;dados_abertos_saude",
        "official_name": "SMS COORD GERAL DO SUPER CENTRO CARIOCA DE SAUDE AP 10",
        "addr:street": "Rua General Gustavo Cordeiro de Farias",
        "addr:housenumber": "495",
        "addr:suburb": "Benfica",
        "addr:city": "Rio de Janeiro",
        "addr:state": "RJ",
        "addr:country": "BR",
        "addr:postcode": "20910-220",
        "office": "government",
        "government": "healthcare",
        "name": "Secretaria Municipal de Saúde de Pato Branco",
        "short_name": "SMS Pato Branco",
        "comment": "Secretaria Municipal de Saúde",
        "qtd_equipes_esf": 0,
        "qtd_equipes_eap": 0,
        "qtd_equipes_total": 0,
        "capacidade_pnab": 3500,
        "nomes_equipes": ""
      },
      "geometry": {
        "type": "Point",
        "coordinates": [
          -43.23775,
          -22.89698
        ]
      }
    },
    {
      "type": "Feature",
      "id": 8303290,
      "properties": {
        "operator": "Prefeitura Municipal de Rio de Janeiro",
        "operator:type": "public",
        "ref:CNES": "8303290",
        "source": "cnes;datasus;dados_abertos_saude",
        "official_name": "SMS COORD GERAL DO SUPER CENTRO CARIOCA DE SAUDE ZO AP 52",
        "addr:street": "Rua Campo Campo Grande",
        "addr:housenumber": "120",
        "addr:suburb": "Campo Grande",
        "addr:city": "Rio de Janeiro",
        "addr:state": "RJ",
        "addr:country": "BR",
        "addr:postcode": "23085-360",
        "office": "government",
        "government": "healthcare",
        "name": "Secretaria Municipal de Saúde de Pato Branco",
        "short_name": "SMS Pato Branco",
        "comment": "Secretaria Municipal de Saúde",
        "qtd_equipes_esf": 0,
        "qtd_equipes_eap": 0,
        "qtd_equipes_total": 0,
        "capacidade_pnab": 3500,
        "nomes_equipes": ""
      },
      "geometry": {
        "type": "Point",
        "coordinates": [
          -43.55089,
          -22.90001
        ]
      }
    },
    {
      "type": "Feature",
      "id": 5476321,
      "properties": {
        "operator": "Prefeitura Municipal de Rio de Janeiro",
        "operator:type": "public",
        "ref:CNES": "5476321",
        "source": "cnes;datasus;dados_abertos_saude",
        "official_name": "SMS COORDENADORIA GERAL DE ATENCAO PRIMARIA AP 10",
        "addr:street": "Rua Evaristo da Veiga",
        "addr:housenumber": "16",
        "addr:city": "Rio de Janeiro",
        "addr:state": "RJ",
        "addr:country": "BR",
        "addr:postcode": "20031-040",
        "phone": "+55 21 2224-7689",
        "email": "cap10@rio.rj.gov.br",
        "office": "government",
        "government": "healthcare",
        "name": "Secretaria Municipal de Saúde de Pato Branco",
        "short_name": "SMS Pato Branco",
        "comment": "Secretaria Municipal de Saúde",
        "qtd_equipes_esf": 0,
        "qtd_equipes_eap": 0,
        "qtd_equipes_total": 0,
        "capacidade_pnab": 3500,
        "nomes_equipes": ""
      },
      "geometry": {
        "type": "Point",
        "coordinates": [
          -43.177055,
          -22.909075
        ]
      }
    },
    {
      "type": "Feature",
      "id": 5423996,
      "properties": {
        "operator": "Prefeitura Municipal de Rio de Janeiro",
        "operator:type": "public",
        "ref:CNES": "5423996",
        "source": "cnes;datasus;dados_abertos_saude",
        "official_name": "SMS COORDENADORIA GERAL DE ATENCAO PRIMARIA AP 21",
        "addr:street": "Avenida Venceslau Bras",
        "addr:housenumber": "65",
        "addr:suburb": "Botafogo",
        "addr:city": "Rio de Janeiro",
        "addr:state": "RJ",
        "addr:country": "BR",
        "addr:postcode": "22290-140",
        "phone": "+55 21 2295-7448",
        "email": "cnescap21@gmail.com",
        "office": "government",
        "government": "healthcare",
        "name": "Secretaria Municipal de Saúde de Pato Branco",
        "short_name": "SMS Pato Branco",
        "comment": "Secretaria Municipal de Saúde",
        "qtd_equipes_esf": 0,
        "qtd_equipes_eap": 0,
        "qtd_equipes_total": 0,
        "capacidade_pnab": 3500,
        "nomes_equipes": ""
      },
      "geometry": {
        "type": "Point",
        "coordinates": [
          -43.176318,
          -22.953253
        ]
      }
    },
    {
      "type": "Feature",
      "id": 5671388,
      "properties": {
        "operator": "Prefeitura Municipal de Rio de Janeiro",
        "operator:type": "public",
        "ref:CNES": "5671388",
        "source": "cnes;datasus;dados_abertos_saude",
        "official_name": "SMS COORDENADORIA GERAL DE ATENCAO PRIMARIA AP 22",
        "addr:street": "Rua Conde de Bonfim",
        "addr:housenumber": "764",
        "addr:suburb": "Tijuca",
        "addr:city": "Rio de Janeiro",
        "addr:state": "RJ",
        "addr:country": "BR",
        "addr:postcode": "20530-002",
        "phone": "+55 46 2088-6009",
        "email": "cap22.smsrio@gmail.com",
        "office": "government",
        "government": "healthcare",
        "name": "Secretaria Municipal de Saúde de Pato Branco",
        "short_name": "SMS Pato Branco",
        "comment": "Secretaria Municipal de Saúde",
        "qtd_equipes_esf": 0,
        "qtd_equipes_eap": 0,
        "qtd_equipes_total": 0,
        "capacidade_pnab": 3500,
        "nomes_equipes": ""
      },
      "geometry": {
        "type": "Point",
        "coordinates": [
          -43.242576,
          -22.933981
        ]
      }
    },
    {
      "type": "Feature",
      "id": 5476585,
      "properties": {
        "operator": "Prefeitura Municipal de Rio de Janeiro",
        "operator:type": "public",
        "ref:CNES": "5476585",
        "source": "cnes;datasus;dados_abertos_saude",
        "official_name": "SMS COORDENADORIA GERAL DE ATENCAO PRIMARIA AP 31",
        "addr:street": "Rua São Godofredo",
        "addr:suburb": "Penha",
        "addr:city": "Rio de Janeiro",
        "addr:state": "RJ",
        "addr:country": "BR",
        "addr:postcode": "21021-230",
        "phone": "+55 21 3868-3770",
        "email": "cap31@rio.rj.gov.br",
        "office": "government",
        "government": "healthcare",
        "name": "Secretaria Municipal de Saúde de Pato Branco",
        "short_name": "SMS Pato Branco",
        "comment": "Secretaria Municipal de Saúde",
        "qtd_equipes_esf": 0,
        "qtd_equipes_eap": 0,
        "qtd_equipes_total": 0,
        "capacidade_pnab": 3500,
        "nomes_equipes": ""
      },
      "geometry": {
        "type": "Point",
        "coordinates": [
          -43.269594,
          -22.841069
        ]
      }
    },
    {
      "type": "Feature",
      "id": 5677351,
      "properties": {
        "operator": "Prefeitura Municipal de Rio de Janeiro",
        "operator:type": "public",
        "ref:CNES": "5677351",
        "source": "cnes;datasus;dados_abertos_saude",
        "official_name": "SMS COORDENADORIA GERAL DE ATENCAO PRIMARIA AP 32",
        "addr:street": "Rua Aquidaba",
        "addr:housenumber": "1037",
        "addr:suburb": "Lins de Vasconcelos",
        "addr:city": "Rio de Janeiro",
        "addr:state": "RJ",
        "addr:country": "BR",
        "addr:postcode": "20720-292",
        "phone": "+55 21 2592-5363",
        "email": "cap32.smsrio@gmail.com",
        "office": "government",
        "government": "healthcare",
        "name": "Secretaria Municipal de Saúde de Pato Branco",
        "short_name": "SMS Pato Branco",
        "comment": "Secretaria Municipal de Saúde",
        "qtd_equipes_esf": 0,
        "qtd_equipes_eap": 0,
        "qtd_equipes_total": 0,
        "capacidade_pnab": 3500,
        "nomes_equipes": ""
      },
      "geometry": {
        "type": "Point",
        "coordinates": [
          -43.2914905,
          -22.9103034
        ]
      }
    },
    {
      "type": "Feature",
      "id": 5468019,
      "properties": {
        "operator": "Prefeitura Municipal de Rio de Janeiro",
        "operator:type": "public",
        "ref:CNES": "5468019",
        "source": "cnes;datasus;dados_abertos_saude",
        "official_name": "SMS COORDENADORIA GERAL DE ATENCAO PRIMARIA AP 33",
        "addr:street": "Rua Hannibal Porto",
        "addr:housenumber": "450",
        "addr:suburb": "Iraja",
        "addr:city": "Rio de Janeiro",
        "addr:state": "RJ",
        "addr:country": "BR",
        "addr:postcode": "21230-330",
        "phone": "+55 21 3390-0952",
        "email": "cap33smsrio@rgmail.com",
        "office": "government",
        "government": "healthcare",
        "name": "Secretaria Municipal de Saúde de Pato Branco",
        "short_name": "SMS Pato Branco",
        "comment": "Secretaria Municipal de Saúde",
        "qtd_equipes_esf": 0,
        "qtd_equipes_eap": 0,
        "qtd_equipes_total": 0,
        "capacidade_pnab": 3500,
        "nomes_equipes": ""
      },
      "geometry": {
        "type": "Point",
        "coordinates": [
          -43.3247505,
          -22.8238143
        ]
      }
    },
    {
      "type": "Feature",
      "id": 5466032,
      "properties": {
        "operator": "Prefeitura Municipal de Rio de Janeiro",
        "operator:type": "public",
        "ref:CNES": "5466032",
        "source": "cnes;datasus;dados_abertos_saude",
        "official_name": "SMS COORDENADORIA GERAL DE ATENCAO PRIMARIA AP 40",
        "addr:street": "Avenida Ayrton Senna",
        "addr:housenumber": "2001",
        "addr:suburb": "Barra da Tijuca",
        "addr:city": "Rio de Janeiro",
        "addr:state": "RJ",
        "addr:country": "BR",
        "addr:postcode": "22775-003",
        "phone": "+55 21 3325-1765",
        "email": "cap40.smsrio@gmail.com",
        "office": "government",
        "government": "healthcare",
        "name": "Secretaria Municipal de Saúde de Pato Branco",
        "short_name": "SMS Pato Branco",
        "comment": "Secretaria Municipal de Saúde",
        "qtd_equipes_esf": 0,
        "qtd_equipes_eap": 0,
        "qtd_equipes_total": 0,
        "capacidade_pnab": 3500,
        "nomes_equipes": ""
      },
      "geometry": {
        "type": "Point",
        "coordinates": [
          -43.3677238,
          -22.9925704
        ]
      }
    },
    {
      "type": "Feature",
      "id": 5682819,
      "properties": {
        "operator": "Prefeitura Municipal de Rio de Janeiro",
        "operator:type": "public",
        "ref:CNES": "5682819",
        "source": "cnes;datasus;dados_abertos_saude",
        "official_name": "SMS COORDENADORIA GERAL DE ATENCAO PRIMARIA AP 51",
        "addr:street": "Rua Av Carlos Pontes",
        "addr:suburb": "Jardim Sulacap",
        "addr:city": "Rio de Janeiro",
        "addr:state": "RJ",
        "addr:country": "BR",
        "addr:postcode": "21741-340",
        "phone": "+55 46 3017-6864",
        "email": "cap51.sms.rio@gmail.com",
        "office": "government",
        "government": "healthcare",
        "name": "Secretaria Municipal de Saúde de Pato Branco",
        "short_name": "SMS Pato Branco",
        "comment": "Secretaria Municipal de Saúde",
        "qtd_equipes_esf": 0,
        "qtd_equipes_eap": 0,
        "qtd_equipes_total": 0,
        "capacidade_pnab": 3500,
        "nomes_equipes": ""
      },
      "geometry": {
        "type": "Point",
        "coordinates": [
          -43.399186,
          -22.886666
        ]
      }
    },
    {
      "type": "Feature",
      "id": 5621720,
      "properties": {
        "operator": "Prefeitura Municipal de Rio de Janeiro",
        "operator:type": "public",
        "ref:CNES": "5621720",
        "source": "cnes;datasus;dados_abertos_saude",
        "official_name": "SMS COORDENADORIA GERAL DE ATENCAO PRIMARIA AP 52",
        "addr:street": "Rua Campo Grande",
        "addr:housenumber": "120",
        "addr:suburb": "Campo Grande",
        "addr:city": "Rio de Janeiro",
        "addr:state": "RJ",
        "addr:country": "BR",
        "addr:postcode": "23085-360",
        "phone": "20880530/20880532",
        "email": "cap52@rio.rj.gov.br",
        "office": "government",
        "government": "healthcare",
        "name": "Secretaria Municipal de Saúde de Pato Branco",
        "short_name": "SMS Pato Branco",
        "comment": "Secretaria Municipal de Saúde",
        "qtd_equipes_esf": 0,
        "qtd_equipes_eap": 0,
        "qtd_equipes_total": 0,
        "capacidade_pnab": 3500,
        "nomes_equipes": ""
      },
      "geometry": {
        "type": "Point",
        "coordinates": [
          -43.5509,
          -22.89939
        ]
      }
    },
    {
      "type": "Feature",
      "id": 5462835,
      "properties": {
        "operator": "Prefeitura Municipal de Rio de Janeiro",
        "operator:type": "public",
        "ref:CNES": "5462835",
        "source": "cnes;datasus;dados_abertos_saude",
        "official_name": "SMS COORDENADORIA GERAL DE ATENCAO PRIMARIA AP 53",
        "addr:street": "Rua Alvaro Alberto",
        "addr:housenumber": "601",
        "addr:suburb": "Santa Cruz",
        "addr:city": "Rio de Janeiro",
        "addr:state": "RJ",
        "addr:country": "BR",
        "addr:postcode": "23550-000",
        "phone": "+55 21 3395-4085",
        "email": "cap53@rio.rj.gov.br",
        "office": "government",
        "government": "healthcare",
        "name": "Secretaria Municipal de Saúde de Pato Branco",
        "short_name": "SMS Pato Branco",
        "comment": "Secretaria Municipal de Saúde",
        "qtd_equipes_esf": 0,
        "qtd_equipes_eap": 0,
        "qtd_equipes_total": 0,
        "capacidade_pnab": 3500,
        "nomes_equipes": ""
      },
      "geometry": {
        "type": "Point",
        "coordinates": [
          -43.683278,
          -22.915542
        ]
      }
    },
    {
      "type": "Feature",
      "id": 7243839,
      "properties": {
        "operator": "Prefeitura Municipal de Rio de Janeiro",
        "operator:type": "public",
        "ref:CNES": "7243839",
        "source": "cnes;datasus;dados_abertos_saude",
        "official_name": "SMS ESTACAO OTICS RIO BANGU AP 51",
        "addr:street": "Avenida Ribeiro Dantas",
        "addr:housenumber": "571",
        "addr:suburb": "Bangu",
        "addr:city": "Rio de Janeiro",
        "addr:state": "RJ",
        "addr:country": "BR",
        "addr:postcode": "21870-170",
        "office": "government",
        "government": "healthcare",
        "name": "Secretaria Municipal de Saúde de Pato Branco",
        "short_name": "SMS Pato Branco",
        "comment": "Secretaria Municipal de Saúde",
        "qtd_equipes_esf": 0,
        "qtd_equipes_eap": 0,
        "qtd_equipes_total": 0,
        "capacidade_pnab": 3500,
        "nomes_equipes": ""
      },
      "geometry": {
        "type": "Point",
        "coordinates": [
          -43.4599067,
          -22.8704483
        ]
      }
    },
    {
      "type": "Feature",
      "id": 7243855,
      "properties": {
        "operator": "Prefeitura Municipal de Rio de Janeiro",
        "operator:type": "public",
        "ref:CNES": "7243855",
        "source": "cnes;datasus;dados_abertos_saude",
        "official_name": "SMS ESTACAO OTICS RIO CAMPO GRANDE AP 52",
        "addr:street": "Avenida Marechal Dantas Barreto",
        "addr:suburb": "Campo Grande",
        "addr:city": "Rio de Janeiro",
        "addr:state": "RJ",
        "addr:country": "BR",
        "addr:postcode": "23090-300",
        "office": "government",
        "government": "healthcare",
        "name": "Secretaria Municipal de Saúde de Pato Branco",
        "short_name": "SMS Pato Branco",
        "comment": "Secretaria Municipal de Saúde",
        "qtd_equipes_esf": 0,
        "qtd_equipes_eap": 0,
        "qtd_equipes_total": 0,
        "capacidade_pnab": 3500,
        "nomes_equipes": ""
      },
      "geometry": {
        "type": "Point",
        "coordinates": [
          -43.5629431,
          -22.8832693
        ]
      }
    },
    {
      "type": "Feature",
      "id": 7243715,
      "properties": {
        "operator": "Prefeitura Municipal de Rio de Janeiro",
        "operator:type": "public",
        "ref:CNES": "7243715",
        "source": "cnes;datasus;dados_abertos_saude",
        "official_name": "SMS ESTACAO OTICS RIO CATETE AP 21",
        "addr:street": "Rua Silveira Martins",
        "addr:housenumber": "161",
        "addr:suburb": "Catete",
        "addr:city": "Rio de Janeiro",
        "addr:state": "RJ",
        "addr:country": "BR",
        "addr:postcode": "22221-000",
        "office": "government",
        "government": "healthcare",
        "name": "Secretaria Municipal de Saúde de Pato Branco",
        "short_name": "SMS Pato Branco",
        "comment": "Secretaria Municipal de Saúde",
        "qtd_equipes_esf": 0,
        "qtd_equipes_eap": 0,
        "qtd_equipes_total": 0,
        "capacidade_pnab": 3500,
        "nomes_equipes": ""
      },
      "geometry": {
        "type": "Point",
        "coordinates": [
          -43.178668,
          -22.9262404
        ]
      }
    },
    {
      "type": "Feature",
      "id": 7243707,
      "properties": {
        "operator": "Prefeitura Municipal de Rio de Janeiro",
        "operator:type": "public",
        "ref:CNES": "7243707",
        "source": "cnes;datasus;dados_abertos_saude",
        "official_name": "SMS ESTACAO OTICS RIO CENTRO AP 10",
        "addr:street": "Rua Evaristo da Veiga",
        "addr:housenumber": "16",
        "addr:city": "Rio de Janeiro",
        "addr:state": "RJ",
        "addr:country": "BR",
        "addr:postcode": "20031-040",
        "phone": "+55 21 96983-2351",
        "office": "government",
        "government": "healthcare",
        "name": "Secretaria Municipal de Saúde de Pato Branco",
        "short_name": "SMS Pato Branco",
        "comment": "Secretaria Municipal de Saúde",
        "qtd_equipes_esf": 0,
        "qtd_equipes_eap": 0,
        "qtd_equipes_total": 0,
        "capacidade_pnab": 3500,
        "nomes_equipes": ""
      },
      "geometry": {
        "type": "Point",
        "coordinates": [
          -43.1796938,
          -22.9096956
        ]
      }
    },
    {
      "type": "Feature",
      "id": 7258356,
      "properties": {
        "operator": "Prefeitura Municipal de Rio de Janeiro",
        "operator:type": "public",
        "ref:CNES": "7258356",
        "source": "cnes;datasus;dados_abertos_saude",
        "official_name": "SMS ESTACAO OTICS RIO COPACABANA AP 21",
        "addr:street": "Rua Tenreiro Aranha",
        "addr:suburb": "Copacabana",
        "addr:city": "Rio de Janeiro",
        "addr:state": "RJ",
        "addr:country": "BR",
        "addr:postcode": "22031-090",
        "office": "government",
        "government": "healthcare",
        "name": "Secretaria Municipal de Saúde de Pato Branco",
        "short_name": "SMS Pato Branco",
        "comment": "Secretaria Municipal de Saúde",
        "qtd_equipes_esf": 0,
        "qtd_equipes_eap": 0,
        "qtd_equipes_total": 0,
        "capacidade_pnab": 3500,
        "nomes_equipes": ""
      },
      "geometry": {
        "type": "Point",
        "coordinates": [
          -43.1900093,
          -22.967143
        ]
      }
    },
    {
      "type": "Feature",
      "id": 7243790,
      "properties": {
        "operator": "Prefeitura Municipal de Rio de Janeiro",
        "operator:type": "public",
        "ref:CNES": "7243790",
        "source": "cnes;datasus;dados_abertos_saude",
        "official_name": "SMS ESTACAO OTICS RIO IRAJA AP 33",
        "addr:street": "Rua Hannibal Porto",
        "addr:housenumber": "450",
        "addr:suburb": "Iraja",
        "addr:city": "Rio de Janeiro",
        "addr:state": "RJ",
        "addr:country": "BR",
        "addr:postcode": "21230-330",
        "office": "government",
        "government": "healthcare",
        "name": "Secretaria Municipal de Saúde de Pato Branco",
        "short_name": "SMS Pato Branco",
        "comment": "Secretaria Municipal de Saúde",
        "qtd_equipes_esf": 0,
        "qtd_equipes_eap": 0,
        "qtd_equipes_total": 0,
        "capacidade_pnab": 3500,
        "nomes_equipes": ""
      },
      "geometry": {
        "type": "Point",
        "coordinates": [
          -43.324306,
          -22.827361
        ]
      }
    },
    {
      "type": "Feature",
      "id": 7243847,
      "properties": {
        "operator": "Prefeitura Municipal de Rio de Janeiro",
        "operator:type": "public",
        "ref:CNES": "7243847",
        "source": "cnes;datasus;dados_abertos_saude",
        "official_name": "SMS ESTACAO OTICS RIO PADRE MIGUEL AP 51",
        "addr:street": "Avenida Francisco Bricio",
        "addr:housenumber": "816",
        "addr:suburb": "Padre Miguel",
        "addr:city": "Rio de Janeiro",
        "addr:state": "RJ",
        "addr:country": "BR",
        "addr:postcode": "21775-180",
        "office": "government",
        "government": "healthcare",
        "name": "Secretaria Municipal de Saúde de Pato Branco",
        "short_name": "SMS Pato Branco",
        "comment": "Secretaria Municipal de Saúde",
        "qtd_equipes_esf": 0,
        "qtd_equipes_eap": 0,
        "qtd_equipes_total": 0,
        "capacidade_pnab": 3500,
        "nomes_equipes": ""
      },
      "geometry": {
        "type": "Point",
        "coordinates": [
          -43.4476763,
          -22.8884647
        ]
      }
    },
    {
      "type": "Feature",
      "id": 7243758,
      "properties": {
        "operator": "Prefeitura Municipal de Rio de Janeiro",
        "operator:type": "public",
        "ref:CNES": "7243758",
        "source": "cnes;datasus;dados_abertos_saude",
        "official_name": "SMS ESTACAO OTICS RIO PAQUETA AP 10",
        "addr:street": "Rua Praca Bom Jesus",
        "addr:housenumber": "40",
        "addr:suburb": "Paqueta",
        "addr:city": "Rio de Janeiro",
        "addr:state": "RJ",
        "addr:country": "BR",
        "addr:postcode": "20397-140",
        "office": "government",
        "government": "healthcare",
        "name": "Secretaria Municipal de Saúde de Pato Branco",
        "short_name": "SMS Pato Branco",
        "comment": "Secretaria Municipal de Saúde",
        "qtd_equipes_esf": 0,
        "qtd_equipes_eap": 0,
        "qtd_equipes_total": 0,
        "capacidade_pnab": 3500,
        "nomes_equipes": ""
      },
      "geometry": {
        "type": "Point",
        "coordinates": [
          -43.1110863,
          -22.7614342
        ]
      }
    },
    {
      "type": "Feature",
      "id": 7243731,
      "properties": {
        "operator": "Prefeitura Municipal de Rio de Janeiro",
        "operator:type": "public",
        "ref:CNES": "7243731",
        "source": "cnes;datasus;dados_abertos_saude",
        "official_name": "SMS ESTACAO OTICS RIO PARN AP 10",
        "addr:street": "Avenida Treze de Maio",
        "addr:housenumber": "23",
        "addr:city": "Rio de Janeiro",
        "addr:state": "RJ",
        "addr:country": "BR",
        "addr:postcode": "20031-007",
        "office": "government",
        "government": "healthcare",
        "name": "Secretaria Municipal de Saúde de Pato Branco",
        "short_name": "SMS Pato Branco",
        "comment": "Secretaria Municipal de Saúde",
        "qtd_equipes_esf": 0,
        "qtd_equipes_eap": 0,
        "qtd_equipes_total": 0,
        "capacidade_pnab": 3500,
        "nomes_equipes": ""
      },
      "geometry": {
        "type": "Point",
        "coordinates": [
          -43.1774127,
          -22.9095399
        ]
      }
    },
    {
      "type": "Feature",
      "id": 7243766,
      "properties": {
        "operator": "Prefeitura Municipal de Rio de Janeiro",
        "operator:type": "public",
        "ref:CNES": "7243766",
        "source": "cnes;datasus;dados_abertos_saude",
        "official_name": "SMS ESTACAO OTICS RIO PENHA AP 31",
        "addr:street": "Avenida Nossa Senhora da Penha",
        "addr:housenumber": "42",
        "addr:suburb": "Penha",
        "addr:city": "Rio de Janeiro",
        "addr:state": "RJ",
        "addr:country": "BR",
        "addr:postcode": "21070-390",
        "office": "government",
        "government": "healthcare",
        "name": "Secretaria Municipal de Saúde de Pato Branco",
        "short_name": "SMS Pato Branco",
        "comment": "Secretaria Municipal de Saúde",
        "qtd_equipes_esf": 0,
        "qtd_equipes_eap": 0,
        "qtd_equipes_total": 0,
        "capacidade_pnab": 3500,
        "nomes_equipes": ""
      },
      "geometry": {
        "type": "Point",
        "coordinates": [
          -43.2816266,
          -22.8427528
        ]
      }
    },
    {
      "type": "Feature",
      "id": 7243774,
      "properties": {
        "operator": "Prefeitura Municipal de Rio de Janeiro",
        "operator:type": "public",
        "ref:CNES": "7243774",
        "source": "cnes;datasus;dados_abertos_saude",
        "official_name": "SMS ESTACAO OTICS RIO PINEL AP 21",
        "addr:street": "Avenida Venceslau Bras",
        "addr:housenumber": "65",
        "addr:suburb": "Botafogo",
        "addr:city": "Rio de Janeiro",
        "addr:state": "RJ",
        "addr:country": "BR",
        "addr:postcode": "22290-140",
        "office": "government",
        "government": "healthcare",
        "name": "Secretaria Municipal de Saúde de Pato Branco",
        "short_name": "SMS Pato Branco",
        "comment": "Secretaria Municipal de Saúde",
        "qtd_equipes_esf": 0,
        "qtd_equipes_eap": 0,
        "qtd_equipes_total": 0,
        "capacidade_pnab": 3500,
        "nomes_equipes": ""
      },
      "geometry": {
        "type": "Point",
        "coordinates": [
          -43.1784546,
          -22.953129
        ]
      }
    },
    {
      "type": "Feature",
      "id": 7243723,
      "properties": {
        "operator": "Prefeitura Municipal de Rio de Janeiro",
        "operator:type": "public",
        "ref:CNES": "7243723",
        "source": "cnes;datasus;dados_abertos_saude",
        "official_name": "SMS ESTACAO OTICS RIO ROCINHA AP 21",
        "addr:street": "Avenida Niemeyer",
        "addr:housenumber": "776",
        "addr:suburb": "Rocinha",
        "addr:city": "Rio de Janeiro",
        "addr:state": "RJ",
        "addr:country": "BR",
        "addr:postcode": "22450-221",
        "office": "government",
        "government": "healthcare",
        "name": "Secretaria Municipal de Saúde de Pato Branco",
        "short_name": "SMS Pato Branco",
        "comment": "Secretaria Municipal de Saúde",
        "qtd_equipes_esf": 0,
        "qtd_equipes_eap": 0,
        "qtd_equipes_total": 0,
        "capacidade_pnab": 3500,
        "nomes_equipes": ""
      },
      "geometry": {
        "type": "Point",
        "coordinates": [
          -43.2552064,
          -22.9933124
        ]
      }
    },
    {
      "type": "Feature",
      "id": 7455380,
      "properties": {
        "operator": "Prefeitura Municipal de Rio de Janeiro",
        "operator:type": "public",
        "ref:CNES": "7455380",
        "source": "cnes;datasus;dados_abertos_saude",
        "official_name": "SMS ESTACAO OTICS RIO SEDE AP 10",
        "addr:street": "Rua Evaristo da Veiga",
        "addr:housenumber": "16",
        "addr:city": "Rio de Janeiro",
        "addr:state": "RJ",
        "addr:country": "BR",
        "addr:postcode": "20031-040",
        "phone": "+55 21 96983-2351",
        "office": "government",
        "government": "healthcare",
        "name": "Secretaria Municipal de Saúde de Pato Branco",
        "short_name": "SMS Pato Branco",
        "comment": "Secretaria Municipal de Saúde",
        "qtd_equipes_esf": 0,
        "qtd_equipes_eap": 0,
        "qtd_equipes_total": 0,
        "capacidade_pnab": 3500,
        "nomes_equipes": ""
      },
      "geometry": {
        "type": "Point",
        "coordinates": [
          -43.1796642,
          -22.9096799
        ]
      }
    },
    {
      "type": "Feature",
      "id": 7243863,
      "properties": {
        "operator": "Prefeitura Municipal de Rio de Janeiro",
        "operator:type": "public",
        "ref:CNES": "7243863",
        "source": "cnes;datasus;dados_abertos_saude",
        "official_name": "SMS ESTACAO OTICS RIO SEPETIBA AP 53",
        "addr:street": "Rua Trotadores Frederico",
        "addr:suburb": "Sepetiba",
        "addr:city": "Rio de Janeiro",
        "addr:state": "RJ",
        "addr:country": "BR",
        "addr:postcode": "23530-765",
        "office": "government",
        "government": "healthcare",
        "name": "Secretaria Municipal de Saúde de Pato Branco",
        "short_name": "SMS Pato Branco",
        "comment": "Secretaria Municipal de Saúde",
        "qtd_equipes_esf": 0,
        "qtd_equipes_eap": 0,
        "qtd_equipes_total": 0,
        "capacidade_pnab": 3500,
        "nomes_equipes": ""
      },
      "geometry": {
        "type": "Point",
        "coordinates": [
          -43.6960547,
          -22.9762179
        ]
      }
    },
    {
      "type": "Feature",
      "id": 5462886,
      "properties": {
        "operator": "Prefeitura Municipal de Rio de Janeiro",
        "operator:type": "public",
        "ref:CNES": "5462886",
        "source": "cnes;datasus;dados_abertos_saude",
        "official_name": "SMS SECRETARIA MUNICIPAL DE SAUDE DO RIO DE JANEIRO",
        "addr:street": "Rua Afonso Cavalcanti",
        "addr:housenumber": "455",
        "addr:suburb": "Cidade Nova",
        "addr:city": "Rio de Janeiro",
        "addr:state": "RJ",
        "addr:country": "BR",
        "addr:postcode": "20211-901",
        "phone": "+55 21 2976-1337",
        "email": "cnessus@regulacaoriorj.com.br",
        "office": "government",
        "government": "healthcare",
        "name": "Secretaria Municipal de Saúde de Pato Branco",
        "short_name": "SMS Pato Branco",
        "comment": "Secretaria Municipal de Saúde",
        "qtd_equipes_esf": 0,
        "qtd_equipes_eap": 0,
        "qtd_equipes_total": 0,
        "capacidade_pnab": 3500,
        "nomes_equipes": ""
      },
      "geometry": {
        "type": "Point",
        "coordinates": [
          -43.2056,
          -22.9112
        ]
      }
    },
    {
      "type": "Feature",
      "id": 7325401,
      "properties": {
        "operator": "Prefeitura Municipal de Rio de Janeiro",
        "operator:type": "public",
        "ref:CNES": "7325401",
        "source": "cnes;datasus;dados_abertos_saude",
        "official_name": "CAPS UERJ UNIVERSITARIO",
        "addr:street": "Avenida Marechal Rondon",
        "addr:housenumber": "381",
        "addr:suburb": "São Francisco Xavier",
        "addr:city": "Rio de Janeiro",
        "addr:state": "RJ",
        "addr:country": "BR",
        "addr:postcode": "20950-003",
        "phone": "+55 21 2566-7371",
        "email": "capsuerj@ppc.uerj.br",
        "amenity": "clinic",
        "healthcare": "psychiatry",
        "healthcare:speciality": "psychiatry",
        "name": "Centro de Atenção Psicossocial (CAPS II)",
        "short_name": "CAPS II",
        "comment": "CAPS II",
        "qtd_equipes_esf": 1,
        "qtd_equipes_eap": 0,
        "qtd_equipes_total": 1,
        "capacidade_pnab": 3500,
        "nomes_equipes": ""
      },
      "geometry": {
        "type": "Point",
        "coordinates": [
          -43.2442249,
          -22.9060601
        ]
      }
    },
    {
      "type": "Feature",
      "id": 2280701,
      "properties": {
        "operator": "Prefeitura Municipal de Rio de Janeiro",
        "operator:type": "public",
        "ref:CNES": "2280701",
        "source": "cnes;datasus;dados_abertos_saude",
        "official_name": "SMS CAPS AD II HELENO DE FREITAS AP 21",
        "addr:street": "Rua Dona Mariana",
        "addr:housenumber": "151",
        "addr:suburb": "Botafogo",
        "addr:city": "Rio de Janeiro",
        "addr:state": "RJ",
        "addr:country": "BR",
        "addr:postcode": "22280-020",
        "amenity": "clinic",
        "healthcare": "psychiatry",
        "healthcare:speciality": "psychiatry",
        "name": "Centro de Atenção Psicossocial (CAPS II)",
        "short_name": "CAPS II",
        "comment": "CAPS II",
        "qtd_equipes_esf": 1,
        "qtd_equipes_eap": 0,
        "qtd_equipes_total": 1,
        "capacidade_pnab": 3500,
        "nomes_equipes": ""
      },
      "geometry": {
        "type": "Point",
        "coordinates": [
          -43.1879307,
          -22.9545002
        ]
      }
    },
    {
      "type": "Feature",
      "id": 7080522,
      "properties": {
        "operator": "Prefeitura Municipal de Rio de Janeiro",
        "operator:type": "public",
        "ref:CNES": "7080522",
        "source": "cnes;datasus;dados_abertos_saude",
        "official_name": "SMS CAPS AD III ANTONIO CARLOS MUSSUM AP 40",
        "addr:street": "Avenida Sampaio Correa",
        "addr:housenumber": "103",
        "addr:suburb": "Taquara",
        "addr:city": "Rio de Janeiro",
        "addr:state": "RJ",
        "addr:country": "BR",
        "addr:postcode": "22713-560",
        "phone": "975581190 - 34128356",
        "email": "capsmussum@gmail.com",
        "amenity": "clinic",
        "healthcare": "psychiatry",
        "healthcare:speciality": "psychiatry",
        "name": "Centro de Atenção Psicossocial (CAPS II)",
        "short_name": "CAPS II",
        "comment": "CAPS II",
        "qtd_equipes_esf": 1,
        "qtd_equipes_eap": 0,
        "qtd_equipes_total": 1,
        "capacidade_pnab": 3500,
        "nomes_equipes": ""
      },
      "geometry": {
        "type": "Point",
        "coordinates": [
          -43.3915413,
          -22.9373766
        ]
      }
    },
    {
      "type": "Feature",
      "id": 4423844,
      "properties": {
        "operator": "Prefeitura Municipal de Rio de Janeiro",
        "operator:type": "public",
        "ref:CNES": "4423844",
        "source": "cnes;datasus;dados_abertos_saude",
        "official_name": "SMS CAPS AD III CAROLINA MARIA DE JESUS AP 10",
        "addr:street": "Rua da Emancipacao",
        "addr:housenumber": "9",
        "addr:suburb": "São Cristóvão",
        "addr:city": "Rio de Janeiro",
        "addr:state": "RJ",
        "addr:country": "BR",
        "addr:postcode": "20910-080",
        "phone": "+55 21 96518-0649",
        "amenity": "clinic",
        "healthcare": "psychiatry",
        "healthcare:speciality": "psychiatry",
        "name": "Centro de Atenção Psicossocial (CAPS II)",
        "short_name": "CAPS II",
        "comment": "CAPS II",
        "qtd_equipes_esf": 1,
        "qtd_equipes_eap": 0,
        "qtd_equipes_total": 1,
        "capacidade_pnab": 3500,
        "nomes_equipes": ""
      },
      "geometry": {
        "type": "Point",
        "coordinates": [
          -43.22784,
          -22.89915
        ]
      }
    },
    {
      "type": "Feature",
      "id": 4424328,
      "properties": {
        "operator": "Prefeitura Municipal de Rio de Janeiro",
        "operator:type": "public",
        "ref:CNES": "4424328",
        "source": "cnes;datasus;dados_abertos_saude",
        "official_name": "SMS CAPS AD III DONA IVONE LARA AP 33",
        "addr:street": "Avenida Ernani Cardoso",
        "addr:housenumber": "21",
        "addr:suburb": "Cascadura",
        "addr:city": "Rio de Janeiro",
        "addr:state": "RJ",
        "addr:country": "BR",
        "addr:postcode": "21310-310",
        "amenity": "clinic",
        "healthcare": "psychiatry",
        "healthcare:speciality": "psychiatry",
        "name": "Centro de Atenção Psicossocial (CAPS II)",
        "short_name": "CAPS II",
        "comment": "CAPS II",
        "qtd_equipes_esf": 1,
        "qtd_equipes_eap": 0,
        "qtd_equipes_total": 1,
        "capacidade_pnab": 3500,
        "nomes_equipes": ""
      },
      "geometry": {
        "type": "Point",
        "coordinates": [
          -43.33545,
          -22.88218
        ]
      }
    },
    {
      "type": "Feature",
      "id": 4473701,
      "properties": {
        "operator": "Prefeitura Municipal de Rio de Janeiro",
        "operator:type": "public",
        "ref:CNES": "4473701",
        "source": "cnes;datasus;dados_abertos_saude",
        "official_name": "SMS CAPS AD III JOVELINA PEROLA NEGRA AP 40",
        "addr:street": "Estrada Rodrigues Caldas",
        "addr:housenumber": "3400",
        "addr:suburb": "Taquara",
        "addr:city": "Rio de Janeiro",
        "addr:state": "RJ",
        "addr:country": "BR",
        "addr:postcode": "22713-580",
        "phone": "+55 21 99788-2797",
        "email": "capsadjovelina@gmail.com",
        "amenity": "clinic",
        "healthcare": "psychiatry",
        "healthcare:speciality": "psychiatry",
        "name": "Centro de Atenção Psicossocial (CAPS II)",
        "short_name": "CAPS II",
        "comment": "CAPS II",
        "qtd_equipes_esf": 1,
        "qtd_equipes_eap": 0,
        "qtd_equipes_total": 1,
        "capacidade_pnab": 3500,
        "nomes_equipes": ""
      },
      "geometry": {
        "type": "Point",
        "coordinates": [
          -43.398277,
          -22.9335154
        ]
      }
    },
    {
      "type": "Feature",
      "id": 7656106,
      "properties": {
        "operator": "Prefeitura Municipal de Rio de Janeiro",
        "operator:type": "public",
        "ref:CNES": "7656106",
        "source": "cnes;datasus;dados_abertos_saude",
        "official_name": "SMS CAPS AD III PAULO DA PORTELA AP 33",
        "addr:street": "Rua Pirapora",
        "addr:housenumber": "69",
        "addr:suburb": "Turiacu",
        "addr:city": "Rio de Janeiro",
        "addr:state": "RJ",
        "addr:country": "BR",
        "addr:postcode": "21351-240",
        "phone": "+55 21 3096-9669",
        "email": "capsad3.pportela@gmail.com",
        "amenity": "clinic",
        "healthcare": "psychiatry",
        "healthcare:speciality": "psychiatry",
        "name": "Centro de Atenção Psicossocial (CAPS II)",
        "short_name": "CAPS II",
        "comment": "CAPS II",
        "qtd_equipes_esf": 1,
        "qtd_equipes_eap": 0,
        "qtd_equipes_total": 1,
        "capacidade_pnab": 3500,
        "nomes_equipes": ""
      },
      "geometry": {
        "type": "Point",
        "coordinates": [
          -43.3448,
          -22.86636
        ]
      }
    },
    {
      "type": "Feature",
      "id": 7118376,
      "properties": {
        "operator": "Prefeitura Municipal de Rio de Janeiro",
        "operator:type": "public",
        "ref:CNES": "7118376",
        "source": "cnes;datasus;dados_abertos_saude",
        "official_name": "SMS CAPS AD JULIO CESAR DE CARVALHO AP 53",
        "addr:street": "Rua Severiano das Chagas",
        "addr:housenumber": "196",
        "addr:suburb": "Santa Cruz",
        "addr:city": "Rio de Janeiro",
        "addr:state": "RJ",
        "addr:country": "BR",
        "addr:postcode": "23510-045",
        "phone": "+55 21 3156-9277",
        "amenity": "clinic",
        "healthcare": "psychiatry",
        "healthcare:speciality": "psychiatry",
        "name": "Centro de Atenção Psicossocial (CAPS II)",
        "short_name": "CAPS II",
        "comment": "CAPS II",
        "qtd_equipes_esf": 1,
        "qtd_equipes_eap": 0,
        "qtd_equipes_total": 1,
        "capacidade_pnab": 3500,
        "nomes_equipes": ""
      },
      "geometry": {
        "type": "Point",
        "coordinates": [
          -43.6800045,
          -22.9153712
        ]
      }
    },
    {
      "type": "Feature",
      "id": 6044697,
      "properties": {
        "operator": "Prefeitura Municipal de Rio de Janeiro",
        "operator:type": "public",
        "ref:CNES": "6044697",
        "source": "cnes;datasus;dados_abertos_saude",
        "official_name": "SMS CAPS AD MANE GARRINCHA AP 22",
        "addr:street": "Rua Jurupari",
        "addr:housenumber": "08",
        "addr:suburb": "Tijuca",
        "addr:city": "Rio de Janeiro",
        "addr:state": "RJ",
        "addr:country": "BR",
        "addr:postcode": "20520-110",
        "phone": "+55 21 2284-6860",
        "email": "capsadmanegarrincha@gmail.com",
        "amenity": "clinic",
        "healthcare": "psychiatry",
        "healthcare:speciality": "psychiatry",
        "name": "Centro de Atenção Psicossocial (CAPS II)",
        "short_name": "CAPS II",
        "comment": "CAPS II",
        "qtd_equipes_esf": 1,
        "qtd_equipes_eap": 0,
        "qtd_equipes_total": 1,
        "capacidade_pnab": 3500,
        "nomes_equipes": ""
      },
      "geometry": {
        "type": "Point",
        "coordinates": [
          -43.54283,
          -22.510971
        ]
      }
    },
    {
      "type": "Feature",
      "id": 7561660,
      "properties": {
        "operator": "Prefeitura Municipal de Rio de Janeiro",
        "operator:type": "public",
        "ref:CNES": "7561660",
        "source": "cnes;datasus;dados_abertos_saude",
        "official_name": "SMS CAPS AD MIRIAM MAKEBA AP 31",
        "addr:street": "Rua Professor Lace",
        "addr:housenumber": "485",
        "addr:suburb": "Ramos",
        "addr:city": "Rio de Janeiro",
        "addr:state": "RJ",
        "addr:country": "BR",
        "addr:postcode": "21060-120",
        "phone": "+55 21 3959-2721",
        "email": "capsmiriam@vivario.org.br",
        "amenity": "clinic",
        "healthcare": "psychiatry",
        "healthcare:speciality": "psychiatry",
        "name": "Centro de Atenção Psicossocial (CAPS II)",
        "short_name": "CAPS II",
        "comment": "CAPS II",
        "qtd_equipes_esf": 1,
        "qtd_equipes_eap": 0,
        "qtd_equipes_total": 1,
        "capacidade_pnab": 3500,
        "nomes_equipes": ""
      },
      "geometry": {
        "type": "Point",
        "coordinates": [
          -43.250543,
          -22.857683
        ]
      }
    },
    {
      "type": "Feature",
      "id": 5413605,
      "properties": {
        "operator": "Prefeitura Municipal de Rio de Janeiro",
        "operator:type": "public",
        "ref:CNES": "5413605",
        "source": "cnes;datasus;dados_abertos_saude",
        "official_name": "SMS CAPS AD RAUL SEIXAS AP 32",
        "addr:street": "Rua Dois de Fevereiro",
        "addr:housenumber": "785",
        "addr:suburb": "Encantado",
        "addr:city": "Rio de Janeiro",
        "addr:state": "RJ",
        "addr:country": "BR",
        "addr:postcode": "20730-451",
        "phone": "+55 21 2042-3210",
        "email": "capsadraulseixas@gmail.com",
        "amenity": "clinic",
        "healthcare": "psychiatry",
        "healthcare:speciality": "psychiatry",
        "name": "Centro de Atenção Psicossocial (CAPS II)",
        "short_name": "CAPS II",
        "comment": "CAPS II",
        "qtd_equipes_esf": 1,
        "qtd_equipes_eap": 0,
        "qtd_equipes_total": 1,
        "capacidade_pnab": 3500,
        "nomes_equipes": ""
      },
      "geometry": {
        "type": "Point",
        "coordinates": [
          -43.30271,
          -22.90302
        ]
      }
    },
    {
      "type": "Feature",
      "id": 9029354,
      "properties": {
        "operator": "Prefeitura Municipal de Rio de Janeiro",
        "operator:type": "public",
        "ref:CNES": "9029354",
        "source": "cnes;datasus;dados_abertos_saude",
        "official_name": "SMS CAPS CARLOS AUGUSTO DA SILVA MAGAL AP 31",
        "addr:street": "Avenida Dom Helder Camara",
        "addr:housenumber": "1184",
        "addr:suburb": "Manguinhos",
        "addr:city": "Rio de Janeiro",
        "addr:state": "RJ",
        "addr:country": "BR",
        "addr:postcode": "20973-011",
        "phone": "+55 21 2042-9967",
        "email": "capsmagal@vivario.org.br",
        "amenity": "clinic",
        "healthcare": "psychiatry",
        "healthcare:speciality": "psychiatry",
        "name": "Centro de Atenção Psicossocial (CAPS II)",
        "short_name": "CAPS II",
        "comment": "CAPS II",
        "qtd_equipes_esf": 1,
        "qtd_equipes_eap": 0,
        "qtd_equipes_total": 1,
        "capacidade_pnab": 3500,
        "nomes_equipes": ""
      },
      "geometry": {
        "type": "Point",
        "coordinates": [
          -43.2096,
          -22.9035
        ]
      }
    },
    {
      "type": "Feature",
      "id": 5313783,
      "properties": {
        "operator": "Prefeitura Municipal de Rio de Janeiro",
        "operator:type": "public",
        "ref:CNES": "5313783",
        "source": "cnes;datasus;dados_abertos_saude",
        "official_name": "SMS CAPS DIRCINHA E LINDA BATISTA AP 33",
        "addr:street": "Rua Jornalista Hermano Requiao",
        "addr:housenumber": "447",
        "addr:suburb": "Guadalupe",
        "addr:city": "Rio de Janeiro",
        "addr:state": "RJ",
        "addr:country": "BR",
        "addr:postcode": "21670-360",
        "phone": "97528-1006/2475-4917",
        "email": "capsdrcinhabatista.cap33@gmail.com",
        "amenity": "clinic",
        "healthcare": "psychiatry",
        "healthcare:speciality": "psychiatry",
        "name": "Centro de Atenção Psicossocial (CAPS II)",
        "short_name": "CAPS II",
        "comment": "CAPS II",
        "qtd_equipes_esf": 1,
        "qtd_equipes_eap": 0,
        "qtd_equipes_total": 1,
        "capacidade_pnab": 3500,
        "nomes_equipes": ""
      },
      "geometry": {
        "type": "Point",
        "coordinates": [
          -43.3787,
          -22.84665
        ]
      }
    },
    {
      "type": "Feature",
      "id": 3567494,
      "properties": {
        "operator": "Prefeitura Municipal de Rio de Janeiro",
        "operator:type": "public",
        "ref:CNES": "3567494",
        "source": "cnes;datasus;dados_abertos_saude",
        "official_name": "SMS CAPS ERNESTO NAZARETH AP 31",
        "addr:street": "Estrada do Cacuia",
        "addr:housenumber": "869",
        "addr:suburb": "Cocota",
        "addr:city": "Rio de Janeiro",
        "addr:state": "RJ",
        "addr:country": "BR",
        "addr:postcode": "21910-003",
        "phone": "+55 21 3959-2720",
        "email": "capsenilha@gmail.com",
        "amenity": "clinic",
        "healthcare": "psychiatry",
        "healthcare:speciality": "psychiatry",
        "name": "Centro de Atenção Psicossocial (CAPS II)",
        "short_name": "CAPS II",
        "comment": "CAPS II",
        "qtd_equipes_esf": 1,
        "qtd_equipes_eap": 0,
        "qtd_equipes_total": 1,
        "capacidade_pnab": 3500,
        "nomes_equipes": ""
      },
      "geometry": {
        "type": "Point",
        "coordinates": [
          -43.11021,
          -22.48391
        ]
      }
    },
    {
      "type": "Feature",
      "id": 5240832,
      "properties": {
        "operator": "Prefeitura Municipal de Rio de Janeiro",
        "operator:type": "public",
        "ref:CNES": "5240832",
        "source": "cnes;datasus;dados_abertos_saude",
        "official_name": "SMS CAPS FERNANDO DINIZ",
        "addr:street": "Rua Leopoldina Rego",
        "addr:housenumber": "754",
        "addr:suburb": "Penha",
        "addr:city": "Rio de Janeiro",
        "addr:state": "RJ",
        "addr:country": "BR",
        "addr:postcode": "21021-522",
        "phone": "+55 21 3959-2723",
        "email": "capsfdiniz@gmail.com",
        "amenity": "clinic",
        "healthcare": "psychiatry",
        "healthcare:speciality": "psychiatry",
        "name": "Centro de Atenção Psicossocial (CAPS II)",
        "short_name": "CAPS II",
        "comment": "CAPS II",
        "qtd_equipes_esf": 1,
        "qtd_equipes_eap": 0,
        "qtd_equipes_total": 1,
        "capacidade_pnab": 3500,
        "nomes_equipes": ""
      },
      "geometry": {
        "type": "Point",
        "coordinates": [
          -43.270785,
          -22.842274
        ]
      }
    },
    {
      "type": "Feature",
      "id": 7884524,
      "properties": {
        "operator": "Prefeitura Municipal de Rio de Janeiro",
        "operator:type": "public",
        "ref:CNES": "7884524",
        "source": "cnes;datasus;dados_abertos_saude",
        "official_name": "SMS CAPS FRANCO BASAGLIA AP 21",
        "addr:street": "Rua Av Venceslau Bras",
        "addr:housenumber": "65",
        "addr:suburb": "Botafogo",
        "addr:city": "Rio de Janeiro",
        "addr:state": "RJ",
        "addr:country": "BR",
        "addr:postcode": "22290-140",
        "phone": "+55 21 99742-3352",
        "email": "capsfb.cap21@gmail.com",
        "amenity": "clinic",
        "healthcare": "psychiatry",
        "healthcare:speciality": "psychiatry",
        "name": "Centro de Atenção Psicossocial (CAPS II)",
        "short_name": "CAPS II",
        "comment": "CAPS II",
        "qtd_equipes_esf": 1,
        "qtd_equipes_eap": 0,
        "qtd_equipes_total": 1,
        "capacidade_pnab": 3500,
        "nomes_equipes": ""
      },
      "geometry": {
        "type": "Point",
        "coordinates": [
          -43.175891,
          -22.952751
        ]
      }
    },
    {
      "type": "Feature",
      "id": 5034272,
      "properties": {
        "operator": "Prefeitura Municipal de Rio de Janeiro",
        "operator:type": "public",
        "ref:CNES": "5034272",
        "source": "cnes;datasus;dados_abertos_saude",
        "official_name": "SMS CAPS III ARTHUR BISPO DO ROSARIO AP 40",
        "addr:street": "Avenida Teixeira Brandao",
        "addr:suburb": "Taquara",
        "addr:city": "Rio de Janeiro",
        "addr:state": "RJ",
        "addr:country": "BR",
        "addr:postcode": "22713-580",
        "phone": "+55 46 3412-5608",
        "email": "capsabrdirecao@gmail.com",
        "amenity": "clinic",
        "healthcare": "psychiatry",
        "healthcare:speciality": "psychiatry",
        "name": "Centro de Atenção Psicossocial (CAPS II)",
        "short_name": "CAPS II",
        "comment": "CAPS II",
        "qtd_equipes_esf": 1,
        "qtd_equipes_eap": 0,
        "qtd_equipes_total": 1,
        "capacidade_pnab": 3500,
        "nomes_equipes": ""
      },
      "geometry": {
        "type": "Point",
        "coordinates": [
          -43.394804,
          -22.94849
        ]
      }
    },
    {
      "type": "Feature",
      "id": 5346320,
      "properties": {
        "operator": "Prefeitura Municipal de Rio de Janeiro",
        "operator:type": "public",
        "ref:CNES": "5346320",
        "source": "cnes;datasus;dados_abertos_saude",
        "official_name": "SMS CAPS III CLARICE LISPECTOR AP 32",
        "addr:street": "Rua Dois de Fevereiro",
        "addr:housenumber": "785",
        "addr:suburb": "Encantado",
        "addr:city": "Rio de Janeiro",
        "addr:state": "RJ",
        "addr:country": "BR",
        "addr:postcode": "20730-451",
        "phone": "+55 46 3111-7490",
        "email": "smdcscapsclaricelispector@gmail.com",
        "amenity": "clinic",
        "healthcare": "psychiatry",
        "healthcare:speciality": "psychiatry",
        "name": "Centro de Atenção Psicossocial (CAPS II)",
        "short_name": "CAPS II",
        "comment": "CAPS II",
        "qtd_equipes_esf": 1,
        "qtd_equipes_eap": 0,
        "qtd_equipes_total": 1,
        "capacidade_pnab": 3500,
        "nomes_equipes": ""
      },
      "geometry": {
        "type": "Point",
        "coordinates": [
          -43.302303,
          -22.902382
        ]
      }
    },
    {
      "type": "Feature",
      "id": 9535896,
      "properties": {
        "operator": "Prefeitura Municipal de Rio de Janeiro",
        "operator:type": "public",
        "ref:CNES": "9535896",
        "source": "cnes;datasus;dados_abertos_saude",
        "official_name": "SMS CAPS III EAT SEVERINO DOS SANTOS AP 32",
        "addr:street": "Rua Dois de Fevereiro",
        "addr:housenumber": "635",
        "addr:suburb": "Engenho de Dentro",
        "addr:city": "Rio de Janeiro",
        "addr:state": "RJ",
        "addr:country": "BR",
        "addr:postcode": "20730-460",
        "phone": "+55 21 3111-7454",
        "email": "capseatss@gmail.com",
        "amenity": "clinic",
        "healthcare": "psychiatry",
        "healthcare:speciality": "psychiatry",
        "name": "Centro de Atenção Psicossocial (CAPS II)",
        "short_name": "CAPS II",
        "comment": "CAPS II",
        "qtd_equipes_esf": 1,
        "qtd_equipes_eap": 0,
        "qtd_equipes_total": 1,
        "capacidade_pnab": 3500,
        "nomes_equipes": ""
      },
      "geometry": {
        "type": "Point",
        "coordinates": [
          -43.301128,
          -22.901643
        ]
      }
    },
    {
      "type": "Feature",
      "id": 3018091,
      "properties": {
        "operator": "Prefeitura Municipal de Rio de Janeiro",
        "operator:type": "public",
        "ref:CNES": "3018091",
        "source": "cnes;datasus;dados_abertos_saude",
        "official_name": "SMS CAPS III LIMA BARRETO AP 51",
        "addr:street": "Avenida Ribeiro Dantas",
        "addr:housenumber": "571",
        "addr:suburb": "Bangu",
        "addr:city": "Rio de Janeiro",
        "addr:state": "RJ",
        "addr:country": "BR",
        "addr:postcode": "21870-170",
        "phone": "+55 21 3462-5449",
        "email": "capslbarreto@gmail.com",
        "amenity": "clinic",
        "healthcare": "psychiatry",
        "healthcare:speciality": "psychiatry",
        "name": "Centro de Atenção Psicossocial (CAPS II)",
        "short_name": "CAPS II",
        "comment": "CAPS II",
        "qtd_equipes_esf": 1,
        "qtd_equipes_eap": 0,
        "qtd_equipes_total": 1,
        "capacidade_pnab": 3500,
        "nomes_equipes": ""
      },
      "geometry": {
        "type": "Point",
        "coordinates": [
          -43.457344,
          -22.870892
        ]
      }
    },
    {
      "type": "Feature",
      "id": 9051538,
      "properties": {
        "operator": "Prefeitura Municipal de Rio de Janeiro",
        "operator:type": "public",
        "ref:CNES": "9051538",
        "source": "cnes;datasus;dados_abertos_saude",
        "official_name": "SMS CAPS III MANOEL DE BARROS AP 40",
        "addr:street": "Rua Nossa Senhora dos Remedios",
        "addr:suburb": "Taquara",
        "addr:city": "Rio de Janeiro",
        "addr:state": "RJ",
        "addr:country": "BR",
        "addr:postcode": "22713-560",
        "phone": "+55 46 3432-2246",
        "email": "capsmdb@gmail.com",
        "amenity": "clinic",
        "healthcare": "psychiatry",
        "healthcare:speciality": "psychiatry",
        "name": "Centro de Atenção Psicossocial (CAPS II)",
        "short_name": "CAPS II",
        "comment": "CAPS II",
        "qtd_equipes_esf": 1,
        "qtd_equipes_eap": 0,
        "qtd_equipes_total": 1,
        "capacidade_pnab": 3500,
        "nomes_equipes": ""
      },
      "geometry": {
        "type": "Point",
        "coordinates": [
          -43.3904616,
          -22.9373344
        ]
      }
    },
    {
      "type": "Feature",
      "id": 3403238,
      "properties": {
        "operator": "Prefeitura Municipal de Rio de Janeiro",
        "operator:type": "public",
        "ref:CNES": "3403238",
        "source": "cnes;datasus;dados_abertos_saude",
        "official_name": "SMS CAPS III RUBENS CORREA AP 33",
        "addr:street": "Rua Capitao Aliatar Martins",
        "addr:housenumber": "231",
        "addr:suburb": "Iraja",
        "addr:city": "Rio de Janeiro",
        "addr:state": "RJ",
        "addr:country": "BR",
        "addr:postcode": "21235-515",
        "phone": "3833-3340/3833-3341",
        "email": "capsrubenscorrea@gmail.com",
        "amenity": "clinic",
        "healthcare": "psychiatry",
        "healthcare:speciality": "psychiatry",
        "name": "Centro de Atenção Psicossocial (CAPS II)",
        "short_name": "CAPS II",
        "comment": "CAPS II",
        "qtd_equipes_esf": 1,
        "qtd_equipes_eap": 0,
        "qtd_equipes_total": 1,
        "capacidade_pnab": 3500,
        "nomes_equipes": ""
      },
      "geometry": {
        "type": "Point",
        "coordinates": [
          -43.31964,
          -22.83944
        ]
      }
    },
    {
      "type": "Feature",
      "id": 5874408,
      "properties": {
        "operator": "Prefeitura Municipal de Rio de Janeiro",
        "operator:type": "public",
        "ref:CNES": "5874408",
        "source": "cnes;datasus;dados_abertos_saude",
        "official_name": "SMS CAPS III TORQUATO NETO AP 32",
        "addr:street": "Estrada Adhemar Bebiano",
        "addr:housenumber": "339",
        "addr:suburb": "Inhauma",
        "addr:city": "Rio de Janeiro",
        "addr:state": "RJ",
        "addr:country": "BR",
        "addr:postcode": "21051-071",
        "phone": "+55 21 3798-9243",
        "email": "cap_torquatoneto@smsdc.rio.rj.gov.br",
        "amenity": "clinic",
        "healthcare": "psychiatry",
        "healthcare:speciality": "psychiatry",
        "name": "Centro de Atenção Psicossocial (CAPS II)",
        "short_name": "CAPS II",
        "comment": "CAPS II",
        "qtd_equipes_esf": 1,
        "qtd_equipes_eap": 0,
        "qtd_equipes_total": 1,
        "capacidade_pnab": 3500,
        "nomes_equipes": ""
      },
      "geometry": {
        "type": "Point",
        "coordinates": [
          -43.27269,
          -22.87227
        ]
      }
    },
    {
      "type": "Feature",
      "id": 6527027,
      "properties": {
        "operator": "Prefeitura Municipal de Rio de Janeiro",
        "operator:type": "public",
        "ref:CNES": "6527027",
        "source": "cnes;datasus;dados_abertos_saude",
        "official_name": "SMS CAPS JOAO FERREIRA SILVA FILHO AP 31",
        "addr:street": "Estrada do Itarare",
        "addr:housenumber": "951",
        "addr:suburb": "Complexo do Alemao",
        "addr:city": "Rio de Janeiro",
        "addr:state": "RJ",
        "addr:country": "BR",
        "addr:postcode": "21061-240",
        "phone": "+55 46 2270-8688",
        "email": "capsjoaoferreira@vivario.org.br",
        "amenity": "clinic",
        "healthcare": "psychiatry",
        "healthcare:speciality": "psychiatry",
        "name": "Centro de Atenção Psicossocial (CAPS II)",
        "short_name": "CAPS II",
        "comment": "CAPS II",
        "qtd_equipes_esf": 1,
        "qtd_equipes_eap": 0,
        "qtd_equipes_total": 1,
        "capacidade_pnab": 3500,
        "nomes_equipes": ""
      },
      "geometry": {
        "type": "Point",
        "coordinates": [
          -43.2674416,
          -22.8604987
        ]
      }
    },
    {
      "type": "Feature",
      "id": 6551556,
      "properties": {
        "operator": "Prefeitura Municipal de Rio de Janeiro",
        "operator:type": "public",
        "ref:CNES": "6551556",
        "source": "cnes;datasus;dados_abertos_saude",
        "official_name": "SMS CAPS MARIA DO SOCORRO SANTOS AP 21",
        "addr:street": "Estrada da Gavea",
        "addr:housenumber": "522",
        "addr:suburb": "Rocinha",
        "addr:city": "Rio de Janeiro",
        "addr:state": "RJ",
        "addr:country": "BR",
        "addr:postcode": "22451-265",
        "phone": "+55 46 99894-7090",
        "email": "capsmariadosocorrosaudemental@gmail.com",
        "amenity": "clinic",
        "healthcare": "psychiatry",
        "healthcare:speciality": "psychiatry",
        "name": "Centro de Atenção Psicossocial (CAPS II)",
        "short_name": "CAPS II",
        "comment": "CAPS II",
        "qtd_equipes_esf": 1,
        "qtd_equipes_eap": 0,
        "qtd_equipes_total": 1,
        "capacidade_pnab": 3500,
        "nomes_equipes": ""
      },
      "geometry": {
        "type": "Point",
        "coordinates": [
          -43.25244,
          -22.98913
        ]
      }
    },
    {
      "type": "Feature",
      "id": 7926103,
      "properties": {
        "operator": "Prefeitura Municipal de Rio de Janeiro",
        "operator:type": "public",
        "ref:CNES": "7926103",
        "source": "cnes;datasus;dados_abertos_saude",
        "official_name": "SMS CAPS NEUSA SANTOS SOUZA AP 51",
        "addr:street": "Rua Baalbeck",
        "addr:housenumber": "75",
        "addr:suburb": "Senador Camara",
        "addr:city": "Rio de Janeiro",
        "addr:state": "RJ",
        "addr:country": "BR",
        "addr:postcode": "21833-130",
        "phone": "+55 21 3523-8640",
        "email": "capsneusass@gmail.com",
        "amenity": "clinic",
        "healthcare": "psychiatry",
        "healthcare:speciality": "psychiatry",
        "name": "Centro de Atenção Psicossocial (CAPS II)",
        "short_name": "CAPS II",
        "comment": "CAPS II",
        "qtd_equipes_esf": 1,
        "qtd_equipes_eap": 0,
        "qtd_equipes_total": 1,
        "capacidade_pnab": 3500,
        "nomes_equipes": ""
      },
      "geometry": {
        "type": "Point",
        "coordinates": [
          -43.491914,
          -22.880792
        ]
      }
    },
    {
      "type": "Feature",
      "id": 2708388,
      "properties": {
        "operator": "Prefeitura Municipal de Rio de Janeiro",
        "operator:type": "public",
        "ref:CNES": "2708388",
        "source": "cnes;datasus;dados_abertos_saude",
        "official_name": "SMS CAPS PEDRO PELLEGRINO AP 52",
        "addr:street": "Rua Praca Major Vieira de Melo",
        "addr:housenumber": "10",
        "addr:suburb": "Campo Grande",
        "addr:city": "Rio de Janeiro",
        "addr:state": "RJ",
        "addr:country": "BR",
        "addr:postcode": "23045-405",
        "phone": "+55 21 3394-2583",
        "email": "capppellegrino@rio.rj.gov.br",
        "amenity": "clinic",
        "healthcare": "psychiatry",
        "healthcare:speciality": "psychiatry",
        "name": "Centro de Atenção Psicossocial (CAPS II)",
        "short_name": "CAPS II",
        "comment": "CAPS II",
        "qtd_equipes_esf": 1,
        "qtd_equipes_eap": 0,
        "qtd_equipes_total": 1,
        "capacidade_pnab": 3500,
        "nomes_equipes": ""
      },
      "geometry": {
        "type": "Point",
        "coordinates": [
          -43.5583304,
          -22.9184443
        ]
      }
    },
    {
      "type": "Feature",
      "id": 3567532,
      "properties": {
        "operator": "Prefeitura Municipal de Rio de Janeiro",
        "operator:type": "public",
        "ref:CNES": "3567532",
        "source": "cnes;datasus;dados_abertos_saude",
        "official_name": "SMS CAPS PROFETA GENTILEZA AP 52",
        "addr:street": "Estrada de Inhoaiba",
        "addr:housenumber": "849",
        "addr:suburb": "Inhoaiba",
        "addr:city": "Rio de Janeiro",
        "addr:state": "RJ",
        "addr:country": "BR",
        "addr:postcode": "23063-010",
        "phone": "+55 46 3402-6835",
        "email": "capsgentileza@rio.rj.gov.br",
        "amenity": "clinic",
        "healthcare": "psychiatry",
        "healthcare:speciality": "psychiatry",
        "name": "Centro de Atenção Psicossocial (CAPS II)",
        "short_name": "CAPS II",
        "comment": "CAPS II",
        "qtd_equipes_esf": 1,
        "qtd_equipes_eap": 0,
        "qtd_equipes_total": 1,
        "capacidade_pnab": 3500,
        "nomes_equipes": ""
      },
      "geometry": {
        "type": "Point",
        "coordinates": [
          -43.597505,
          -22.907086
        ]
      }
    },
    {
      "type": "Feature",
      "id": 2708396,
      "properties": {
        "operator": "Prefeitura Municipal de Rio de Janeiro",
        "operator:type": "public",
        "ref:CNES": "2708396",
        "source": "cnes;datasus;dados_abertos_saude",
        "official_name": "SMS CAPS SIMAO BACAMARTE AP 53",
        "addr:street": "Rua R Senador Camara",
        "addr:housenumber": "224",
        "addr:suburb": "Santa Cruz",
        "addr:city": "Rio de Janeiro",
        "addr:state": "RJ",
        "addr:country": "BR",
        "addr:postcode": "23570-160",
        "phone": "+55 21 3365-8775",
        "email": "capssb.cap53@gmail.com",
        "amenity": "clinic",
        "healthcare": "psychiatry",
        "healthcare:speciality": "psychiatry",
        "name": "Centro de Atenção Psicossocial (CAPS II)",
        "short_name": "CAPS II",
        "comment": "CAPS II",
        "qtd_equipes_esf": 1,
        "qtd_equipes_eap": 0,
        "qtd_equipes_total": 1,
        "capacidade_pnab": 3500,
        "nomes_equipes": ""
      },
      "geometry": {
        "type": "Point",
        "coordinates": [
          -43.6888634,
          -22.913985
        ]
      }
    },
    {
      "type": "Feature",
      "id": 425974,
      "properties": {
        "operator": "Prefeitura Municipal de Rio de Janeiro",
        "operator:type": "public",
        "ref:CNES": "425974",
        "source": "cnes;datasus;dados_abertos_saude",
        "official_name": "SMS CAPSI GUTTMANN BICHO AP 31",
        "addr:street": "Rua Av Paranapua",
        "addr:housenumber": "435",
        "addr:suburb": "Freguesia",
        "addr:city": "Rio de Janeiro",
        "addr:state": "RJ",
        "addr:country": "BR",
        "addr:postcode": "21910-010",
        "phone": "+55 21 3975-4962",
        "amenity": "clinic",
        "healthcare": "psychiatry",
        "healthcare:speciality": "psychiatry",
        "name": "Centro de Atenção Psicossocial Infanto-Juvenil (CAPSi)",
        "short_name": "CAPSi",
        "comment": "CAPSi (Infanto-Juvenil)",
        "qtd_equipes_esf": 1,
        "qtd_equipes_eap": 0,
        "qtd_equipes_total": 1,
        "capacidade_pnab": 3500,
        "nomes_equipes": ""
      },
      "geometry": {
        "type": "Point",
        "coordinates": [
          -43.1837435,
          -22.7883142
        ]
      }
    },
    {
      "type": "Feature",
      "id": 7113137,
      "properties": {
        "operator": "Prefeitura Municipal de Rio de Janeiro",
        "operator:type": "public",
        "ref:CNES": "7113137",
        "source": "cnes;datasus;dados_abertos_saude",
        "official_name": "SMS CAPSI HEITOR VILLA LOBOS AP 33",
        "addr:street": "Rua Padre Manso",
        "addr:suburb": "Madureira",
        "addr:city": "Rio de Janeiro",
        "addr:state": "RJ",
        "addr:country": "BR",
        "addr:postcode": "21310-260",
        "phone": "+55 46 3111-7393",
        "email": "capsiheitorvillalobos@gmail.com",
        "amenity": "clinic",
        "healthcare": "psychiatry",
        "healthcare:speciality": "psychiatry",
        "name": "Centro de Atenção Psicossocial Infanto-Juvenil (CAPSi)",
        "short_name": "CAPSi",
        "comment": "CAPSi (Infanto-Juvenil)",
        "qtd_equipes_esf": 1,
        "qtd_equipes_eap": 0,
        "qtd_equipes_total": 1,
        "capacidade_pnab": 3500,
        "nomes_equipes": ""
      },
      "geometry": {
        "type": "Point",
        "coordinates": [
          -43.33728,
          -22.87719
        ]
      }
    },
    {
      "type": "Feature",
      "id": 3567516,
      "properties": {
        "operator": "Prefeitura Municipal de Rio de Janeiro",
        "operator:type": "public",
        "ref:CNES": "3567516",
        "source": "cnes;datasus;dados_abertos_saude",
        "official_name": "SMS CAPSI III ELIZA SANTA ROZA AP 40",
        "addr:street": "Rua Sampaio Correa",
        "addr:housenumber": "105",
        "addr:suburb": "Jacarepagua Taquara",
        "addr:city": "Rio de Janeiro",
        "addr:state": "RJ",
        "addr:country": "BR",
        "addr:postcode": "22713-560",
        "phone": "+55 21 3412-5601",
        "email": "capsiesr@rio.rj.gov.br",
        "amenity": "clinic",
        "healthcare": "psychiatry",
        "healthcare:speciality": "psychiatry",
        "name": "Centro de Atenção Psicossocial Infanto-Juvenil (CAPSi)",
        "short_name": "CAPSi",
        "comment": "CAPSi (Infanto-Juvenil)",
        "qtd_equipes_esf": 1,
        "qtd_equipes_eap": 0,
        "qtd_equipes_total": 1,
        "capacidade_pnab": 3500,
        "nomes_equipes": ""
      },
      "geometry": {
        "type": "Point",
        "coordinates": [
          -43.387629,
          -22.936209
        ]
      }
    },
    {
      "type": "Feature",
      "id": 7052006,
      "properties": {
        "operator": "Prefeitura Municipal de Rio de Janeiro",
        "operator:type": "public",
        "ref:CNES": "7052006",
        "source": "cnes;datasus;dados_abertos_saude",
        "official_name": "SMS CAPSI III MAURICIO DE SOUSA AP 21",
        "addr:street": "Avenida Venceslau Bras",
        "addr:housenumber": "65",
        "addr:suburb": "Botafogo",
        "addr:city": "Rio de Janeiro",
        "addr:state": "RJ",
        "addr:country": "BR",
        "addr:postcode": "22290-140",
        "phone": "+55 21 3873-2416",
        "email": "capsimauriciodesousa@gmail.com",
        "amenity": "clinic",
        "healthcare": "psychiatry",
        "healthcare:speciality": "psychiatry",
        "name": "Centro de Atenção Psicossocial Infanto-Juvenil (CAPSi)",
        "short_name": "CAPSi",
        "comment": "CAPSi (Infanto-Juvenil)",
        "qtd_equipes_esf": 1,
        "qtd_equipes_eap": 0,
        "qtd_equipes_total": 1,
        "capacidade_pnab": 3500,
        "nomes_equipes": ""
      },
      "geometry": {
        "type": "Point",
        "coordinates": [
          -43.1752863,
          -22.9527986
        ]
      }
    },
    {
      "type": "Feature",
      "id": 6185045,
      "properties": {
        "operator": "Prefeitura Municipal de Rio de Janeiro",
        "operator:type": "public",
        "ref:CNES": "6185045",
        "source": "cnes;datasus;dados_abertos_saude",
        "official_name": "SMS CAPSI JOAO DE BARRO AP 52",
        "addr:street": "Estrada do Campinho",
        "addr:suburb": "Campo Grande",
        "addr:city": "Rio de Janeiro",
        "addr:state": "RJ",
        "addr:country": "BR",
        "addr:postcode": "23070-220",
        "phone": "+55 46 3394-2668",
        "email": "capsijb@rio.rj.gov.br",
        "amenity": "clinic",
        "healthcare": "psychiatry",
        "healthcare:speciality": "psychiatry",
        "name": "Centro de Atenção Psicossocial Infanto-Juvenil (CAPSi)",
        "short_name": "CAPSi",
        "comment": "CAPSi (Infanto-Juvenil)",
        "qtd_equipes_esf": 1,
        "qtd_equipes_eap": 0,
        "qtd_equipes_total": 1,
        "capacidade_pnab": 3500,
        "nomes_equipes": ""
      },
      "geometry": {
        "type": "Point",
        "coordinates": [
          -43.598344,
          -22.888053
        ]
      }
    },
    {
      "type": "Feature",
      "id": 4404076,
      "properties": {
        "operator": "Prefeitura Municipal de Rio de Janeiro",
        "operator:type": "public",
        "ref:CNES": "4404076",
        "source": "cnes;datasus;dados_abertos_saude",
        "official_name": "SMS CAPSI MAFALDA AP 53",
        "addr:street": "Rua Alvaro Alberto",
        "addr:housenumber": "601",
        "addr:suburb": "Santa Cruz",
        "addr:city": "Rio de Janeiro",
        "addr:state": "RJ",
        "addr:country": "BR",
        "addr:postcode": "23550-040",
        "amenity": "clinic",
        "healthcare": "psychiatry",
        "healthcare:speciality": "psychiatry",
        "name": "Centro de Atenção Psicossocial Infanto-Juvenil (CAPSi)",
        "short_name": "CAPSi",
        "comment": "CAPSi (Infanto-Juvenil)",
        "qtd_equipes_esf": 1,
        "qtd_equipes_eap": 0,
        "qtd_equipes_total": 1,
        "capacidade_pnab": 3500,
        "nomes_equipes": ""
      },
      "geometry": {
        "type": "Point",
        "coordinates": [
          -43.683313,
          -22.9154982
        ]
      }
    },
    {
      "type": "Feature",
      "id": 2708418,
      "properties": {
        "operator": "Prefeitura Municipal de Rio de Janeiro",
        "operator:type": "public",
        "ref:CNES": "2708418",
        "source": "cnes;datasus;dados_abertos_saude",
        "official_name": "SMS CAPSI PEQUENO HANS AP 51",
        "addr:street": "Avenida Carlos Pontes",
        "addr:suburb": "Jardim Sulacap",
        "addr:city": "Rio de Janeiro",
        "addr:state": "RJ",
        "addr:country": "BR",
        "addr:postcode": "21741-340",
        "phone": "+55 46 3335-0594",
        "email": "capsipequenohans51@gmail.com",
        "amenity": "clinic",
        "healthcare": "psychiatry",
        "healthcare:speciality": "psychiatry",
        "name": "Centro de Atenção Psicossocial Infanto-Juvenil (CAPSi)",
        "short_name": "CAPSi",
        "comment": "CAPSi (Infanto-Juvenil)",
        "qtd_equipes_esf": 1,
        "qtd_equipes_eap": 0,
        "qtd_equipes_total": 1,
        "capacidade_pnab": 3500,
        "nomes_equipes": ""
      },
      "geometry": {
        "type": "Point",
        "coordinates": [
          -43.399266,
          -22.886558
        ]
      }
    },
    {
      "type": "Feature",
      "id": 7060335,
      "properties": {
        "operator": "Prefeitura Municipal de Rio de Janeiro",
        "operator:type": "public",
        "ref:CNES": "7060335",
        "source": "cnes;datasus;dados_abertos_saude",
        "official_name": "SMS CAPSI VISCONDE DE SABUGOSA AP 31",
        "addr:street": "Rua Av Guanabara",
        "addr:suburb": "Mare",
        "addr:city": "Rio de Janeiro",
        "addr:state": "RJ",
        "addr:country": "BR",
        "addr:postcode": "21030-080",
        "phone": "+55 21 3884-9635",
        "email": "capsiviscondesabugosa@gmail.com",
        "amenity": "clinic",
        "healthcare": "psychiatry",
        "healthcare:speciality": "psychiatry",
        "name": "Centro de Atenção Psicossocial Infanto-Juvenil (CAPSi)",
        "short_name": "CAPSi",
        "comment": "CAPSi (Infanto-Juvenil)",
        "qtd_equipes_esf": 1,
        "qtd_equipes_eap": 0,
        "qtd_equipes_total": 1,
        "capacidade_pnab": 3500,
        "nomes_equipes": ""
      },
      "geometry": {
        "type": "Point",
        "coordinates": [
          -43.2469015,
          -22.8521143
        ]
      }
    },
    {
      "type": "Feature",
      "id": 4404017,
      "properties": {
        "operator": "Prefeitura Municipal de Rio de Janeiro",
        "operator:type": "public",
        "ref:CNES": "4404017",
        "source": "cnes;datasus;dados_abertos_saude",
        "official_name": "SMS CAPSI ZIRALDO AP 22",
        "addr:street": "Rua Mata Machado",
        "addr:housenumber": "29",
        "addr:suburb": "Maracana",
        "addr:city": "Rio de Janeiro",
        "addr:state": "RJ",
        "addr:country": "BR",
        "addr:postcode": "20270-260",
        "email": "capsi2.2rio@gmail.com",
        "amenity": "clinic",
        "healthcare": "psychiatry",
        "healthcare:speciality": "psychiatry",
        "name": "Centro de Atenção Psicossocial Infanto-Juvenil (CAPSi)",
        "short_name": "CAPSi",
        "comment": "CAPSi (Infanto-Juvenil)",
        "qtd_equipes_esf": 1,
        "qtd_equipes_eap": 0,
        "qtd_equipes_total": 1,
        "capacidade_pnab": 3500,
        "nomes_equipes": ""
      },
      "geometry": {
        "type": "Point",
        "coordinates": [
          -43.225321,
          -22.913578
        ]
      }
    },
    {
      "type": "Feature",
      "id": 5423430,
      "properties": {
        "operator": "Prefeitura Municipal de Rio de Janeiro",
        "operator:type": "public",
        "ref:CNES": "5423430",
        "source": "cnes;datasus;dados_abertos_saude",
        "official_name": "SMS CAPSIII MARIA CLARA MACHADO AP 32",
        "addr:street": "Rua Honorio",
        "addr:housenumber": "461",
        "addr:suburb": "Todos Os Santos",
        "addr:city": "Rio de Janeiro",
        "addr:state": "RJ",
        "addr:country": "BR",
        "addr:postcode": "20771-420",
        "phone": "+55 46 3111-6720",
        "email": "capsimariaclara@gmail.com",
        "amenity": "clinic",
        "healthcare": "psychiatry",
        "healthcare:speciality": "psychiatry",
        "name": "Centro de Atenção Psicossocial Infanto-Juvenil (CAPSi)",
        "short_name": "CAPSi",
        "comment": "CAPSi (Infanto-Juvenil)",
        "qtd_equipes_esf": 1,
        "qtd_equipes_eap": 0,
        "qtd_equipes_total": 1,
        "capacidade_pnab": 3500,
        "nomes_equipes": ""
      },
      "geometry": {
        "type": "Point",
        "coordinates": [
          -43.31109,
          -22.89104
        ]
      }
    },
    {
      "type": "Feature",
      "id": 4297822,
      "properties": {
        "operator": "Prefeitura Municipal de Rio de Janeiro",
        "operator:type": "public",
        "ref:CNES": "4297822",
        "source": "cnes;datasus;dados_abertos_saude",
        "official_name": "SMS CEDTEA AP 22",
        "addr:street": "Rua General Canabarro",
        "addr:housenumber": "345",
        "addr:suburb": "Maracana",
        "addr:city": "Rio de Janeiro",
        "addr:state": "RJ",
        "addr:country": "BR",
        "addr:postcode": "20271-202",
        "phone": "23422843 968635687",
        "email": "cedteacap22@gmail.com",
        "amenity": "clinic",
        "healthcare": "psychiatry",
        "healthcare:speciality": "psychiatry",
        "name": "Centro de Atenção Psicossocial (CAPS II)",
        "short_name": "CAPS II",
        "comment": "CAPS II",
        "qtd_equipes_esf": 1,
        "qtd_equipes_eap": 0,
        "qtd_equipes_total": 1,
        "capacidade_pnab": 3500,
        "nomes_equipes": ""
      },
      "geometry": {
        "type": "Point",
        "coordinates": [
          -43.2252848,
          -22.9135761
        ]
      }
    },
    {
      "type": "Feature",
      "id": 2698846,
      "properties": {
        "operator": "Prefeitura Municipal de Rio de Janeiro",
        "operator:type": "public",
        "ref:CNES": "2698846",
        "source": "cnes;datasus;dados_abertos_saude",
        "official_name": "UFRJ INST PSIQ CAPSI IPUB CARIM",
        "addr:street": "Avenida Venceslau Bras",
        "addr:housenumber": "71",
        "addr:suburb": "Botafogo",
        "addr:city": "Rio de Janeiro",
        "addr:state": "RJ",
        "addr:country": "BR",
        "addr:postcode": "22290-140",
        "phone": "+55 21 3938-0500",
        "email": "carim@ipub.ufrj.br",
        "amenity": "clinic",
        "healthcare": "psychiatry",
        "healthcare:speciality": "psychiatry",
        "name": "Centro de Atenção Psicossocial Infanto-Juvenil (CAPSi)",
        "short_name": "CAPSi",
        "comment": "CAPSi (Infanto-Juvenil)",
        "qtd_equipes_esf": 1,
        "qtd_equipes_eap": 0,
        "qtd_equipes_total": 1,
        "capacidade_pnab": 3500,
        "nomes_equipes": ""
      },
      "geometry": {
        "type": "Point",
        "coordinates": [
          -43.1754783,
          -22.953797
        ]
      }
    },
    {
      "type": "Feature",
      "id": 6220584,
      "properties": {
        "operator": "Governo do Estado (RJ)",
        "operator:type": "public",
        "ref:CNES": "6220584",
        "source": "cnes;datasus;dados_abertos_saude",
        "official_name": "SES RJ UPA 24 H BOTAFOGO",
        "addr:street": "Rua São Clemente",
        "addr:suburb": "Botafogo",
        "addr:city": "Rio de Janeiro",
        "addr:state": "RJ",
        "addr:country": "BR",
        "addr:postcode": "22260-000",
        "phone": "+55 21 2299-2577",
        "amenity": "clinic",
        "healthcare": "clinic",
        "emergency": "yes",
        "opening_hours": "24/7",
        "name": "UPA 24 Horas Maria Itália Freddo",
        "short_name": "UPA 24h",
        "comment": "UPA 24h",
        "qtd_equipes_esf": 1,
        "qtd_equipes_eap": 0,
        "qtd_equipes_total": 1,
        "capacidade_pnab": 3500,
        "nomes_equipes": ""
      },
      "geometry": {
        "type": "Point",
        "coordinates": [
          -43.1860085,
          -22.9493252
        ]
      }
    },
    {
      "type": "Feature",
      "id": 5955645,
      "properties": {
        "operator": "Governo do Estado (RJ)",
        "operator:type": "public",
        "ref:CNES": "5955645",
        "source": "cnes;datasus;dados_abertos_saude",
        "official_name": "SES RJ UPA 24H BANGU",
        "addr:street": "Rua Figueiredo Camargo",
        "addr:suburb": "Bangu",
        "addr:city": "Rio de Janeiro",
        "addr:state": "RJ",
        "addr:country": "BR",
        "addr:postcode": "21870-210",
        "phone": "+55 21 2419-5657",
        "amenity": "clinic",
        "healthcare": "clinic",
        "emergency": "yes",
        "opening_hours": "24/7",
        "name": "UPA 24 Horas Maria Itália Freddo",
        "short_name": "UPA 24h",
        "comment": "UPA 24h",
        "qtd_equipes_esf": 1,
        "qtd_equipes_eap": 0,
        "qtd_equipes_total": 1,
        "capacidade_pnab": 3500,
        "nomes_equipes": ""
      },
      "geometry": {
        "type": "Point",
        "coordinates": [
          -43.451021,
          -22.871453
        ]
      }
    },
    {
      "type": "Feature",
      "id": 5955653,
      "properties": {
        "operator": "Governo do Estado (RJ)",
        "operator:type": "public",
        "ref:CNES": "5955653",
        "source": "cnes;datasus;dados_abertos_saude",
        "official_name": "SES RJ UPA 24H CAMPO GRANDE",
        "addr:street": "Estrada do Mendanha",
        "addr:suburb": "Campo Grande",
        "addr:city": "Rio de Janeiro",
        "addr:state": "RJ",
        "addr:country": "BR",
        "addr:postcode": "23087-286",
        "phone": "+55 46 2333-6809",
        "email": "coordadm.cg1@gmail.com",
        "amenity": "clinic",
        "healthcare": "clinic",
        "emergency": "yes",
        "opening_hours": "24/7",
        "name": "UPA 24 Horas Maria Itália Freddo",
        "short_name": "UPA 24h",
        "comment": "UPA 24h",
        "qtd_equipes_esf": 1,
        "qtd_equipes_eap": 0,
        "qtd_equipes_total": 1,
        "capacidade_pnab": 3500,
        "nomes_equipes": ""
      },
      "geometry": {
        "type": "Point",
        "coordinates": [
          -43.5564012,
          -22.8820215
        ]
      }
    },
    {
      "type": "Feature",
      "id": 6038905,
      "properties": {
        "operator": "Governo do Estado (RJ)",
        "operator:type": "public",
        "ref:CNES": "6038905",
        "source": "cnes;datasus;dados_abertos_saude",
        "official_name": "SES RJ UPA 24H CAMPO GRANDE II",
        "addr:street": "Avenida Cesario de Melo",
        "addr:suburb": "Campo Grande",
        "addr:city": "Rio de Janeiro",
        "addr:state": "RJ",
        "addr:country": "BR",
        "addr:postcode": "23055-002",
        "phone": "+55 46 2333-6802",
        "email": "upacgii@gmail.com",
        "amenity": "clinic",
        "healthcare": "clinic",
        "emergency": "yes",
        "opening_hours": "24/7",
        "name": "UPA 24 Horas Maria Itália Freddo",
        "short_name": "UPA 24h",
        "comment": "UPA 24h",
        "qtd_equipes_esf": 1,
        "qtd_equipes_eap": 0,
        "qtd_equipes_total": 1,
        "capacidade_pnab": 3500,
        "nomes_equipes": ""
      },
      "geometry": {
        "type": "Point",
        "coordinates": [
          -43.5745061,
          -22.9066126
        ]
      }
    },
    {
      "type": "Feature",
      "id": 6858317,
      "properties": {
        "operator": "Governo do Estado (RJ)",
        "operator:type": "public",
        "ref:CNES": "6858317",
        "source": "cnes;datasus;dados_abertos_saude",
        "official_name": "SES RJ UPA 24H COPACABANA",
        "addr:street": "Rua Siqueira Campos",
        "addr:housenumber": "129",
        "addr:suburb": "Copacabana",
        "addr:city": "Rio de Janeiro",
        "addr:state": "RJ",
        "addr:country": "BR",
        "addr:postcode": "22031-071",
        "phone": "+55 46 3042-6945",
        "amenity": "clinic",
        "healthcare": "clinic",
        "emergency": "yes",
        "opening_hours": "24/7",
        "name": "UPA 24 Horas Maria Itália Freddo",
        "short_name": "UPA 24h",
        "comment": "UPA 24h",
        "qtd_equipes_esf": 1,
        "qtd_equipes_eap": 0,
        "qtd_equipes_total": 1,
        "capacidade_pnab": 3500,
        "nomes_equipes": ""
      },
      "geometry": {
        "type": "Point",
        "coordinates": [
          -43.186807,
          -22.966844
        ]
      }
    },
    {
      "type": "Feature",
      "id": 6038891,
      "properties": {
        "operator": "Governo do Estado (RJ)",
        "operator:type": "public",
        "ref:CNES": "6038891",
        "source": "cnes;datasus;dados_abertos_saude",
        "official_name": "SES RJ UPA 24H ENGENHO NOVO",
        "addr:street": "Rua Souza Barros",
        "addr:housenumber": "70",
        "addr:suburb": "Engenho Novo",
        "addr:city": "Rio de Janeiro",
        "addr:state": "RJ",
        "addr:country": "BR",
        "addr:postcode": "20961-150",
        "phone": "+55 21 2299-2577",
        "amenity": "clinic",
        "healthcare": "clinic",
        "emergency": "yes",
        "opening_hours": "24/7",
        "name": "UPA 24 Horas Maria Itália Freddo",
        "short_name": "UPA 24h",
        "comment": "UPA 24h",
        "qtd_equipes_esf": 1,
        "qtd_equipes_eap": 0,
        "qtd_equipes_total": 1,
        "capacidade_pnab": 3500,
        "nomes_equipes": ""
      },
      "geometry": {
        "type": "Point",
        "coordinates": [
          -43.2673882,
          -22.9009595
        ]
      }
    },
    {
      "type": "Feature",
      "id": 6037550,
      "properties": {
        "operator": "Governo do Estado (RJ)",
        "operator:type": "public",
        "ref:CNES": "6037550",
        "source": "cnes;datasus;dados_abertos_saude",
        "official_name": "SES RJ UPA 24H ILHA DO GOVERNADOR",
        "addr:street": "Rua Parque Poeta Manuel Bandeira",
        "addr:suburb": "Cocota Ilha do Gover",
        "addr:city": "Rio de Janeiro",
        "addr:state": "RJ",
        "addr:country": "BR",
        "addr:postcode": "21910-296",
        "phone": "+55 46 2334-6348",
        "email": "diarista.upailha@gmail.com",
        "amenity": "clinic",
        "healthcare": "clinic",
        "emergency": "yes",
        "opening_hours": "24/7",
        "name": "UPA 24 Horas Maria Itália Freddo",
        "short_name": "UPA 24h",
        "comment": "UPA 24h",
        "qtd_equipes_esf": 1,
        "qtd_equipes_eap": 0,
        "qtd_equipes_total": 1,
        "capacidade_pnab": 3500,
        "nomes_equipes": ""
      },
      "geometry": {
        "type": "Point",
        "coordinates": [
          -43.196388,
          -22.908333
        ]
      }
    },
    {
      "type": "Feature",
      "id": 5955629,
      "properties": {
        "operator": "Governo do Estado (RJ)",
        "operator:type": "public",
        "ref:CNES": "5955629",
        "source": "cnes;datasus;dados_abertos_saude",
        "official_name": "SES RJ UPA 24H IRAJA",
        "addr:street": "Rua Monsenhor Felix",
        "addr:housenumber": "380",
        "addr:suburb": "Iraja",
        "addr:city": "Rio de Janeiro",
        "addr:state": "RJ",
        "addr:country": "BR",
        "addr:postcode": "21235-110",
        "phone": "+55 21 2481-6010",
        "amenity": "clinic",
        "healthcare": "clinic",
        "emergency": "yes",
        "opening_hours": "24/7",
        "name": "UPA 24 Horas Maria Itália Freddo",
        "short_name": "UPA 24h",
        "comment": "UPA 24h",
        "qtd_equipes_esf": 1,
        "qtd_equipes_eap": 0,
        "qtd_equipes_total": 1,
        "capacidade_pnab": 3500,
        "nomes_equipes": ""
      },
      "geometry": {
        "type": "Point",
        "coordinates": [
          -43.3250641,
          -22.8493786
        ]
      }
    },
    {
      "type": "Feature",
      "id": 6037526,
      "properties": {
        "operator": "Governo do Estado (RJ)",
        "operator:type": "public",
        "ref:CNES": "6037526",
        "source": "cnes;datasus;dados_abertos_saude",
        "official_name": "SES RJ UPA 24H JACAREPAGUA",
        "addr:street": "Rua Andre Rocha",
        "addr:housenumber": "20",
        "addr:suburb": "Taquara Jacarepagu",
        "addr:city": "Rio de Janeiro",
        "addr:state": "RJ",
        "addr:country": "BR",
        "addr:postcode": "22730-522",
        "phone": "+55 21 2299-2577",
        "amenity": "clinic",
        "healthcare": "clinic",
        "emergency": "yes",
        "opening_hours": "24/7",
        "name": "UPA 24 Horas Maria Itália Freddo",
        "short_name": "UPA 24h",
        "comment": "UPA 24h",
        "qtd_equipes_esf": 1,
        "qtd_equipes_eap": 0,
        "qtd_equipes_total": 1,
        "capacidade_pnab": 3500,
        "nomes_equipes": ""
      },
      "geometry": {
        "type": "Point",
        "coordinates": [
          -43.3734197,
          -22.9294573
        ]
      }
    },
    {
      "type": "Feature",
      "id": 5955211,
      "properties": {
        "operator": "Governo do Estado (RJ)",
        "operator:type": "public",
        "ref:CNES": "5955211",
        "source": "cnes;datasus;dados_abertos_saude",
        "official_name": "SES RJ UPA 24H MARE",
        "addr:street": "Rua Novo Horizonte",
        "addr:housenumber": "4880",
        "addr:suburb": "Mare",
        "addr:city": "Rio de Janeiro",
        "addr:state": "RJ",
        "addr:country": "BR",
        "addr:postcode": "21046-500",
        "email": "jose.barcellos@upamare.fs.rj.gov.br",
        "amenity": "clinic",
        "healthcare": "clinic",
        "emergency": "yes",
        "opening_hours": "24/7",
        "name": "UPA 24 Horas Maria Itália Freddo",
        "short_name": "UPA 24h",
        "comment": "UPA 24h",
        "qtd_equipes_esf": 1,
        "qtd_equipes_eap": 0,
        "qtd_equipes_total": 1,
        "capacidade_pnab": 3500,
        "nomes_equipes": ""
      },
      "geometry": {
        "type": "Point",
        "coordinates": [
          -43.243508,
          -22.870075
        ]
      }
    },
    {
      "type": "Feature",
      "id": 6037569,
      "properties": {
        "operator": "Governo do Estado (RJ)",
        "operator:type": "public",
        "ref:CNES": "6037569",
        "source": "cnes;datasus;dados_abertos_saude",
        "official_name": "SES RJ UPA 24H MARECHAL HERMES",
        "addr:street": "Rua Xavier Curado",
        "addr:suburb": "Mal Hermes",
        "addr:city": "Rio de Janeiro",
        "addr:state": "RJ",
        "addr:country": "BR",
        "addr:postcode": "21610-330",
        "phone": "+55 21 96867-2086",
        "email": "jonathan.oliveira@upamarechal.fs.rj.gov.br",
        "amenity": "clinic",
        "healthcare": "clinic",
        "emergency": "yes",
        "opening_hours": "24/7",
        "name": "UPA 24 Horas Maria Itália Freddo",
        "short_name": "UPA 24h",
        "comment": "UPA 24h",
        "qtd_equipes_esf": 1,
        "qtd_equipes_eap": 0,
        "qtd_equipes_total": 1,
        "capacidade_pnab": 3500,
        "nomes_equipes": ""
      },
      "geometry": {
        "type": "Point",
        "coordinates": [
          -43.3747342,
          -22.8593527
        ]
      }
    },
    {
      "type": "Feature",
      "id": 6038913,
      "properties": {
        "operator": "Governo do Estado (RJ)",
        "operator:type": "public",
        "ref:CNES": "6038913",
        "source": "cnes;datasus;dados_abertos_saude",
        "official_name": "SES RJ UPA 24H PENHA",
        "addr:street": "Rua Lobo Junior Com Av Braz de Pina",
        "addr:suburb": "Penha",
        "addr:city": "Rio de Janeiro",
        "addr:state": "RJ",
        "addr:country": "BR",
        "addr:postcode": "21070-061",
        "phone": "+55 21 2299-2577",
        "amenity": "clinic",
        "healthcare": "clinic",
        "emergency": "yes",
        "opening_hours": "24/7",
        "name": "UPA 24 Horas Maria Itália Freddo",
        "short_name": "UPA 24h",
        "comment": "UPA 24h",
        "qtd_equipes_esf": 1,
        "qtd_equipes_eap": 0,
        "qtd_equipes_total": 1,
        "capacidade_pnab": 3500,
        "nomes_equipes": ""
      },
      "geometry": {
        "type": "Point",
        "coordinates": [
          -43.2860255,
          -22.8383895
        ]
      }
    },
    {
      "type": "Feature",
      "id": 6038883,
      "properties": {
        "operator": "Governo do Estado (RJ)",
        "operator:type": "public",
        "ref:CNES": "6038883",
        "source": "cnes;datasus;dados_abertos_saude",
        "official_name": "SES RJ UPA 24H REALENGO",
        "addr:street": "Rua Marechal Joaquim Inacio",
        "addr:suburb": "Realengo",
        "addr:city": "Rio de Janeiro",
        "addr:state": "RJ",
        "addr:country": "BR",
        "addr:postcode": "21735-320",
        "phone": "+55 21 99566-8593",
        "email": "supervisaorealengo@gmail.com",
        "amenity": "clinic",
        "healthcare": "clinic",
        "emergency": "yes",
        "opening_hours": "24/7",
        "name": "UPA 24 Horas Maria Itália Freddo",
        "short_name": "UPA 24h",
        "comment": "UPA 24h",
        "qtd_equipes_esf": 1,
        "qtd_equipes_eap": 0,
        "qtd_equipes_total": 1,
        "capacidade_pnab": 3500,
        "nomes_equipes": ""
      },
      "geometry": {
        "type": "Point",
        "coordinates": [
          -43.4316587,
          -22.8737118
        ]
      }
    },
    {
      "type": "Feature",
      "id": 5955688,
      "properties": {
        "operator": "Governo do Estado (RJ)",
        "operator:type": "public",
        "ref:CNES": "5955688",
        "source": "cnes;datasus;dados_abertos_saude",
        "official_name": "SES RJ UPA 24H RICARDO DE ALBUQUERQUE",
        "addr:street": "Rua Estr Mal Alencastro",
        "addr:suburb": "Ricardo de Albuquerq",
        "addr:city": "Rio de Janeiro",
        "addr:state": "RJ",
        "addr:country": "BR",
        "addr:postcode": "21625-000",
        "phone": "+55 46 3339-4819",
        "email": "uparicardo09@gmail.com",
        "amenity": "clinic",
        "healthcare": "clinic",
        "emergency": "yes",
        "opening_hours": "24/7",
        "name": "UPA 24 Horas Maria Itália Freddo",
        "short_name": "UPA 24h",
        "comment": "UPA 24h",
        "qtd_equipes_esf": 1,
        "qtd_equipes_eap": 0,
        "qtd_equipes_total": 1,
        "capacidade_pnab": 3500,
        "nomes_equipes": ""
      },
      "geometry": {
        "type": "Point",
        "coordinates": [
          -43.39669,
          -22.8362
        ]
      }
    },
    {
      "type": "Feature",
      "id": 5955637,
      "properties": {
        "operator": "Governo do Estado (RJ)",
        "operator:type": "public",
        "ref:CNES": "5955637",
        "source": "cnes;datasus;dados_abertos_saude",
        "official_name": "SES RJ UPA 24H SANTA CRUZ",
        "addr:street": "Avenida Cesario de Melo",
        "addr:housenumber": "13655",
        "addr:suburb": "Santa Cruz",
        "addr:city": "Rio de Janeiro",
        "addr:state": "RJ",
        "addr:country": "BR",
        "addr:postcode": "23590-060",
        "phone": "+55 46 2333-7286",
        "email": "coordadm.santacruz@gmail.com",
        "amenity": "clinic",
        "healthcare": "clinic",
        "emergency": "yes",
        "opening_hours": "24/7",
        "name": "UPA 24 Horas Maria Itália Freddo",
        "short_name": "UPA 24h",
        "comment": "UPA 24h",
        "qtd_equipes_esf": 1,
        "qtd_equipes_eap": 0,
        "qtd_equipes_total": 1,
        "capacidade_pnab": 3500,
        "nomes_equipes": ""
      },
      "geometry": {
        "type": "Point",
        "coordinates": [
          -43.6607662,
          -22.931792
        ]
      }
    },
    {
      "type": "Feature",
      "id": 5955661,
      "properties": {
        "operator": "Governo do Estado (RJ)",
        "operator:type": "public",
        "ref:CNES": "5955661",
        "source": "cnes;datasus;dados_abertos_saude",
        "official_name": "SES RJ UPA 24H TIJUCA",
        "addr:street": "Rua Conde de Bonfim",
        "addr:suburb": "Tijuca",
        "addr:city": "Rio de Janeiro",
        "addr:state": "RJ",
        "addr:country": "BR",
        "addr:postcode": "20520-054",
        "phone": "+55 46 2334-1921",
        "email": "plantonistasupatijuca@gmail.com",
        "amenity": "clinic",
        "healthcare": "clinic",
        "emergency": "yes",
        "opening_hours": "24/7",
        "name": "UPA 24 Horas Maria Itália Freddo",
        "short_name": "UPA 24h",
        "comment": "UPA 24h",
        "qtd_equipes_esf": 1,
        "qtd_equipes_eap": 0,
        "qtd_equipes_total": 1,
        "capacidade_pnab": 3500,
        "nomes_equipes": ""
      },
      "geometry": {
        "type": "Point",
        "coordinates": [
          -43.2306433,
          -22.9229231
        ]
      }
    },
    {
      "type": "Feature",
      "id": 6575900,
      "properties": {
        "operator": "Prefeitura Municipal de Rio de Janeiro",
        "operator:type": "public",
        "ref:CNES": "6575900",
        "source": "cnes;datasus;dados_abertos_saude",
        "official_name": "SMS UPA 24H CIDADE DE DEUS AP 40",
        "addr:street": "Rua Edgar Werneck",
        "addr:suburb": "Cidades de Deus",
        "addr:city": "Rio de Janeiro",
        "addr:state": "RJ",
        "addr:country": "BR",
        "addr:postcode": "22763-010",
        "phone": "+55 21 2232-3173",
        "email": "gestaoupacdd.riosaude@gmail.com",
        "amenity": "clinic",
        "healthcare": "clinic",
        "emergency": "yes",
        "opening_hours": "24/7",
        "name": "UPA 24 Horas Maria Itália Freddo",
        "short_name": "UPA 24h",
        "comment": "UPA 24h",
        "qtd_equipes_esf": 1,
        "qtd_equipes_eap": 0,
        "qtd_equipes_total": 1,
        "capacidade_pnab": 3500,
        "nomes_equipes": ""
      },
      "geometry": {
        "type": "Point",
        "coordinates": [
          -43.35958,
          -22.95728
        ]
      }
    },
    {
      "type": "Feature",
      "id": 6512925,
      "properties": {
        "operator": "Prefeitura Municipal de Rio de Janeiro",
        "operator:type": "public",
        "ref:CNES": "6512925",
        "source": "cnes;datasus;dados_abertos_saude",
        "official_name": "SMS UPA 24H COMPLEXO DO ALEMAO AP 31",
        "addr:street": "Estrada do Itarare",
        "addr:housenumber": "951",
        "addr:suburb": "Ramos",
        "addr:city": "Rio de Janeiro",
        "addr:state": "RJ",
        "addr:country": "BR",
        "addr:postcode": "21061-240",
        "email": "suporte.upa@vivario.org.br",
        "amenity": "clinic",
        "healthcare": "clinic",
        "emergency": "yes",
        "opening_hours": "24/7",
        "name": "UPA 24 Horas Maria Itália Freddo",
        "short_name": "UPA 24h",
        "comment": "UPA 24h",
        "qtd_equipes_esf": 1,
        "qtd_equipes_eap": 0,
        "qtd_equipes_total": 1,
        "capacidade_pnab": 3500,
        "nomes_equipes": ""
      },
      "geometry": {
        "type": "Point",
        "coordinates": [
          -43.2685842,
          -22.8655623
        ]
      }
    },
    {
      "type": "Feature",
      "id": 6680704,
      "properties": {
        "operator": "Prefeitura Municipal de Rio de Janeiro",
        "operator:type": "public",
        "ref:CNES": "6680704",
        "source": "cnes;datasus;dados_abertos_saude",
        "official_name": "SMS UPA 24H COSTA BARROS AP 33",
        "addr:street": "Rua Est de Botafogo",
        "addr:suburb": "Costa Barros",
        "addr:city": "Rio de Janeiro",
        "addr:state": "RJ",
        "addr:country": "BR",
        "addr:postcode": "21532-200",
        "phone": "+55 46 2508-6990",
        "email": "dpupacostabarros.riosaude@gmail.com",
        "amenity": "clinic",
        "healthcare": "clinic",
        "emergency": "yes",
        "opening_hours": "24/7",
        "name": "UPA 24 Horas Maria Itália Freddo",
        "short_name": "UPA 24h",
        "comment": "UPA 24h",
        "qtd_equipes_esf": 1,
        "qtd_equipes_eap": 0,
        "qtd_equipes_total": 1,
        "capacidade_pnab": 3500,
        "nomes_equipes": ""
      },
      "geometry": {
        "type": "Point",
        "coordinates": [
          -43.3687234,
          -22.8217821
        ]
      }
    },
    {
      "type": "Feature",
      "id": 932280,
      "properties": {
        "operator": "Prefeitura Municipal de Rio de Janeiro",
        "operator:type": "public",
        "ref:CNES": "932280",
        "source": "cnes;datasus;dados_abertos_saude",
        "official_name": "SMS UPA 24H DEL CASTILHO AP 32",
        "addr:street": "Rua Lago Verde",
        "addr:suburb": "Inhauma",
        "addr:city": "Rio de Janeiro",
        "addr:state": "RJ",
        "addr:country": "BR",
        "addr:postcode": "21051-360",
        "phone": "+55 21 96523-0902",
        "email": "dpupadc2.riosaude@gmail.com",
        "amenity": "clinic",
        "healthcare": "clinic",
        "emergency": "yes",
        "opening_hours": "24/7",
        "name": "UPA 24 Horas Maria Itália Freddo",
        "short_name": "UPA 24h",
        "comment": "UPA 24h",
        "qtd_equipes_esf": 1,
        "qtd_equipes_eap": 0,
        "qtd_equipes_total": 1,
        "capacidade_pnab": 3500,
        "nomes_equipes": ""
      },
      "geometry": {
        "type": "Point",
        "coordinates": [
          -43.2714593,
          -22.8728844
        ]
      }
    },
    {
      "type": "Feature",
      "id": 6631169,
      "properties": {
        "operator": "Prefeitura Municipal de Rio de Janeiro",
        "operator:type": "public",
        "ref:CNES": "6631169",
        "source": "cnes;datasus;dados_abertos_saude",
        "official_name": "SMS UPA 24H ENGENHO DE DENTRO AP 32",
        "addr:street": "Rua Bernardo",
        "addr:suburb": "Engenho de Dentro",
        "addr:city": "Rio de Janeiro",
        "addr:state": "RJ",
        "addr:country": "BR",
        "addr:postcode": "20745-270",
        "phone": "+55 46 2592-0502",
        "email": "dp.upaengenhodedentro@cvbsaude.org",
        "amenity": "clinic",
        "healthcare": "clinic",
        "emergency": "yes",
        "opening_hours": "24/7",
        "name": "UPA 24 Horas Maria Itália Freddo",
        "short_name": "UPA 24h",
        "comment": "UPA 24h",
        "qtd_equipes_esf": 1,
        "qtd_equipes_eap": 0,
        "qtd_equipes_total": 1,
        "capacidade_pnab": 3500,
        "nomes_equipes": ""
      },
      "geometry": {
        "type": "Point",
        "coordinates": [
          -43.2278,
          -22.876652
        ]
      }
    },
    {
      "type": "Feature",
      "id": 6598544,
      "properties": {
        "operator": "Prefeitura Municipal de Rio de Janeiro",
        "operator:type": "public",
        "ref:CNES": "6598544",
        "source": "cnes;datasus;dados_abertos_saude",
        "official_name": "SMS UPA 24H JOAO XXIII AP 53",
        "addr:street": "Rua Av João Xxiii",
        "addr:suburb": "Santa Cruz",
        "addr:city": "Rio de Janeiro",
        "addr:state": "RJ",
        "addr:country": "BR",
        "addr:postcode": "23570-000",
        "phone": "24165719/31575411",
        "email": "dpupajoao23.riosaude@gmail.com",
        "amenity": "clinic",
        "healthcare": "clinic",
        "emergency": "yes",
        "opening_hours": "24/7",
        "name": "UPA 24 Horas Maria Itália Freddo",
        "short_name": "UPA 24h",
        "comment": "UPA 24h",
        "qtd_equipes_esf": 1,
        "qtd_equipes_eap": 0,
        "qtd_equipes_total": 1,
        "capacidade_pnab": 3500,
        "nomes_equipes": ""
      },
      "geometry": {
        "type": "Point",
        "coordinates": [
          -43.736719,
          -22.8962961
        ]
      }
    },
    {
      "type": "Feature",
      "id": 6661904,
      "properties": {
        "operator": "Prefeitura Municipal de Rio de Janeiro",
        "operator:type": "public",
        "ref:CNES": "6661904",
        "source": "cnes;datasus;dados_abertos_saude",
        "official_name": "SMS UPA 24H MADUREIRA AP 33",
        "addr:street": "Rua Praca dos Lavradores",
        "addr:suburb": "Madureira",
        "addr:city": "Rio de Janeiro",
        "addr:state": "RJ",
        "addr:country": "BR",
        "addr:postcode": "21310-190",
        "phone": "+55 46 3358-2994",
        "email": "faturamento.riosaude@gmail.com",
        "amenity": "clinic",
        "healthcare": "clinic",
        "emergency": "yes",
        "opening_hours": "24/7",
        "name": "UPA 24 Horas Maria Itália Freddo",
        "short_name": "UPA 24h",
        "comment": "UPA 24h",
        "qtd_equipes_esf": 1,
        "qtd_equipes_eap": 0,
        "qtd_equipes_total": 1,
        "capacidade_pnab": 3500,
        "nomes_equipes": ""
      },
      "geometry": {
        "type": "Point",
        "coordinates": [
          -43.3447766,
          -22.88262
        ]
      }
    },
    {
      "type": "Feature",
      "id": 7101856,
      "properties": {
        "operator": "Prefeitura Municipal de Rio de Janeiro",
        "operator:type": "public",
        "ref:CNES": "7101856",
        "source": "cnes;datasus;dados_abertos_saude",
        "official_name": "SMS UPA 24H MAGALHAES BASTOS AP 51",
        "addr:street": "Estrada Manuel Nogueira de Sa",
        "addr:suburb": "Magalhaes Bastos",
        "addr:city": "Rio de Janeiro",
        "addr:state": "RJ",
        "addr:country": "BR",
        "addr:postcode": "21745-290",
        "phone": "+55 46 3550-7080",
        "email": "rejanec174.riosaude@gmail.com",
        "amenity": "clinic",
        "healthcare": "clinic",
        "emergency": "yes",
        "opening_hours": "24/7",
        "name": "UPA 24 Horas Maria Itália Freddo",
        "short_name": "UPA 24h",
        "comment": "UPA 24h",
        "qtd_equipes_esf": 1,
        "qtd_equipes_eap": 0,
        "qtd_equipes_total": 1,
        "capacidade_pnab": 3500,
        "nomes_equipes": ""
      },
      "geometry": {
        "type": "Point",
        "coordinates": [
          -43.20877,
          -22.90355
        ]
      }
    },
    {
      "type": "Feature",
      "id": 6421482,
      "properties": {
        "operator": "Prefeitura Municipal de Rio de Janeiro",
        "operator:type": "public",
        "ref:CNES": "6421482",
        "source": "cnes;datasus;dados_abertos_saude",
        "official_name": "SMS UPA 24H MANGUINHOS AP 31",
        "addr:street": "Rua Av Dom Helder Camara",
        "addr:housenumber": "1390",
        "addr:suburb": "Benfica",
        "addr:city": "Rio de Janeiro",
        "addr:state": "RJ",
        "addr:country": "BR",
        "addr:postcode": "20973-011",
        "phone": "+55 46 2332-2407",
        "email": "suporte.upa@vivario.org.br",
        "amenity": "clinic",
        "healthcare": "clinic",
        "emergency": "yes",
        "opening_hours": "24/7",
        "name": "UPA 24 Horas Maria Itália Freddo",
        "short_name": "UPA 24h",
        "comment": "UPA 24h",
        "qtd_equipes_esf": 1,
        "qtd_equipes_eap": 0,
        "qtd_equipes_total": 1,
        "capacidade_pnab": 3500,
        "nomes_equipes": ""
      },
      "geometry": {
        "type": "Point",
        "coordinates": [
          -43.3235567,
          -22.8834969
        ]
      }
    },
    {
      "type": "Feature",
      "id": 6938124,
      "properties": {
        "operator": "Prefeitura Municipal de Rio de Janeiro",
        "operator:type": "public",
        "ref:CNES": "6938124",
        "source": "cnes;datasus;dados_abertos_saude",
        "official_name": "SMS UPA 24H PACIENCIA AP 53",
        "addr:street": "Estrada Santa Eugenia",
        "addr:suburb": "Paciencia",
        "addr:city": "Rio de Janeiro",
        "addr:state": "RJ",
        "addr:country": "BR",
        "addr:postcode": "23585-430",
        "email": "dpupapaciencia.riosaude@gmail.com",
        "amenity": "clinic",
        "healthcare": "clinic",
        "emergency": "yes",
        "opening_hours": "24/7",
        "name": "UPA 24 Horas Maria Itália Freddo",
        "short_name": "UPA 24h",
        "comment": "UPA 24h",
        "qtd_equipes_esf": 1,
        "qtd_equipes_eap": 0,
        "qtd_equipes_total": 1,
        "capacidade_pnab": 3500,
        "nomes_equipes": ""
      },
      "geometry": {
        "type": "Point",
        "coordinates": [
          -43.6349916,
          -22.9273302
        ]
      }
    },
    {
      "type": "Feature",
      "id": 7110162,
      "properties": {
        "operator": "Prefeitura Municipal de Rio de Janeiro",
        "operator:type": "public",
        "ref:CNES": "7110162",
        "source": "cnes;datasus;dados_abertos_saude",
        "official_name": "SMS UPA 24H ROCHA MIRANDA AP 33",
        "addr:street": "Estrada do Barro Vermelho",
        "addr:suburb": "Rocha Miranda",
        "addr:city": "Rio de Janeiro",
        "addr:state": "RJ",
        "addr:country": "BR",
        "addr:postcode": "21540-500",
        "phone": "+55 46 3514-1487",
        "email": "upa24hrochamiranda.riosaude@gmail.com",
        "amenity": "clinic",
        "healthcare": "clinic",
        "emergency": "yes",
        "opening_hours": "24/7",
        "name": "UPA 24 Horas Maria Itália Freddo",
        "short_name": "UPA 24h",
        "comment": "UPA 24h",
        "qtd_equipes_esf": 1,
        "qtd_equipes_eap": 0,
        "qtd_equipes_total": 1,
        "capacidade_pnab": 3500,
        "nomes_equipes": ""
      },
      "geometry": {
        "type": "Point",
        "coordinates": [
          -43.34656,
          -22.8514
        ]
      }
    },
    {
      "type": "Feature",
      "id": 6507409,
      "properties": {
        "operator": "Prefeitura Municipal de Rio de Janeiro",
        "operator:type": "public",
        "ref:CNES": "6507409",
        "source": "cnes;datasus;dados_abertos_saude",
        "official_name": "SMS UPA 24H ROCINHA AP 21",
        "addr:street": "Estrada da Gavea",
        "addr:housenumber": "522",
        "addr:suburb": "Rocinha",
        "addr:city": "Rio de Janeiro",
        "addr:state": "RJ",
        "addr:country": "BR",
        "addr:postcode": "22451-265",
        "phone": "+55 21 3613-8280",
        "email": "coord.med.uparocinha@institutognosis.org.br",
        "amenity": "clinic",
        "healthcare": "clinic",
        "emergency": "yes",
        "opening_hours": "24/7",
        "name": "UPA 24 Horas Maria Itália Freddo",
        "short_name": "UPA 24h",
        "comment": "UPA 24h",
        "qtd_equipes_esf": 1,
        "qtd_equipes_eap": 0,
        "qtd_equipes_total": 1,
        "capacidade_pnab": 3500,
        "nomes_equipes": ""
      },
      "geometry": {
        "type": "Point",
        "coordinates": [
          -43.2518005,
          -22.9893308
        ]
      }
    },
    {
      "type": "Feature",
      "id": 6742831,
      "properties": {
        "operator": "Prefeitura Municipal de Rio de Janeiro",
        "operator:type": "public",
        "ref:CNES": "6742831",
        "source": "cnes;datasus;dados_abertos_saude",
        "official_name": "SMS UPA 24H SENADOR CAMARA AP 51",
        "addr:street": "Avenida Santa Cruz",
        "addr:housenumber": "6486",
        "addr:suburb": "Senador Camara",
        "addr:city": "Rio de Janeiro",
        "addr:state": "RJ",
        "addr:country": "BR",
        "addr:postcode": "21830-264",
        "phone": "+55 21 29294-9653",
        "email": "upa24hsenadorcamara.riosaude@gmail.com",
        "amenity": "clinic",
        "healthcare": "clinic",
        "emergency": "yes",
        "opening_hours": "24/7",
        "name": "UPA 24 Horas Maria Itália Freddo",
        "short_name": "UPA 24h",
        "comment": "UPA 24h",
        "qtd_equipes_esf": 1,
        "qtd_equipes_eap": 0,
        "qtd_equipes_total": 1,
        "capacidade_pnab": 3500,
        "nomes_equipes": ""
      },
      "geometry": {
        "type": "Point",
        "coordinates": [
          -43.4832752,
          -22.8825311
        ]
      }
    },
    {
      "type": "Feature",
      "id": 6926177,
      "properties": {
        "operator": "Prefeitura Municipal de Rio de Janeiro",
        "operator:type": "public",
        "ref:CNES": "6926177",
        "source": "cnes;datasus;dados_abertos_saude",
        "official_name": "SMS UPA 24H SEPETIBA AP 53",
        "addr:street": "Rua Jose Fernandes",
        "addr:suburb": "Sepetiba",
        "addr:city": "Rio de Janeiro",
        "addr:state": "RJ",
        "addr:country": "BR",
        "addr:postcode": "23535-050",
        "email": "dpupasepetiba.riosaude@gmail.com",
        "amenity": "clinic",
        "healthcare": "clinic",
        "emergency": "yes",
        "opening_hours": "24/7",
        "name": "UPA 24 Horas Maria Itália Freddo",
        "short_name": "UPA 24h",
        "comment": "UPA 24h",
        "qtd_equipes_esf": 1,
        "qtd_equipes_eap": 0,
        "qtd_equipes_total": 1,
        "capacidade_pnab": 3500,
        "nomes_equipes": ""
      },
      "geometry": {
        "type": "Point",
        "coordinates": [
          -43.6939573,
          -22.9747124
        ]
      }
    },
    {
      "type": "Feature",
      "id": 6487815,
      "properties": {
        "operator": "Prefeitura Municipal de Rio de Janeiro",
        "operator:type": "public",
        "ref:CNES": "6487815",
        "source": "cnes;datasus;dados_abertos_saude",
        "official_name": "SMS UPA 24H VILA KENNEDY AP 51",
        "addr:street": "Rua Praca Dolomitas",
        "addr:suburb": "Vila Kennedy",
        "addr:city": "Rio de Janeiro",
        "addr:state": "RJ",
        "addr:country": "BR",
        "addr:postcode": "20211-901",
        "phone": "+55 46 96523-3998",
        "email": "faturamento.riosaude@gmail.com",
        "amenity": "clinic",
        "healthcare": "clinic",
        "emergency": "yes",
        "opening_hours": "24/7",
        "name": "UPA 24 Horas Maria Itália Freddo",
        "short_name": "UPA 24h",
        "comment": "UPA 24h",
        "qtd_equipes_esf": 1,
        "qtd_equipes_eap": 0,
        "qtd_equipes_total": 1,
        "capacidade_pnab": 3500,
        "nomes_equipes": ""
      },
      "geometry": {
        "type": "Point",
        "coordinates": [
          -43.4925878,
          -22.8547602
        ]
      }
    },
    {
      "type": "Feature",
      "id": 8001774,
      "properties": {
        "operator": "Prefeitura Municipal de Rio de Janeiro",
        "operator:type": "public",
        "ref:CNES": "8001774",
        "source": "cnes;datasus;dados_abertos_saude",
        "official_name": "SMS SUPERCENTRO CARIOCA DE SAUDE DIGITAL DO RJ AP 10",
        "addr:street": "Avenida Treze de Maio",
        "addr:housenumber": "23",
        "addr:city": "Rio de Janeiro",
        "addr:state": "RJ",
        "addr:country": "BR",
        "addr:postcode": "20031-007",
        "amenity": "clinic",
        "healthcare": "clinic",
        "name": "Sms Supercentro Carioca de Saude Digital do Rj Ap 10",
        "comment": "Outros Serviços de Saúde",
        "qtd_equipes_esf": 1,
        "qtd_equipes_eap": 0,
        "qtd_equipes_total": 1,
        "capacidade_pnab": 3500,
        "nomes_equipes": ""
      },
      "geometry": {
        "type": "Point",
        "coordinates": [
          -43.177331,
          -22.9092961
        ]
      }
    },
    {
      "type": "Feature",
      "id": 7031246,
      "properties": {
        "operator": "Prefeitura Municipal de Rio de Janeiro",
        "operator:type": "public",
        "ref:CNES": "7031246",
        "source": "cnes;datasus;dados_abertos_saude",
        "official_name": "UERJ NUCLEO TEC CIENTIFICO TELESSAUDE BRASIL REDES DO EST RJ",
        "addr:street": "Rua Boulevard 28 de Setembro",
        "addr:housenumber": "77",
        "addr:suburb": "Vila Isabel",
        "addr:city": "Rio de Janeiro",
        "addr:state": "RJ",
        "addr:country": "BR",
        "addr:postcode": "20551-030",
        "phone": "2139503333 R 22151",
        "email": "coordenacao@telessaude.uerj.br",
        "amenity": "clinic",
        "healthcare": "clinic",
        "name": "Uerj Nucleo Tec Cientifico Telessaude Brasil Redes do Est Rj",
        "comment": "Outros Serviços de Saúde",
        "qtd_equipes_esf": 1,
        "qtd_equipes_eap": 0,
        "qtd_equipes_total": 1,
        "capacidade_pnab": 3500,
        "nomes_equipes": ""
      },
      "geometry": {
        "type": "Point",
        "coordinates": [
          -43.2359755,
          -22.9143456
        ]
      }
    },
    {
      "type": "Feature",
      "id": 7274521,
      "properties": {
        "operator": "Governo do Estado (RJ)",
        "operator:type": "public",
        "ref:CNES": "7274521",
        "source": "cnes;datasus;dados_abertos_saude",
        "official_name": "CENTRAL DE REGULACAO DAS URGENCIAS DO MUNICIPIO DO RJ",
        "addr:street": "Rua Barao de Itapagipe",
        "addr:housenumber": "225",
        "addr:suburb": "Rio Comprido",
        "addr:city": "Rio de Janeiro",
        "addr:state": "RJ",
        "addr:country": "BR",
        "addr:postcode": "20261-005",
        "email": "luciel.santos@samu.fs.rj.gov.br",
        "emergency": "ambulance_station",
        "emergency_service": "technical_rescue",
        "opening_hours": "24/7",
        "name": "Central de Regulação Médica das Urgências (SAMU 192)",
        "short_name": "Regulação SAMU 192",
        "comment": "SAMU 192",
        "qtd_equipes_esf": 0,
        "qtd_equipes_eap": 0,
        "qtd_equipes_total": 0,
        "capacidade_pnab": 3500,
        "nomes_equipes": ""
      },
      "geometry": {
        "type": "Point",
        "coordinates": [
          -43.2131606,
          -22.9222363
        ]
      }
    },
    {
      "type": "Feature",
      "id": 9030476,
      "properties": {
        "operator": "Governo do Estado (RJ)",
        "operator:type": "public",
        "ref:CNES": "9030476",
        "source": "cnes;datasus;dados_abertos_saude",
        "official_name": "SES RJ OFICINA ORTOPEDICA ITINERANTE TERRESTRE",
        "addr:street": "Rua Barao de Itapagipe",
        "addr:housenumber": "225",
        "addr:suburb": "Rio Comprido",
        "addr:city": "Rio de Janeiro",
        "addr:state": "RJ",
        "addr:country": "BR",
        "addr:postcode": "20261-005",
        "amenity": "clinic",
        "healthcare": "clinic",
        "name": "Ses Rj Oficina Ortopedica Itinerante Terrestre",
        "comment": "Outros Serviços de Saúde",
        "qtd_equipes_esf": 1,
        "qtd_equipes_eap": 0,
        "qtd_equipes_total": 1,
        "capacidade_pnab": 3500,
        "nomes_equipes": ""
      },
      "geometry": {
        "type": "Point",
        "coordinates": [
          -43.214,
          -22.926
        ]
      }
    },
    {
      "type": "Feature",
      "id": 262196,
      "properties": {
        "operator": "Prefeitura Municipal de Rio de Janeiro",
        "operator:type": "public",
        "ref:CNES": "262196",
        "source": "cnes;datasus;dados_abertos_saude",
        "official_name": "FARMANGUINHOS",
        "addr:street": "Avenida Comandante Guaranys",
        "addr:housenumber": "447",
        "addr:suburb": "Jacarepagua",
        "addr:city": "Rio de Janeiro",
        "addr:state": "RJ",
        "addr:country": "BR",
        "addr:postcode": "22775-903",
        "phone": "+55 21 3348-5080",
        "amenity": "clinic",
        "healthcare": "clinic",
        "name": "Farmanguinhos",
        "comment": "Outros Serviços de Saúde",
        "qtd_equipes_esf": 1,
        "qtd_equipes_eap": 0,
        "qtd_equipes_total": 1,
        "capacidade_pnab": 3500,
        "nomes_equipes": ""
      },
      "geometry": {
        "type": "Point",
        "coordinates": [
          -43.3707148,
          -22.9515558
        ]
      }
    },
    {
      "type": "Feature",
      "id": 6171990,
      "properties": {
        "operator": "Prefeitura Municipal de Rio de Janeiro",
        "operator:type": "public",
        "ref:CNES": "6171990",
        "source": "cnes;datasus;dados_abertos_saude",
        "official_name": "FIOCRUZ IOC AMB ESCOLA DE DOENCAS GENETICAS DA VIDA ADULTA",
        "addr:street": "Avenida Brasil",
        "addr:housenumber": "4365",
        "addr:suburb": "Manguinhos",
        "addr:city": "Rio de Janeiro",
        "addr:state": "RJ",
        "addr:country": "BR",
        "addr:postcode": "21040-360",
        "phone": "+55 46 2561-1594",
        "email": "fernando.vargas@ioc.fiocruz.br",
        "amenity": "clinic",
        "healthcare": "clinic",
        "name": "Fiocruz Ioc Amb Escola de Doencas Geneticas da Vida Adulta",
        "comment": "Outros Serviços de Saúde",
        "qtd_equipes_esf": 1,
        "qtd_equipes_eap": 0,
        "qtd_equipes_total": 1,
        "capacidade_pnab": 3500,
        "nomes_equipes": ""
      },
      "geometry": {
        "type": "Point",
        "coordinates": [
          -43.4023632,
          -22.9393152
        ]
      }
    },
    {
      "type": "Feature",
      "id": 998613,
      "properties": {
        "operator": "Prefeitura Municipal de Rio de Janeiro",
        "operator:type": "public",
        "ref:CNES": "998613",
        "source": "cnes;datasus;dados_abertos_saude",
        "official_name": "FIOCRUZ IOC AMBULATORIO DE HEPATITES VIRAIS",
        "addr:street": "Rua Av Brasil",
        "addr:housenumber": "4365",
        "addr:suburb": "Manguinhos",
        "addr:city": "Rio de Janeiro",
        "addr:state": "RJ",
        "addr:country": "BR",
        "addr:postcode": "21040-360",
        "amenity": "clinic",
        "healthcare": "clinic",
        "name": "Fiocruz Ioc Ambulatorio de Hepatites Virais",
        "comment": "Outros Serviços de Saúde",
        "qtd_equipes_esf": 1,
        "qtd_equipes_eap": 0,
        "qtd_equipes_total": 1,
        "capacidade_pnab": 3500,
        "nomes_equipes": ""
      },
      "geometry": {
        "type": "Point",
        "coordinates": [
          -43.4023336,
          -22.9392995
        ]
      }
    },
    {
      "type": "Feature",
      "id": 924040,
      "properties": {
        "operator": "Prefeitura Municipal de Rio de Janeiro",
        "operator:type": "public",
        "ref:CNES": "924040",
        "source": "cnes;datasus;dados_abertos_saude",
        "official_name": "FIOCRUZ IOC CENTRAL ANALITICA",
        "addr:street": "Rua Av Brasil",
        "addr:housenumber": "4365",
        "addr:suburb": "Manguinhos",
        "addr:city": "Rio de Janeiro",
        "addr:state": "RJ",
        "addr:country": "BR",
        "addr:postcode": "21040-360",
        "phone": "2562-1610/1643",
        "email": "kesavelar@ioc.fiocruz.br",
        "amenity": "clinic",
        "healthcare": "clinic",
        "name": "Fiocruz Ioc Central Analitica",
        "comment": "Outros Serviços de Saúde",
        "qtd_equipes_esf": 1,
        "qtd_equipes_eap": 0,
        "qtd_equipes_total": 1,
        "capacidade_pnab": 3500,
        "nomes_equipes": ""
      },
      "geometry": {
        "type": "Point",
        "coordinates": [
          -43.4023336,
          -22.939331
        ]
      }
    },
    {
      "type": "Feature",
      "id": 876798,
      "properties": {
        "operator": "Prefeitura Municipal de Rio de Janeiro",
        "operator:type": "public",
        "ref:CNES": "876798",
        "source": "cnes;datasus;dados_abertos_saude",
        "official_name": "FIOCRUZ IOC LAB DE BIOL E PARSIT DE MAN E RESERV SILVESTRES",
        "addr:street": "Rua Av Brasil",
        "addr:housenumber": "4365",
        "addr:suburb": "Manguinhos",
        "addr:city": "Rio de Janeiro",
        "addr:state": "RJ",
        "addr:country": "BR",
        "addr:postcode": "21040-360",
        "phone": "+55 46 2562-1325",
        "email": "dandrea@ioc.fiocruz.br",
        "amenity": "clinic",
        "healthcare": "clinic",
        "name": "Fiocruz Ioc Lab de Biol e Parsit de Man e Reserv Silvestres",
        "comment": "Outros Serviços de Saúde",
        "qtd_equipes_esf": 1,
        "qtd_equipes_eap": 0,
        "qtd_equipes_total": 1,
        "capacidade_pnab": 3500,
        "nomes_equipes": ""
      },
      "geometry": {
        "type": "Point",
        "coordinates": [
          -43.4023632,
          -22.9393467
        ]
      }
    },
    {
      "type": "Feature",
      "id": 9489878,
      "properties": {
        "operator": "Prefeitura Municipal de Rio de Janeiro",
        "operator:type": "public",
        "ref:CNES": "9489878",
        "source": "cnes;datasus;dados_abertos_saude",
        "official_name": "FIOCRUZ IOC LAB DE DESENVOLVIMENTO TECNOLOGICO EM VIROLOGIA",
        "addr:street": "Rua Av Brasil Pav Hpp",
        "addr:housenumber": "4365",
        "addr:suburb": "Manguinhos",
        "addr:city": "Rio de Janeiro",
        "addr:state": "RJ",
        "addr:country": "BR",
        "addr:postcode": "21040-360",
        "email": "gentil@ioc.fiocruz.br",
        "amenity": "clinic",
        "healthcare": "clinic",
        "name": "Fiocruz Ioc Lab de Desenvolvimento Tecnologico em Virologia",
        "comment": "Outros Serviços de Saúde",
        "qtd_equipes_esf": 1,
        "qtd_equipes_eap": 0,
        "qtd_equipes_total": 1,
        "capacidade_pnab": 3500,
        "nomes_equipes": ""
      },
      "geometry": {
        "type": "Point",
        "coordinates": [
          -43.245306,
          -22.874956
        ]
      }
    },
    {
      "type": "Feature",
      "id": 9477098,
      "properties": {
        "operator": "Prefeitura Municipal de Rio de Janeiro",
        "operator:type": "public",
        "ref:CNES": "9477098",
        "source": "cnes;datasus;dados_abertos_saude",
        "official_name": "FIOCRUZ IOC LAB DE MOSQUITOS TRANS DE HEMATOZOARIOS",
        "addr:street": "Rua Av Brasil",
        "addr:housenumber": "4365",
        "addr:suburb": "Manguinhos",
        "addr:city": "Rio de Janeiro",
        "addr:state": "RJ",
        "addr:country": "BR",
        "addr:postcode": "21040-360",
        "phone": "+55 46 2562-1427",
        "email": "freitas@ioc.fiocruz.br",
        "amenity": "clinic",
        "healthcare": "clinic",
        "name": "Fiocruz Ioc Lab de Mosquitos Trans de Hematozoarios",
        "comment": "Outros Serviços de Saúde",
        "qtd_equipes_esf": 1,
        "qtd_equipes_eap": 0,
        "qtd_equipes_total": 1,
        "capacidade_pnab": 3500,
        "nomes_equipes": ""
      },
      "geometry": {
        "type": "Point",
        "coordinates": [
          -43.4023927,
          -22.939331
        ]
      }
    },
    {
      "type": "Feature",
      "id": 6647197,
      "properties": {
        "operator": "Prefeitura Municipal de Rio de Janeiro",
        "operator:type": "public",
        "ref:CNES": "6647197",
        "source": "cnes;datasus;dados_abertos_saude",
        "official_name": "FIOCRUZ IOC LAB DE REF NACIONAL EM HIDATIDOSE",
        "addr:street": "Rua Av Brasil",
        "addr:housenumber": "4365",
        "addr:suburb": "Manguinhos",
        "addr:city": "Rio de Janeiro",
        "addr:state": "RJ",
        "addr:country": "BR",
        "addr:postcode": "21040-360",
        "phone": "+55 46 2562-1485",
        "email": "rsilva@ioc.fiocruz.br",
        "amenity": "clinic",
        "healthcare": "clinic",
        "name": "Fiocruz Ioc Lab de Ref Nacional em Hidatidose",
        "comment": "Outros Serviços de Saúde",
        "qtd_equipes_esf": 1,
        "qtd_equipes_eap": 0,
        "qtd_equipes_total": 1,
        "capacidade_pnab": 3500,
        "nomes_equipes": ""
      },
      "geometry": {
        "type": "Point",
        "coordinates": [
          -43.4023927,
          -22.9392995
        ]
      }
    },
    {
      "type": "Feature",
      "id": 9481567,
      "properties": {
        "operator": "Prefeitura Municipal de Rio de Janeiro",
        "operator:type": "public",
        "ref:CNES": "9481567",
        "source": "cnes;datasus;dados_abertos_saude",
        "official_name": "FIOCRUZ IOC LAB DE REFERENCIA NACIONAL EM VETORES DAS RIQUET",
        "addr:street": "Avenida Brasil Pav Lauro Travassos",
        "addr:housenumber": "4365",
        "addr:suburb": "Manguinhos",
        "addr:city": "Rio de Janeiro",
        "addr:state": "RJ",
        "addr:country": "BR",
        "addr:postcode": "21040-360",
        "phone": "+55 46 2562-1340",
        "email": "gsgazeta@ioc.fiocruz.br",
        "amenity": "clinic",
        "healthcare": "clinic",
        "name": "Fiocruz Ioc Lab de Referencia Nacional em Vetores das Riquet",
        "comment": "Outros Serviços de Saúde",
        "qtd_equipes_esf": 1,
        "qtd_equipes_eap": 0,
        "qtd_equipes_total": 1,
        "capacidade_pnab": 3500,
        "nomes_equipes": ""
      },
      "geometry": {
        "type": "Point",
        "coordinates": [
          -43.4023632,
          -22.9392838
        ]
      }
    },
    {
      "type": "Feature",
      "id": 7523459,
      "properties": {
        "operator": "Prefeitura Municipal de Rio de Janeiro",
        "operator:type": "public",
        "ref:CNES": "7523459",
        "source": "cnes;datasus;dados_abertos_saude",
        "official_name": "FIOCRUZ IOC LAB INTER D VIG ENTOMOL EM DIPTERA E HEMIPTERA",
        "addr:street": "Rua Av Brasil",
        "addr:housenumber": "4365",
        "addr:suburb": "Manguinhos",
        "addr:city": "Rio de Janeiro",
        "addr:state": "RJ",
        "addr:country": "BR",
        "addr:postcode": "21040-360",
        "phone": "+55 46 2562-1303",
        "email": "efrangel@ioc.fiocruz.br",
        "amenity": "clinic",
        "healthcare": "clinic",
        "name": "Fiocruz Ioc Lab Inter D Vig Entomol em Diptera e Hemiptera",
        "comment": "Outros Serviços de Saúde",
        "qtd_equipes_esf": 1,
        "qtd_equipes_eap": 0,
        "qtd_equipes_total": 1,
        "capacidade_pnab": 3500,
        "nomes_equipes": ""
      },
      "geometry": {
        "type": "Point",
        "coordinates": [
          -43.4023336,
          -22.9392995
        ]
      }
    },
    {
      "type": "Feature",
      "id": 7523467,
      "properties": {
        "operator": "Prefeitura Municipal de Rio de Janeiro",
        "operator:type": "public",
        "ref:CNES": "7523467",
        "source": "cnes;datasus;dados_abertos_saude",
        "official_name": "FIOCRUZ IOC LAB INTERDISCIPLINAR DE PESQUISAS MEDICAS",
        "addr:street": "Rua Av Brasil",
        "addr:housenumber": "4365",
        "addr:suburb": "Manguinhos",
        "addr:city": "Rio de Janeiro",
        "addr:state": "RJ",
        "addr:country": "BR",
        "addr:postcode": "21040-360",
        "phone": "+55 46 2562-1040",
        "email": "cintia.mello@ioc.fiocruz.br",
        "amenity": "clinic",
        "healthcare": "clinic",
        "name": "Fiocruz Ioc Lab Interdisciplinar de Pesquisas Medicas",
        "comment": "Outros Serviços de Saúde",
        "qtd_equipes_esf": 1,
        "qtd_equipes_eap": 0,
        "qtd_equipes_total": 1,
        "capacidade_pnab": 3500,
        "nomes_equipes": ""
      },
      "geometry": {
        "type": "Point",
        "coordinates": [
          -43.4023336,
          -22.939331
        ]
      }
    },
    {
      "type": "Feature",
      "id": 7523335,
      "properties": {
        "operator": "Prefeitura Municipal de Rio de Janeiro",
        "operator:type": "public",
        "ref:CNES": "7523335",
        "source": "cnes;datasus;dados_abertos_saude",
        "official_name": "FIOCRUZ IOC LAB NAC E INTER DE REF EM TAX DE TRIATOMINEOS",
        "addr:street": "Rua Av Brasil",
        "addr:housenumber": "4365",
        "addr:suburb": "Manguinhos",
        "addr:city": "Rio de Janeiro",
        "addr:state": "RJ",
        "addr:country": "BR",
        "addr:postcode": "21040-360",
        "phone": "+55 46 2562-1621",
        "email": "galvao@ioc.fiocruz.br",
        "amenity": "clinic",
        "healthcare": "clinic",
        "name": "Fiocruz Ioc Lab Nac e Inter de Ref em Tax de Triatomineos",
        "comment": "Outros Serviços de Saúde",
        "qtd_equipes_esf": 1,
        "qtd_equipes_eap": 0,
        "qtd_equipes_total": 1,
        "capacidade_pnab": 3500,
        "nomes_equipes": ""
      },
      "geometry": {
        "type": "Point",
        "coordinates": [
          -43.4023632,
          -22.9393467
        ]
      }
    },
    {
      "type": "Feature",
      "id": 4046552,
      "properties": {
        "operator": "Prefeitura Municipal de Rio de Janeiro",
        "operator:type": "public",
        "ref:CNES": "4046552",
        "source": "cnes;datasus;dados_abertos_saude",
        "official_name": "FIOCRUZ IOC LABORATORIO DE AIDS E IMUNOLOGIA MOLECULAR",
        "addr:street": "Avenida Brasil",
        "addr:housenumber": "4365",
        "addr:suburb": "Manguinhos",
        "addr:city": "Rio de Janeiro",
        "addr:state": "RJ",
        "addr:country": "BR",
        "addr:postcode": "21040-360",
        "phone": "+55 21 3865-8154",
        "email": "coutofer@ioc.fiocruz.br",
        "amenity": "clinic",
        "healthcare": "clinic",
        "name": "Fiocruz Ioc Laboratorio de Aids e Imunologia Molecular",
        "comment": "Outros Serviços de Saúde",
        "qtd_equipes_esf": 1,
        "qtd_equipes_eap": 0,
        "qtd_equipes_total": 1,
        "capacidade_pnab": 3500,
        "nomes_equipes": ""
      },
      "geometry": {
        "type": "Point",
        "coordinates": [
          -43.2427777,
          -22.876994
        ]
      }
    },
    {
      "type": "Feature",
      "id": 7523378,
      "properties": {
        "operator": "Prefeitura Municipal de Rio de Janeiro",
        "operator:type": "public",
        "ref:CNES": "7523378",
        "source": "cnes;datasus;dados_abertos_saude",
        "official_name": "FIOCRUZ IOC LABORATORIO DE BIOLOGIA DE TRIPANOSSOMATIDEOS",
        "addr:street": "Rua Av Brasil",
        "addr:housenumber": "4365",
        "addr:suburb": "Manguinhos",
        "addr:city": "Rio de Janeiro",
        "addr:state": "RJ",
        "addr:country": "BR",
        "addr:postcode": "21040-360",
        "phone": "+55 46 2562-1416",
        "email": "roque@ioc.fiocruz.br",
        "amenity": "clinic",
        "healthcare": "clinic",
        "name": "Fiocruz Ioc Laboratorio de Biologia de Tripanossomatideos",
        "comment": "Outros Serviços de Saúde",
        "qtd_equipes_esf": 1,
        "qtd_equipes_eap": 0,
        "qtd_equipes_total": 1,
        "capacidade_pnab": 3500,
        "nomes_equipes": ""
      },
      "geometry": {
        "type": "Point",
        "coordinates": [
          -43.4023927,
          -22.939331
        ]
      }
    },
    {
      "type": "Feature",
      "id": 6851924,
      "properties": {
        "operator": "Prefeitura Municipal de Rio de Janeiro",
        "operator:type": "public",
        "ref:CNES": "6851924",
        "source": "cnes;datasus;dados_abertos_saude",
        "official_name": "FIOCRUZ IOC LABORATORIO DE ENTEROBACTERIAS",
        "addr:street": "Rua Av Brasil",
        "addr:housenumber": "4365",
        "addr:suburb": "Manguinhos",
        "addr:city": "Rio de Janeiro",
        "addr:state": "RJ",
        "addr:country": "BR",
        "addr:postcode": "21040-360",
        "phone": "+55 46 2562-1649",
        "email": "dalia@ioc.fiocruz.br",
        "amenity": "clinic",
        "healthcare": "clinic",
        "name": "Fiocruz Ioc Laboratorio de Enterobacterias",
        "comment": "Outros Serviços de Saúde",
        "qtd_equipes_esf": 1,
        "qtd_equipes_eap": 0,
        "qtd_equipes_total": 1,
        "capacidade_pnab": 3500,
        "nomes_equipes": ""
      },
      "geometry": {
        "type": "Point",
        "coordinates": [
          -43.4023927,
          -22.9392995
        ]
      }
    },
    {
      "type": "Feature",
      "id": 6851932,
      "properties": {
        "operator": "Prefeitura Municipal de Rio de Janeiro",
        "operator:type": "public",
        "ref:CNES": "6851932",
        "source": "cnes;datasus;dados_abertos_saude",
        "official_name": "FIOCRUZ IOC LABORATORIO DE ENTEROVIRUS",
        "addr:street": "Rua Av Brasil",
        "addr:housenumber": "4365",
        "addr:suburb": "Manguinhos",
        "addr:city": "Rio de Janeiro",
        "addr:state": "RJ",
        "addr:country": "BR",
        "addr:postcode": "21040-360",
        "phone": "+55 46 2562-1820",
        "email": "edson@ioc.fiocruz.br",
        "amenity": "clinic",
        "healthcare": "clinic",
        "name": "Fiocruz Ioc Laboratorio de Enterovirus",
        "comment": "Outros Serviços de Saúde",
        "qtd_equipes_esf": 1,
        "qtd_equipes_eap": 0,
        "qtd_equipes_total": 1,
        "capacidade_pnab": 3500,
        "nomes_equipes": ""
      },
      "geometry": {
        "type": "Point",
        "coordinates": [
          -43.4023632,
          -22.9392838
        ]
      }
    },
    {
      "type": "Feature",
      "id": 6851940,
      "properties": {
        "operator": "Prefeitura Municipal de Rio de Janeiro",
        "operator:type": "public",
        "ref:CNES": "6851940",
        "source": "cnes;datasus;dados_abertos_saude",
        "official_name": "FIOCRUZ IOC LABORATORIO DE FISIOLOGIA BACTERIANA",
        "addr:street": "Rua Av Brasil",
        "addr:housenumber": "4365",
        "addr:suburb": "Manguinhos",
        "addr:city": "Rio de Janeiro",
        "addr:state": "RJ",
        "addr:country": "BR",
        "addr:postcode": "21040-360",
        "phone": "+55 46 2562-1637",
        "email": "avivoni@ioc.fiocruz.br",
        "amenity": "clinic",
        "healthcare": "clinic",
        "name": "Fiocruz Ioc Laboratorio de Fisiologia Bacteriana",
        "comment": "Outros Serviços de Saúde",
        "qtd_equipes_esf": 1,
        "qtd_equipes_eap": 0,
        "qtd_equipes_total": 1,
        "capacidade_pnab": 3500,
        "nomes_equipes": ""
      },
      "geometry": {
        "type": "Point",
        "coordinates": [
          -43.4023336,
          -22.9392995
        ]
      }
    },
    {
      "type": "Feature",
      "id": 6582834,
      "properties": {
        "operator": "Prefeitura Municipal de Rio de Janeiro",
        "operator:type": "public",
        "ref:CNES": "6582834",
        "source": "cnes;datasus;dados_abertos_saude",
        "official_name": "FIOCRUZ IOC LABORATORIO DE FLAVIVIRUS",
        "addr:street": "Rua Av Brasil",
        "addr:housenumber": "4365",
        "addr:suburb": "Manguinhos",
        "addr:city": "Rio de Janeiro",
        "addr:state": "RJ",
        "addr:country": "BR",
        "addr:postcode": "21040-360",
        "phone": "+55 46 2562-1707",
        "email": "abispo@ioc.fiocruz.br",
        "amenity": "clinic",
        "healthcare": "clinic",
        "name": "Fiocruz Ioc Laboratorio de Flavivirus",
        "comment": "Outros Serviços de Saúde",
        "qtd_equipes_esf": 1,
        "qtd_equipes_eap": 0,
        "qtd_equipes_total": 1,
        "capacidade_pnab": 3500,
        "nomes_equipes": ""
      },
      "geometry": {
        "type": "Point",
        "coordinates": [
          -43.4023336,
          -22.939331
        ]
      }
    },
    {
      "type": "Feature",
      "id": 4046544,
      "properties": {
        "operator": "Prefeitura Municipal de Rio de Janeiro",
        "operator:type": "public",
        "ref:CNES": "4046544",
        "source": "cnes;datasus;dados_abertos_saude",
        "official_name": "FIOCRUZ IOC LABORATORIO DE HEPATITES VIRAIS",
        "addr:street": "Rua Av Brasil",
        "addr:housenumber": "4365",
        "addr:suburb": "Manguinhos",
        "addr:city": "Rio de Janeiro",
        "addr:state": "RJ",
        "addr:country": "BR",
        "addr:postcode": "21040-360",
        "phone": "+55 46 2562-1751",
        "email": "lvillar@ioc.fiocruz.br",
        "amenity": "clinic",
        "healthcare": "clinic",
        "name": "Fiocruz Ioc Laboratorio de Hepatites Virais",
        "comment": "Outros Serviços de Saúde",
        "qtd_equipes_esf": 1,
        "qtd_equipes_eap": 0,
        "qtd_equipes_total": 1,
        "capacidade_pnab": 3500,
        "nomes_equipes": ""
      },
      "geometry": {
        "type": "Point",
        "coordinates": [
          -43.4023632,
          -22.9393467
        ]
      }
    },
    {
      "type": "Feature",
      "id": 7232535,
      "properties": {
        "operator": "Prefeitura Municipal de Rio de Janeiro",
        "operator:type": "public",
        "ref:CNES": "7232535",
        "source": "cnes;datasus;dados_abertos_saude",
        "official_name": "FIOCRUZ IOC LABORATORIO DE MALACOLOGIA MEDICA",
        "addr:street": "Rua Av Brasil",
        "addr:housenumber": "4365",
        "addr:suburb": "Manguinhos",
        "addr:city": "Rio de Janeiro",
        "addr:state": "RJ",
        "addr:country": "BR",
        "addr:postcode": "21040-360",
        "phone": "+55 46 2562-1234",
        "email": "sthiengo@ioc.fiocruz.br",
        "amenity": "clinic",
        "healthcare": "clinic",
        "name": "Fiocruz Ioc Laboratorio de Malacologia Medica",
        "comment": "Outros Serviços de Saúde",
        "qtd_equipes_esf": 1,
        "qtd_equipes_eap": 0,
        "qtd_equipes_total": 1,
        "capacidade_pnab": 3500,
        "nomes_equipes": ""
      },
      "geometry": {
        "type": "Point",
        "coordinates": [
          -43.4023927,
          -22.939331
        ]
      }
    },
    {
      "type": "Feature",
      "id": 880043,
      "properties": {
        "operator": "Prefeitura Municipal de Rio de Janeiro",
        "operator:type": "public",
        "ref:CNES": "880043",
        "source": "cnes;datasus;dados_abertos_saude",
        "official_name": "FIOCRUZ IOC LABORATORIO DE PESQUISA EM LEISHMANIOSE",
        "addr:street": "Rua Av Brasil",
        "addr:housenumber": "4365",
        "addr:suburb": "Manguinhos",
        "addr:city": "Rio de Janeiro",
        "addr:state": "RJ",
        "addr:country": "BR",
        "addr:postcode": "21040-360",
        "phone": "+55 46 3865-8195",
        "email": "elisa.cupolillo@ioc.fiocruz.br",
        "amenity": "clinic",
        "healthcare": "clinic",
        "name": "Fiocruz Ioc Laboratorio de Pesquisa em Leishmaniose",
        "comment": "Outros Serviços de Saúde",
        "qtd_equipes_esf": 1,
        "qtd_equipes_eap": 0,
        "qtd_equipes_total": 1,
        "capacidade_pnab": 3500,
        "nomes_equipes": ""
      },
      "geometry": {
        "type": "Point",
        "coordinates": [
          -43.4023927,
          -22.9392995
        ]
      }
    },
    {
      "type": "Feature",
      "id": 7523416,
      "properties": {
        "operator": "Prefeitura Municipal de Rio de Janeiro",
        "operator:type": "public",
        "ref:CNES": "7523416",
        "source": "cnes;datasus;dados_abertos_saude",
        "official_name": "FIOCRUZ IOC LABORATORIO DE PESQUISA EM MALARIA",
        "addr:street": "Rua Av Brasil",
        "addr:housenumber": "4365",
        "addr:suburb": "Manguinhos",
        "addr:city": "Rio de Janeiro",
        "addr:state": "RJ",
        "addr:country": "BR",
        "addr:postcode": "21040-360",
        "phone": "+55 46 3865-8105",
        "email": "ribeiro@ioc.fiocruz.br",
        "amenity": "clinic",
        "healthcare": "clinic",
        "name": "Fiocruz Ioc Laboratorio de Pesquisa em Malaria",
        "comment": "Outros Serviços de Saúde",
        "qtd_equipes_esf": 1,
        "qtd_equipes_eap": 0,
        "qtd_equipes_total": 1,
        "capacidade_pnab": 3500,
        "nomes_equipes": ""
      },
      "geometry": {
        "type": "Point",
        "coordinates": [
          -43.4023632,
          -22.9392838
        ]
      }
    },
    {
      "type": "Feature",
      "id": 6582842,
      "properties": {
        "operator": "Prefeitura Municipal de Rio de Janeiro",
        "operator:type": "public",
        "ref:CNES": "6582842",
        "source": "cnes;datasus;dados_abertos_saude",
        "official_name": "FIOCRUZ IOC LABORATORIO DE REFERENCIA LEPTOSPIROSE",
        "addr:street": "Rua Av Brasil",
        "addr:housenumber": "4365",
        "addr:suburb": "Manguinhos",
        "addr:city": "Rio de Janeiro",
        "addr:state": "RJ",
        "addr:country": "BR",
        "addr:postcode": "21040-360",
        "phone": "2562-1610/1643",
        "email": "kesavelar@ioc.fiocruz.br",
        "amenity": "clinic",
        "healthcare": "clinic",
        "name": "Fiocruz Ioc Laboratorio de Referencia Leptospirose",
        "comment": "Outros Serviços de Saúde",
        "qtd_equipes_esf": 1,
        "qtd_equipes_eap": 0,
        "qtd_equipes_total": 1,
        "capacidade_pnab": 3500,
        "nomes_equipes": ""
      },
      "geometry": {
        "type": "Point",
        "coordinates": [
          -43.4023336,
          -22.9392995
        ]
      }
    },
    {
      "type": "Feature",
      "id": 7232551,
      "properties": {
        "operator": "Prefeitura Municipal de Rio de Janeiro",
        "operator:type": "public",
        "ref:CNES": "7232551",
        "source": "cnes;datasus;dados_abertos_saude",
        "official_name": "FIOCRUZ IOC LABORATORIO DE SIMULIDEOS E ONCOCERCOSE",
        "addr:street": "Rua Av Brasil",
        "addr:housenumber": "4365",
        "addr:suburb": "Manguinhos",
        "addr:city": "Rio de Janeiro",
        "addr:state": "RJ",
        "addr:country": "BR",
        "addr:postcode": "21040-360",
        "phone": "+55 46 2562-1630",
        "email": "erikar@ioc.fiocruz.br",
        "amenity": "clinic",
        "healthcare": "clinic",
        "name": "Fiocruz Ioc Laboratorio de Simulideos e Oncocercose",
        "comment": "Outros Serviços de Saúde",
        "qtd_equipes_esf": 1,
        "qtd_equipes_eap": 0,
        "qtd_equipes_total": 1,
        "capacidade_pnab": 3500,
        "nomes_equipes": ""
      },
      "geometry": {
        "type": "Point",
        "coordinates": [
          -43.4023336,
          -22.939331
        ]
      }
    },
    {
      "type": "Feature",
      "id": 6851967,
      "properties": {
        "operator": "Prefeitura Municipal de Rio de Janeiro",
        "operator:type": "public",
        "ref:CNES": "6851967",
        "source": "cnes;datasus;dados_abertos_saude",
        "official_name": "FIOCRUZ IOC LABORATORIO DE VIROLOGIA COMPARADA",
        "addr:street": "Rua Av Brasil",
        "addr:housenumber": "4365",
        "addr:suburb": "Manguinhos",
        "addr:city": "Rio de Janeiro",
        "addr:state": "RJ",
        "addr:country": "BR",
        "addr:postcode": "21040-360",
        "phone": "+55 46 2562-1817",
        "email": "tuliomf@ioc.fiocruz.br",
        "amenity": "clinic",
        "healthcare": "clinic",
        "name": "Fiocruz Ioc Laboratorio de Virologia Comparada",
        "comment": "Outros Serviços de Saúde",
        "qtd_equipes_esf": 1,
        "qtd_equipes_eap": 0,
        "qtd_equipes_total": 1,
        "capacidade_pnab": 3500,
        "nomes_equipes": ""
      },
      "geometry": {
        "type": "Point",
        "coordinates": [
          -43.4023632,
          -22.9393467
        ]
      }
    },
    {
      "type": "Feature",
      "id": 5544459,
      "properties": {
        "operator": "Prefeitura Municipal de Rio de Janeiro",
        "operator:type": "public",
        "ref:CNES": "5544459",
        "source": "cnes;datasus;dados_abertos_saude",
        "official_name": "FIOCRUZ IOC LABORATORIO DE VIROLOGIA E PARASITOLOGIA MOLECUL",
        "addr:street": "Rua Av Brasil",
        "addr:housenumber": "4365",
        "addr:suburb": "Maguinhos",
        "addr:city": "Rio de Janeiro",
        "addr:state": "RJ",
        "addr:country": "BR",
        "addr:postcode": "21040-360",
        "phone": "+55 46 2562-1936",
        "email": "otacilio@ioc.fiocruz.br",
        "amenity": "clinic",
        "healthcare": "clinic",
        "name": "Fiocruz Ioc Laboratorio de Virologia e Parasitologia Molecul",
        "comment": "Outros Serviços de Saúde",
        "qtd_equipes_esf": 1,
        "qtd_equipes_eap": 0,
        "qtd_equipes_total": 1,
        "capacidade_pnab": 3500,
        "nomes_equipes": ""
      },
      "geometry": {
        "type": "Point",
        "coordinates": [
          -43.4023927,
          -22.939331
        ]
      }
    },
    {
      "type": "Feature",
      "id": 6582761,
      "properties": {
        "operator": "Prefeitura Municipal de Rio de Janeiro",
        "operator:type": "public",
        "ref:CNES": "6582761",
        "source": "cnes;datasus;dados_abertos_saude",
        "official_name": "FIOCRUZ IOC LABORATORIO DE VIRUS RESPIRATORIO E SARAMPO",
        "addr:street": "Rua Av Brasil",
        "addr:housenumber": "4365",
        "addr:suburb": "Manguinhos",
        "addr:city": "Rio de Janeiro",
        "addr:state": "RJ",
        "addr:country": "BR",
        "addr:postcode": "21040-360",
        "phone": "+55 46 2562-1778",
        "email": "mmsiq@ioc.fiocruz.br",
        "amenity": "clinic",
        "healthcare": "clinic",
        "name": "Fiocruz Ioc Laboratorio de Virus Respiratorio e Sarampo",
        "comment": "Outros Serviços de Saúde",
        "qtd_equipes_esf": 1,
        "qtd_equipes_eap": 0,
        "qtd_equipes_total": 1,
        "capacidade_pnab": 3500,
        "nomes_equipes": ""
      },
      "geometry": {
        "type": "Point",
        "coordinates": [
          -43.4023927,
          -22.9392995
        ]
      }
    },
    {
      "type": "Feature",
      "id": 7523386,
      "properties": {
        "operator": "Prefeitura Municipal de Rio de Janeiro",
        "operator:type": "public",
        "ref:CNES": "7523386",
        "source": "cnes;datasus;dados_abertos_saude",
        "official_name": "FIOCRUZ IOC LABORATORIO IMUNOMODULACAO E PROTOZOOLOGIA",
        "addr:street": "Rua Av Brasil",
        "addr:housenumber": "4365",
        "addr:suburb": "Manguinhos",
        "addr:city": "Rio de Janeiro",
        "addr:state": "RJ",
        "addr:country": "BR",
        "addr:postcode": "21040-360",
        "phone": "+55 46 2562-1879",
        "email": "calabrese@ioc.fiocruz.br",
        "amenity": "clinic",
        "healthcare": "clinic",
        "name": "Fiocruz Ioc Laboratorio Imunomodulacao e Protozoologia",
        "comment": "Outros Serviços de Saúde",
        "qtd_equipes_esf": 1,
        "qtd_equipes_eap": 0,
        "qtd_equipes_total": 1,
        "capacidade_pnab": 3500,
        "nomes_equipes": ""
      },
      "geometry": {
        "type": "Point",
        "coordinates": [
          -43.4023632,
          -22.9392838
        ]
      }
    },
    {
      "type": "Feature",
      "id": 6996620,
      "properties": {
        "operator": "Prefeitura Municipal de Rio de Janeiro",
        "operator:type": "public",
        "ref:CNES": "6996620",
        "source": "cnes;datasus;dados_abertos_saude",
        "official_name": "LABORATORIO DE PESQUISA EM INFECCAO HOSPITALAR",
        "addr:street": "Avenida Brasil",
        "addr:housenumber": "4365",
        "addr:suburb": "Manguinhos",
        "addr:city": "Rio de Janeiro",
        "addr:state": "RJ",
        "addr:country": "BR",
        "addr:postcode": "21040-360",
        "email": "anapdca@ioc.fiocruz.br",
        "amenity": "clinic",
        "healthcare": "clinic",
        "name": "Laboratorio de Pesquisa em Infeccao Hospitalar",
        "comment": "Outros Serviços de Saúde",
        "qtd_equipes_esf": 1,
        "qtd_equipes_eap": 0,
        "qtd_equipes_total": 1,
        "capacidade_pnab": 3500,
        "nomes_equipes": ""
      },
      "geometry": {
        "type": "Point",
        "coordinates": [
          -43.2452764,
          -22.8749403
        ]
      }
    },
    {
      "type": "Feature",
      "id": 379077,
      "properties": {
        "operator": "Prefeitura Municipal de Rio de Janeiro",
        "operator:type": "public",
        "ref:CNES": "379077",
        "source": "cnes;datasus;dados_abertos_saude",
        "official_name": "LABORATORIO DE VIROLOGIA MOLECULAR IB UFRJ",
        "addr:street": "Avenida Carlos Chagas Filho",
        "addr:housenumber": "373",
        "addr:suburb": "Ilha do Fundao",
        "addr:city": "Rio de Janeiro",
        "addr:state": "RJ",
        "addr:country": "BR",
        "addr:postcode": "21941-902",
        "phone": "+55 21 3928-0483",
        "email": "rossi.ad@icloud.com",
        "amenity": "clinic",
        "healthcare": "clinic",
        "name": "Laboratorio de Virologia Molecular Ib Ufrj",
        "comment": "Outros Serviços de Saúde",
        "qtd_equipes_esf": 1,
        "qtd_equipes_eap": 0,
        "qtd_equipes_total": 1,
        "capacidade_pnab": 3500,
        "nomes_equipes": ""
      },
      "geometry": {
        "type": "Point",
        "coordinates": [
          -43.234092,
          -22.842129
        ]
      }
    },
    {
      "type": "Feature",
      "id": 2766779,
      "properties": {
        "operator": "Governo do Estado (RJ)",
        "operator:type": "public",
        "ref:CNES": "2766779",
        "source": "cnes;datasus;dados_abertos_saude",
        "official_name": "SES RJ LACENN RJ LABORATORIO CENTRAL NOEL NUTELS",
        "addr:street": "Rua do Resende",
        "addr:housenumber": "118",
        "addr:city": "Rio de Janeiro",
        "addr:state": "RJ",
        "addr:country": "BR",
        "addr:postcode": "20231-092",
        "phone": "+55 21 3231-7090",
        "email": "dad@lacen.fs.rj.gov.br",
        "amenity": "clinic",
        "healthcare": "clinic",
        "name": "Ses Rj Lacenn Rj Laboratorio Central Noel Nutels",
        "comment": "Outros Serviços de Saúde",
        "qtd_equipes_esf": 1,
        "qtd_equipes_eap": 0,
        "qtd_equipes_total": 1,
        "capacidade_pnab": 3500,
        "nomes_equipes": ""
      },
      "geometry": {
        "type": "Point",
        "coordinates": [
          -43.1865585,
          -22.9132783
        ]
      }
    },
    {
      "type": "Feature",
      "id": 377686,
      "properties": {
        "operator": "Prefeitura Municipal de Rio de Janeiro",
        "operator:type": "public",
        "ref:CNES": "377686",
        "source": "cnes;datasus;dados_abertos_saude",
        "official_name": "SMS LABORATORIO DE INVERTEBRADOS DA VIG EM SAUDE AMBIENTAL",
        "addr:street": "Avenida Pedro II",
        "addr:housenumber": "278",
        "addr:suburb": "São Cristóvão",
        "addr:city": "Rio de Janeiro",
        "addr:state": "RJ",
        "addr:country": "BR",
        "addr:postcode": "20941-070",
        "phone": "+55 46 3895-8321",
        "email": "cvas.rio@gmail.com",
        "amenity": "clinic",
        "healthcare": "clinic",
        "name": "Sms Laboratorio de Invertebrados da Vig em Saude Ambiental",
        "comment": "Outros Serviços de Saúde",
        "qtd_equipes_esf": 1,
        "qtd_equipes_eap": 0,
        "qtd_equipes_total": 1,
        "capacidade_pnab": 3500,
        "nomes_equipes": ""
      },
      "geometry": {
        "type": "Point",
        "coordinates": [
          -43.2169962,
          -22.9040084
        ]
      }
    },
    {
      "type": "Feature",
      "id": 7663161,
      "properties": {
        "operator": "Prefeitura Municipal de Rio de Janeiro",
        "operator:type": "public",
        "ref:CNES": "7663161",
        "source": "cnes;datasus;dados_abertos_saude",
        "official_name": "SMS LABORATORIOS DA SUBVISA",
        "addr:street": "Avenida Bartolomeu de Gusmao",
        "addr:housenumber": "1120",
        "addr:suburb": "São Cristóvão",
        "addr:city": "Rio de Janeiro",
        "addr:state": "RJ",
        "addr:country": "BR",
        "addr:postcode": "20941-160",
        "phone": "+55 21 2567-7831",
        "email": "labdecontroledeprodutos.rj@gmail.com",
        "amenity": "clinic",
        "healthcare": "clinic",
        "name": "Sms Laboratorios da Subvisa",
        "comment": "Outros Serviços de Saúde",
        "qtd_equipes_esf": 1,
        "qtd_equipes_eap": 0,
        "qtd_equipes_total": 1,
        "capacidade_pnab": 3500,
        "nomes_equipes": ""
      },
      "geometry": {
        "type": "Point",
        "coordinates": [
          -43.2314747,
          -22.9084585
        ]
      }
    },
    {
      "type": "Feature",
      "id": 149101,
      "properties": {
        "operator": "Prefeitura Municipal de Rio de Janeiro",
        "operator:type": "public",
        "ref:CNES": "149101",
        "source": "cnes;datasus;dados_abertos_saude",
        "official_name": "UNIDADE DE APOIO AO DIAGNOSTICO UNADIG FIOCRUZ RJ",
        "addr:street": "Rua Av Brasil",
        "addr:housenumber": "4365",
        "addr:suburb": "Manguinhos",
        "addr:city": "Rio de Janeiro",
        "addr:state": "RJ",
        "addr:country": "BR",
        "addr:postcode": "21040-900",
        "phone": "+55 21 2088-3939",
        "email": "erika.decarvalho@fiocruz.br",
        "amenity": "clinic",
        "healthcare": "diagnostic_centre",
        "name": "Unidade de Apoio Ao Diagnóstico Unadig Fiocruz Rj",
        "comment": "Diagnóstico por Imagem",
        "qtd_equipes_esf": 1,
        "qtd_equipes_eap": 0,
        "qtd_equipes_total": 1,
        "capacidade_pnab": 3500,
        "nomes_equipes": ""
      },
      "geometry": {
        "type": "Point",
        "coordinates": [
          -43.2260513,
          -22.8987901
        ]
      }
    },
    {
      "type": "Feature",
      "id": 5935431,
      "properties": {
        "operator": "Governo do Estado (RJ)",
        "operator:type": "public",
        "ref:CNES": "5935431",
        "source": "cnes;datasus;dados_abertos_saude",
        "official_name": "SES RJ COMPLEXO ESTADUAL DE REGULACAO DE ALTA COMPLEXIDADE",
        "addr:street": "Rua Barao de Itapagipe",
        "addr:housenumber": "225",
        "addr:suburb": "Rio Comprido",
        "addr:city": "Rio de Janeiro",
        "addr:state": "RJ",
        "addr:country": "BR",
        "addr:postcode": "20261-005",
        "phone": "+55 21 3385-9000",
        "office": "government",
        "government": "healthcare",
        "name": "Sistema Municipal de Auditoria e Regulação em Saúde",
        "comment": "Auditoria e Regulação",
        "qtd_equipes_esf": 0,
        "qtd_equipes_eap": 0,
        "qtd_equipes_total": 0,
        "capacidade_pnab": 3500,
        "nomes_equipes": ""
      },
      "geometry": {
        "type": "Point",
        "coordinates": [
          -43.216,
          -22.921
        ]
      }
    },
    {
      "type": "Feature",
      "id": 7106513,
      "properties": {
        "operator": "Prefeitura Municipal de Rio de Janeiro",
        "operator:type": "public",
        "ref:CNES": "7106513",
        "source": "cnes;datasus;dados_abertos_saude",
        "official_name": "SMS COMPLEXO REGULADOR DA CIDADE DO RIO DE JANEIRO",
        "addr:street": "Rua Praca da Republica",
        "addr:housenumber": "111",
        "addr:city": "Rio de Janeiro",
        "addr:state": "RJ",
        "addr:country": "BR",
        "addr:postcode": "20211-350",
        "phone": "+55 46 3806-0700",
        "email": "creguladorcnes@gmail.com",
        "office": "government",
        "government": "healthcare",
        "name": "Sistema Municipal de Auditoria e Regulação em Saúde",
        "comment": "Auditoria e Regulação",
        "qtd_equipes_esf": 0,
        "qtd_equipes_eap": 0,
        "qtd_equipes_total": 0,
        "capacidade_pnab": 3500,
        "nomes_equipes": ""
      },
      "geometry": {
        "type": "Point",
        "coordinates": [
          -43.190217,
          -22.907873
        ]
      }
    },
    {
      "type": "Feature",
      "id": 7786654,
      "properties": {
        "operator": "Governo do Estado (RJ)",
        "operator:type": "public",
        "ref:CNES": "7786654",
        "source": "cnes;datasus;dados_abertos_saude",
        "official_name": "PROGRAMA ESTADUAL DE TRANSPLANTE",
        "addr:street": "Rua Barao de Itapagipe",
        "addr:housenumber": "225",
        "addr:suburb": "Rio Comprido",
        "addr:city": "Rio de Janeiro",
        "addr:state": "RJ",
        "addr:country": "BR",
        "addr:postcode": "20261-901",
        "phone": "+55 46 3293-1600",
        "email": "transplantes@saude.rj.gov.br",
        "amenity": "clinic",
        "healthcare": "clinic",
        "name": "Programa Estadual de Transplante",
        "comment": "Outros Serviços de Saúde",
        "qtd_equipes_esf": 1,
        "qtd_equipes_eap": 0,
        "qtd_equipes_total": 1,
        "capacidade_pnab": 3500,
        "nomes_equipes": ""
      },
      "geometry": {
        "type": "Point",
        "coordinates": [
          -43.2131837,
          -22.9212221
        ]
      }
    },
    {
      "type": "Feature",
      "id": 5471591,
      "properties": {
        "operator": "Prefeitura Municipal de Rio de Janeiro",
        "operator:type": "public",
        "ref:CNES": "5471591",
        "source": "cnes;datasus;dados_abertos_saude",
        "official_name": "SMS CECO MARACANA AP 22",
        "addr:street": "Rua Av Bartolomeu de Gusmao",
        "addr:housenumber": "1001",
        "addr:suburb": "São Cristóvão",
        "addr:city": "Rio de Janeiro",
        "addr:state": "RJ",
        "addr:country": "BR",
        "addr:postcode": "20941-160",
        "amenity": "clinic",
        "healthcare": "clinic",
        "name": "Sms Ceco Maracana Ap 22",
        "comment": "Outros Serviços de Saúde",
        "qtd_equipes_esf": 1,
        "qtd_equipes_eap": 0,
        "qtd_equipes_total": 1,
        "capacidade_pnab": 3500,
        "nomes_equipes": ""
      },
      "geometry": {
        "type": "Point",
        "coordinates": [
          -43.233947,
          -22.908475
        ]
      }
    },
    {
      "type": "Feature",
      "id": 5463416,
      "properties": {
        "operator": "Prefeitura Municipal de Rio de Janeiro",
        "operator:type": "public",
        "ref:CNES": "5463416",
        "source": "cnes;datasus;dados_abertos_saude",
        "official_name": "SMS CECO NEREU LOPES AP 31",
        "addr:street": "Rua Flora Lobo",
        "addr:suburb": "Penha Circular",
        "addr:city": "Rio de Janeiro",
        "addr:state": "RJ",
        "addr:country": "BR",
        "addr:postcode": "21235-605",
        "phone": "+55 21 99999-9999",
        "amenity": "clinic",
        "healthcare": "clinic",
        "name": "Sms Ceco Nereu Lopes Ap 31",
        "comment": "Outros Serviços de Saúde",
        "qtd_equipes_esf": 1,
        "qtd_equipes_eap": 0,
        "qtd_equipes_total": 1,
        "capacidade_pnab": 3500,
        "nomes_equipes": ""
      },
      "geometry": {
        "type": "Point",
        "coordinates": [
          -43.29048,
          -22.83901
        ]
      }
    },
    {
      "type": "Feature",
      "id": 5462169,
      "properties": {
        "operator": "Prefeitura Municipal de Rio de Janeiro",
        "operator:type": "public",
        "ref:CNES": "5462169",
        "source": "cnes;datasus;dados_abertos_saude",
        "official_name": "SMS CECO PEDRA BRANCA AP 40",
        "addr:street": "Avenida Viana do Castelo",
        "addr:suburb": "Taquara",
        "addr:city": "Rio de Janeiro",
        "addr:state": "RJ",
        "addr:country": "BR",
        "addr:postcode": "22713-587",
        "phone": "+55 21 98742-2033",
        "email": "ceccopbpsicologia@gmail.com",
        "amenity": "clinic",
        "healthcare": "clinic",
        "name": "Sms Ceco Pedra Branca Ap 40",
        "comment": "Outros Serviços de Saúde",
        "qtd_equipes_esf": 1,
        "qtd_equipes_eap": 0,
        "qtd_equipes_total": 1,
        "capacidade_pnab": 3500,
        "nomes_equipes": ""
      },
      "geometry": {
        "type": "Point",
        "coordinates": [
          -43.227853,
          -22.876649
        ]
      }
    },
    {
      "type": "Feature",
      "id": 5462045,
      "properties": {
        "operator": "Prefeitura Municipal de Rio de Janeiro",
        "operator:type": "public",
        "ref:CNES": "5462045",
        "source": "cnes;datasus;dados_abertos_saude",
        "official_name": "SMS CECO TRILHOS DO ENGENHO AP 32",
        "addr:street": "Rua Ramiro Magalhaes",
        "addr:housenumber": "521",
        "addr:suburb": "Engenho de Dentro",
        "addr:city": "Rio de Janeiro",
        "addr:state": "RJ",
        "addr:country": "BR",
        "addr:postcode": "20730-460",
        "phone": "+55 46 3111-7506",
        "email": "faturamento.nise@gmail.com",
        "amenity": "clinic",
        "healthcare": "clinic",
        "name": "Sms Ceco Trilhos do Engenho Ap 32",
        "comment": "Outros Serviços de Saúde",
        "qtd_equipes_esf": 1,
        "qtd_equipes_eap": 0,
        "qtd_equipes_total": 1,
        "capacidade_pnab": 3500,
        "nomes_equipes": ""
      },
      "geometry": {
        "type": "Point",
        "coordinates": [
          -43.302178,
          -22.9014121
        ]
      }
    },
    {
      "type": "Feature",
      "id": 4255682,
      "properties": {
        "operator": "Prefeitura Municipal de Rio de Janeiro",
        "operator:type": "public",
        "ref:CNES": "4255682",
        "source": "cnes;datasus;dados_abertos_saude",
        "official_name": "SMS CECO ZO FAZENDO ARTE AP 52",
        "addr:street": "Estrada da Caroba",
        "addr:housenumber": "449",
        "addr:suburb": "Campo Grande",
        "addr:city": "Rio de Janeiro",
        "addr:state": "RJ",
        "addr:country": "BR",
        "addr:postcode": "23085-590",
        "email": "centrodeconvivenciaecultura@gmail.com",
        "amenity": "clinic",
        "healthcare": "clinic",
        "name": "Sms Ceco Zo Fazendo Arte Ap 52",
        "comment": "Outros Serviços de Saúde",
        "qtd_equipes_esf": 1,
        "qtd_equipes_eap": 0,
        "qtd_equipes_total": 1,
        "capacidade_pnab": 3500,
        "nomes_equipes": ""
      },
      "geometry": {
        "type": "Point",
        "coordinates": [
          -43.55305,
          -22.89827
        ]
      }
    },
    {
      "type": "Feature",
      "id": 6851959,
      "properties": {
        "operator": "Prefeitura Municipal de Rio de Janeiro",
        "operator:type": "public",
        "ref:CNES": "6851959",
        "source": "cnes;datasus;dados_abertos_saude",
        "official_name": "FIOCRUZ IOC LABORATORIO DE HANTAVIROSE E RICKETSIOSES",
        "addr:street": "Avenida Brasil",
        "addr:housenumber": "4365",
        "addr:suburb": "Manguinhos",
        "addr:city": "Rio de Janeiro",
        "addr:state": "RJ",
        "addr:country": "BR",
        "addr:postcode": "21040-360",
        "phone": "+55 46 2562-1897",
        "email": "elemos@ioc.fiocruz.br",
        "office": "government",
        "government": "healthcare",
        "name": "Fiocruz Ioc Laboratorio de Hantavirose e Ricketsioses",
        "comment": "Suprimentos / Logística",
        "qtd_equipes_esf": 0,
        "qtd_equipes_eap": 0,
        "qtd_equipes_total": 0,
        "capacidade_pnab": 3500,
        "nomes_equipes": ""
      },
      "geometry": {
        "type": "Point",
        "coordinates": [
          -43.4023336,
          -22.9392995
        ]
      }
    },
    {
      "type": "Feature",
      "id": 613274,
      "properties": {
        "operator": "Prefeitura Municipal de Rio de Janeiro",
        "operator:type": "public",
        "ref:CNES": "613274",
        "source": "cnes;datasus;dados_abertos_saude",
        "official_name": "SMS CENTRAL DE VACINAS AP 22",
        "addr:street": "Rua Oito de Dezembro",
        "addr:housenumber": "717",
        "addr:suburb": "Vila Isabel",
        "addr:city": "Rio de Janeiro",
        "addr:state": "RJ",
        "addr:country": "BR",
        "addr:postcode": "20550-200",
        "office": "government",
        "government": "healthcare",
        "name": "Sms Central de Vacinas Ap 22",
        "comment": "Suprimentos / Logística",
        "qtd_equipes_esf": 0,
        "qtd_equipes_eap": 0,
        "qtd_equipes_total": 0,
        "capacidade_pnab": 3500,
        "nomes_equipes": ""
      },
      "geometry": {
        "type": "Point",
        "coordinates": [
          -43.2080269,
          -22.9030004
        ]
      }
    },
    {
      "type": "Feature",
      "id": 6993141,
      "properties": {
        "operator": "Prefeitura Municipal de Rio de Janeiro",
        "operator:type": "public",
        "ref:CNES": "6993141",
        "source": "cnes;datasus;dados_abertos_saude",
        "official_name": "CENTRO DE VACINACAO DE ADULTO UFRJ",
        "addr:street": "Rua Av Carlos Chagas Filho",
        "addr:housenumber": "373",
        "addr:suburb": "Ilha do Fundao",
        "addr:city": "Rio de Janeiro",
        "addr:state": "RJ",
        "addr:country": "BR",
        "addr:postcode": "21941-902",
        "phone": "+55 21 3938-6542",
        "email": "andersonfelinto@pr4.ufrj.br",
        "amenity": "clinic",
        "healthcare": "vaccination",
        "name": "Sala Central de Vacinas de Pato Branco",
        "short_name": "Sala de Vacinas",
        "comment": "Sala de Vacinas",
        "qtd_equipes_esf": 1,
        "qtd_equipes_eap": 0,
        "qtd_equipes_total": 1,
        "capacidade_pnab": 3500,
        "nomes_equipes": ""
      },
      "geometry": {
        "type": "Point",
        "coordinates": [
          -43.22744,
          -22.86311
        ]
      }
    },
    {
      "type": "Feature",
      "id": 7388470,
      "properties": {
        "operator": "Prefeitura Municipal de Rio de Janeiro",
        "operator:type": "public",
        "ref:CNES": "7388470",
        "source": "cnes;datasus;dados_abertos_saude",
        "official_name": "SMS CENTRO DE REFERENCIA DE IMUNOBIOLOGICOS ESPECIAIS CRIE",
        "addr:street": "Avenida Brasil",
        "addr:housenumber": "4365",
        "addr:suburb": "Manguinhos",
        "addr:city": "Rio de Janeiro",
        "addr:state": "RJ",
        "addr:country": "BR",
        "addr:postcode": "21040-360",
        "phone": "+55 46 3865-9124",
        "email": "crie@ipec.fiocruz.br",
        "amenity": "clinic",
        "healthcare": "vaccination",
        "name": "Sala Central de Vacinas de Pato Branco",
        "short_name": "Sala de Vacinas",
        "comment": "Sala de Vacinas",
        "qtd_equipes_esf": 1,
        "qtd_equipes_eap": 0,
        "qtd_equipes_total": 1,
        "capacidade_pnab": 3500,
        "nomes_equipes": ""
      },
      "geometry": {
        "type": "Point",
        "coordinates": [
          -43.241968,
          -22.876925
        ]
      }
    },
    {
      "type": "Feature",
      "id": 134570,
      "properties": {
        "operator": "Prefeitura Municipal de Rio de Janeiro",
        "operator:type": "public",
        "ref:CNES": "134570",
        "source": "cnes;datasus;dados_abertos_saude",
        "official_name": "SMS SUPER CENTRO CARIOCA DE VACINACAO AP 21",
        "addr:street": "Rua General Severiano",
        "addr:housenumber": "91",
        "addr:suburb": "Botafogo",
        "addr:city": "Rio de Janeiro",
        "addr:state": "RJ",
        "addr:country": "BR",
        "addr:postcode": "22290-040",
        "phone": "+55 46 2275-6531",
        "email": "criesmsdc@gmail.com",
        "amenity": "clinic",
        "healthcare": "vaccination",
        "name": "Sala Central de Vacinas de Pato Branco",
        "short_name": "Sala de Vacinas",
        "comment": "Sala de Vacinas",
        "qtd_equipes_esf": 1,
        "qtd_equipes_eap": 0,
        "qtd_equipes_total": 1,
        "capacidade_pnab": 3500,
        "nomes_equipes": ""
      },
      "geometry": {
        "type": "Point",
        "coordinates": [
          -43.176591,
          -22.953456
        ]
      }
    }
  ]
}