{
  "type": "FeatureCollection",
  "name": "Estabelecimentos Públicos de Saúde - DEMAS / CNES",
  "crs": {
    "type": "name",
    "properties": {
      "name": "urn:ogc:def:crs:OGC:1.3:CRS84"
    }
  },
  "features": [
    {
      "type": "Feature",
      "id": 7619758,
      "properties": {
        "operator": "Governo do Estado (PR)",
        "operator:type": "public",
        "ref:CNES": "7619758",
        "source": "cnes;datasus;dados_abertos_saude",
        "official_name": "CENSE CURITIBA",
        "addr:street": "Rua Pastor Manoel Virginio de Souza",
        "addr:housenumber": "1310",
        "addr:suburb": "Capao da Imbuia",
        "addr:city": "Curitiba",
        "addr:state": "PR",
        "addr:country": "BR",
        "addr:postcode": "82810-400",
        "phone": "+55 41 3366-3443",
        "email": "censecuritiba@seds.pr.gov.br",
        "amenity": "clinic",
        "healthcare": "clinic",
        "name": "Unidade Básica de Saúde Cense Curitiba",
        "short_name": "UBS Cense Curitiba",
        "comment": "UBS",
        "qtd_equipes_esf": 1,
        "qtd_equipes_eap": 0,
        "qtd_equipes_total": 1,
        "capacidade_pnab": 3500,
        "nomes_equipes": ""
      },
      "geometry": {
        "type": "Point",
        "coordinates": [
          -49.2084586,
          -25.4325459
        ]
      }
    },
    {
      "type": "Feature",
      "id": 4029917,
      "properties": {
        "operator": "Governo do Estado (PR)",
        "operator:type": "public",
        "ref:CNES": "4029917",
        "source": "cnes;datasus;dados_abertos_saude",
        "official_name": "CENSE JOANA MIGUEL RICHA",
        "addr:street": "Rua Dom João Braga",
        "addr:housenumber": "648",
        "addr:suburb": "Vista Alegre",
        "addr:city": "Curitiba",
        "addr:state": "PR",
        "addr:country": "BR",
        "addr:postcode": "80810-240",
        "phone": "+55 41 3335-4145",
        "email": "censejoanaricha@sejuf.pr.gov.br",
        "amenity": "clinic",
        "healthcare": "clinic",
        "name": "Unidade Básica de Saúde Cense Joana Miguel Richa",
        "short_name": "UBS Cense Joana Miguel Richa",
        "comment": "UBS",
        "qtd_equipes_esf": 1,
        "qtd_equipes_eap": 0,
        "qtd_equipes_total": 1,
        "capacidade_pnab": 3500,
        "nomes_equipes": ""
      },
      "geometry": {
        "type": "Point",
        "coordinates": [
          -49.2917563,
          -25.413386
        ]
      }
    },
    {
      "type": "Feature",
      "id": 17531,
      "properties": {
        "operator": "Prefeitura Municipal de Curitiba",
        "operator:type": "public",
        "ref:CNES": "17531",
        "source": "cnes;datasus;dados_abertos_saude",
        "official_name": "UMS ABAETE",
        "addr:street": "Rua Delegado Miguel Zacarias",
        "addr:housenumber": "403",
        "addr:suburb": "Boa Vista",
        "addr:city": "Curitiba",
        "addr:state": "PR",
        "addr:country": "BR",
        "addr:postcode": "82650-090",
        "phone": "+55 41 3251-1015",
        "email": "umsabaete@sms.curitiba.pr.gov.br",
        "amenity": "clinic",
        "healthcare": "clinic",
        "name": "Unidade Básica de Saúde Ums Abaete",
        "short_name": "UBS Ums Abaete",
        "comment": "UBS",
        "qtd_equipes_esf": 0,
        "qtd_equipes_eap": 5,
        "qtd_equipes_total": 8,
        "capacidade_pnab": 13500,
        "nomes_equipes": "ABAETE 5 EAP; ABAETE 2 EAP; ABAETE 1 EAP; ABAETE 3 SB; ABAETE 1 SB; ABAETE 4 EAP; ABAETE 2 SB; ABAETE 3 EAP"
      },
      "geometry": {
        "type": "Point",
        "coordinates": [
          -49.245868,
          -25.3800412
        ]
      }
    },
    {
      "type": "Feature",
      "id": 6724299,
      "properties": {
        "operator": "Prefeitura Municipal de Curitiba",
        "operator:type": "public",
        "ref:CNES": "6724299",
        "source": "cnes;datasus;dados_abertos_saude",
        "official_name": "UMS ABRANCHES",
        "addr:street": "Rua Aldo Pinheiro",
        "addr:housenumber": "60",
        "addr:suburb": "Abranches",
        "addr:city": "Curitiba",
        "addr:state": "PR",
        "addr:country": "BR",
        "addr:postcode": "82130-230",
        "phone": "+55 41 3354-5447",
        "email": "umsabranches@sms.curitiba.pr.gov.br",
        "amenity": "clinic",
        "healthcare": "clinic",
        "name": "Unidade Básica de Saúde Ums Abranches",
        "short_name": "UBS Ums Abranches",
        "comment": "UBS",
        "qtd_equipes_esf": 0,
        "qtd_equipes_eap": 5,
        "qtd_equipes_total": 9,
        "capacidade_pnab": 13500,
        "nomes_equipes": "ABRANCHES 4 SB; ABRANCHES 4 EAP; ABRANCHES 2 EAP; ABRANCHES 1 EAP; ABRANCHES 3 EAP; ABRANCHES 5 EAP; ABRANCHES 2 SB; ABRANCHES 1 SB; ABRANCHES 3 SB"
      },
      "geometry": {
        "type": "Point",
        "coordinates": [
          -49.2729107,
          -25.3818461
        ]
      }
    },
    {
      "type": "Feature",
      "id": 5506115,
      "properties": {
        "operator": "Prefeitura Municipal de Curitiba",
        "operator:type": "public",
        "ref:CNES": "5506115",
        "source": "cnes;datasus;dados_abertos_saude",
        "official_name": "UMS ALVORADA PSF",
        "addr:street": "Rua Ivone Espirito Santo Garcia",
        "addr:housenumber": "100",
        "addr:suburb": "Uberaba",
        "addr:city": "Curitiba",
        "addr:state": "PR",
        "addr:country": "BR",
        "addr:postcode": "81550-560",
        "phone": "+55 41 3575-1773",
        "amenity": "clinic",
        "healthcare": "clinic",
        "name": "Unidade Básica de Saúde Ums Alvorada Psf",
        "short_name": "UBS Ums Alvorada Psf",
        "comment": "UBS",
        "qtd_equipes_esf": 3,
        "qtd_equipes_eap": 0,
        "qtd_equipes_total": 7,
        "capacidade_pnab": 10500,
        "nomes_equipes": "ALVORADA 3 SB; ALVORADA 2 SB; ALVORADA 3; ALVORADA 2; ALVORADA 1; ALVORADA 1 SB; EMULTI C CJ 2"
      },
      "geometry": {
        "type": "Point",
        "coordinates": [
          -49.206107,
          -25.4951509
        ]
      }
    },
    {
      "type": "Feature",
      "id": 16918,
      "properties": {
        "operator": "Prefeitura Municipal de Curitiba",
        "operator:type": "public",
        "ref:CNES": "16918",
        "source": "cnes;datasus;dados_abertos_saude",
        "official_name": "UMS ATENAS",
        "addr:street": "Rua Emilia Erichsen",
        "addr:housenumber": "45",
        "addr:suburb": "Cic Norte",
        "addr:city": "Curitiba",
        "addr:state": "PR",
        "addr:country": "BR",
        "addr:postcode": "81270-080",
        "phone": "+55 41 3285-4945",
        "amenity": "clinic",
        "healthcare": "clinic",
        "name": "Unidade Básica de Saúde Ums Atenas",
        "short_name": "UBS Ums Atenas",
        "comment": "UBS",
        "qtd_equipes_esf": 0,
        "qtd_equipes_eap": 3,
        "qtd_equipes_total": 6,
        "capacidade_pnab": 9500,
        "nomes_equipes": "ATENAS 4 SB; ATENAS 1 SB; ATENAS 2 EAP; ATENAS 3 SB; ATENAS 1 EAP; ATENAS 3 EAP"
      },
      "geometry": {
        "type": "Point",
        "coordinates": [
          -49.3551151,
          -25.4538869
        ]
      }
    },
    {
      "type": "Feature",
      "id": 17523,
      "properties": {
        "operator": "Prefeitura Municipal de Curitiba",
        "operator:type": "public",
        "ref:CNES": "17523",
        "source": "cnes;datasus;dados_abertos_saude",
        "official_name": "UMS ATUBA",
        "addr:street": "Rua Rio Pelotas",
        "addr:suburb": "Atuba",
        "addr:city": "Curitiba",
        "addr:state": "PR",
        "addr:country": "BR",
        "addr:postcode": "82840-380",
        "phone": "+55 41 3315-2293",
        "email": "umsatuba@sms.curitiba.pr.gov.br",
        "amenity": "clinic",
        "healthcare": "clinic",
        "name": "Unidade Básica de Saúde Ums Atuba",
        "short_name": "UBS Ums Atuba",
        "comment": "UBS",
        "qtd_equipes_esf": 0,
        "qtd_equipes_eap": 5,
        "qtd_equipes_total": 9,
        "capacidade_pnab": 13500,
        "nomes_equipes": "ATUBA 1 EAP; ATUBA 3 SB; ATUBA 3 EAP; ATUBA 2 EAP; ATUBA 4 SB; ATUBA 2 SB; ATUBA 4 EAP; ATUBA 5 EAP; ATUBA 1 SB"
      },
      "geometry": {
        "type": "Point",
        "coordinates": [
          -49.2038224,
          -25.3945375
        ]
      }
    },
    {
      "type": "Feature",
      "id": 16896,
      "properties": {
        "operator": "Prefeitura Municipal de Curitiba",
        "operator:type": "public",
        "ref:CNES": "16896",
        "source": "cnes;datasus;dados_abertos_saude",
        "official_name": "UMS AUGUSTA PSF",
        "addr:street": "Rua Robert Redsinski",
        "addr:housenumber": "921",
        "addr:suburb": "Cic",
        "addr:city": "Curitiba",
        "addr:state": "PR",
        "addr:country": "BR",
        "addr:postcode": "81270-102",
        "phone": "+55 41 3373-5372",
        "amenity": "clinic",
        "healthcare": "clinic",
        "name": "Unidade Básica de Saúde Ums Augusta Psf",
        "short_name": "UBS Ums Augusta Psf",
        "comment": "UBS",
        "qtd_equipes_esf": 3,
        "qtd_equipes_eap": 0,
        "qtd_equipes_total": 5,
        "capacidade_pnab": 10500,
        "nomes_equipes": "AUGUSTA 1 SB; AUGUSTA 2 SB; AUGUSTA 2; AUGUSTA 3; AUGUSTA 1"
      },
      "geometry": {
        "type": "Point",
        "coordinates": [
          -49.3499632,
          -25.456546
        ]
      }
    },
    {
      "type": "Feature",
      "id": 16624,
      "properties": {
        "operator": "Prefeitura Municipal de Curitiba",
        "operator:type": "public",
        "ref:CNES": "16624",
        "source": "cnes;datasus;dados_abertos_saude",
        "official_name": "UMS AURORA",
        "addr:street": "Rua Teofilo Mansur",
        "addr:housenumber": "500",
        "addr:suburb": "Novo Mundo",
        "addr:city": "Curitiba",
        "addr:state": "PR",
        "addr:country": "BR",
        "addr:postcode": "81050-390",
        "phone": "+55 46 3212-1460",
        "amenity": "clinic",
        "healthcare": "clinic",
        "name": "Unidade Básica de Saúde Ums Aurora",
        "short_name": "UBS Ums Aurora",
        "comment": "UBS",
        "qtd_equipes_esf": 0,
        "qtd_equipes_eap": 4,
        "qtd_equipes_total": 7,
        "capacidade_pnab": 11500,
        "nomes_equipes": "AURORA 1 SB; AURORA 2 SB; AURORA 3 EAP; AURORA 4 EAP; AURORA 1 EAP; AURORA 3 SB; AURORA 2 EAP"
      },
      "geometry": {
        "type": "Point",
        "coordinates": [
          -49.308603,
          -25.4912313
        ]
      }
    },
    {
      "type": "Feature",
      "id": 17515,
      "properties": {
        "operator": "Prefeitura Municipal de Curitiba",
        "operator:type": "public",
        "ref:CNES": "17515",
        "source": "cnes;datasus;dados_abertos_saude",
        "official_name": "UMS BACACHERI",
        "addr:street": "Rua Avn Erasto Gaertner",
        "addr:housenumber": "797",
        "addr:suburb": "Bacacheri",
        "addr:city": "Curitiba",
        "addr:state": "PR",
        "addr:country": "BR",
        "addr:postcode": "82515-000",
        "phone": "+55 41 3251-1025",
        "email": "umsbacacheri@sms.curitiba.pr.gov.br",
        "amenity": "clinic",
        "healthcare": "clinic",
        "name": "Unidade Básica de Saúde Ums Bacacheri",
        "short_name": "UBS Ums Bacacheri",
        "comment": "UBS",
        "qtd_equipes_esf": 0,
        "qtd_equipes_eap": 5,
        "qtd_equipes_total": 8,
        "capacidade_pnab": 13500,
        "nomes_equipes": "BACACHERI 5 EAP; BACACHERI 2 EAP; BACACHERI 1 EAP; BACACHERI 3 EAP; BACACHERI 3 SB; BACACHERI 4 EAP; BACACHERI 2 SB; BACACHERI 1 SB"
      },
      "geometry": {
        "type": "Point",
        "coordinates": [
          -49.2393241,
          -25.4009844
        ]
      }
    },
    {
      "type": "Feature",
      "id": 2639378,
      "properties": {
        "operator": "Prefeitura Municipal de Curitiba",
        "operator:type": "public",
        "ref:CNES": "2639378",
        "source": "cnes;datasus;dados_abertos_saude",
        "official_name": "UMS BAIRRO ALTO",
        "addr:street": "Rua Jornalista Alceu Chichorro",
        "addr:housenumber": "314",
        "addr:suburb": "Bairro Alto",
        "addr:city": "Curitiba",
        "addr:state": "PR",
        "addr:country": "BR",
        "addr:postcode": "82820-290",
        "phone": "+55 41 3315-2281",
        "email": "umsbairro@sms.curitiba.pr.gov.br",
        "amenity": "clinic",
        "healthcare": "clinic",
        "name": "Unidade Básica de Saúde Ums Bairro Alto",
        "short_name": "UBS Ums Bairro Alto",
        "comment": "UBS",
        "qtd_equipes_esf": 0,
        "qtd_equipes_eap": 6,
        "qtd_equipes_total": 11,
        "capacidade_pnab": 15500,
        "nomes_equipes": "BAIRRO ALTO 3 SB; BAIRRO ALTO 4 SB; BAIRRO ALTO 5 EAP; BAIRRO ALTO 5 SB; BAIRRO ALTO 1 EAP; BAIRRO ALTO 2 EAP; BAIRRO ALTO 6 EAP; BAIRRO ALTO 2 SB; BAIRRO ALTO 1 SB; BAIRRO ALTO 3 EAP; BAIRRO ALTO 4 EAP"
      },
      "geometry": {
        "type": "Point",
        "coordinates": [
          -49.2051648,
          -25.4138828
        ]
      }
    },
    {
      "type": "Feature",
      "id": 16934,
      "properties": {
        "operator": "Prefeitura Municipal de Curitiba",
        "operator:type": "public",
        "ref:CNES": "16934",
        "source": "cnes;datasus;dados_abertos_saude",
        "official_name": "UMS BAIRRO NOVO PSF",
        "addr:street": "Rua Paulo Rio Branco de Macedo",
        "addr:housenumber": "791",
        "addr:suburb": "Sitio Cercado",
        "addr:city": "Curitiba",
        "addr:state": "PR",
        "addr:country": "BR",
        "addr:postcode": "81925-587",
        "phone": "+55 41 3289-7891",
        "email": "esribas@sms.curitiba.pr.gov.br",
        "amenity": "clinic",
        "healthcare": "clinic",
        "name": "Unidade Básica de Saúde Ums Bairro Novo Psf",
        "short_name": "UBS Ums Bairro Novo Psf",
        "comment": "UBS",
        "qtd_equipes_esf": 4,
        "qtd_equipes_eap": 0,
        "qtd_equipes_total": 6,
        "capacidade_pnab": 14000,
        "nomes_equipes": "BAIRRO NOVO 2 SB; BAIRRO NOVO 2; BAIRRO NOVO 1; BAIRRO NOVO 3; BAIRRO NOVO 4 SB; BAIRRO NOVO 4"
      },
      "geometry": {
        "type": "Point",
        "coordinates": [
          -49.2634554,
          -25.5472221
        ]
      }
    },
    {
      "type": "Feature",
      "id": 16632,
      "properties": {
        "operator": "Prefeitura Municipal de Curitiba",
        "operator:type": "public",
        "ref:CNES": "16632",
        "source": "cnes;datasus;dados_abertos_saude",
        "official_name": "UMS BARIGUI PSF",
        "addr:street": "Rua Arthur Martins Franco",
        "addr:housenumber": "5516",
        "addr:suburb": "Cic",
        "addr:city": "Curitiba",
        "addr:state": "PR",
        "addr:country": "BR",
        "addr:postcode": "81330-580",
        "phone": "+55 41 3314-5133",
        "amenity": "clinic",
        "healthcare": "clinic",
        "name": "Unidade Básica de Saúde Ums Barigui Psf",
        "short_name": "UBS Ums Barigui Psf",
        "comment": "UBS",
        "qtd_equipes_esf": 4,
        "qtd_equipes_eap": 0,
        "qtd_equipes_total": 7,
        "capacidade_pnab": 14000,
        "nomes_equipes": "BARIGUI D; BARIGUI B SB; BARIGUI A; BARIGUI A SB; BARIGUI C SB; BARIGUI C; BARIGUI B"
      },
      "geometry": {
        "type": "Point",
        "coordinates": [
          -49.3353081,
          -25.4959709
        ]
      }
    },
    {
      "type": "Feature",
      "id": 17507,
      "properties": {
        "operator": "Prefeitura Municipal de Curitiba",
        "operator:type": "public",
        "ref:CNES": "17507",
        "source": "cnes;datasus;dados_abertos_saude",
        "official_name": "UMS BARREIRINHA",
        "addr:street": "Rua Santa Gema Galgani",
        "addr:housenumber": "353",
        "addr:suburb": "Barreirinha",
        "addr:city": "Curitiba",
        "addr:state": "PR",
        "addr:country": "BR",
        "addr:postcode": "82220-170",
        "phone": "+55 41 3585-4061",
        "email": "umsbarreirinha@sms.curitiba.pr.gov.br",
        "amenity": "clinic",
        "healthcare": "clinic",
        "name": "Unidade Básica de Saúde Ums Barreirinha",
        "short_name": "UBS Ums Barreirinha",
        "comment": "UBS",
        "qtd_equipes_esf": 0,
        "qtd_equipes_eap": 4,
        "qtd_equipes_total": 8,
        "capacidade_pnab": 11500,
        "nomes_equipes": "BARREIRINHA 2 EAP; BARREIRINHA 3 EAP; ECR BARREIRINHA 1; BARREIRINHA 4 EAP; BARREIRINHA 3 SB; BARREIRINHA 2 SB; BARREIRINHA 1 SB; BARREIRINHA 1 EAP"
      },
      "geometry": {
        "type": "Point",
        "coordinates": [
          -49.2633764,
          -25.3640808
        ]
      }
    },
    {
      "type": "Feature",
      "id": 16802,
      "properties": {
        "operator": "Prefeitura Municipal de Curitiba",
        "operator:type": "public",
        "ref:CNES": "16802",
        "source": "cnes;datasus;dados_abertos_saude",
        "official_name": "UMS BOM PASTOR",
        "addr:street": "Rua Jose Casagrande",
        "addr:housenumber": "220",
        "addr:suburb": "Vista Alegre",
        "addr:city": "Curitiba",
        "addr:state": "PR",
        "addr:country": "BR",
        "addr:postcode": "80820-560",
        "phone": "+55 41 3240-1304",
        "email": "umsbompastor@sms.curitiba.pr.gov.br",
        "amenity": "clinic",
        "healthcare": "clinic",
        "name": "Unidade Básica de Saúde Ums Bom Pastor",
        "short_name": "UBS Ums Bom Pastor",
        "comment": "UBS",
        "qtd_equipes_esf": 0,
        "qtd_equipes_eap": 4,
        "qtd_equipes_total": 7,
        "capacidade_pnab": 11500,
        "nomes_equipes": "BOM PASTOR 2 EAP; BOM PASTOR 4 EAP; BOM PASTOR 1 EAP; BOM PASTOR 1 SB; BOM PASTOR 2 SB; BOM PASTOR 3 SB; BOM PASTOR 3 EAP"
      },
      "geometry": {
        "type": "Point",
        "coordinates": [
          -49.3016337,
          -25.4137103
        ]
      }
    },
    {
      "type": "Feature",
      "id": 16829,
      "properties": {
        "operator": "Prefeitura Municipal de Curitiba",
        "operator:type": "public",
        "ref:CNES": "16829",
        "source": "cnes;datasus;dados_abertos_saude",
        "official_name": "UMS BUTIATUVINHA PSF",
        "addr:street": "Avenida Manoel Ribas",
        "addr:housenumber": "8640",
        "addr:suburb": "Santa Felicidade",
        "addr:city": "Curitiba",
        "addr:state": "PR",
        "addr:country": "BR",
        "addr:postcode": "80230-150",
        "phone": "+55 41 3372-4406",
        "amenity": "clinic",
        "healthcare": "clinic",
        "name": "Unidade Básica de Saúde Ums Butiatuvinha Psf",
        "short_name": "UBS Ums Butiatuvinha Psf",
        "comment": "UBS",
        "qtd_equipes_esf": 3,
        "qtd_equipes_eap": 0,
        "qtd_equipes_total": 6,
        "capacidade_pnab": 10500,
        "nomes_equipes": "BUTIATUVINHA 4; BUTIATUVINHA 5; BUTIATUVINHA 3; BUTIATUVINHA 5 SB; BUTIATUVINHA 4 SB; EMULTI A SF1"
      },
      "geometry": {
        "type": "Point",
        "coordinates": [
          -49.3510017,
          -25.3923656
        ]
      }
    },
    {
      "type": "Feature",
      "id": 2639440,
      "properties": {
        "operator": "Prefeitura Municipal de Curitiba",
        "operator:type": "public",
        "ref:CNES": "2639440",
        "source": "cnes;datasus;dados_abertos_saude",
        "official_name": "UMS CAIUA",
        "addr:street": "Rua Arnald Ferreira Velozo",
        "addr:housenumber": "200",
        "addr:suburb": "Cic",
        "addr:city": "Curitiba",
        "addr:state": "PR",
        "addr:country": "BR",
        "addr:postcode": "81260-120",
        "phone": "+55 41 3314-5204",
        "amenity": "clinic",
        "healthcare": "clinic",
        "name": "Unidade Básica de Saúde Ums Caiua",
        "short_name": "UBS Ums Caiua",
        "comment": "UBS",
        "qtd_equipes_esf": 0,
        "qtd_equipes_eap": 5,
        "qtd_equipes_total": 10,
        "capacidade_pnab": 13500,
        "nomes_equipes": "CAIUA 1 EAP; CAIUA 3 SB; CAIUA 4 SB; CAIUA 2 SB; CAIUA 1 SB; CAIUA 4 EAP; CAIUA 5 EAP; CAIUA 5 SB; CAIUA 2 EAP; CAIUA 3 EAP"
      },
      "geometry": {
        "type": "Point",
        "coordinates": [
          -49.3558028,
          -25.484017
        ]
      }
    },
    {
      "type": "Feature",
      "id": 17108,
      "properties": {
        "operator": "Prefeitura Municipal de Curitiba",
        "operator:type": "public",
        "ref:CNES": "17108",
        "source": "cnes;datasus;dados_abertos_saude",
        "official_name": "UMS CAJURU",
        "addr:street": "Rua Pedro Bocchino",
        "addr:housenumber": "750",
        "addr:suburb": "Cajuru",
        "addr:city": "Curitiba",
        "addr:state": "PR",
        "addr:country": "BR",
        "addr:postcode": "82950-070",
        "phone": "+55 41 3361-2345",
        "amenity": "clinic",
        "healthcare": "clinic",
        "name": "Unidade Básica de Saúde Ums Cajuru",
        "short_name": "UBS Ums Cajuru",
        "comment": "UBS",
        "qtd_equipes_esf": 0,
        "qtd_equipes_eap": 4,
        "qtd_equipes_total": 8,
        "capacidade_pnab": 11500,
        "nomes_equipes": "CAJURU 3 EAP; CAJURU 4 EAP; CAJURU 2 SB; CAJURU 1 SB; CAJURU 2 EAP; CAJURU 1 EAP; CAJURU 4 SB; CAJURU 3 SB"
      },
      "geometry": {
        "type": "Point",
        "coordinates": [
          -49.2175967,
          -25.452293
        ]
      }
    },
    {
      "type": "Feature",
      "id": 17094,
      "properties": {
        "operator": "Prefeitura Municipal de Curitiba",
        "operator:type": "public",
        "ref:CNES": "17094",
        "source": "cnes;datasus;dados_abertos_saude",
        "official_name": "UMS CAMARGO",
        "addr:street": "Rua Pedro Violani",
        "addr:housenumber": "364",
        "addr:suburb": "Cajuru",
        "addr:city": "Curitiba",
        "addr:state": "PR",
        "addr:country": "BR",
        "addr:postcode": "82940-280",
        "phone": "+55 41 3361-2501",
        "amenity": "clinic",
        "healthcare": "clinic",
        "name": "Unidade Básica de Saúde Ums Camargo",
        "short_name": "UBS Ums Camargo",
        "comment": "UBS",
        "qtd_equipes_esf": 0,
        "qtd_equipes_eap": 3,
        "qtd_equipes_total": 6,
        "capacidade_pnab": 9500,
        "nomes_equipes": "CAMARGO 1 SB; CAMARGO 2 EAP; CAMARGO 1 EAP; CAMARGO 3 SB; CAMARGO 2 SB; CAMARGO 3 EAP"
      },
      "geometry": {
        "type": "Point",
        "coordinates": [
          -49.2147819,
          -25.4615147
        ]
      }
    },
    {
      "type": "Feature",
      "id": 16888,
      "properties": {
        "operator": "Prefeitura Municipal de Curitiba",
        "operator:type": "public",
        "ref:CNES": "16888",
        "source": "cnes;datasus;dados_abertos_saude",
        "official_name": "UMS CAMPINA DO SIQUEIRA",
        "addr:street": "Rua Mario Tourinho",
        "addr:housenumber": "1684",
        "addr:suburb": "Campina do Siqueira",
        "addr:city": "Curitiba",
        "addr:state": "PR",
        "addr:country": "BR",
        "addr:postcode": "80740-000",
        "phone": "+55 41 3240-1138",
        "email": "umscampinadosiqueira@sms.curitiba.p.gov.br",
        "amenity": "clinic",
        "healthcare": "clinic",
        "name": "Unidade Básica de Saúde Ums Campina do Siqueira",
        "short_name": "UBS Ums Campina do Siqueira",
        "comment": "UBS",
        "qtd_equipes_esf": 0,
        "qtd_equipes_eap": 5,
        "qtd_equipes_total": 9,
        "capacidade_pnab": 13500,
        "nomes_equipes": "CAMPINA DO SIQUEIRA 1 EAP; CAMPINA DO SIQUEIRA 1 SB; CAMPINA DO SIQUEIRA 3 SB; CAMPINA DO SIQUEIRA 2 SB; CAMPINA DO SIQUEIRA 4 SB; CAMPINA DO SIQUEIRA 4 EAP; CAMPINA DO SIQUEIRA 2 EAP; CAMPINA DO SIQUEIRA 3 EAP; CAMPINA DO SIQUEIRA 5 EAP"
      },
      "geometry": {
        "type": "Point",
        "coordinates": [
          -49.3078202,
          -25.4377878
        ]
      }
    },
    {
      "type": "Feature",
      "id": 9110402,
      "properties": {
        "operator": "Prefeitura Municipal de Curitiba",
        "operator:type": "public",
        "ref:CNES": "9110402",
        "source": "cnes;datasus;dados_abertos_saude",
        "official_name": "UMS CAMPO ALEGRE",
        "addr:street": "Avenida das Industrias",
        "addr:housenumber": "1749",
        "addr:suburb": "Cic",
        "addr:city": "Curitiba",
        "addr:state": "PR",
        "addr:country": "BR",
        "addr:postcode": "81310-060",
        "phone": "+55 41 3327-3422",
        "amenity": "clinic",
        "healthcare": "clinic",
        "name": "Unidade Básica de Saúde Ums Campo Alegre",
        "short_name": "UBS Ums Campo Alegre",
        "comment": "UBS",
        "qtd_equipes_esf": 0,
        "qtd_equipes_eap": 4,
        "qtd_equipes_total": 8,
        "capacidade_pnab": 11500,
        "nomes_equipes": "CAMPO ALEGRE 3 SB; CAMPO ALEGRE 2 EAP; CAMPO ALEGRE 1 EAP; CAMPO ALEGRE 4 SB; CAMPO ALEGRE 2 SB; CAMPO ALEGRE 1 SB; CAMPO ALEGRE 4 EAP; CAMPO ALEGRE 3 EAP"
      },
      "geometry": {
        "type": "Point",
        "coordinates": [
          -49.3186884,
          -25.4972246
        ]
      }
    },
    {
      "type": "Feature",
      "id": 2639424,
      "properties": {
        "operator": "Prefeitura Municipal de Curitiba",
        "operator:type": "public",
        "ref:CNES": "2639424",
        "source": "cnes;datasus;dados_abertos_saude",
        "official_name": "UMS CANDIDO PORTINARI PSF",
        "addr:street": "Rua Durval Leopoldo Landal",
        "addr:housenumber": "1529",
        "addr:suburb": "Cic",
        "addr:city": "Curitiba",
        "addr:state": "PR",
        "addr:country": "BR",
        "addr:postcode": "81450-285",
        "phone": "+55 41 3314-5207",
        "amenity": "clinic",
        "healthcare": "clinic",
        "name": "Unidade Básica de Saúde Ums Candido Portinari Psf",
        "short_name": "UBS Ums Candido Portinari Psf",
        "comment": "UBS",
        "qtd_equipes_esf": 3,
        "qtd_equipes_eap": 0,
        "qtd_equipes_total": 4,
        "capacidade_pnab": 10500,
        "nomes_equipes": "CANDIDO PORTINARI 1 SB; CANDIDO PORTINARI 1; CANDIDO PORTINARI 2; CANDIDO PORTINARI 3"
      },
      "geometry": {
        "type": "Point",
        "coordinates": [
          -49.3496233,
          -25.4932537
        ]
      }
    },
    {
      "type": "Feature",
      "id": 15474,
      "properties": {
        "operator": "Prefeitura Municipal de Curitiba",
        "operator:type": "public",
        "ref:CNES": "15474",
        "source": "cnes;datasus;dados_abertos_saude",
        "official_name": "UMS CAPANEMA PSF",
        "addr:street": "Rua Manoel Martins de Abreu",
        "addr:housenumber": "25",
        "addr:suburb": "Prado Velho",
        "addr:city": "Curitiba",
        "addr:state": "PR",
        "addr:country": "BR",
        "addr:postcode": "80215-472",
        "phone": "+55 41 3218-2401",
        "email": "ebrandalize@sms.curitiba.pr.gov.br",
        "amenity": "clinic",
        "healthcare": "clinic",
        "name": "Unidade Básica de Saúde Ums Capanema Psf",
        "short_name": "UBS Ums Capanema Psf",
        "comment": "UBS",
        "qtd_equipes_esf": 2,
        "qtd_equipes_eap": 0,
        "qtd_equipes_total": 4,
        "capacidade_pnab": 7000,
        "nomes_equipes": "CAPANEMA C SB; CAPANEMA A SB; CAPANEMA C; CAPANEMA A"
      },
      "geometry": {
        "type": "Point",
        "coordinates": [
          -49.2513398,
          -25.4435167
        ]
      }
    },
    {
      "type": "Feature",
      "id": 16950,
      "properties": {
        "operator": "Prefeitura Municipal de Curitiba",
        "operator:type": "public",
        "ref:CNES": "16950",
        "source": "cnes;datasus;dados_abertos_saude",
        "official_name": "UMS CAXIMBA PSF",
        "addr:street": "Rua Est Delegado Bruno de Almeida",
        "addr:housenumber": "7881",
        "addr:suburb": "Caximba",
        "addr:city": "Curitiba",
        "addr:state": "PR",
        "addr:country": "BR",
        "addr:postcode": "81495-000",
        "phone": "+55 41 3265-1869",
        "amenity": "clinic",
        "healthcare": "clinic",
        "name": "Unidade Básica de Saúde Ums Caximba Psf",
        "short_name": "UBS Ums Caximba Psf",
        "comment": "UBS",
        "qtd_equipes_esf": 3,
        "qtd_equipes_eap": 0,
        "qtd_equipes_total": 4,
        "capacidade_pnab": 10500,
        "nomes_equipes": "CAXIMBA 2 SB; CAXIMBA 1; CAXIMBA 2; CAXIMBA 3"
      },
      "geometry": {
        "type": "Point",
        "coordinates": [
          -49.3467427,
          -25.6187369
        ]
      }
    },
    {
      "type": "Feature",
      "id": 17256,
      "properties": {
        "operator": "Prefeitura Municipal de Curitiba",
        "operator:type": "public",
        "ref:CNES": "17256",
        "source": "cnes;datasus;dados_abertos_saude",
        "official_name": "UMS CONCORDIA PSF",
        "addr:street": "Rua Dilermando Pereira de Almeida",
        "addr:housenumber": "700",
        "addr:suburb": "Pinheirinho",
        "addr:city": "Curitiba",
        "addr:state": "PR",
        "addr:country": "BR",
        "addr:postcode": "81870-070",
        "phone": "+55 41 3227-4141",
        "email": "cbrumatti@sms.curitiba.pr.gov.br",
        "amenity": "clinic",
        "healthcare": "clinic",
        "name": "Unidade Básica de Saúde Ums Concordia Psf",
        "short_name": "UBS Ums Concordia Psf",
        "comment": "UBS",
        "qtd_equipes_esf": 4,
        "qtd_equipes_eap": 0,
        "qtd_equipes_total": 6,
        "capacidade_pnab": 14000,
        "nomes_equipes": "CONCORDIA 3; CONCORDIA 1 SB; CONCORDIA 1; CONCORDIA 2; CONCORDIA 4; CONCORDIA 3 SB"
      },
      "geometry": {
        "type": "Point",
        "coordinates": [
          -49.2875916,
          -25.528385
        ]
      }
    },
    {
      "type": "Feature",
      "id": 7686625,
      "properties": {
        "operator": "Prefeitura Municipal de Curitiba",
        "operator:type": "public",
        "ref:CNES": "7686625",
        "source": "cnes;datasus;dados_abertos_saude",
        "official_name": "UMS COQUEIROS PSF",
        "addr:street": "Rua Coronel Victor Agner Kendrick",
        "addr:housenumber": "80",
        "addr:suburb": "Sitio Cercado",
        "addr:city": "Curitiba",
        "addr:state": "PR",
        "addr:country": "BR",
        "addr:postcode": "81910-470",
        "phone": "+55 41 3286-1514",
        "email": "sfelicio@sms.curitiba.pr.gov.br",
        "amenity": "clinic",
        "healthcare": "clinic",
        "name": "Unidade Básica de Saúde Ums Coqueiros Psf",
        "short_name": "UBS Ums Coqueiros Psf",
        "comment": "UBS",
        "qtd_equipes_esf": 4,
        "qtd_equipes_eap": 0,
        "qtd_equipes_total": 6,
        "capacidade_pnab": 14000,
        "nomes_equipes": "COQUEIROS 3 SB; COQUEIROS 1 SB; COQUEIROS 2; COQUEIROS 4; COQUEIROS 1; COQUEIROS 3"
      },
      "geometry": {
        "type": "Point",
        "coordinates": [
          -49.2650276,
          -25.5346916
        ]
      }
    },
    {
      "type": "Feature",
      "id": 16985,
      "properties": {
        "operator": "Prefeitura Municipal de Curitiba",
        "operator:type": "public",
        "ref:CNES": "16985",
        "source": "cnes;datasus;dados_abertos_saude",
        "official_name": "UMS DOM BOSCO PSF",
        "addr:street": "Rua Angelo Tozin",
        "addr:housenumber": "100",
        "addr:suburb": "Campo Santana",
        "addr:city": "Curitiba",
        "addr:state": "PR",
        "addr:country": "BR",
        "addr:postcode": "81480-170",
        "phone": "+55 41 3396-4949",
        "amenity": "clinic",
        "healthcare": "clinic",
        "name": "Unidade Básica de Saúde Ums Dom Bosco Psf",
        "short_name": "UBS Ums Dom Bosco Psf",
        "comment": "UBS",
        "qtd_equipes_esf": 5,
        "qtd_equipes_eap": 0,
        "qtd_equipes_total": 9,
        "capacidade_pnab": 17500,
        "nomes_equipes": "DOM BOSCO 5; DOM BOSCO 1 SB; DOM BOSCO 2 SB; DOM BOSCO 3 SB; DOM BOSCO 4; DOM BOSCO 3; DOM BOSCO 2; DOM BOSCO 1; EMULTI A TQ1"
      },
      "geometry": {
        "type": "Point",
        "coordinates": [
          -49.3366679,
          -25.5814567
        ]
      }
    },
    {
      "type": "Feature",
      "id": 17191,
      "properties": {
        "operator": "Prefeitura Municipal de Curitiba",
        "operator:type": "public",
        "ref:CNES": "17191",
        "source": "cnes;datasus;dados_abertos_saude",
        "official_name": "UMS ERICO VERISSIMO PSF",
        "addr:street": "Rua Exp Francisco Pereira dos Santos",
        "addr:housenumber": "510",
        "addr:suburb": "Alto Boqueirao",
        "addr:city": "Curitiba",
        "addr:state": "PR",
        "addr:country": "BR",
        "addr:postcode": "81850-280",
        "phone": "+55 41 3378-2021",
        "amenity": "clinic",
        "healthcare": "clinic",
        "name": "Unidade Básica de Saúde Ums Erico Verissimo Psf",
        "short_name": "UBS Ums Erico Verissimo Psf",
        "comment": "UBS",
        "qtd_equipes_esf": 3,
        "qtd_equipes_eap": 0,
        "qtd_equipes_total": 5,
        "capacidade_pnab": 10500,
        "nomes_equipes": "ERICO VERISSIMO 1 SB; ERICO VERISSIMO 2 SB; ERICO VERISSIMO 1; ERICO VERISSIMO 2; ERICO VERISSIMO 3"
      },
      "geometry": {
        "type": "Point",
        "coordinates": [
          -49.2508367,
          -25.5320517
        ]
      }
    },
    {
      "type": "Feature",
      "id": 17124,
      "properties": {
        "operator": "Prefeitura Municipal de Curitiba",
        "operator:type": "public",
        "ref:CNES": "17124",
        "source": "cnes;datasus;dados_abertos_saude",
        "official_name": "UMS ESMERALDA",
        "addr:street": "Rua Cel Rivadavia P de Morais",
        "addr:housenumber": "431",
        "addr:suburb": "Xaxim",
        "addr:city": "Curitiba",
        "addr:state": "PR",
        "addr:country": "BR",
        "addr:postcode": "81810-550",
        "phone": "+55 41 3217-1288",
        "amenity": "clinic",
        "healthcare": "clinic",
        "name": "Unidade Básica de Saúde Ums Esmeralda",
        "short_name": "UBS Ums Esmeralda",
        "comment": "UBS",
        "qtd_equipes_esf": 0,
        "qtd_equipes_eap": 3,
        "qtd_equipes_total": 6,
        "capacidade_pnab": 9500,
        "nomes_equipes": "ESMERALDA 2 EAP; ESMERALDA 2 SB; ESMERALDA 1 EAP; ESMERALDA 3 SB; ESMERALDA 3 EAP; ESMERALDA 1 SB"
      },
      "geometry": {
        "type": "Point",
        "coordinates": [
          -49.2696629,
          -25.5083567
        ]
      }
    },
    {
      "type": "Feature",
      "id": 16659,
      "properties": {
        "operator": "Prefeitura Municipal de Curitiba",
        "operator:type": "public",
        "ref:CNES": "16659",
        "source": "cnes;datasus;dados_abertos_saude",
        "official_name": "UMS ESTRELA",
        "addr:street": "Rua Francisco Nowotarski",
        "addr:housenumber": "78",
        "addr:suburb": "Fazendinha",
        "addr:city": "Curitiba",
        "addr:state": "PR",
        "addr:country": "BR",
        "addr:postcode": "81320-100",
        "phone": "+55 46 3314-5129",
        "amenity": "clinic",
        "healthcare": "clinic",
        "name": "Unidade Básica de Saúde Ums Estrela",
        "short_name": "UBS Ums Estrela",
        "comment": "UBS",
        "qtd_equipes_esf": 0,
        "qtd_equipes_eap": 2,
        "qtd_equipes_total": 5,
        "capacidade_pnab": 7500,
        "nomes_equipes": "ESTRELA 2 EAP; ESTRELA 1SB; ESTRELA 2 SB; ESTRELA 1 EAP; EMULTI A PR1"
      },
      "geometry": {
        "type": "Point",
        "coordinates": [
          -49.3179247,
          -25.477726
        ]
      }
    },
    {
      "type": "Feature",
      "id": 17132,
      "properties": {
        "operator": "Prefeitura Municipal de Curitiba",
        "operator:type": "public",
        "ref:CNES": "17132",
        "source": "cnes;datasus;dados_abertos_saude",
        "official_name": "UMS EUCALIPTOS",
        "addr:street": "Rua Lazaro Borsato",
        "addr:housenumber": "150",
        "addr:suburb": "Alto Boqueirao",
        "addr:city": "Curitiba",
        "addr:state": "PR",
        "addr:country": "BR",
        "addr:postcode": "81770-580",
        "phone": "+55 41 3286-1639",
        "email": "umseucaliptos@sms.curitiba.pr.gov.br",
        "amenity": "clinic",
        "healthcare": "clinic",
        "name": "Unidade Básica de Saúde Ums Eucaliptos",
        "short_name": "UBS Ums Eucaliptos",
        "comment": "UBS",
        "qtd_equipes_esf": 0,
        "qtd_equipes_eap": 6,
        "qtd_equipes_total": 10,
        "capacidade_pnab": 15500,
        "nomes_equipes": "EUCALIPTOS 6 EAP; EUCALIPTOS 1 SB; EUCALIPTOS 2 SB; EUCALIPTOS 4 EAP; EUCALIPTOS 3 EAP; EUCALIPTOS 2 EAP; EUCALIPTOS 1 EAP; EUCALIPTOS 3 SB; EUCALIPTOS 4 SB; EUCALIPTOS 5 EAP"
      },
      "geometry": {
        "type": "Point",
        "coordinates": [
          -49.2409613,
          -25.5287984
        ]
      }
    },
    {
      "type": "Feature",
      "id": 16667,
      "properties": {
        "operator": "Prefeitura Municipal de Curitiba",
        "operator:type": "public",
        "ref:CNES": "16667",
        "source": "cnes;datasus;dados_abertos_saude",
        "official_name": "UMS FANNY LINDOIA",
        "addr:street": "Rua Conde dos Arcos",
        "addr:housenumber": "295",
        "addr:suburb": "Lindoia",
        "addr:city": "Curitiba",
        "addr:state": "PR",
        "addr:country": "BR",
        "addr:postcode": "81010-120",
        "phone": "+55 46 3212-1453",
        "amenity": "clinic",
        "healthcare": "clinic",
        "name": "Unidade Básica de Saúde Ums Fanny Lindoia",
        "short_name": "UBS Ums Fanny Lindoia",
        "comment": "UBS",
        "qtd_equipes_esf": 0,
        "qtd_equipes_eap": 4,
        "qtd_equipes_total": 7,
        "capacidade_pnab": 11500,
        "nomes_equipes": "FANNY LINDOIA 3 SB; FANNY LINDOIA 2 SB; FANNY LINDOIA 4 EAP; FANNY LINDOIA 1 EAP; FANNY LINDOIA 2 EAP; FANNY LINDOIA 3 EAP; FANNY LINDOIA 1 SB"
      },
      "geometry": {
        "type": "Point",
        "coordinates": [
          -49.2749217,
          -25.4787231
        ]
      }
    },
    {
      "type": "Feature",
      "id": 17493,
      "properties": {
        "operator": "Prefeitura Municipal de Curitiba",
        "operator:type": "public",
        "ref:CNES": "17493",
        "source": "cnes;datasus;dados_abertos_saude",
        "official_name": "UMS FERNANDO DE NORONHA",
        "addr:street": "Rua João Mequetti",
        "addr:housenumber": "389",
        "addr:suburb": "Santa Candida",
        "addr:city": "Curitiba",
        "addr:state": "PR",
        "addr:country": "BR",
        "addr:postcode": "82640-360",
        "phone": "+55 41 3251-1030",
        "email": "umsfernandodenoronha@sms.curitiba.pr.gov.br",
        "amenity": "clinic",
        "healthcare": "clinic",
        "name": "Unidade Básica de Saúde Ums Fernando de Noronha",
        "short_name": "UBS Ums Fernando de Noronha",
        "comment": "UBS",
        "qtd_equipes_esf": 0,
        "qtd_equipes_eap": 4,
        "qtd_equipes_total": 8,
        "capacidade_pnab": 11500,
        "nomes_equipes": "FERNANDO DE NORONHA 4 EAP; FERNANDO DE NORONHA 2 SB; FERNANDO DE NORONHA 1 SB; FERNANDO DE NORONHA 2 EAP; FERNANDO DE NORONHA 3 EAP; FERNANDO DE NORONHA 3 SB; FERNANDO DE NORONHA 4 SB; FERNANDO DE NORONHA 1 EAP"
      },
      "geometry": {
        "type": "Point",
        "coordinates": [
          -49.2381151,
          -25.37673
        ]
      }
    },
    {
      "type": "Feature",
      "id": 17299,
      "properties": {
        "operator": "Prefeitura Municipal de Curitiba",
        "operator:type": "public",
        "ref:CNES": "17299",
        "source": "cnes;datasus;dados_abertos_saude",
        "official_name": "UMS IPIRANGA",
        "addr:street": "Rua Santa Regina",
        "addr:housenumber": "667",
        "addr:suburb": "Capao Raso",
        "addr:city": "Curitiba",
        "addr:state": "PR",
        "addr:country": "BR",
        "addr:postcode": "81110-260",
        "phone": "+55 41 3212-1403",
        "amenity": "clinic",
        "healthcare": "clinic",
        "name": "Unidade Básica de Saúde Ums Ipiranga",
        "short_name": "UBS Ums Ipiranga",
        "comment": "UBS",
        "qtd_equipes_esf": 0,
        "qtd_equipes_eap": 5,
        "qtd_equipes_total": 9,
        "capacidade_pnab": 13500,
        "nomes_equipes": "IPIRANGA 5 EAP; IPIRANGA 3 EAP; IPIRANGA 1 SB; IPIRANGA 4 SB; IPIRANGA 2 EAP; IPIRANGA 1 EAP; IPIRANGA 3 SB; IPIRANGA 2 SB; IPIRANGA 4 EAP"
      },
      "geometry": {
        "type": "Point",
        "coordinates": [
          -49.2897031,
          -25.5021117
        ]
      }
    },
    {
      "type": "Feature",
      "id": 17035,
      "properties": {
        "operator": "Prefeitura Municipal de Curitiba",
        "operator:type": "public",
        "ref:CNES": "17035",
        "source": "cnes;datasus;dados_abertos_saude",
        "official_name": "UMS IRACEMA",
        "addr:street": "Rua Nivaldo Braga",
        "addr:housenumber": "1571",
        "addr:suburb": "Capao da Imbuia",
        "addr:city": "Curitiba",
        "addr:state": "PR",
        "addr:country": "BR",
        "addr:postcode": "82900-090",
        "phone": "+55 41 3266-2123",
        "amenity": "clinic",
        "healthcare": "clinic",
        "name": "Unidade Básica de Saúde Ums Iracema",
        "short_name": "UBS Ums Iracema",
        "comment": "UBS",
        "qtd_equipes_esf": 0,
        "qtd_equipes_eap": 4,
        "qtd_equipes_total": 8,
        "capacidade_pnab": 11500,
        "nomes_equipes": "IRACEMA 1 SB; IRACEMA 4 EAP; IRACEMA 2 SB; IRACEMA 4 SB; IRACEMA 3 SB; IRACEMA 1 EAP; IRACEMA 2 EAP; IRACEMA 3 EAP"
      },
      "geometry": {
        "type": "Point",
        "coordinates": [
          -49.2177629,
          -25.4341261
        ]
      }
    },
    {
      "type": "Feature",
      "id": 17159,
      "properties": {
        "operator": "Prefeitura Municipal de Curitiba",
        "operator:type": "public",
        "ref:CNES": "17159",
        "source": "cnes;datasus;dados_abertos_saude",
        "official_name": "UMS IRMA TEREZA ARAUJO PSF",
        "addr:street": "Rua Maestro Carlos Frank",
        "addr:housenumber": "785",
        "addr:suburb": "Boqueirao",
        "addr:city": "Curitiba",
        "addr:state": "PR",
        "addr:country": "BR",
        "addr:postcode": "81730-320",
        "phone": "+55 41 3286-1337",
        "email": "emarciano@sms.curitiba.pr.gov.br",
        "amenity": "clinic",
        "healthcare": "clinic",
        "name": "Unidade Básica de Saúde Ums Irma Tereza Araujo Psf",
        "short_name": "UBS Ums Irma Tereza Araujo Psf",
        "comment": "UBS",
        "qtd_equipes_esf": 3,
        "qtd_equipes_eap": 0,
        "qtd_equipes_total": 6,
        "capacidade_pnab": 10500,
        "nomes_equipes": "IRMA TEREZA ARAUJO 3; IRMA TEREZA ARAUJO 1; IRMA TEREZA ARAUJO 1 SB; IRMA TEREZA ARAUJO 2 SB; EMULTI C BQ 2; IRMA TEREZA ARAUJO 2"
      },
      "geometry": {
        "type": "Point",
        "coordinates": [
          -49.2258774,
          -25.5165441
        ]
      }
    },
    {
      "type": "Feature",
      "id": 9381015,
      "properties": {
        "operator": "Prefeitura Municipal de Curitiba",
        "operator:type": "public",
        "ref:CNES": "9381015",
        "source": "cnes;datasus;dados_abertos_saude",
        "official_name": "UMS JARDIM ALIANCA PSF",
        "addr:street": "Rua Jose Ursulino Filho",
        "addr:housenumber": "646",
        "addr:suburb": "Santa Candida",
        "addr:city": "Curitiba",
        "addr:state": "PR",
        "addr:country": "BR",
        "addr:postcode": "82720-390",
        "phone": "04133571691/33572881",
        "email": "umsjardimalianca@sms.curitiba.pr.gov.br",
        "amenity": "clinic",
        "healthcare": "clinic",
        "name": "Unidade Básica de Saúde Ums Jardim Alianca Psf",
        "short_name": "UBS Ums Jardim Alianca Psf",
        "comment": "UBS",
        "qtd_equipes_esf": 4,
        "qtd_equipes_eap": 0,
        "qtd_equipes_total": 6,
        "capacidade_pnab": 14000,
        "nomes_equipes": "JARDIM ALIANCA 3; JARDIM ALIANCA 2 SB; JARDIM ALIANCA 2; JARDIM ALIANCA 4; JARDIM ALIANCA 1 SB; JARDIM ALIANCA 1"
      },
      "geometry": {
        "type": "Point",
        "coordinates": [
          -49.2317319,
          -25.3609351
        ]
      }
    },
    {
      "type": "Feature",
      "id": 16810,
      "properties": {
        "operator": "Prefeitura Municipal de Curitiba",
        "operator:type": "public",
        "ref:CNES": "16810",
        "source": "cnes;datasus;dados_abertos_saude",
        "official_name": "UMS JARDIM GABINETO PSF",
        "addr:street": "Rua Eng João Visinoni",
        "addr:housenumber": "458",
        "addr:suburb": "Cic",
        "addr:city": "Curitiba",
        "addr:state": "PR",
        "addr:country": "BR",
        "addr:postcode": "81280-050",
        "phone": "+55 41 3285-1333",
        "amenity": "clinic",
        "healthcare": "clinic",
        "name": "Unidade Básica de Saúde Ums Jardim Gabineto Psf",
        "short_name": "UBS Ums Jardim Gabineto Psf",
        "comment": "UBS",
        "qtd_equipes_esf": 3,
        "qtd_equipes_eap": 0,
        "qtd_equipes_total": 5,
        "capacidade_pnab": 10500,
        "nomes_equipes": "JARDIM GABINETO 3; JARDIM GABINETO 1; JARDIM GABINETO 3 SB; JARDIM GABINETO 1 SB; JARDIM GABINETO 2"
      },
      "geometry": {
        "type": "Point",
        "coordinates": [
          -49.3623577,
          -25.4391919
        ]
      }
    },
    {
      "type": "Feature",
      "id": 17213,
      "properties": {
        "operator": "Prefeitura Municipal de Curitiba",
        "operator:type": "public",
        "ref:CNES": "17213",
        "source": "cnes;datasus;dados_abertos_saude",
        "official_name": "UMS JARDIM PARANAENSE PSF",
        "addr:street": "Rua Pedro Nabosne",
        "addr:housenumber": "57",
        "addr:suburb": "Alto Boqueirao",
        "addr:city": "Curitiba",
        "addr:state": "PR",
        "addr:country": "BR",
        "addr:postcode": "81860-160",
        "phone": "+55 41 3378-1661",
        "email": "jgaioski@sms.curitiba.pr.gov.br",
        "amenity": "clinic",
        "healthcare": "clinic",
        "name": "Unidade Básica de Saúde Ums Jardim Paranaense Psf",
        "short_name": "UBS Ums Jardim Paranaense Psf",
        "comment": "UBS",
        "qtd_equipes_esf": 3,
        "qtd_equipes_eap": 0,
        "qtd_equipes_total": 5,
        "capacidade_pnab": 10500,
        "nomes_equipes": "JARDIM PARANAENSE 2 SB; JARDIM PARANAENSE 1 SB; JARDIM PARANAENSE 1; JARDIM PARANAENSE 3; JARDIM PARANAENSE 2"
      },
      "geometry": {
        "type": "Point",
        "coordinates": [
          -49.2404057,
          -25.5406859
        ]
      }
    },
    {
      "type": "Feature",
      "id": 16977,
      "properties": {
        "operator": "Prefeitura Municipal de Curitiba",
        "operator:type": "public",
        "ref:CNES": "16977",
        "source": "cnes;datasus;dados_abertos_saude",
        "official_name": "UMS JOAO CANDIDO PSF",
        "addr:street": "Rua Ourizona",
        "addr:housenumber": "2250",
        "addr:suburb": "Sitio Cercado",
        "addr:city": "Curitiba",
        "addr:state": "PR",
        "addr:country": "BR",
        "addr:postcode": "81920-620",
        "phone": "+55 41 3289-5628",
        "email": "marcobatista@sms.curitiba.pr.gov.br",
        "amenity": "clinic",
        "healthcare": "clinic",
        "name": "Unidade Básica de Saúde Ums João Candido Psf",
        "short_name": "UBS Ums João Candido Psf",
        "comment": "UBS",
        "qtd_equipes_esf": 3,
        "qtd_equipes_eap": 0,
        "qtd_equipes_total": 5,
        "capacidade_pnab": 10500,
        "nomes_equipes": "JOAO CANDIDO 3 SB; JOAO CANDIDO 2; JOAO CANDIDO 1; JOAO CANDIDO 1 SB; JOAO CANDIDO 3"
      },
      "geometry": {
        "type": "Point",
        "coordinates": [
          -49.2584289,
          -25.5412119
        ]
      }
    },
    {
      "type": "Feature",
      "id": 17086,
      "properties": {
        "operator": "Prefeitura Municipal de Curitiba",
        "operator:type": "public",
        "ref:CNES": "17086",
        "source": "cnes;datasus;dados_abertos_saude",
        "official_name": "UMS LOTIGUACU PSF",
        "addr:street": "Rua Eunice Bettini Bartoszeck",
        "addr:housenumber": "1287",
        "addr:suburb": "Uberaba",
        "addr:city": "Curitiba",
        "addr:state": "PR",
        "addr:country": "BR",
        "addr:postcode": "81550-410",
        "phone": "+55 41 3364-3365",
        "amenity": "clinic",
        "healthcare": "clinic",
        "name": "Unidade Básica de Saúde Ums Lotiguacu Psf",
        "short_name": "UBS Ums Lotiguacu Psf",
        "comment": "UBS",
        "qtd_equipes_esf": 4,
        "qtd_equipes_eap": 0,
        "qtd_equipes_total": 6,
        "capacidade_pnab": 14000,
        "nomes_equipes": "LOTIGUACU 4 SB; LOTIGUACU 1; LOTIGUACU 2; LOTIGUACU 3; LOTIGUACU 3 SB; LOTIGUACU 4"
      },
      "geometry": {
        "type": "Point",
        "coordinates": [
          -49.2035733,
          -25.4858078
        ]
      }
    },
    {
      "type": "Feature",
      "id": 3912698,
      "properties": {
        "operator": "Prefeitura Municipal de Curitiba",
        "operator:type": "public",
        "ref:CNES": "3912698",
        "source": "cnes;datasus;dados_abertos_saude",
        "official_name": "UMS MAE CURITIBANA",
        "addr:street": "Rua Jaime Reis",
        "addr:housenumber": "331",
        "addr:suburb": "São Francisco",
        "addr:city": "Curitiba",
        "addr:state": "PR",
        "addr:country": "BR",
        "addr:postcode": "80510-010",
        "phone": "+55 41 3321-2714",
        "amenity": "clinic",
        "healthcare": "clinic",
        "name": "Unidade Básica de Saúde Ums Mae Curitibana",
        "short_name": "UBS Ums Mae Curitibana",
        "comment": "UBS",
        "qtd_equipes_esf": 0,
        "qtd_equipes_eap": 7,
        "qtd_equipes_total": 9,
        "capacidade_pnab": 17500,
        "nomes_equipes": "MAE CURITIBANA 6 EAP; MAE CURITIBANA 5 EAP; MAE CURITIBANA 4 EAP; MAE CURITIBANA 3 EAP; MAE CURITIBANA 7 EAP; MAE CURITIBANA 1 EAP; MAE CURITIBANA 1 SB; MAE CURITIBANA 2 SB; MAE CURITIBANA 2 EAP"
      },
      "geometry": {
        "type": "Point",
        "coordinates": [
          -49.2772586,
          -25.4265176
        ]
      }
    },
    {
      "type": "Feature",
      "id": 17280,
      "properties": {
        "operator": "Prefeitura Municipal de Curitiba",
        "operator:type": "public",
        "ref:CNES": "17280",
        "source": "cnes;datasus;dados_abertos_saude",
        "official_name": "UMS MARIA ANGELICA PSF",
        "addr:street": "Rua Julio Teodorico Guimaraes",
        "addr:housenumber": "337",
        "addr:suburb": "Pinheirinho",
        "addr:city": "Curitiba",
        "addr:state": "PR",
        "addr:country": "BR",
        "addr:postcode": "81825-150",
        "phone": "+55 41 3212-1541",
        "amenity": "clinic",
        "healthcare": "clinic",
        "name": "Unidade Básica de Saúde Ums Maria Angelica Psf",
        "short_name": "UBS Ums Maria Angelica Psf",
        "comment": "UBS",
        "qtd_equipes_esf": 3,
        "qtd_equipes_eap": 0,
        "qtd_equipes_total": 6,
        "capacidade_pnab": 10500,
        "nomes_equipes": "MARIA ANGELICA 1 SB; MARIA ANGELICA 2; MARIA ANGELICA 3 SB; MARIA ANGELICA 3; MARIA ANGELICA 1; MARIA ANGELICA 2 SB"
      },
      "geometry": {
        "type": "Point",
        "coordinates": [
          -49.270812,
          -25.5270634
        ]
      }
    },
    {
      "type": "Feature",
      "id": 5709512,
      "properties": {
        "operator": "Prefeitura Municipal de Curitiba",
        "operator:type": "public",
        "ref:CNES": "5709512",
        "source": "cnes;datasus;dados_abertos_saude",
        "official_name": "UMS MENONITAS",
        "addr:street": "Rua Domicio Costa",
        "addr:housenumber": "52",
        "addr:suburb": "Xaxim",
        "addr:city": "Curitiba",
        "addr:state": "PR",
        "addr:country": "BR",
        "addr:postcode": "81720-450",
        "phone": "+55 41 3217-1295",
        "amenity": "clinic",
        "healthcare": "clinic",
        "name": "Unidade Básica de Saúde Ums Menonitas",
        "short_name": "UBS Ums Menonitas",
        "comment": "UBS",
        "qtd_equipes_esf": 0,
        "qtd_equipes_eap": 3,
        "qtd_equipes_total": 7,
        "capacidade_pnab": 9500,
        "nomes_equipes": "MENONITAS 1 EAP; MENONITAS 3 SB; MENONITAS 2 EAP; MENONITAS 3 EAP; MENONITAS 2 SB; MENONITAS 1 SB; MENONITAS 4 SB"
      },
      "geometry": {
        "type": "Point",
        "coordinates": [
          -49.2567649,
          -25.5103765
        ]
      }
    },
    {
      "type": "Feature",
      "id": 5196809,
      "properties": {
        "operator": "Prefeitura Municipal de Curitiba",
        "operator:type": "public",
        "ref:CNES": "5196809",
        "source": "cnes;datasus;dados_abertos_saude",
        "official_name": "UMS MONTEIRO LOBATO PSF",
        "addr:street": "Rua Olivio Jose Rosseti",
        "addr:suburb": "Tatuquara",
        "addr:city": "Curitiba",
        "addr:state": "PR",
        "addr:country": "BR",
        "addr:postcode": "81470-270",
        "phone": "+55 41 3396-5381",
        "amenity": "clinic",
        "healthcare": "clinic",
        "name": "Unidade Básica de Saúde Ums Monteiro Lobato Psf",
        "short_name": "UBS Ums Monteiro Lobato Psf",
        "comment": "UBS",
        "qtd_equipes_esf": 4,
        "qtd_equipes_eap": 0,
        "qtd_equipes_total": 7,
        "capacidade_pnab": 14000,
        "nomes_equipes": "MONTEIRO LOBATO 1; MONTEIRO LOBATO 4; MONTEIRO LOBATO 3; MONTEIRO LOBATO 1 SB; MONTEIRO LOBATO 2; MONTEIRO LOBATO 4 SB; MONTEIRO LOBATO 3 SB"
      },
      "geometry": {
        "type": "Point",
        "coordinates": [
          -49.3353434,
          -25.5751881
        ]
      }
    },
    {
      "type": "Feature",
      "id": 17140,
      "properties": {
        "operator": "Prefeitura Municipal de Curitiba",
        "operator:type": "public",
        "ref:CNES": "17140",
        "source": "cnes;datasus;dados_abertos_saude",
        "official_name": "UMS MORADIAS BELEM PSF",
        "addr:street": "Rua Cezinando Dias Paredes",
        "addr:housenumber": "1096",
        "addr:suburb": "Boqueirao",
        "addr:city": "Curitiba",
        "addr:state": "PR",
        "addr:country": "BR",
        "addr:postcode": "81730-090",
        "phone": "+55 41 3286-1750",
        "email": "luciansantos@sms.curitiba.pr.gov.br",
        "amenity": "clinic",
        "healthcare": "clinic",
        "name": "Unidade Básica de Saúde Ums Moradias Belem Psf",
        "short_name": "UBS Ums Moradias Belem Psf",
        "comment": "UBS",
        "qtd_equipes_esf": 3,
        "qtd_equipes_eap": 0,
        "qtd_equipes_total": 5,
        "capacidade_pnab": 10500,
        "nomes_equipes": "MORADIAS BELEM 2 SB; MORADIAS BELEM 1 SB; MORADIAS BELEM 1; MORADIAS BELEM 3; MORADIAS BELEM 2"
      },
      "geometry": {
        "type": "Point",
        "coordinates": [
          -49.2217889,
          -25.5073563
        ]
      }
    },
    {
      "type": "Feature",
      "id": 17361,
      "properties": {
        "operator": "Prefeitura Municipal de Curitiba",
        "operator:type": "public",
        "ref:CNES": "17361",
        "source": "cnes;datasus;dados_abertos_saude",
        "official_name": "UMS MORADIAS DA ORDEM PSF",
        "addr:street": "Rua Jovenilson de Oliveira",
        "addr:housenumber": "180",
        "addr:suburb": "Tatuquara",
        "addr:city": "Curitiba",
        "addr:state": "PR",
        "addr:country": "BR",
        "addr:postcode": "80230-150",
        "phone": "+55 41 3396-2056",
        "amenity": "clinic",
        "healthcare": "clinic",
        "name": "Unidade Básica de Saúde Ums Moradias da Ordem Psf",
        "short_name": "UBS Ums Moradias da Ordem Psf",
        "comment": "UBS",
        "qtd_equipes_esf": 4,
        "qtd_equipes_eap": 0,
        "qtd_equipes_total": 8,
        "capacidade_pnab": 14000,
        "nomes_equipes": "EMULTI E TQ2; MORADIAS DA ORDEM 2 SB; MORADIAS DA ORDEM 4; MORADIAS DA ORDEM 3; MORADIAS DA ORDEM 2; MORADIAS DA ORDEM 1; MORADIAS DA ORDEM 3 SB; MORADIAS DA ORDEM 1 SB"
      },
      "geometry": {
        "type": "Point",
        "coordinates": [
          -49.3313851,
          -25.5587803
        ]
      }
    },
    {
      "type": "Feature",
      "id": 17353,
      "properties": {
        "operator": "Prefeitura Municipal de Curitiba",
        "operator:type": "public",
        "ref:CNES": "17353",
        "source": "cnes;datasus;dados_abertos_saude",
        "official_name": "UMS MORADIAS SANTA RITA PSF",
        "addr:street": "Rua Adriana Ceres Zago Bueno",
        "addr:housenumber": "743",
        "addr:suburb": "Tatuquara",
        "addr:city": "Curitiba",
        "addr:state": "PR",
        "addr:country": "BR",
        "addr:postcode": "81470-030",
        "phone": "+55 41 3396-3492",
        "amenity": "clinic",
        "healthcare": "clinic",
        "name": "Unidade Básica de Saúde Ums Moradias Santa Rita Psf",
        "short_name": "UBS Ums Moradias Santa Rita Psf",
        "comment": "UBS",
        "qtd_equipes_esf": 4,
        "qtd_equipes_eap": 0,
        "qtd_equipes_total": 7,
        "capacidade_pnab": 14000,
        "nomes_equipes": "SANTA RITA 2 SB; SANTA RITA 4; SANTA RITA 1; SANTA RITA 3; SANTA RITA 2; SANTA RITA 1 SB; SANTA RITA 3 SB"
      },
      "geometry": {
        "type": "Point",
        "coordinates": [
          -49.3364973,
          -25.560812
        ]
      }
    },
    {
      "type": "Feature",
      "id": 16969,
      "properties": {
        "operator": "Prefeitura Municipal de Curitiba",
        "operator:type": "public",
        "ref:CNES": "16969",
        "source": "cnes;datasus;dados_abertos_saude",
        "official_name": "UMS NOSSA SENHORA APARECIDA PSF",
        "addr:street": "Rua Carlos Amoretty Osorio",
        "addr:housenumber": "135",
        "addr:suburb": "Sitio Cercado",
        "addr:city": "Curitiba",
        "addr:state": "PR",
        "addr:country": "BR",
        "addr:postcode": "81920-410",
        "phone": "+55 41 3289-6252",
        "email": "crudiniki@sms.curitiba.pr.gov.br",
        "amenity": "clinic",
        "healthcare": "clinic",
        "name": "Unidade Básica de Saúde Ums Nossa Senhora Aparecida Psf",
        "short_name": "UBS Ums Nossa Senhora Aparecida Psf",
        "comment": "UBS",
        "qtd_equipes_esf": 4,
        "qtd_equipes_eap": 0,
        "qtd_equipes_total": 6,
        "capacidade_pnab": 14000,
        "nomes_equipes": "N. S. APARECIDA 2 SB; N. S. APARECIDA 1 SB; N. S. APARECIDA 3; N.S. APARECIDA 4; N. S. APARECIDA 1; N. S. APARECIDA 2"
      },
      "geometry": {
        "type": "Point",
        "coordinates": [
          -49.2526636,
          -25.5446499
        ]
      }
    },
    {
      "type": "Feature",
      "id": 17272,
      "properties": {
        "operator": "Prefeitura Municipal de Curitiba",
        "operator:type": "public",
        "ref:CNES": "17272",
        "source": "cnes;datasus;dados_abertos_saude",
        "official_name": "UMS NOSSA SENHORA DA LUZ PSF",
        "addr:street": "Rua Emidio Nonato da Silva",
        "addr:housenumber": "45",
        "addr:suburb": "Cidade Industrial",
        "addr:city": "Curitiba",
        "addr:state": "PR",
        "addr:country": "BR",
        "addr:postcode": "80230-150",
        "phone": "+55 41 3212-1455",
        "amenity": "clinic",
        "healthcare": "clinic",
        "name": "Unidade Básica de Saúde Ums Nossa Senhora da Luz Psf",
        "short_name": "UBS Ums Nossa Senhora da Luz Psf",
        "comment": "UBS",
        "qtd_equipes_esf": 4,
        "qtd_equipes_eap": 0,
        "qtd_equipes_total": 6,
        "capacidade_pnab": 14000,
        "nomes_equipes": "NOSSA SENHORA DA LUZ 2; NOSSA SENHORA DA LUZ 1; NOSSA SENHORA DA LUZ 3 SB; NOSSA SENHORA DA LUZ 4; NOSSA SENHORA DA LUZ 1 SB; NOSSA SENHORA DA LUZ 3"
      },
      "geometry": {
        "type": "Point",
        "coordinates": [
          -49.3269638,
          -25.5046634
        ]
      }
    },
    {
      "type": "Feature",
      "id": 17264,
      "properties": {
        "operator": "Prefeitura Municipal de Curitiba",
        "operator:type": "public",
        "ref:CNES": "17264",
        "source": "cnes;datasus;dados_abertos_saude",
        "official_name": "UMS NOSSA SENHORA DO SAGRADO CORACAO PSF",
        "addr:street": "Rua Antonio Claudino",
        "addr:housenumber": "375",
        "addr:suburb": "Pinheirinho",
        "addr:city": "Curitiba",
        "addr:state": "PR",
        "addr:country": "BR",
        "addr:postcode": "81870-020",
        "phone": "+55 41 3227-4688",
        "amenity": "clinic",
        "healthcare": "clinic",
        "name": "Unidade Básica de Saúde Ums Nossa Senhora do Sagrado Coracao Psf",
        "short_name": "UBS Ums Nossa Senhora do Sagrado Coracao Psf",
        "comment": "UBS",
        "qtd_equipes_esf": 3,
        "qtd_equipes_eap": 0,
        "qtd_equipes_total": 5,
        "capacidade_pnab": 10500,
        "nomes_equipes": "SAGRADO CORACAO 1; SAGRADO CORACAO 2 SB; SAGRADO CORACAO 1 SB; SAGRADO CORACAO 3; SAGRADO CORACAO 2"
      },
      "geometry": {
        "type": "Point",
        "coordinates": [
          -49.2952034,
          -25.5294026
        ]
      }
    },
    {
      "type": "Feature",
      "id": 16861,
      "properties": {
        "operator": "Prefeitura Municipal de Curitiba",
        "operator:type": "public",
        "ref:CNES": "16861",
        "source": "cnes;datasus;dados_abertos_saude",
        "official_name": "UMS NOVA ORLEANS",
        "addr:street": "Rua Av Vereador Toaldo Tulio",
        "addr:housenumber": "4577",
        "addr:suburb": "Orleans",
        "addr:city": "Curitiba",
        "addr:state": "PR",
        "addr:country": "BR",
        "addr:postcode": "82010-480",
        "phone": "+55 41 3370-1584",
        "email": "umsnovaorleans@sms.curitiba.pr.gov.br",
        "amenity": "clinic",
        "healthcare": "clinic",
        "name": "Unidade Básica de Saúde Ums Nova Orleans",
        "short_name": "UBS Ums Nova Orleans",
        "comment": "UBS",
        "qtd_equipes_esf": 0,
        "qtd_equipes_eap": 4,
        "qtd_equipes_total": 8,
        "capacidade_pnab": 11500,
        "nomes_equipes": "NOVA ORLEANS 2 SB; NOVA ORLEANS 1 SB; NOVA ORLEANS 2 EAP; NOVA ORLEANS 4 SB; NOVA ORLEANS 1 EAP; NOVA ORLEANS 4 EAP; NOVA ORLEANS 3 EAP; NOVA ORLEANS 3 SB"
      },
      "geometry": {
        "type": "Point",
        "coordinates": [
          -49.353149,
          -25.4286831
        ]
      }
    },
    {
      "type": "Feature",
      "id": 16942,
      "properties": {
        "operator": "Prefeitura Municipal de Curitiba",
        "operator:type": "public",
        "ref:CNES": "16942",
        "source": "cnes;datasus;dados_abertos_saude",
        "official_name": "UMS OSTERNACK PSF",
        "addr:street": "Rua Miguel Rossetim",
        "addr:housenumber": "100",
        "addr:suburb": "Sitio Cercado",
        "addr:city": "Curitiba",
        "addr:state": "PR",
        "addr:country": "BR",
        "addr:postcode": "81935-482",
        "phone": "+55 41 3289-4311",
        "email": "jmarquieviz@sms.curitiba.pr.gov.br",
        "amenity": "clinic",
        "healthcare": "clinic",
        "name": "Unidade Básica de Saúde Ums Osternack Psf",
        "short_name": "UBS Ums Osternack Psf",
        "comment": "UBS",
        "qtd_equipes_esf": 5,
        "qtd_equipes_eap": 0,
        "qtd_equipes_total": 7,
        "capacidade_pnab": 17500,
        "nomes_equipes": "OSTERNACK 2; OSTERNACK 3; OSTERNACK 1; OSTERNACK 5; OSTERNACK 1 SB; OSTERNACK 3 SB; OSTERNACK 4"
      },
      "geometry": {
        "type": "Point",
        "coordinates": [
          -49.2473451,
          -25.5513193
        ]
      }
    },
    {
      "type": "Feature",
      "id": 17302,
      "properties": {
        "operator": "Prefeitura Municipal de Curitiba",
        "operator:type": "public",
        "ref:CNES": "17302",
        "source": "cnes;datasus;dados_abertos_saude",
        "official_name": "UMS OSWALDO CRUZ",
        "addr:street": "Rua Pedro Gusso",
        "addr:suburb": "Cidade Industrial",
        "addr:city": "Curitiba",
        "addr:state": "PR",
        "addr:country": "BR",
        "addr:postcode": "81315-000",
        "phone": "+55 41 3212-1418",
        "amenity": "clinic",
        "healthcare": "clinic",
        "name": "Unidade Básica de Saúde Ums Oswaldo Cruz",
        "short_name": "UBS Ums Oswaldo Cruz",
        "comment": "UBS",
        "qtd_equipes_esf": 0,
        "qtd_equipes_eap": 5,
        "qtd_equipes_total": 10,
        "capacidade_pnab": 13500,
        "nomes_equipes": "OSWALDO CRUZ 1 EAP; OSWALDO CRUZ 3 EAP; OSWALDO CRUZ 4 EAP; OSWALDO CRUZ 5 EAP; OSWALDO CRUZ 2 SB; OSWALDO CRUZ 4 SB; OSWALDO CRUZ 5 SB; OSWALDO CRUZ 6 SB; OSWALDO CRUZ 7 SB; OSWALDO CRUZ 2 EAP"
      },
      "geometry": {
        "type": "Point",
        "coordinates": [
          -49.3284098,
          -25.5115557
        ]
      }
    },
    {
      "type": "Feature",
      "id": 2639572,
      "properties": {
        "operator": "Prefeitura Municipal de Curitiba",
        "operator:type": "public",
        "ref:CNES": "2639572",
        "source": "cnes;datasus;dados_abertos_saude",
        "official_name": "UMS OUVIDOR PARDINHO",
        "addr:street": "Rua 24 de Maio",
        "addr:housenumber": "807",
        "addr:suburb": "Reboucas",
        "addr:city": "Curitiba",
        "addr:state": "PR",
        "addr:country": "BR",
        "addr:postcode": "80230-080",
        "phone": "+55 41 3321-2701",
        "email": "julimiranda@sms.curitiba.pr.gov.br",
        "amenity": "clinic",
        "healthcare": "clinic",
        "name": "Unidade Básica de Saúde Ums Ouvidor Pardinho",
        "short_name": "UBS Ums Ouvidor Pardinho",
        "comment": "UBS",
        "qtd_equipes_esf": 0,
        "qtd_equipes_eap": 12,
        "qtd_equipes_total": 25,
        "capacidade_pnab": 27500,
        "nomes_equipes": "OUVIDOR PARDINHO 1 SB; EMULTI C MZ1; OUVIDOR PARDINHO 6 SB; OUVIDOR PARDINHO 7 SB; OUVIDOR PARDINHO 8 SB; OUVIDOR PARDINHO 9 SB; ECR OUVIDOR PARDINHO 4; OUVIDOR PARDINHO 6 EAP; OUVIDOR PARDINHO 7 EAP; OUVIDOR PARDINHO 8 EAP; OUVIDOR PARDINHO 5 EAP; OUVIDOR PARDINHO 2 SB; OUVIDOR PARDINHO 3 SB; ECR OUVIDOR PARDINHO 2; OUVIDOR PARDINHO 2 EAP; OUVIDOR PARDINHO 1 EAP; ECR OUVIDOR PARDINHO 3; OUVIDOR PARDINHO 5 SB; OUVIDOR PARDINHO 9 EAP; OUVIDOR PARDINHO 10 EAP; OUVIDOR PARDINHO 11 EAP; OUVIDOR PARDINHO 12 EAP; OUVIDOR PARDINHO 4 SB; OUVIDOR PARDINHO 3 EAP; OUVIDOR PARDINHO 4 EAP"
      },
      "geometry": {
        "type": "Point",
        "coordinates": [
          -49.2715707,
          -25.4439721
        ]
      }
    },
    {
      "type": "Feature",
      "id": 17019,
      "properties": {
        "operator": "Prefeitura Municipal de Curitiba",
        "operator:type": "public",
        "ref:CNES": "17019",
        "source": "cnes;datasus;dados_abertos_saude",
        "official_name": "UMS PALMEIRAS PSF",
        "addr:street": "Rua João Batista Burbelo",
        "addr:housenumber": "12",
        "addr:suburb": "Tatuquara",
        "addr:city": "Curitiba",
        "addr:state": "PR",
        "addr:country": "BR",
        "addr:postcode": "81940-160",
        "phone": "+55 46 41348-1721",
        "amenity": "clinic",
        "healthcare": "clinic",
        "name": "Unidade Básica de Saúde Ums Palmeiras Psf",
        "short_name": "UBS Ums Palmeiras Psf",
        "comment": "UBS",
        "qtd_equipes_esf": 4,
        "qtd_equipes_eap": 0,
        "qtd_equipes_total": 7,
        "capacidade_pnab": 14000,
        "nomes_equipes": "PALMEIRAS 3 SB; PALMEIRAS 1; PALMEIRAS 3; PALMEIRAS 2 SB; PALMEIRAS 4; PALMEIRAS 2; PALMEIRAS 1 SB"
      },
      "geometry": {
        "type": "Point",
        "coordinates": [
          -49.2942276,
          -25.5541267
        ]
      }
    },
    {
      "type": "Feature",
      "id": 3507815,
      "properties": {
        "operator": "Prefeitura Municipal de Curitiba",
        "operator:type": "public",
        "ref:CNES": "3507815",
        "source": "cnes;datasus;dados_abertos_saude",
        "official_name": "UMS PANTANAL PSF",
        "addr:street": "Rua Beija Flor",
        "addr:suburb": "Boqueirao",
        "addr:city": "Curitiba",
        "addr:state": "PR",
        "addr:country": "BR",
        "addr:postcode": "81860-160",
        "phone": "+55 41 3379-7347",
        "amenity": "clinic",
        "healthcare": "clinic",
        "name": "Unidade Básica de Saúde Ums Pantanal Psf",
        "short_name": "UBS Ums Pantanal Psf",
        "comment": "UBS",
        "qtd_equipes_esf": 2,
        "qtd_equipes_eap": 0,
        "qtd_equipes_total": 3,
        "capacidade_pnab": 7000,
        "nomes_equipes": "PANTANAL 1 SB; PANTANAL 2; PANTANAL 1"
      },
      "geometry": {
        "type": "Point",
        "coordinates": [
          -49.2322593,
          -25.5365013
        ]
      }
    },
    {
      "type": "Feature",
      "id": 17027,
      "properties": {
        "operator": "Prefeitura Municipal de Curitiba",
        "operator:type": "public",
        "ref:CNES": "17027",
        "source": "cnes;datasus;dados_abertos_saude",
        "official_name": "UMS PARIGOT DE SOUZA",
        "addr:street": "Rua João Eloy de Souza",
        "addr:housenumber": "111",
        "addr:suburb": "Sitio Cercado",
        "addr:city": "Curitiba",
        "addr:state": "PR",
        "addr:country": "BR",
        "addr:postcode": "81910-690",
        "phone": "+55 41 3378-6467",
        "email": "vpriosti@sms.curitiba.pr.gov.br",
        "amenity": "clinic",
        "healthcare": "clinic",
        "name": "Unidade Básica de Saúde Ums Parigot de Souza",
        "short_name": "UBS Ums Parigot de Souza",
        "comment": "UBS",
        "qtd_equipes_esf": 0,
        "qtd_equipes_eap": 3,
        "qtd_equipes_total": 6,
        "capacidade_pnab": 9500,
        "nomes_equipes": "PARIGOT DE SOUZA 3; PARIGOT DE SOUZA 3 SB; PARIGOT DE SOUZA 2 SB; PARIGOT DE SOUZA 2 EAP; PARIGOT DE SOUZA 1 SB; PARIGOT DE SOUZA 1 EAP"
      },
      "geometry": {
        "type": "Point",
        "coordinates": [
          -49.2652943,
          -25.5268313
        ]
      }
    },
    {
      "type": "Feature",
      "id": 16675,
      "properties": {
        "operator": "Prefeitura Municipal de Curitiba",
        "operator:type": "public",
        "ref:CNES": "16675",
        "source": "cnes;datasus;dados_abertos_saude",
        "official_name": "UMS PAROLIN PSF",
        "addr:street": "Rua Sergipe",
        "addr:housenumber": "56",
        "addr:suburb": "Parolin",
        "addr:city": "Curitiba",
        "addr:state": "PR",
        "addr:country": "BR",
        "addr:postcode": "80630-080",
        "phone": "+55 41 3213-1379",
        "amenity": "clinic",
        "healthcare": "clinic",
        "name": "Unidade Básica de Saúde Ums Parolin Psf",
        "short_name": "UBS Ums Parolin Psf",
        "comment": "UBS",
        "qtd_equipes_esf": 4,
        "qtd_equipes_eap": 0,
        "qtd_equipes_total": 7,
        "capacidade_pnab": 14000,
        "nomes_equipes": "PAROLIN 3; PAROLIN 2; PAROLIN 2 SB; PAROLIN 1; PAROLIN 4; PAROLIN 1 SB; PAROLIN 4 SB"
      },
      "geometry": {
        "type": "Point",
        "coordinates": [
          -49.2738401,
          -25.4716376
        ]
      }
    },
    {
      "type": "Feature",
      "id": 17337,
      "properties": {
        "operator": "Prefeitura Municipal de Curitiba",
        "operator:type": "public",
        "ref:CNES": "17337",
        "source": "cnes;datasus;dados_abertos_saude",
        "official_name": "UMS PARQUE INDUSTRIAL",
        "addr:street": "Rua Laudelino Ferreira Lopes",
        "addr:housenumber": "1801",
        "addr:suburb": "Capao Raso",
        "addr:city": "Curitiba",
        "addr:state": "PR",
        "addr:country": "BR",
        "addr:postcode": "81130-310",
        "phone": "+55 41 3212-1420",
        "amenity": "clinic",
        "healthcare": "clinic",
        "name": "Unidade Básica de Saúde Ums Parque Industrial",
        "short_name": "UBS Ums Parque Industrial",
        "comment": "UBS",
        "qtd_equipes_esf": 0,
        "qtd_equipes_eap": 4,
        "qtd_equipes_total": 6,
        "capacidade_pnab": 11500,
        "nomes_equipes": "PARQUE INDUSTRIAL 3 EAP; PARQUE INDUSTRIAL 4 EAP; PARQUE INDUSTRIAL 1 EAP; PARQUE INDUSTRIAL 1 SB; PARQUE INDUSTRIAL 2 SB; PARQUE INDUSTRIAL 2 EAP"
      },
      "geometry": {
        "type": "Point",
        "coordinates": [
          -49.3044409,
          -25.5078907
        ]
      }
    },
    {
      "type": "Feature",
      "id": 17485,
      "properties": {
        "operator": "Prefeitura Municipal de Curitiba",
        "operator:type": "public",
        "ref:CNES": "17485",
        "source": "cnes;datasus;dados_abertos_saude",
        "official_name": "UMS PILARZINHO",
        "addr:street": "Rua Amauri Lange Silverio",
        "addr:housenumber": "1251",
        "addr:suburb": "Pilarzinho",
        "addr:city": "Curitiba",
        "addr:state": "PR",
        "addr:country": "BR",
        "addr:postcode": "82120-000",
        "phone": "+55 41 3240-1314",
        "email": "umspilarzinho@sms.curitiba.pr.gov.br",
        "amenity": "clinic",
        "healthcare": "clinic",
        "name": "Unidade Básica de Saúde Ums Pilarzinho",
        "short_name": "UBS Ums Pilarzinho",
        "comment": "UBS",
        "qtd_equipes_esf": 0,
        "qtd_equipes_eap": 5,
        "qtd_equipes_total": 10,
        "capacidade_pnab": 13500,
        "nomes_equipes": "PILARZINHO 2 EAP; PILARZINHO 4 EAP; PILARZINHO 5 SB; PILARZINHO 1 EAP; PILARZINHO 3 EAP; PILARZINHO 5 EAP; PILARZINHO 4 SB; PILARZINHO 3 SB; PILARZINHO 1 SB; PILARZINHO 2 SB"
      },
      "geometry": {
        "type": "Point",
        "coordinates": [
          -49.2832368,
          -25.3878474
        ]
      }
    },
    {
      "type": "Feature",
      "id": 16837,
      "properties": {
        "operator": "Prefeitura Municipal de Curitiba",
        "operator:type": "public",
        "ref:CNES": "16837",
        "source": "cnes;datasus;dados_abertos_saude",
        "official_name": "UMS PINHEIROS",
        "addr:street": "Rua Joanna Emma Dalpozzo Zardo",
        "addr:housenumber": "370",
        "addr:suburb": "Santa Felicidade",
        "addr:city": "Curitiba",
        "addr:state": "PR",
        "addr:country": "BR",
        "addr:postcode": "82410-150",
        "phone": "+55 41 3364-8683",
        "email": "umspinheiros@sms.curitiba.pr.gov.br",
        "amenity": "clinic",
        "healthcare": "clinic",
        "name": "Unidade Básica de Saúde Ums Pinheiros",
        "short_name": "UBS Ums Pinheiros",
        "comment": "UBS",
        "qtd_equipes_esf": 0,
        "qtd_equipes_eap": 5,
        "qtd_equipes_total": 8,
        "capacidade_pnab": 13500,
        "nomes_equipes": "PINHEIROS 2 EAP; PINHEIROS 1 EAP; PINHEIROS 1 SB; PINHEIROS 3 SB; PINHEIROS 2 SB; PINHEIROS 3 EAP; PINHEIROS 4EAP; PINHEIROS 5 EAP"
      },
      "geometry": {
        "type": "Point",
        "coordinates": [
          -49.3357036,
          -25.3877079
        ]
      }
    },
    {
      "type": "Feature",
      "id": 17310,
      "properties": {
        "operator": "Prefeitura Municipal de Curitiba",
        "operator:type": "public",
        "ref:CNES": "17310",
        "source": "cnes;datasus;dados_abertos_saude",
        "official_name": "UMS POMPEIA PSF",
        "addr:street": "Rua João Batista Bettega",
        "addr:suburb": "Tatuquara",
        "addr:city": "Curitiba",
        "addr:state": "PR",
        "addr:country": "BR",
        "addr:postcode": "81480-020",
        "phone": "+55 41 3396-5967",
        "amenity": "clinic",
        "healthcare": "clinic",
        "name": "Unidade Básica de Saúde Ums Pompeia Psf",
        "short_name": "UBS Ums Pompeia Psf",
        "comment": "UBS",
        "qtd_equipes_esf": 4,
        "qtd_equipes_eap": 0,
        "qtd_equipes_total": 7,
        "capacidade_pnab": 14000,
        "nomes_equipes": "POMPEIA 2; POMPEIA 3; POMPEIA 4; POMPEIA 1; POMPEIA 4 SB; POMPEIA 2 SB; POMPEIA 3 SB"
      },
      "geometry": {
        "type": "Point",
        "coordinates": [
          -49.3180695,
          -25.5630829
        ]
      }
    },
    {
      "type": "Feature",
      "id": 5142725,
      "properties": {
        "operator": "Prefeitura Municipal de Curitiba",
        "operator:type": "public",
        "ref:CNES": "5142725",
        "source": "cnes;datasus;dados_abertos_saude",
        "official_name": "UMS RIO BONITO PSF",
        "addr:street": "Rua Fanny Bertoldi",
        "addr:housenumber": "170",
        "addr:suburb": "Campo de Santana",
        "addr:city": "Curitiba",
        "addr:state": "PR",
        "addr:country": "BR",
        "addr:postcode": "81490-462",
        "phone": "+55 41 3396-5611",
        "amenity": "clinic",
        "healthcare": "clinic",
        "name": "Unidade Básica de Saúde Ums Rio Bonito Psf",
        "short_name": "UBS Ums Rio Bonito Psf",
        "comment": "UBS",
        "qtd_equipes_esf": 5,
        "qtd_equipes_eap": 0,
        "qtd_equipes_total": 8,
        "capacidade_pnab": 17500,
        "nomes_equipes": "RIO BONITO 5 SB; RIO BONITO 2 SB; RIO BONITO 1; RIO BONITO 4; RIO BONITO 1 SB; RIO BONITO 5; RIO BONITO 3; RIO BONITO 2"
      },
      "geometry": {
        "type": "Point",
        "coordinates": [
          -49.3403008,
          -25.5912405
        ]
      }
    },
    {
      "type": "Feature",
      "id": 16683,
      "properties": {
        "operator": "Prefeitura Municipal de Curitiba",
        "operator:type": "public",
        "ref:CNES": "16683",
        "source": "cnes;datasus;dados_abertos_saude",
        "official_name": "UMS SABARA PSF",
        "addr:street": "Rua Pedro Andretta",
        "addr:housenumber": "3030",
        "addr:suburb": "Cic",
        "addr:city": "Curitiba",
        "addr:state": "PR",
        "addr:country": "BR",
        "addr:postcode": "81450-160",
        "phone": "+55 41 3314-5200",
        "amenity": "clinic",
        "healthcare": "clinic",
        "name": "Unidade Básica de Saúde Ums Sabara Psf",
        "short_name": "UBS Ums Sabara Psf",
        "comment": "UBS",
        "qtd_equipes_esf": 4,
        "qtd_equipes_eap": 0,
        "qtd_equipes_total": 7,
        "capacidade_pnab": 14000,
        "nomes_equipes": "SABARA B; SABARA D; SABARA A SB; SABARA B SB; SABARA C SB; SABARA A; SABARA C"
      },
      "geometry": {
        "type": "Point",
        "coordinates": [
          -49.3492502,
          -25.5011288
        ]
      }
    },
    {
      "type": "Feature",
      "id": 2715899,
      "properties": {
        "operator": "Prefeitura Municipal de Curitiba",
        "operator:type": "public",
        "ref:CNES": "2715899",
        "source": "cnes;datasus;dados_abertos_saude",
        "official_name": "UMS SALGADO FILHO",
        "addr:street": "Rua Avn Senador Salgado Filho",
        "addr:housenumber": "5265",
        "addr:suburb": "Uberaba",
        "addr:city": "Curitiba",
        "addr:state": "PR",
        "addr:country": "BR",
        "addr:postcode": "81580-000",
        "phone": "+55 41 3217-1231",
        "amenity": "clinic",
        "healthcare": "clinic",
        "name": "Unidade Básica de Saúde Ums Salgado Filho",
        "short_name": "UBS Ums Salgado Filho",
        "comment": "UBS",
        "qtd_equipes_esf": 0,
        "qtd_equipes_eap": 3,
        "qtd_equipes_total": 8,
        "capacidade_pnab": 9500,
        "nomes_equipes": "SALGADO FILHO 3 EAP; SALGADO FILHO 2 EAP; SALGADO FILHO 1 EAP; SALGADO FILHO 5 SB; SALGADO FILHO 4 SB; SALGADO FILHO 3 SB; SALGADO FILHO 1 SB; SALGADO FILHO 2 SB"
      },
      "geometry": {
        "type": "Point",
        "coordinates": [
          -49.2228833,
          -25.4885189
        ]
      }
    },
    {
      "type": "Feature",
      "id": 17000,
      "properties": {
        "operator": "Prefeitura Municipal de Curitiba",
        "operator:type": "public",
        "ref:CNES": "17000",
        "source": "cnes;datasus;dados_abertos_saude",
        "official_name": "UMS SALVADOR ALLENDE PSF",
        "addr:street": "Rua Celeste Tortato Gabardo",
        "addr:housenumber": "1256",
        "addr:suburb": "Sitio Cercado",
        "addr:city": "Curitiba",
        "addr:state": "PR",
        "addr:country": "BR",
        "addr:postcode": "81900-440",
        "phone": "+55 41 3227-4059",
        "email": "elasouza@sms.curitiba.pr.gov.br",
        "amenity": "clinic",
        "healthcare": "clinic",
        "name": "Unidade Básica de Saúde Ums Salvador Allende Psf",
        "short_name": "UBS Ums Salvador Allende Psf",
        "comment": "UBS",
        "qtd_equipes_esf": 4,
        "qtd_equipes_eap": 0,
        "qtd_equipes_total": 7,
        "capacidade_pnab": 14000,
        "nomes_equipes": "SALVADOR ALLENDE 3; SALVADOR ALLENDE 1; SALVADOR ALLENDE 4; SALVADOR ALLENDE 1 SB; SALVADOR ALLENDE 3 SB; EMULTI A BN 1; SALVADOR ALLENDE 2"
      },
      "geometry": {
        "type": "Point",
        "coordinates": [
          -49.277198,
          -25.5434058
        ]
      }
    },
    {
      "type": "Feature",
      "id": 5446392,
      "properties": {
        "operator": "Prefeitura Municipal de Curitiba",
        "operator:type": "public",
        "ref:CNES": "5446392",
        "source": "cnes;datasus;dados_abertos_saude",
        "official_name": "UMS SAMBAQUI PSF",
        "addr:street": "Rua Roberto Dala Barba",
        "addr:housenumber": "44",
        "addr:suburb": "Sitio Cercado",
        "addr:city": "Curitiba",
        "addr:state": "PR",
        "addr:country": "BR",
        "addr:postcode": "81935-280",
        "phone": "+55 46 3298-6235",
        "email": "pcunico@sms.curitiba.pr.gov.br",
        "amenity": "clinic",
        "healthcare": "clinic",
        "name": "Unidade Básica de Saúde Ums Sambaqui Psf",
        "short_name": "UBS Ums Sambaqui Psf",
        "comment": "UBS",
        "qtd_equipes_esf": 4,
        "qtd_equipes_eap": 0,
        "qtd_equipes_total": 7,
        "capacidade_pnab": 14000,
        "nomes_equipes": "SAMBAQUI 4; SAMBAQUI 5; SAMBAQUI 1; SAMBAQUI 4 SB; SAMBAQUI 5 SB; SAMBAQUI 1 SB; SAMBAQUI 2"
      },
      "geometry": {
        "type": "Point",
        "coordinates": [
          -49.2613146,
          -25.5579654
        ]
      }
    },
    {
      "type": "Feature",
      "id": 16691,
      "properties": {
        "operator": "Prefeitura Municipal de Curitiba",
        "operator:type": "public",
        "ref:CNES": "16691",
        "source": "cnes;datasus;dados_abertos_saude",
        "official_name": "UMS SANTA AMELIA",
        "addr:street": "Rua Berta Klemtz",
        "addr:housenumber": "215",
        "addr:suburb": "Fazendinha",
        "addr:city": "Curitiba",
        "addr:state": "PR",
        "addr:country": "BR",
        "addr:postcode": "81330-410",
        "phone": "+55 41 3229-4798",
        "amenity": "clinic",
        "healthcare": "clinic",
        "name": "Unidade Básica de Saúde Ums Santa Amelia",
        "short_name": "UBS Ums Santa Amelia",
        "comment": "UBS",
        "qtd_equipes_esf": 0,
        "qtd_equipes_eap": 4,
        "qtd_equipes_total": 7,
        "capacidade_pnab": 11500,
        "nomes_equipes": "SANTA AMELIA 3 SB; SANTA AMELIA 1 EAP; SANTA AMELIA 2 SB; SANTA AMELIA 1 SB; SANTA AMELIA 4 EAP; SANTA AMELIA 2 EAP; SANTA AMELIA 3 EAP"
      },
      "geometry": {
        "type": "Point",
        "coordinates": [
          -49.327597,
          -25.4847609
        ]
      }
    },
    {
      "type": "Feature",
      "id": 17477,
      "properties": {
        "operator": "Prefeitura Municipal de Curitiba",
        "operator:type": "public",
        "ref:CNES": "17477",
        "source": "cnes;datasus;dados_abertos_saude",
        "official_name": "UMS SANTA CANDIDA",
        "addr:street": "Rua Av Paraná",
        "addr:housenumber": "5050",
        "addr:suburb": "Santa Candida",
        "addr:city": "Curitiba",
        "addr:state": "PR",
        "addr:country": "BR",
        "addr:postcode": "82640-010",
        "phone": "+55 41 3251-1031",
        "email": "umssantacandida@sms.curitiba.pr.gov.br",
        "amenity": "clinic",
        "healthcare": "clinic",
        "name": "Unidade Básica de Saúde Ums Santa Candida",
        "short_name": "UBS Ums Santa Candida",
        "comment": "UBS",
        "qtd_equipes_esf": 0,
        "qtd_equipes_eap": 5,
        "qtd_equipes_total": 9,
        "capacidade_pnab": 13500,
        "nomes_equipes": "SANTA CANDIDA 2 SB; SANTA CANDIDA 1 SB; SANTA CANDIDA 2 EAP; SANTA CANDIDA 3 EAP; SANTA CANDIDA 4 SB; SANTA CANDIDA 5 EAP; SANTA CANDIDA 4 EAP; SANTA CANDIDA 1 EAP; SANTA CANDIDA 3 SB"
      },
      "geometry": {
        "type": "Point",
        "coordinates": [
          -49.2236315,
          -25.3752658
        ]
      }
    },
    {
      "type": "Feature",
      "id": 17469,
      "properties": {
        "operator": "Prefeitura Municipal de Curitiba",
        "operator:type": "public",
        "ref:CNES": "17469",
        "source": "cnes;datasus;dados_abertos_saude",
        "official_name": "UMS SANTA EFIGENIA",
        "addr:street": "Rua Voltaire",
        "addr:housenumber": "139",
        "addr:suburb": "Barreirinha",
        "addr:city": "Curitiba",
        "addr:state": "PR",
        "addr:country": "BR",
        "addr:postcode": "82700-200",
        "phone": "+55 41 3355-2982",
        "email": "umssantaefigenia@sms.curitiba.pr.gov.br",
        "amenity": "clinic",
        "healthcare": "clinic",
        "name": "Unidade Básica de Saúde Ums Santa Efigenia",
        "short_name": "UBS Ums Santa Efigenia",
        "comment": "UBS",
        "qtd_equipes_esf": 0,
        "qtd_equipes_eap": 4,
        "qtd_equipes_total": 7,
        "capacidade_pnab": 11500,
        "nomes_equipes": "SANTA EFIGENIA 2 EAP; SANTA EFIGENIA 3 SB; SANTA EFIGENIA 2 SB; SANTA EFIGENIA 1 SB; SANTA EFIGENIA 4 EAP; SANTA EFIGENIA 3 EAP; SANTA EFIGENIA 1 EAP"
      },
      "geometry": {
        "type": "Point",
        "coordinates": [
          -49.2565635,
          -25.3770223
        ]
      }
    },
    {
      "type": "Feature",
      "id": 16926,
      "properties": {
        "operator": "Prefeitura Municipal de Curitiba",
        "operator:type": "public",
        "ref:CNES": "16926",
        "source": "cnes;datasus;dados_abertos_saude",
        "official_name": "UMS SANTA FELICIDADE",
        "addr:street": "Rua Via Veneto",
        "addr:housenumber": "1081",
        "addr:suburb": "Santa Felicidade",
        "addr:city": "Curitiba",
        "addr:state": "PR",
        "addr:country": "BR",
        "addr:postcode": "82020-470",
        "phone": "4133701578/1577",
        "email": "umssantafelicidade@sms.curitiba.pr.gov.br",
        "amenity": "clinic",
        "healthcare": "clinic",
        "name": "Unidade Básica de Saúde Ums Santa Felicidade",
        "short_name": "UBS Ums Santa Felicidade",
        "comment": "UBS",
        "qtd_equipes_esf": 0,
        "qtd_equipes_eap": 6,
        "qtd_equipes_total": 10,
        "capacidade_pnab": 15500,
        "nomes_equipes": "SANTA FELICIDADE 1 SB; SANTA FELICIDADE 2 SB; SANTA FELICIDADE 1 EAP; SANTA FELICIDADE 3 SB; SANTA FELICIDADE 5 SB; SANTA FELICIDADE 5 EAP; SANTA FELICIDADE 4 EAP; SANTA FELICIDADE 2 EAP; SANTA FELICIDADE 3 EAP; SANTA FELICIDADE 6 EAP"
      },
      "geometry": {
        "type": "Point",
        "coordinates": [
          -49.3286472,
          -25.4020413
        ]
      }
    },
    {
      "type": "Feature",
      "id": 16705,
      "properties": {
        "operator": "Prefeitura Municipal de Curitiba",
        "operator:type": "public",
        "ref:CNES": "16705",
        "source": "cnes;datasus;dados_abertos_saude",
        "official_name": "UMS SANTA QUITERIA",
        "addr:street": "Rua Divina Providencia",
        "addr:housenumber": "1445",
        "addr:suburb": "Santa Quiteria",
        "addr:city": "Curitiba",
        "addr:state": "PR",
        "addr:country": "BR",
        "addr:postcode": "80310-010",
        "phone": "+55 41 3314-5231",
        "amenity": "clinic",
        "healthcare": "clinic",
        "name": "Unidade Básica de Saúde Ums Santa Quiteria",
        "short_name": "UBS Ums Santa Quiteria",
        "comment": "UBS",
        "qtd_equipes_esf": 0,
        "qtd_equipes_eap": 3,
        "qtd_equipes_total": 5,
        "capacidade_pnab": 9500,
        "nomes_equipes": "SANTA QUITERIA 2 EAP; SANTA QUITERIA 3 EAP; SANTA QUITERIA 1 SB; SANTA QUITERIA 3 SB; SANTA QUITERIA 1 EAP"
      },
      "geometry": {
        "type": "Point",
        "coordinates": [
          -49.3165072,
          -25.461944
        ]
      }
    },
    {
      "type": "Feature",
      "id": 5484456,
      "properties": {
        "operator": "Prefeitura Municipal de Curitiba",
        "operator:type": "public",
        "ref:CNES": "5484456",
        "source": "cnes;datasus;dados_abertos_saude",
        "official_name": "UMS SANTA QUITERIA II",
        "addr:street": "Rua Bocaiuva",
        "addr:housenumber": "310",
        "addr:suburb": "Santa Quiteria",
        "addr:city": "Curitiba",
        "addr:state": "PR",
        "addr:country": "BR",
        "addr:postcode": "80310-140",
        "phone": "+55 46 3314-5159",
        "amenity": "clinic",
        "healthcare": "clinic",
        "name": "Unidade Básica de Saúde Ums Santa Quiteria II",
        "short_name": "UBS Ums Santa Quiteria II",
        "comment": "UBS",
        "qtd_equipes_esf": 0,
        "qtd_equipes_eap": 4,
        "qtd_equipes_total": 8,
        "capacidade_pnab": 11500,
        "nomes_equipes": "SANTA QUITERIA II 2 SB; SANTA QUITERIA II 3 EAP; SANTA QUITERIA II 3 SB; SANTA QUITERIA II 4 SB; SANTA QUITERIA II 1 SB; SANTA QUITERIA II 2 EAP; SANTA QUITERIA II 4 EAP; SANTA QUITERIA II 1 EAP"
      },
      "geometry": {
        "type": "Point",
        "coordinates": [
          -49.3042875,
          -25.4625993
        ]
      }
    },
    {
      "type": "Feature",
      "id": 16799,
      "properties": {
        "operator": "Prefeitura Municipal de Curitiba",
        "operator:type": "public",
        "ref:CNES": "16799",
        "source": "cnes;datasus;dados_abertos_saude",
        "official_name": "UMS SANTOS ANDRADE",
        "addr:street": "Rua Nelson Ferreira da Luz",
        "addr:housenumber": "145",
        "addr:suburb": "Campo Comprido",
        "addr:city": "Curitiba",
        "addr:state": "PR",
        "addr:country": "BR",
        "addr:postcode": "81220-170",
        "phone": "+55 41 3314-5236",
        "email": "umssantosandrade@sms.curitiba.pr.gov.br",
        "amenity": "clinic",
        "healthcare": "clinic",
        "name": "Unidade Básica de Saúde Ums Santos Andrade",
        "short_name": "UBS Ums Santos Andrade",
        "comment": "UBS",
        "qtd_equipes_esf": 0,
        "qtd_equipes_eap": 2,
        "qtd_equipes_total": 4,
        "capacidade_pnab": 7500,
        "nomes_equipes": "SANTOS ANDRADE 1 EAP; SANTOS ANDRADE 2 EAP; SANTOS ANDRADE 1 SB; SANTOS ANDRADE 2 SB"
      },
      "geometry": {
        "type": "Point",
        "coordinates": [
          -49.327323,
          -25.4577232
        ]
      }
    },
    {
      "type": "Feature",
      "id": 16845,
      "properties": {
        "operator": "Prefeitura Municipal de Curitiba",
        "operator:type": "public",
        "ref:CNES": "16845",
        "source": "cnes;datasus;dados_abertos_saude",
        "official_name": "UMS SAO BRAZ",
        "addr:street": "Rua Antonio Escorsin",
        "addr:housenumber": "1960",
        "addr:suburb": "São Braz",
        "addr:city": "Curitiba",
        "addr:state": "PR",
        "addr:country": "BR",
        "addr:postcode": "82300-490",
        "phone": "+55 41 3372-4776",
        "email": "umssaobraz@sms.curitiba.pr.gov.br",
        "amenity": "clinic",
        "healthcare": "clinic",
        "name": "Unidade Básica de Saúde Ums São Braz",
        "short_name": "UBS Ums São Braz",
        "comment": "UBS",
        "qtd_equipes_esf": 0,
        "qtd_equipes_eap": 5,
        "qtd_equipes_total": 8,
        "capacidade_pnab": 13500,
        "nomes_equipes": "SAO BRAZ 1 EAP; SAO BRAZ 2 SB; SAO BRAZ 2 EAP; SAO BRAZ 3 EAP; SAO BRAZ 4 EAP; SAO BRAZ 5 EAP; SAO BRAZ 3 SB; SAO BRAZ 4 SB"
      },
      "geometry": {
        "type": "Point",
        "coordinates": [
          -49.347842,
          -25.4184968
        ]
      }
    },
    {
      "type": "Feature",
      "id": 17078,
      "properties": {
        "operator": "Prefeitura Municipal de Curitiba",
        "operator:type": "public",
        "ref:CNES": "17078",
        "source": "cnes;datasus;dados_abertos_saude",
        "official_name": "UMS SAO DOMINGOS PSF",
        "addr:street": "Rua Ladislau Mikosz",
        "addr:housenumber": "149",
        "addr:suburb": "Cajuru",
        "addr:city": "Curitiba",
        "addr:state": "PR",
        "addr:country": "BR",
        "addr:postcode": "82960-400",
        "phone": "+55 41 3361-2504",
        "amenity": "clinic",
        "healthcare": "clinic",
        "name": "Unidade Básica de Saúde Ums São Domingos Psf",
        "short_name": "UBS Ums São Domingos Psf",
        "comment": "UBS",
        "qtd_equipes_esf": 4,
        "qtd_equipes_eap": 0,
        "qtd_equipes_total": 6,
        "capacidade_pnab": 14000,
        "nomes_equipes": "SAO DOMINGOS 3 SB; SAO DOMINGOS 3; SAO DOMINGOS 4 SB; SAO DOMINGOS 2; SAO DOMINGOS 4; SAO DOMINGOS 5"
      },
      "geometry": {
        "type": "Point",
        "coordinates": [
          -49.1981414,
          -25.4680551
        ]
      }
    },
    {
      "type": "Feature",
      "id": 16993,
      "properties": {
        "operator": "Prefeitura Municipal de Curitiba",
        "operator:type": "public",
        "ref:CNES": "16993",
        "source": "cnes;datasus;dados_abertos_saude",
        "official_name": "UMS SAO JOAO DEL REY PSF",
        "addr:street": "Rua Realeza",
        "addr:housenumber": "259",
        "addr:suburb": "Sitio Cercado",
        "addr:city": "Curitiba",
        "addr:state": "PR",
        "addr:country": "BR",
        "addr:postcode": "81900-100",
        "phone": "+55 46 3227-4061",
        "email": "cristianoliveira@sms.curitiba.pr.gov.br",
        "amenity": "clinic",
        "healthcare": "clinic",
        "name": "Unidade Básica de Saúde Ums São João Del Rey Psf",
        "short_name": "UBS Ums São João Del Rey Psf",
        "comment": "UBS",
        "qtd_equipes_esf": 3,
        "qtd_equipes_eap": 0,
        "qtd_equipes_total": 5,
        "capacidade_pnab": 10500,
        "nomes_equipes": "DEL REY 2 SB; DEL REY 1 SB; DEL REY 1 (DEL REY); DEL REY 2 (PLANALTO); DEL REY 4"
      },
      "geometry": {
        "type": "Point",
        "coordinates": [
          -49.2732444,
          -25.5376626
        ]
      }
    },
    {
      "type": "Feature",
      "id": 16853,
      "properties": {
        "operator": "Prefeitura Municipal de Curitiba",
        "operator:type": "public",
        "ref:CNES": "16853",
        "source": "cnes;datasus;dados_abertos_saude",
        "official_name": "UMS SAO JOSE PSF",
        "addr:street": "Rua Pirai do Sul",
        "addr:housenumber": "180",
        "addr:suburb": "Augusta",
        "addr:city": "Curitiba",
        "addr:state": "PR",
        "addr:country": "BR",
        "addr:postcode": "81265-100",
        "phone": "+55 41 3285-5162",
        "amenity": "clinic",
        "healthcare": "clinic",
        "name": "Unidade Básica de Saúde Ums São Jose Psf",
        "short_name": "UBS Ums São Jose Psf",
        "comment": "UBS",
        "qtd_equipes_esf": 2,
        "qtd_equipes_eap": 0,
        "qtd_equipes_total": 4,
        "capacidade_pnab": 7000,
        "nomes_equipes": "SAO JOSE A SB; SAO JOSE B SB; SAO JOSE A; SAO JOSE B"
      },
      "geometry": {
        "type": "Point",
        "coordinates": [
          -49.3785131,
          -25.4558154
        ]
      }
    },
    {
      "type": "Feature",
      "id": 16713,
      "properties": {
        "operator": "Prefeitura Municipal de Curitiba",
        "operator:type": "public",
        "ref:CNES": "16713",
        "source": "cnes;datasus;dados_abertos_saude",
        "official_name": "UMS SAO MIGUEL",
        "addr:street": "Rua Desembargador Cid Campelo",
        "addr:housenumber": "8060",
        "addr:suburb": "Cic",
        "addr:city": "Curitiba",
        "addr:state": "PR",
        "addr:country": "BR",
        "addr:postcode": "81250-510",
        "phone": "+55 41 3314-5124",
        "amenity": "clinic",
        "healthcare": "clinic",
        "name": "Unidade Básica de Saúde Ums São Miguel",
        "short_name": "UBS Ums São Miguel",
        "comment": "UBS",
        "qtd_equipes_esf": 0,
        "qtd_equipes_eap": 3,
        "qtd_equipes_total": 5,
        "capacidade_pnab": 9500,
        "nomes_equipes": "SAO MIGUEL 1 EAP; SAO MIGUEL 2 SB; SAO MIGUEL 3 EAP; SAO MIGUEL 2 EAP; SAO MIGUEL 3 SB"
      },
      "geometry": {
        "type": "Point",
        "coordinates": [
          -49.3367897,
          -25.4802283
        ]
      }
    },
    {
      "type": "Feature",
      "id": 17116,
      "properties": {
        "operator": "Prefeitura Municipal de Curitiba",
        "operator:type": "public",
        "ref:CNES": "17116",
        "source": "cnes;datasus;dados_abertos_saude",
        "official_name": "UMS SAO PAULO",
        "addr:street": "Rua Avn Canal Rio Belem",
        "addr:housenumber": "6427",
        "addr:suburb": "Uberaba",
        "addr:city": "Curitiba",
        "addr:state": "PR",
        "addr:country": "BR",
        "addr:postcode": "81570-430",
        "phone": "+55 41 3217-1221",
        "amenity": "clinic",
        "healthcare": "clinic",
        "name": "Unidade Básica de Saúde Ums São Paulo",
        "short_name": "UBS Ums São Paulo",
        "comment": "UBS",
        "qtd_equipes_esf": 0,
        "qtd_equipes_eap": 3,
        "qtd_equipes_total": 6,
        "capacidade_pnab": 9500,
        "nomes_equipes": "SAO PAULO 3 EAP; SAO PAULO 3 SB; SAO PAULO 2 SB; SAO PAULO 1 EAP; SAO PAULO 1 SB; SAO PAULO 2 EAP"
      },
      "geometry": {
        "type": "Point",
        "coordinates": [
          -49.3426439,
          -25.4576786
        ]
      }
    },
    {
      "type": "Feature",
      "id": 17175,
      "properties": {
        "operator": "Prefeitura Municipal de Curitiba",
        "operator:type": "public",
        "ref:CNES": "17175",
        "source": "cnes;datasus;dados_abertos_saude",
        "official_name": "UMS SAO PEDRO",
        "addr:street": "Rua Bernardo Mann S N",
        "addr:suburb": "Xaxim",
        "addr:city": "Curitiba",
        "addr:state": "PR",
        "addr:country": "BR",
        "addr:postcode": "81820-360",
        "phone": "+55 41 3212-1546",
        "amenity": "clinic",
        "healthcare": "clinic",
        "name": "Unidade Básica de Saúde Ums São Pedro",
        "short_name": "UBS Ums São Pedro",
        "comment": "UBS",
        "qtd_equipes_esf": 0,
        "qtd_equipes_eap": 4,
        "qtd_equipes_total": 7,
        "capacidade_pnab": 11500,
        "nomes_equipes": "SAO PEDRO 4 EAP; SAO PEDRO 3 EAP; SAO PEDRO 1 EAP; SAO PEDRO 3 SB; SAO PEDRO 2 EAP; SAO PEDRO 2 SB; SAO PEDRO 1 SB"
      },
      "geometry": {
        "type": "Point",
        "coordinates": [
          -49.2700272,
          -25.521114
        ]
      }
    },
    {
      "type": "Feature",
      "id": 17051,
      "properties": {
        "operator": "Prefeitura Municipal de Curitiba",
        "operator:type": "public",
        "ref:CNES": "17051",
        "source": "cnes;datasus;dados_abertos_saude",
        "official_name": "UMS SOLITUDE PSF",
        "addr:street": "Rua Isaias Ferreira da Silva",
        "addr:housenumber": "150",
        "addr:suburb": "Cajuru",
        "addr:city": "Curitiba",
        "addr:state": "PR",
        "addr:country": "BR",
        "addr:postcode": "82980-200",
        "phone": "+55 41 3361-2511",
        "amenity": "clinic",
        "healthcare": "clinic",
        "name": "Unidade Básica de Saúde Ums Solitude Psf",
        "short_name": "UBS Ums Solitude Psf",
        "comment": "UBS",
        "qtd_equipes_esf": 4,
        "qtd_equipes_eap": 0,
        "qtd_equipes_total": 8,
        "capacidade_pnab": 14000,
        "nomes_equipes": "SOLITUDE 4; SOLITUDE 2; SOLITUDE 1; SOLITUDE 3 SB; SOLITUDE 1 SB; EMULTI A CJ 1; SOLITUDE 3; SOLITUDE 2 SB"
      },
      "geometry": {
        "type": "Point",
        "coordinates": [
          -49.1961121,
          -25.4771712
        ]
      }
    },
    {
      "type": "Feature",
      "id": 17388,
      "properties": {
        "operator": "Prefeitura Municipal de Curitiba",
        "operator:type": "public",
        "ref:CNES": "17388",
        "source": "cnes;datasus;dados_abertos_saude",
        "official_name": "UMS TAIZ VIVIANE MACHADO PSF",
        "addr:street": "Rua Gastao Natal Simone",
        "addr:housenumber": "5",
        "addr:suburb": "Cidade Industrial",
        "addr:city": "Curitiba",
        "addr:state": "PR",
        "addr:country": "BR",
        "addr:postcode": "81170-320",
        "phone": "+55 41 3212-1401",
        "amenity": "clinic",
        "healthcare": "clinic",
        "name": "Unidade Básica de Saúde Ums Taiz Viviane Machado Psf",
        "short_name": "UBS Ums Taiz Viviane Machado Psf",
        "comment": "UBS",
        "qtd_equipes_esf": 4,
        "qtd_equipes_eap": 0,
        "qtd_equipes_total": 7,
        "capacidade_pnab": 14000,
        "nomes_equipes": "TAIZ VIVIANE MACHADO 3; TAIZ VIVIANE MACHADO 2; TAIZ VIVIANE MACHADO 4; TAIZ VIVIANE MACHADO 1; TAIZ VIVIANE MACHADO 3 SB; TAIZ VIVIANE MACHADO 1 SB; TAIZ VIVIANE MACHADO 2 SB"
      },
      "geometry": {
        "type": "Point",
        "coordinates": [
          -49.3310907,
          -25.5158171
        ]
      }
    },
    {
      "type": "Feature",
      "id": 16721,
      "properties": {
        "operator": "Prefeitura Municipal de Curitiba",
        "operator:type": "public",
        "ref:CNES": "16721",
        "source": "cnes;datasus;dados_abertos_saude",
        "official_name": "UMS TANCREDO NEVES",
        "addr:street": "Rua Prfa Hilda Hanke Goncalves",
        "addr:housenumber": "435",
        "addr:suburb": "Cic",
        "addr:city": "Curitiba",
        "addr:state": "PR",
        "addr:country": "BR",
        "addr:postcode": "81240-110",
        "phone": "+55 41 3314-5131",
        "amenity": "clinic",
        "healthcare": "clinic",
        "name": "Unidade Básica de Saúde Ums Tancredo Neves",
        "short_name": "UBS Ums Tancredo Neves",
        "comment": "UBS",
        "qtd_equipes_esf": 0,
        "qtd_equipes_eap": 4,
        "qtd_equipes_total": 7,
        "capacidade_pnab": 11500,
        "nomes_equipes": "TANCREDO NEVES 3 EAP; TANCREDO NEVES 1 EAP; TANCREDO NEVES 2 EAP; TANCREDO NEVES 4 EAP; TANCREDO NEVES 2 SB; TANCREDO NEVES 1 SB; TANCREDO NEVES 4 SB"
      },
      "geometry": {
        "type": "Point",
        "coordinates": [
          -49.3436678,
          -25.4750502
        ]
      }
    },
    {
      "type": "Feature",
      "id": 17167,
      "properties": {
        "operator": "Prefeitura Municipal de Curitiba",
        "operator:type": "public",
        "ref:CNES": "17167",
        "source": "cnes;datasus;dados_abertos_saude",
        "official_name": "UMS TAPAJOS",
        "addr:street": "Rua Andre Ferreira de Camargo",
        "addr:suburb": "Xaxim",
        "addr:city": "Curitiba",
        "addr:state": "PR",
        "addr:country": "BR",
        "addr:postcode": "81630-160",
        "phone": "+55 41 3217-1241",
        "email": "alzisilva@sms.curitba.pr.gov.br",
        "amenity": "clinic",
        "healthcare": "clinic",
        "name": "Unidade Básica de Saúde Ums Tapajós",
        "short_name": "UBS Ums Tapajós",
        "comment": "UBS",
        "qtd_equipes_esf": 0,
        "qtd_equipes_eap": 4,
        "qtd_equipes_total": 8,
        "capacidade_pnab": 11500,
        "nomes_equipes": "TAPAJOS 1 SB; TAPAJOS 3 SB; TAPAJOS 2 SB; TAPAJOS 4 SB; TAPAJOS 2 EAP; TAPAJOS 3 EAP; TAPAJOS 1 EAP; TAPAJOS 4 EAP"
      },
      "geometry": {
        "type": "Point",
        "coordinates": [
          -49.2605575,
          -25.4914119
        ]
      }
    },
    {
      "type": "Feature",
      "id": 17450,
      "properties": {
        "operator": "Prefeitura Municipal de Curitiba",
        "operator:type": "public",
        "ref:CNES": "17450",
        "source": "cnes;datasus;dados_abertos_saude",
        "official_name": "UMS TARUMA PSF",
        "addr:street": "Rua Jose Verissimo",
        "addr:housenumber": "1352",
        "addr:suburb": "Bairro Alto",
        "addr:city": "Curitiba",
        "addr:state": "PR",
        "addr:country": "BR",
        "addr:postcode": "82820-000",
        "phone": "+55 41 3315-2294",
        "email": "umstaruma@sms.curitiba.pr.gov.br",
        "amenity": "clinic",
        "healthcare": "clinic",
        "name": "Unidade Básica de Saúde Ums Taruma Psf",
        "short_name": "UBS Ums Taruma Psf",
        "comment": "UBS",
        "qtd_equipes_esf": 3,
        "qtd_equipes_eap": 0,
        "qtd_equipes_total": 5,
        "capacidade_pnab": 10500,
        "nomes_equipes": "TARUMA 2; TARUMA 3; TARUMA 1; TARUMA 1 SB; TARUMA 2 SB"
      },
      "geometry": {
        "type": "Point",
        "coordinates": [
          -49.2018393,
          -25.4237831
        ]
      }
    },
    {
      "type": "Feature",
      "id": 17442,
      "properties": {
        "operator": "Prefeitura Municipal de Curitiba",
        "operator:type": "public",
        "ref:CNES": "17442",
        "source": "cnes;datasus;dados_abertos_saude",
        "official_name": "UMS TINGUI",
        "addr:street": "Rua Marins Alves de Camargo",
        "addr:housenumber": "187",
        "addr:suburb": "Tingui",
        "addr:city": "Curitiba",
        "addr:state": "PR",
        "addr:country": "BR",
        "addr:postcode": "82620-260",
        "phone": "+55 41 3251-1032",
        "email": "umstingui@sms.curitiba.pr.gov.br",
        "amenity": "clinic",
        "healthcare": "clinic",
        "name": "Unidade Básica de Saúde Ums Tingui",
        "short_name": "UBS Ums Tingui",
        "comment": "UBS",
        "qtd_equipes_esf": 0,
        "qtd_equipes_eap": 5,
        "qtd_equipes_total": 9,
        "capacidade_pnab": 13500,
        "nomes_equipes": "TINGUI 4 SB; TINGUI 2 EAP; TINGUI 1 EAP; TINGUI 4 EAP; TINGUI 3 EAP; TINGUI 5 EAP; TINGUI 1 SB; TINGUI 2 SB; TINGUI 3 SB"
      },
      "geometry": {
        "type": "Point",
        "coordinates": [
          -49.2233814,
          -25.383076
        ]
      }
    },
    {
      "type": "Feature",
      "id": 3359646,
      "properties": {
        "operator": "Prefeitura Municipal de Curitiba",
        "operator:type": "public",
        "ref:CNES": "3359646",
        "source": "cnes;datasus;dados_abertos_saude",
        "official_name": "UMS TRINDADE II PSF",
        "addr:street": "Rua Sebastiao Marcos Luiz",
        "addr:housenumber": "1023",
        "addr:suburb": "Cajuru",
        "addr:city": "Curitiba",
        "addr:state": "PR",
        "addr:country": "BR",
        "addr:postcode": "82940-250",
        "phone": "+55 41 3361-2513",
        "amenity": "clinic",
        "healthcare": "clinic",
        "name": "Unidade Básica de Saúde Ums Trindade II Psf",
        "short_name": "UBS Ums Trindade II Psf",
        "comment": "UBS",
        "qtd_equipes_esf": 4,
        "qtd_equipes_eap": 0,
        "qtd_equipes_total": 7,
        "capacidade_pnab": 14000,
        "nomes_equipes": "FLORIANOPOLIS SB; JERUSALEM; FLORIANOPOLIS; SAO JOAO DEL REY SB; JERUSALEM SB; SAO JOAO DEL REY; LIBERATO EVANGELISTA DO PRADO"
      },
      "geometry": {
        "type": "Point",
        "coordinates": [
          -49.2045612,
          -25.4616319
        ]
      }
    },
    {
      "type": "Feature",
      "id": 17043,
      "properties": {
        "operator": "Prefeitura Municipal de Curitiba",
        "operator:type": "public",
        "ref:CNES": "17043",
        "source": "cnes;datasus;dados_abertos_saude",
        "official_name": "UMS TRINDADE PSF",
        "addr:street": "Rua Roraima",
        "addr:housenumber": "1790",
        "addr:suburb": "Cajuru",
        "addr:city": "Curitiba",
        "addr:state": "PR",
        "addr:country": "BR",
        "addr:postcode": "82920-420",
        "phone": "+55 41 3361-2348",
        "amenity": "clinic",
        "healthcare": "clinic",
        "name": "Unidade Básica de Saúde Ums Trindade Psf",
        "short_name": "UBS Ums Trindade Psf",
        "comment": "UBS",
        "qtd_equipes_esf": 5,
        "qtd_equipes_eap": 0,
        "qtd_equipes_total": 7,
        "capacidade_pnab": 17500,
        "nomes_equipes": "TRINDADE 5 SB; TRINDADE 3 SB; TRINDADE 5; TRINDADE 2; TRINDADE 3; TRINDADE 1; TRINDADE 4"
      },
      "geometry": {
        "type": "Point",
        "coordinates": [
          -49.205963,
          -25.451814
        ]
      }
    },
    {
      "type": "Feature",
      "id": 2639408,
      "properties": {
        "operator": "Prefeitura Municipal de Curitiba",
        "operator:type": "public",
        "ref:CNES": "2639408",
        "source": "cnes;datasus;dados_abertos_saude",
        "official_name": "UMS UBERABA DE CIMA",
        "addr:street": "Rua Capitao Leonidas Marques",
        "addr:housenumber": "1392",
        "addr:suburb": "Uberaba",
        "addr:city": "Curitiba",
        "addr:state": "PR",
        "addr:country": "BR",
        "addr:postcode": "81550-080",
        "phone": "+55 41 3361-2380",
        "amenity": "clinic",
        "healthcare": "clinic",
        "name": "Unidade Básica de Saúde Ums Uberaba de Cima",
        "short_name": "UBS Ums Uberaba de Cima",
        "comment": "UBS",
        "qtd_equipes_esf": 0,
        "qtd_equipes_eap": 3,
        "qtd_equipes_total": 6,
        "capacidade_pnab": 9500,
        "nomes_equipes": "UBERABA 3 SB; UBERABA 2 SB; UBERABA 3 EAP; UBERABA 2 EAP; UBERABA 1 EAP; UBERABA 1 SB"
      },
      "geometry": {
        "type": "Point",
        "coordinates": [
          -49.2155631,
          -25.4789367
        ]
      }
    },
    {
      "type": "Feature",
      "id": 3298949,
      "properties": {
        "operator": "Prefeitura Municipal de Curitiba",
        "operator:type": "public",
        "ref:CNES": "3298949",
        "source": "cnes;datasus;dados_abertos_saude",
        "official_name": "UMS UMBARA II PSF",
        "addr:street": "Rua Estanislau Selenko",
        "addr:housenumber": "365",
        "addr:suburb": "Umbara",
        "addr:city": "Curitiba",
        "addr:state": "PR",
        "addr:country": "BR",
        "addr:postcode": "81940-305",
        "phone": "+55 41 3313-5860",
        "email": "rgraniel@sms.curitiba.pr.gov.br",
        "amenity": "clinic",
        "healthcare": "clinic",
        "name": "Unidade Básica de Saúde Ums Umbara II Psf",
        "short_name": "UBS Ums Umbara II Psf",
        "comment": "UBS",
        "qtd_equipes_esf": 3,
        "qtd_equipes_eap": 0,
        "qtd_equipes_total": 5,
        "capacidade_pnab": 10500,
        "nomes_equipes": "UMBARA II PSF 2; UMBARA II SB; CALIXTO; UMBARA II; CALIXTO SB"
      },
      "geometry": {
        "type": "Point",
        "coordinates": [
          -49.2876348,
          -25.5636367
        ]
      }
    },
    {
      "type": "Feature",
      "id": 3862224,
      "properties": {
        "operator": "Prefeitura Municipal de Curitiba",
        "operator:type": "public",
        "ref:CNES": "3862224",
        "source": "cnes;datasus;dados_abertos_saude",
        "official_name": "UMS UMBARA PSF",
        "addr:street": "Rua Deputado Pinheiro",
        "addr:housenumber": "915",
        "addr:suburb": "Umbara",
        "addr:city": "Curitiba",
        "addr:state": "PR",
        "addr:country": "BR",
        "addr:postcode": "81930-000",
        "phone": "+55 46 3348-2575",
        "email": "kbilha@sms.curitiba.pr.gov.br",
        "amenity": "clinic",
        "healthcare": "clinic",
        "name": "Unidade Básica de Saúde Ums Umbara Psf",
        "short_name": "UBS Ums Umbara Psf",
        "comment": "UBS",
        "qtd_equipes_esf": 4,
        "qtd_equipes_eap": 0,
        "qtd_equipes_total": 7,
        "capacidade_pnab": 14000,
        "nomes_equipes": "UMBARA 1; UMBARA 4; UMBARA 2 SB; UMBARA 3; UMBARA 2; EMULTI C BN 2; UMBARA 1 SB"
      },
      "geometry": {
        "type": "Point",
        "coordinates": [
          -49.284388,
          -25.554831
        ]
      }
    },
    {
      "type": "Feature",
      "id": 16780,
      "properties": {
        "operator": "Prefeitura Municipal de Curitiba",
        "operator:type": "public",
        "ref:CNES": "16780",
        "source": "cnes;datasus;dados_abertos_saude",
        "official_name": "UMS UNIAO DAS VILAS",
        "addr:street": "Rua Independência",
        "addr:housenumber": "71",
        "addr:suburb": "São Braz",
        "addr:city": "Curitiba",
        "addr:state": "PR",
        "addr:country": "BR",
        "addr:postcode": "82315-060",
        "phone": "+55 41 3370-1582",
        "email": "umsuniaodasvilas@sms.curitiba.pr.gov.b",
        "amenity": "clinic",
        "healthcare": "clinic",
        "name": "Unidade Básica de Saúde Ums Uniao das Vilas",
        "short_name": "UBS Ums Uniao das Vilas",
        "comment": "UBS",
        "qtd_equipes_esf": 0,
        "qtd_equipes_eap": 4,
        "qtd_equipes_total": 8,
        "capacidade_pnab": 11500,
        "nomes_equipes": "UNIAO DAS VILAS 4 EAP; UNIAO DAS VILAS 2 SB; UNIAO DAS VILAS 1 EAP; UNIAO DAS VILAS 3 EAP; UNIAO DAS VILAS 2 EAP; EMULTI E SF2; UNIAO DAS VILAS 3 SB; UNIAO DAS VILAS 1 SB"
      },
      "geometry": {
        "type": "Point",
        "coordinates": [
          -49.3609607,
          -25.4210647
        ]
      }
    },
    {
      "type": "Feature",
      "id": 16748,
      "properties": {
        "operator": "Prefeitura Municipal de Curitiba",
        "operator:type": "public",
        "ref:CNES": "16748",
        "source": "cnes;datasus;dados_abertos_saude",
        "official_name": "UMS VILA CLARICE",
        "addr:street": "Rua Eloy de Assis Fabris",
        "addr:housenumber": "634",
        "addr:suburb": "Novo Mundo",
        "addr:city": "Curitiba",
        "addr:state": "PR",
        "addr:country": "BR",
        "addr:postcode": "81030-420",
        "phone": "+55 41 3212-1414",
        "amenity": "clinic",
        "healthcare": "clinic",
        "name": "Unidade Básica de Saúde Ums Vila Clarice",
        "short_name": "UBS Ums Vila Clarice",
        "comment": "UBS",
        "qtd_equipes_esf": 0,
        "qtd_equipes_eap": 4,
        "qtd_equipes_total": 8,
        "capacidade_pnab": 11500,
        "nomes_equipes": "VILA CLARICE 3 SB; VILA CLARICE 4 EAP; VILA CLARICE 1 EAP; VILA CLARICE 1 SB; VILA CLARICE 3 EAP; VILA CLARICE 2 EAP; VILA CLARICE 2 SB; EMULTI A PN1"
      },
      "geometry": {
        "type": "Point",
        "coordinates": [
          -49.283133,
          -25.4900277
        ]
      }
    },
    {
      "type": "Feature",
      "id": 17426,
      "properties": {
        "operator": "Prefeitura Municipal de Curitiba",
        "operator:type": "public",
        "ref:CNES": "17426",
        "source": "cnes;datasus;dados_abertos_saude",
        "official_name": "UMS VILA DIANA",
        "addr:street": "Rua Rene Descartes",
        "addr:housenumber": "537",
        "addr:suburb": "Abranches",
        "addr:city": "Curitiba",
        "addr:state": "PR",
        "addr:country": "BR",
        "addr:postcode": "82220-070",
        "phone": "+55 41 3355-2671",
        "email": "umsviladiana@sms.curitiba.pr.gov.br",
        "amenity": "clinic",
        "healthcare": "clinic",
        "name": "Unidade Básica de Saúde Ums Vila Diana",
        "short_name": "UBS Ums Vila Diana",
        "comment": "UBS",
        "qtd_equipes_esf": 0,
        "qtd_equipes_eap": 3,
        "qtd_equipes_total": 6,
        "capacidade_pnab": 9500,
        "nomes_equipes": "VILA DIANA 3 EAP; VILA DIANA 1 EAP; VILA DIANA 3 SB; VILA DIANA 2 SB; VILA DIANA 2 EAP; VILA DIANA 1 SB"
      },
      "geometry": {
        "type": "Point",
        "coordinates": [
          -49.2687517,
          -25.3679321
        ]
      }
    },
    {
      "type": "Feature",
      "id": 17434,
      "properties": {
        "operator": "Prefeitura Municipal de Curitiba",
        "operator:type": "public",
        "ref:CNES": "17434",
        "source": "cnes;datasus;dados_abertos_saude",
        "official_name": "UMS VILA ESPERANCA PSF",
        "addr:street": "Rua Cataratas do Iguaçu",
        "addr:housenumber": "192",
        "addr:suburb": "Atuba",
        "addr:city": "Curitiba",
        "addr:state": "PR",
        "addr:country": "BR",
        "addr:postcode": "82860-060",
        "phone": "+55 41 3251-1037",
        "email": "umsvilaesperanca@sms.curitiba.pr.gov.br",
        "amenity": "clinic",
        "healthcare": "clinic",
        "name": "Unidade Básica de Saúde Ums Vila Esperança Psf",
        "short_name": "UBS Ums Vila Esperança Psf",
        "comment": "UBS",
        "qtd_equipes_esf": 4,
        "qtd_equipes_eap": 0,
        "qtd_equipes_total": 7,
        "capacidade_pnab": 14000,
        "nomes_equipes": "VILA ESPERANCA 1; VILA ESPERANCA 4; VILA ESPERANCA 2; VILA ESPERANCA 3; EMULTI A BV 2; VILA ESPERANCA 3 SB; VILA ESPERANCA 1 SB"
      },
      "geometry": {
        "type": "Point",
        "coordinates": [
          -49.1980004,
          -25.3835291
        ]
      }
    },
    {
      "type": "Feature",
      "id": 16756,
      "properties": {
        "operator": "Prefeitura Municipal de Curitiba",
        "operator:type": "public",
        "ref:CNES": "16756",
        "source": "cnes;datasus;dados_abertos_saude",
        "official_name": "UMS VILA FELIZ",
        "addr:street": "Rua Pedro Gusso",
        "addr:housenumber": "866",
        "addr:suburb": "Novo Mundo",
        "addr:city": "Curitiba",
        "addr:state": "PR",
        "addr:country": "BR",
        "addr:postcode": "80050-205",
        "phone": "+55 41 3212-1416",
        "email": "julisilva@sms.curitiba.pr.gov.br",
        "amenity": "clinic",
        "healthcare": "clinic",
        "name": "Unidade Básica de Saúde Ums Vila Feliz",
        "short_name": "UBS Ums Vila Feliz",
        "comment": "UBS",
        "qtd_equipes_esf": 0,
        "qtd_equipes_eap": 4,
        "qtd_equipes_total": 9,
        "capacidade_pnab": 11500,
        "nomes_equipes": "VILA FELIZ 4 SB; VILA FELIZ 3 SB; VILA FELIZ 4 EAP; VILA FELIZ 3 EAP; VILA FELIZ 2 EAP; VILA FELIZ 1 EAP; VILA FELIZ 2 SB; VILA FELIZ 1 SB; EMULTI E PN2"
      },
      "geometry": {
        "type": "Point",
        "coordinates": [
          -49.303435,
          -25.4973753
        ]
      }
    },
    {
      "type": "Feature",
      "id": 16764,
      "properties": {
        "operator": "Prefeitura Municipal de Curitiba",
        "operator:type": "public",
        "ref:CNES": "16764",
        "source": "cnes;datasus;dados_abertos_saude",
        "official_name": "UMS VILA GUAIRA",
        "addr:street": "Rua São Paulo",
        "addr:suburb": "Vila Guaira",
        "addr:city": "Curitiba",
        "addr:state": "PR",
        "addr:country": "BR",
        "addr:postcode": "80630-120",
        "phone": "+55 41 3213-7600",
        "amenity": "clinic",
        "healthcare": "clinic",
        "name": "Unidade Básica de Saúde Ums Vila Guaira",
        "short_name": "UBS Ums Vila Guaira",
        "comment": "UBS",
        "qtd_equipes_esf": 0,
        "qtd_equipes_eap": 4,
        "qtd_equipes_total": 7,
        "capacidade_pnab": 11500,
        "nomes_equipes": "VILA GUAIRA 1 EAP; VILA GUAIRA 1 SB; VILA GUAIRA 2 SB; VILA GUAIRA 4 SB; VILA GUAIRA 4 EAP; VILA GUAIRA 3 EAP; VILA GUAIRA 2 EAP"
      },
      "geometry": {
        "type": "Point",
        "coordinates": [
          -49.277465,
          -25.4667491
        ]
      }
    },
    {
      "type": "Feature",
      "id": 17221,
      "properties": {
        "operator": "Prefeitura Municipal de Curitiba",
        "operator:type": "public",
        "ref:CNES": "17221",
        "source": "cnes;datasus;dados_abertos_saude",
        "official_name": "UMS VILA HAUER",
        "addr:street": "Rua Waldemar Kost",
        "addr:housenumber": "650",
        "addr:suburb": "Hauer",
        "addr:city": "Curitiba",
        "addr:state": "PR",
        "addr:country": "BR",
        "addr:postcode": "81610-000",
        "phone": "+55 41 3217-1283",
        "email": "umsvilahuer@sms.curitiba.pr.gov.br",
        "amenity": "clinic",
        "healthcare": "clinic",
        "name": "Unidade Básica de Saúde Ums Vila Hauer",
        "short_name": "UBS Ums Vila Hauer",
        "comment": "UBS",
        "qtd_equipes_esf": 0,
        "qtd_equipes_eap": 6,
        "qtd_equipes_total": 12,
        "capacidade_pnab": 15500,
        "nomes_equipes": "VILA HAUER 2 EAP; VILA HAUER 2 SB; VILA HAUER 1 SB; VILA HAUER 3 EAP; VILA HAUER 4 EAP; VILA HAUER 3 SB; VILA HAUER 4 SB; VILA HAUER 5 SB; VILA HAUER 6 EAP; ECR VILA HAUER; VILA HAUER 5 EAP; VILA HAUER 1 EAP"
      },
      "geometry": {
        "type": "Point",
        "coordinates": [
          -49.2476453,
          -25.4821856
        ]
      }
    },
    {
      "type": "Feature",
      "id": 16772,
      "properties": {
        "operator": "Prefeitura Municipal de Curitiba",
        "operator:type": "public",
        "ref:CNES": "16772",
        "source": "cnes;datasus;dados_abertos_saude",
        "official_name": "UMS VILA LEAO",
        "addr:street": "Rua Primo Lourenço Tosin",
        "addr:suburb": "Portao",
        "addr:city": "Curitiba",
        "addr:state": "PR",
        "addr:country": "BR",
        "addr:postcode": "81050-290",
        "phone": "+55 41 3212-1475",
        "amenity": "clinic",
        "healthcare": "clinic",
        "name": "Unidade Básica de Saúde Ums Vila Leao",
        "short_name": "UBS Ums Vila Leao",
        "comment": "UBS",
        "qtd_equipes_esf": 0,
        "qtd_equipes_eap": 4,
        "qtd_equipes_total": 9,
        "capacidade_pnab": 11500,
        "nomes_equipes": "VILA LEAO 4 EAP; VILA LEAO 1 SB; VILA LEAO 2 SB; VILA LEAO 2 EAP; VILA LEAO 3 EAP; VILA LEAO 3 SB; VILA LEAO 4 SB; VILA LEAO 1 EAP; ECR VILA LEAO"
      },
      "geometry": {
        "type": "Point",
        "coordinates": [
          -49.3022281,
          -25.4848401
        ]
      }
    },
    {
      "type": "Feature",
      "id": 17558,
      "properties": {
        "operator": "Prefeitura Municipal de Curitiba",
        "operator:type": "public",
        "ref:CNES": "17558",
        "source": "cnes;datasus;dados_abertos_saude",
        "official_name": "UMS VILA LEONICE PSF",
        "addr:street": "Rua Av Anita Garibaldi",
        "addr:housenumber": "6814",
        "addr:suburb": "Cachoeira",
        "addr:city": "Curitiba",
        "addr:state": "PR",
        "addr:country": "BR",
        "addr:postcode": "82220-000",
        "phone": "(41)3355-2682 /2670",
        "email": "umsvilaleonice@sms.curitiba.pr.gov.br",
        "amenity": "clinic",
        "healthcare": "clinic",
        "name": "Unidade Básica de Saúde Ums Vila Leonice Psf",
        "short_name": "UBS Ums Vila Leonice Psf",
        "comment": "UBS",
        "qtd_equipes_esf": 3,
        "qtd_equipes_eap": 0,
        "qtd_equipes_total": 6,
        "capacidade_pnab": 10500,
        "nomes_equipes": "VILA LEONICE 1 SB; EMULTI A BV 1; VILA LEONICE 2 SB; VILA LEONICE 4; VILA LEONICE 2; VILA LEONICE 3"
      },
      "geometry": {
        "type": "Point",
        "coordinates": [
          -49.2633256,
          -25.353255
        ]
      }
    },
    {
      "type": "Feature",
      "id": 17329,
      "properties": {
        "operator": "Prefeitura Municipal de Curitiba",
        "operator:type": "public",
        "ref:CNES": "17329",
        "source": "cnes;datasus;dados_abertos_saude",
        "official_name": "UMS VILA MACHADO",
        "addr:street": "Rua Laudelino Ferreira Lopes",
        "addr:housenumber": "2959",
        "addr:suburb": "Pinheirinho",
        "addr:city": "Curitiba",
        "addr:state": "PR",
        "addr:country": "BR",
        "addr:postcode": "81170-100",
        "phone": "+55 46 3212-1411",
        "amenity": "clinic",
        "healthcare": "clinic",
        "name": "Unidade Básica de Saúde Ums Vila Machado",
        "short_name": "UBS Ums Vila Machado",
        "comment": "UBS",
        "qtd_equipes_esf": 0,
        "qtd_equipes_eap": 4,
        "qtd_equipes_total": 8,
        "capacidade_pnab": 11500,
        "nomes_equipes": "VILA MACHADO 4 EAP; VILA MACHADO 2 EAP; VILA MACHADO 3 SB; VILA MACHADO 4 SB; VILA MACHADO 3 EAP; VILA MACHADO 1 EAP; VILA MACHADO 1 SB; VILA MACHADO 2 SB"
      },
      "geometry": {
        "type": "Point",
        "coordinates": [
          -49.304315,
          -25.5186298
        ]
      }
    },
    {
      "type": "Feature",
      "id": 5406617,
      "properties": {
        "operator": "Prefeitura Municipal de Curitiba",
        "operator:type": "public",
        "ref:CNES": "5406617",
        "source": "cnes;datasus;dados_abertos_saude",
        "official_name": "UMS VILA SANDRA PSF",
        "addr:street": "Rua Ararangua",
        "addr:suburb": "Cic",
        "addr:city": "Curitiba",
        "addr:state": "PR",
        "addr:country": "BR",
        "addr:postcode": "81230-090",
        "phone": "+55 41 3285-2096",
        "amenity": "clinic",
        "healthcare": "clinic",
        "name": "Unidade Básica de Saúde Ums Vila Sandra Psf",
        "short_name": "UBS Ums Vila Sandra Psf",
        "comment": "UBS",
        "qtd_equipes_esf": 4,
        "qtd_equipes_eap": 0,
        "qtd_equipes_total": 7,
        "capacidade_pnab": 14000,
        "nomes_equipes": "VILA SANDRA 2 SB; VILA SANDRA 1 SB; VILA SANDRA 1; VILA SANDRA 2; EMULTI A CIC 2; VILA SANDRA 4; VILA SANDRA 3"
      },
      "geometry": {
        "type": "Point",
        "coordinates": [
          -49.3410642,
          -25.4643859
        ]
      }
    },
    {
      "type": "Feature",
      "id": 17345,
      "properties": {
        "operator": "Prefeitura Municipal de Curitiba",
        "operator:type": "public",
        "ref:CNES": "17345",
        "source": "cnes;datasus;dados_abertos_saude",
        "official_name": "UMS VILA VERDE PSF",
        "addr:street": "Rua Emilio Romani",
        "addr:housenumber": "200",
        "addr:suburb": "Cidade Industrial",
        "addr:city": "Curitiba",
        "addr:state": "PR",
        "addr:country": "BR",
        "addr:postcode": "81450-060",
        "phone": "+55 41 3212-1520",
        "amenity": "clinic",
        "healthcare": "clinic",
        "name": "Unidade Básica de Saúde Ums Vila Verde Psf",
        "short_name": "UBS Ums Vila Verde Psf",
        "comment": "UBS",
        "qtd_equipes_esf": 3,
        "qtd_equipes_eap": 0,
        "qtd_equipes_total": 5,
        "capacidade_pnab": 10500,
        "nomes_equipes": "VILA VERDE 2; VILA VERDE 3; VILA VERDE 1; VILA VERDE 1 SB; VILA VERDE 2 SB"
      },
      "geometry": {
        "type": "Point",
        "coordinates": [
          -49.3182013,
          -25.5421762
        ]
      }
    },
    {
      "type": "Feature",
      "id": 17248,
      "properties": {
        "operator": "Prefeitura Municipal de Curitiba",
        "operator:type": "public",
        "ref:CNES": "17248",
        "source": "cnes;datasus;dados_abertos_saude",
        "official_name": "UMS VISITACAO",
        "addr:street": "Rua Bley Zorning",
        "addr:housenumber": "3136",
        "addr:suburb": "Boqueirao",
        "addr:city": "Curitiba",
        "addr:state": "PR",
        "addr:country": "BR",
        "addr:postcode": "81730-350",
        "phone": "+55 41 3286-1644",
        "email": "mzemamn@sms.curitiba.pr.gov.br",
        "amenity": "clinic",
        "healthcare": "clinic",
        "name": "Unidade Básica de Saúde Ums Visitacao",
        "short_name": "UBS Ums Visitacao",
        "comment": "UBS",
        "qtd_equipes_esf": 0,
        "qtd_equipes_eap": 4,
        "qtd_equipes_total": 8,
        "capacidade_pnab": 11500,
        "nomes_equipes": "VISITACAO 1 EAP; VISITACAO 4 SB; VISITACAO 3 EAP; VISITACAO 1 SB; VISITACAO 2 EAP; VISITACAO 2 SB; VISITACAO 3 SB; VISITACAO 4 EAP"
      },
      "geometry": {
        "type": "Point",
        "coordinates": [
          -49.2428946,
          -25.5185849
        ]
      }
    },
    {
      "type": "Feature",
      "id": 17418,
      "properties": {
        "operator": "Prefeitura Municipal de Curitiba",
        "operator:type": "public",
        "ref:CNES": "17418",
        "source": "cnes;datasus;dados_abertos_saude",
        "official_name": "UMS VISTA ALEGRE",
        "addr:street": "Rua Miguel Delazari",
        "addr:housenumber": "51",
        "addr:suburb": "Pilarzinho",
        "addr:city": "Curitiba",
        "addr:state": "PR",
        "addr:country": "BR",
        "addr:postcode": "82110-090",
        "phone": "+55 41 3240-1303",
        "email": "sabrandrade@sms.curitiba.pr.gov.br",
        "amenity": "clinic",
        "healthcare": "clinic",
        "name": "Unidade Básica de Saúde Ums Vista Alegre",
        "short_name": "UBS Ums Vista Alegre",
        "comment": "UBS",
        "qtd_equipes_esf": 0,
        "qtd_equipes_eap": 4,
        "qtd_equipes_total": 8,
        "capacidade_pnab": 11500,
        "nomes_equipes": "VISTA ALEGRE 1 EAP; VISTA ALEGRE 4 EAP; VISTA ALEGRE 2 SB; VISTA ALEGRE 1 SB; VISTA ALEGRE 2 EAP; VISTA ALEGRE 4 SB; VISTA ALEGRE 3 SB; VISTA ALEGRE 3 EAP"
      },
      "geometry": {
        "type": "Point",
        "coordinates": [
          -49.2907677,
          -25.392872
        ]
      }
    },
    {
      "type": "Feature",
      "id": 5406625,
      "properties": {
        "operator": "Prefeitura Municipal de Curitiba",
        "operator:type": "public",
        "ref:CNES": "5406625",
        "source": "cnes;datasus;dados_abertos_saude",
        "official_name": "UMS VITORIA REGIA PSF",
        "addr:street": "Rua Paul Garfunkel",
        "addr:housenumber": "2000",
        "addr:suburb": "Cic",
        "addr:city": "Curitiba",
        "addr:state": "PR",
        "addr:country": "BR",
        "addr:postcode": "81460-050",
        "phone": "+55 41 3212-1558",
        "email": "gejungles@sms.curitiba.pr.gov.br",
        "amenity": "clinic",
        "healthcare": "clinic",
        "name": "Unidade Básica de Saúde Ums Vitoria Regia Psf",
        "short_name": "UBS Ums Vitoria Regia Psf",
        "comment": "UBS",
        "qtd_equipes_esf": 4,
        "qtd_equipes_eap": 0,
        "qtd_equipes_total": 8,
        "capacidade_pnab": 14000,
        "nomes_equipes": "VITORIA REGIA 3 SB; EMULTI A CIC 1; VITORIA REGIA 3; VITORIA REGIA 1 SB; VITORIA REGIA 2 SB; VITORIA REGIA 4; VITORIA REGIA 1; VITORIA REGIA 2"
      },
      "geometry": {
        "type": "Point",
        "coordinates": [
          -49.33749,
          -25.54404
        ]
      }
    },
    {
      "type": "Feature",
      "id": 17205,
      "properties": {
        "operator": "Prefeitura Municipal de Curitiba",
        "operator:type": "public",
        "ref:CNES": "17205",
        "source": "cnes;datasus;dados_abertos_saude",
        "official_name": "UMS WALDEMAR MONASTIER PSF",
        "addr:street": "Rua Romeu Bach",
        "addr:housenumber": "80",
        "addr:suburb": "Boqueirao",
        "addr:city": "Curitiba",
        "addr:state": "PR",
        "addr:country": "BR",
        "addr:postcode": "81650-140",
        "phone": "+55 41 3217-1279",
        "amenity": "clinic",
        "healthcare": "clinic",
        "name": "Unidade Básica de Saúde Ums Waldemar Monastier Psf",
        "short_name": "UBS Ums Waldemar Monastier Psf",
        "comment": "UBS",
        "qtd_equipes_esf": 3,
        "qtd_equipes_eap": 0,
        "qtd_equipes_total": 7,
        "capacidade_pnab": 10500,
        "nomes_equipes": "WALDEMAR MONASTIER 1 SB; WALDEMAR MONASTIER 3 SB; WALDEMAR MONASTIER 2; WALDEMAR MONASTIER 1; WALDEMAR MONASTIER 3; EMULTI A BQ 1; WALDEMAR MONASTIER 2 SB"
      },
      "geometry": {
        "type": "Point",
        "coordinates": [
          -49.2278431,
          -25.4973327
        ]
      }
    },
    {
      "type": "Feature",
      "id": 2639394,
      "properties": {
        "operator": "Prefeitura Municipal de Curitiba",
        "operator:type": "public",
        "ref:CNES": "2639394",
        "source": "cnes;datasus;dados_abertos_saude",
        "official_name": "UMS XAPINHAL PSF",
        "addr:street": "Rua Elbe de Macedo",
        "addr:suburb": "Sitio Cercado",
        "addr:city": "Curitiba",
        "addr:state": "PR",
        "addr:country": "BR",
        "addr:postcode": "81900-720",
        "phone": "+55 41 3227-4276",
        "email": "repereira@sms.curitiba.pr.gov.br",
        "amenity": "clinic",
        "healthcare": "clinic",
        "name": "Unidade Básica de Saúde Ums Xapinhal Psf",
        "short_name": "UBS Ums Xapinhal Psf",
        "comment": "UBS",
        "qtd_equipes_esf": 3,
        "qtd_equipes_eap": 0,
        "qtd_equipes_total": 5,
        "capacidade_pnab": 10500,
        "nomes_equipes": "XAPINHAL 3 SB; XAPINHAL 1 SB; XAPINHAL 3; XAPINHAL 1; XAPINHAL 2"
      },
      "geometry": {
        "type": "Point",
        "coordinates": [
          -49.2799748,
          -25.5338204
        ]
      }
    },
    {
      "type": "Feature",
      "id": 17183,
      "properties": {
        "operator": "Prefeitura Municipal de Curitiba",
        "operator:type": "public",
        "ref:CNES": "17183",
        "source": "cnes;datasus;dados_abertos_saude",
        "official_name": "UMS XAXIM",
        "addr:street": "Rua Batista da Costa",
        "addr:housenumber": "1163",
        "addr:suburb": "Xaxim",
        "addr:city": "Curitiba",
        "addr:state": "PR",
        "addr:country": "BR",
        "addr:postcode": "81810-190",
        "phone": "+55 41 3212-1542",
        "email": "umsxaxim@sms.curitiba.pr.gov.br",
        "amenity": "clinic",
        "healthcare": "clinic",
        "name": "Unidade Básica de Saúde Ums Xaxim",
        "short_name": "UBS Ums Xaxim",
        "comment": "UBS",
        "qtd_equipes_esf": 0,
        "qtd_equipes_eap": 4,
        "qtd_equipes_total": 7,
        "capacidade_pnab": 11500,
        "nomes_equipes": "XAXIM 1 EAP; XAXIM 3 SB; XAXIM 2 EAP; XAXIM 2 SB; XAXIM 3 EAP; XAXIM 4 EAP; XAXIM 1 SB"
      },
      "geometry": {
        "type": "Point",
        "coordinates": [
          -49.277217,
          -25.5165553
        ]
      }
    },
    {
      "type": "Feature",
      "id": 9924140,
      "properties": {
        "operator": "Prefeitura Municipal de Curitiba",
        "operator:type": "public",
        "ref:CNES": "9924140",
        "source": "cnes;datasus;dados_abertos_saude",
        "official_name": "CENTRO DE ATENCAO A SAUDE 3",
        "addr:street": "Rua Coronel Francisco Heraclito dos Santos",
        "addr:suburb": "Jardim das Americas",
        "addr:city": "Curitiba",
        "addr:state": "PR",
        "addr:country": "BR",
        "addr:postcode": "82590-300",
        "email": "casa3@ufpr.br",
        "amenity": "clinic",
        "healthcare": "rehabilitation",
        "name": "Serviço de Reabilitação Física Nível Intermediário",
        "comment": "Reabilitação Física",
        "qtd_equipes_esf": 1,
        "qtd_equipes_eap": 0,
        "qtd_equipes_total": 1,
        "capacidade_pnab": 3500,
        "nomes_equipes": ""
      },
      "geometry": {
        "type": "Point",
        "coordinates": [
          -49.2354728,
          -25.4605083
        ]
      }
    },
    {
      "type": "Feature",
      "id": 5587956,
      "properties": {
        "operator": "Prefeitura Municipal de Curitiba",
        "operator:type": "public",
        "ref:CNES": "5587956",
        "source": "cnes;datasus;dados_abertos_saude",
        "official_name": "CENTRO DE ESPECIALIDADES MAE CURITIBANA",
        "addr:street": "Rua Jaime Reis",
        "addr:housenumber": "331",
        "addr:suburb": "São Francisco",
        "addr:city": "Curitiba",
        "addr:state": "PR",
        "addr:country": "BR",
        "addr:postcode": "80510-010",
        "phone": "+55 41 3321-2714",
        "amenity": "clinic",
        "healthcare": "rehabilitation",
        "name": "Serviço de Reabilitação Física Nível Intermediário",
        "comment": "Reabilitação Física",
        "qtd_equipes_esf": 1,
        "qtd_equipes_eap": 0,
        "qtd_equipes_total": 1,
        "capacidade_pnab": 3500,
        "nomes_equipes": ""
      },
      "geometry": {
        "type": "Point",
        "coordinates": [
          -49.2772485,
          -25.4265015
        ]
      }
    },
    {
      "type": "Feature",
      "id": 15466,
      "properties": {
        "operator": "Prefeitura Municipal de Curitiba",
        "operator:type": "public",
        "ref:CNES": "15466",
        "source": "cnes;datasus;dados_abertos_saude",
        "official_name": "CENTRO DE ESPECIALIDADES MEDICAS ENCANTAR",
        "addr:street": "Rua General Carneiro",
        "addr:housenumber": "481",
        "addr:suburb": "Alto da Gloria",
        "addr:city": "Curitiba",
        "addr:state": "PR",
        "addr:country": "BR",
        "addr:postcode": "80010-120",
        "phone": "3223-4114 E 32337199",
        "email": "ambulatorioencantar@sms.curitiba.pr.gov.br",
        "amenity": "clinic",
        "healthcare": "rehabilitation",
        "name": "Serviço de Reabilitação Física Nível Intermediário",
        "comment": "Reabilitação Física",
        "qtd_equipes_esf": 1,
        "qtd_equipes_eap": 0,
        "qtd_equipes_total": 1,
        "capacidade_pnab": 3500,
        "nomes_equipes": ""
      },
      "geometry": {
        "type": "Point",
        "coordinates": [
          -49.2611759,
          -25.4265727
        ]
      }
    },
    {
      "type": "Feature",
      "id": 5584787,
      "properties": {
        "operator": "Prefeitura Municipal de Curitiba",
        "operator:type": "public",
        "ref:CNES": "5584787",
        "source": "cnes;datasus;dados_abertos_saude",
        "official_name": "CENTRO DE ESPECIALIDADES SALGADO FILHO",
        "addr:street": "Avenida Salgado Filho",
        "addr:housenumber": "5265",
        "addr:suburb": "Uberaba",
        "addr:city": "Curitiba",
        "addr:state": "PR",
        "addr:country": "BR",
        "addr:postcode": "81580-000",
        "phone": "+55 41 3217-1228",
        "amenity": "clinic",
        "healthcare": "rehabilitation",
        "name": "Serviço de Reabilitação Física Nível Intermediário",
        "comment": "Reabilitação Física",
        "qtd_equipes_esf": 1,
        "qtd_equipes_eap": 0,
        "qtd_equipes_total": 1,
        "capacidade_pnab": 3500,
        "nomes_equipes": ""
      },
      "geometry": {
        "type": "Point",
        "coordinates": [
          -49.223062,
          -25.488458
        ]
      }
    },
    {
      "type": "Feature",
      "id": 3270785,
      "properties": {
        "operator": "Prefeitura Municipal de Curitiba",
        "operator:type": "public",
        "ref:CNES": "3270785",
        "source": "cnes;datasus;dados_abertos_saude",
        "official_name": "CENTRO DE ESPECIALIDADES SANTA FELICIDADE",
        "addr:street": "Rua Av Toaldo Tulio",
        "addr:housenumber": "2500",
        "addr:suburb": "Santa Felicidade",
        "addr:city": "Curitiba",
        "addr:state": "PR",
        "addr:country": "BR",
        "addr:postcode": "80230-150",
        "phone": "+55 41 3370-1575",
        "amenity": "clinic",
        "healthcare": "rehabilitation",
        "name": "Serviço de Reabilitação Física Nível Intermediário",
        "comment": "Reabilitação Física",
        "qtd_equipes_esf": 1,
        "qtd_equipes_eap": 0,
        "qtd_equipes_total": 1,
        "capacidade_pnab": 3500,
        "nomes_equipes": ""
      },
      "geometry": {
        "type": "Point",
        "coordinates": [
          -49.3509298,
          -25.4125742
        ]
      }
    },
    {
      "type": "Feature",
      "id": 5586372,
      "properties": {
        "operator": "Prefeitura Municipal de Curitiba",
        "operator:type": "public",
        "ref:CNES": "5586372",
        "source": "cnes;datasus;dados_abertos_saude",
        "official_name": "CENTRO DE ESPECIALIDADES VILA HAUER",
        "addr:street": "Rua Waldemar Kost",
        "addr:housenumber": "650",
        "addr:suburb": "Hauer",
        "addr:city": "Curitiba",
        "addr:state": "PR",
        "addr:country": "BR",
        "addr:postcode": "81610-000",
        "phone": "+55 41 3217-1283",
        "email": "umsvilahauer@sms.scuritiba.pr.gov.br",
        "amenity": "clinic",
        "healthcare": "rehabilitation",
        "name": "Serviço de Reabilitação Física Nível Intermediário",
        "comment": "Reabilitação Física",
        "qtd_equipes_esf": 1,
        "qtd_equipes_eap": 0,
        "qtd_equipes_total": 1,
        "capacidade_pnab": 3500,
        "nomes_equipes": ""
      },
      "geometry": {
        "type": "Point",
        "coordinates": [
          -49.2454566,
          -25.4821905
        ]
      }
    },
    {
      "type": "Feature",
      "id": 9359672,
      "properties": {
        "operator": "Governo do Estado (PR)",
        "operator:type": "public",
        "ref:CNES": "9359672",
        "source": "cnes;datasus;dados_abertos_saude",
        "official_name": "CENTRO MEDICO AERONAUTICO DA CASA MILITAR",
        "addr:street": "Rua Candido de Abreu",
        "addr:suburb": "Centro Civico",
        "addr:city": "Curitiba",
        "addr:state": "PR",
        "addr:country": "BR",
        "addr:postcode": "80530-000",
        "phone": "+55 41 3350-2701",
        "email": "cabralmedicoi@ig.com.br",
        "amenity": "clinic",
        "healthcare": "rehabilitation",
        "name": "Serviço de Reabilitação Física Nível Intermediário",
        "comment": "Reabilitação Física",
        "qtd_equipes_esf": 1,
        "qtd_equipes_eap": 0,
        "qtd_equipes_total": 1,
        "capacidade_pnab": 3500,
        "nomes_equipes": ""
      },
      "geometry": {
        "type": "Point",
        "coordinates": [
          -49.2678243,
          -25.4134225
        ]
      }
    },
    {
      "type": "Feature",
      "id": 15253,
      "properties": {
        "operator": "Governo do Estado (PR)",
        "operator:type": "public",
        "ref:CNES": "15253",
        "source": "cnes;datasus;dados_abertos_saude",
        "official_name": "CRE METROPOLITANO",
        "addr:street": "Rua Amintas de Barros",
        "addr:housenumber": "816",
        "addr:suburb": "Alto da Xv",
        "addr:city": "Curitiba",
        "addr:state": "PR",
        "addr:country": "BR",
        "addr:postcode": "80045-155",
        "phone": "+55 41 3213-2449",
        "email": "cre.pesquisa@sesa.pr.gov.br",
        "amenity": "clinic",
        "healthcare": "rehabilitation",
        "name": "Serviço de Reabilitação Física Nível Intermediário",
        "comment": "Reabilitação Física",
        "qtd_equipes_esf": 1,
        "qtd_equipes_eap": 0,
        "qtd_equipes_total": 1,
        "capacidade_pnab": 3500,
        "nomes_equipes": ""
      },
      "geometry": {
        "type": "Point",
        "coordinates": [
          -49.2669344,
          -25.4339095
        ]
      }
    },
    {
      "type": "Feature",
      "id": 4268350,
      "properties": {
        "operator": "Prefeitura Municipal de Curitiba",
        "operator:type": "public",
        "ref:CNES": "4268350",
        "source": "cnes;datasus;dados_abertos_saude",
        "official_name": "UNIDADE ESCOLA DA UFPR",
        "addr:street": "Rua Padre Camargo",
        "addr:housenumber": "267",
        "addr:suburb": "Alto da Gloria",
        "addr:city": "Curitiba",
        "addr:state": "PR",
        "addr:country": "BR",
        "addr:postcode": "80060-240",
        "phone": "+55 41 3360-7234",
        "email": "promocao_saude@ufpr.br",
        "amenity": "clinic",
        "healthcare": "rehabilitation",
        "name": "Serviço de Reabilitação Física Nível Intermediário",
        "comment": "Reabilitação Física",
        "qtd_equipes_esf": 1,
        "qtd_equipes_eap": 0,
        "qtd_equipes_total": 1,
        "capacidade_pnab": 3500,
        "nomes_equipes": ""
      },
      "geometry": {
        "type": "Point",
        "coordinates": [
          -49.2618642,
          -25.422333
        ]
      }
    },
    {
      "type": "Feature",
      "id": 16462,
      "properties": {
        "operator": "Prefeitura Municipal de Curitiba",
        "operator:type": "public",
        "ref:CNES": "16462",
        "source": "cnes;datasus;dados_abertos_saude",
        "official_name": "CENTRO MEDICO COMUNITARIO BAIRRO NOVO",
        "addr:street": "Rua Jussara",
        "addr:housenumber": "2234",
        "addr:suburb": "Sitio Cercado",
        "addr:city": "Curitiba",
        "addr:state": "PR",
        "addr:country": "BR",
        "addr:postcode": "81925-410",
        "phone": "+55 41 3221-2770",
        "email": "faturamento.maternidade@feaes.curitiba.pr.gov.br",
        "amenity": "clinic",
        "healthcare": "clinic",
        "name": "Centro Medico Comunitario Bairro Novo",
        "comment": "Outros Serviços de Saúde",
        "qtd_equipes_esf": 1,
        "qtd_equipes_eap": 0,
        "qtd_equipes_total": 1,
        "capacidade_pnab": 3500,
        "nomes_equipes": ""
      },
      "geometry": {
        "type": "Point",
        "coordinates": [
          -49.264027,
          -25.54901
        ]
      }
    },
    {
      "type": "Feature",
      "id": 15369,
      "properties": {
        "operator": "Governo do Estado (PR)",
        "operator:type": "public",
        "ref:CNES": "15369",
        "source": "cnes;datasus;dados_abertos_saude",
        "official_name": "COMPLEXO HOSPITALAR DO TRABALHADOR",
        "addr:street": "Rua Av Republica Argentina",
        "addr:housenumber": "4406",
        "addr:suburb": "Novo Mundo",
        "addr:city": "Curitiba",
        "addr:state": "PR",
        "addr:country": "BR",
        "addr:postcode": "81050-000",
        "phone": "+55 41 3212-5700",
        "email": "fatht@sesa.pr.gov.br",
        "amenity": "clinic",
        "healthcare": "clinic",
        "name": "Complexo Hospitalar do Trabalhador",
        "comment": "Outros Serviços de Saúde",
        "qtd_equipes_esf": 1,
        "qtd_equipes_eap": 0,
        "qtd_equipes_total": 1,
        "capacidade_pnab": 3500,
        "nomes_equipes": ""
      },
      "geometry": {
        "type": "Point",
        "coordinates": [
          -49.2950008,
          -25.4847398
        ]
      }
    },
    {
      "type": "Feature",
      "id": 5310350,
      "properties": {
        "operator": "Governo do Estado (PR)",
        "operator:type": "public",
        "ref:CNES": "5310350",
        "source": "cnes;datasus;dados_abertos_saude",
        "official_name": "HOSPITAL DA POLICIA MILITAR DO PARANA NN",
        "addr:street": "Rua Avn Pref Omar Sabag",
        "addr:housenumber": "894",
        "addr:suburb": "Jardim Botanico",
        "addr:city": "Curitiba",
        "addr:state": "PR",
        "addr:country": "BR",
        "addr:postcode": "80210-000",
        "phone": "+55 41 3218-3500",
        "amenity": "clinic",
        "healthcare": "clinic",
        "name": "Hospital da Policia Militar do Paraná Nn",
        "comment": "Outros Serviços de Saúde",
        "qtd_equipes_esf": 1,
        "qtd_equipes_eap": 0,
        "qtd_equipes_total": 1,
        "capacidade_pnab": 3500,
        "nomes_equipes": ""
      },
      "geometry": {
        "type": "Point",
        "coordinates": [
          -49.24854,
          -25.44196
        ]
      }
    },
    {
      "type": "Feature",
      "id": 6388671,
      "properties": {
        "operator": "Prefeitura Municipal de Curitiba",
        "operator:type": "public",
        "ref:CNES": "6388671",
        "source": "cnes;datasus;dados_abertos_saude",
        "official_name": "HOSPITAL DO IDOSO ZILDA ARNS",
        "addr:street": "Rua Lothario Boutin",
        "addr:housenumber": "90",
        "addr:suburb": "Pinheirinho",
        "addr:city": "Curitiba",
        "addr:state": "PR",
        "addr:country": "BR",
        "addr:postcode": "81110-522",
        "phone": "+55 41 3316-5901",
        "email": "hospitaldoidoso@feas.curitiba.pr.gov.br",
        "amenity": "clinic",
        "healthcare": "clinic",
        "name": "Hospital do Idoso Zilda Arns",
        "comment": "Outros Serviços de Saúde",
        "qtd_equipes_esf": 0,
        "qtd_equipes_eap": 0,
        "qtd_equipes_total": 1,
        "capacidade_pnab": 3500,
        "nomes_equipes": "EACP HIZA"
      },
      "geometry": {
        "type": "Point",
        "coordinates": [
          -49.2931523,
          -25.5092796
        ]
      }
    },
    {
      "type": "Feature",
      "id": 9571493,
      "properties": {
        "operator": "Prefeitura Municipal de Curitiba",
        "operator:type": "public",
        "ref:CNES": "9571493",
        "source": "cnes;datasus;dados_abertos_saude",
        "official_name": "HOSPITAL GERAL DE CURITIBA",
        "addr:street": "Rua Marechal Alberto Ferreira de Abreu",
        "addr:suburb": "Batel",
        "addr:city": "Curitiba",
        "addr:state": "PR",
        "addr:country": "BR",
        "addr:postcode": "80420-020",
        "phone": "+55 41 3281-7506",
        "email": "hgec@hgec.eb.mil.br",
        "amenity": "clinic",
        "healthcare": "clinic",
        "name": "Hospital Geral de Curitiba",
        "comment": "Outros Serviços de Saúde",
        "qtd_equipes_esf": 1,
        "qtd_equipes_eap": 0,
        "qtd_equipes_total": 1,
        "capacidade_pnab": 3500,
        "nomes_equipes": ""
      },
      "geometry": {
        "type": "Point",
        "coordinates": [
          -49.2893672,
          -25.4387404
        ]
      }
    },
    {
      "type": "Feature",
      "id": 15415,
      "properties": {
        "operator": "Governo do Estado (PR)",
        "operator:type": "public",
        "ref:CNES": "15415",
        "source": "cnes;datasus;dados_abertos_saude",
        "official_name": "HOSPITAL OSVALDO CRUZ",
        "addr:street": "Rua Ubaldino do Amaral",
        "addr:housenumber": "545",
        "addr:suburb": "Alto da Xv",
        "addr:city": "Curitiba",
        "addr:state": "PR",
        "addr:country": "BR",
        "addr:postcode": "80060-195",
        "phone": "+55 41 3281-1000",
        "email": "hocadm@sesa.pr.gov.br",
        "amenity": "clinic",
        "healthcare": "clinic",
        "name": "Hospital Osvaldo Cruz",
        "comment": "Outros Serviços de Saúde",
        "qtd_equipes_esf": 1,
        "qtd_equipes_eap": 0,
        "qtd_equipes_total": 1,
        "capacidade_pnab": 3500,
        "nomes_equipes": ""
      },
      "geometry": {
        "type": "Point",
        "coordinates": [
          -49.259205,
          -25.4256472
        ]
      }
    },
    {
      "type": "Feature",
      "id": 5064554,
      "properties": {
        "operator": "Prefeitura Municipal de Curitiba",
        "operator:type": "public",
        "ref:CNES": "5064554",
        "source": "cnes;datasus;dados_abertos_saude",
        "official_name": "SEGUNDO CENTRO INT DEFESA AEREA E CONTROLE TRAFEGO AER",
        "addr:street": "Rua Avn Pref Erasto Gaertner",
        "addr:housenumber": "1000",
        "addr:suburb": "Bacacheri",
        "addr:city": "Curitiba",
        "addr:state": "PR",
        "addr:country": "BR",
        "addr:postcode": "82510-901",
        "phone": "+55 41 3251-5386",
        "email": "hospital@cindacta2.aer.mil.br",
        "amenity": "clinic",
        "healthcare": "clinic",
        "name": "Segundo Centro Int Defesa Aerea e Controle Trafego Aer",
        "comment": "Outros Serviços de Saúde",
        "qtd_equipes_esf": 1,
        "qtd_equipes_eap": 0,
        "qtd_equipes_total": 1,
        "capacidade_pnab": 3500,
        "nomes_equipes": ""
      },
      "geometry": {
        "type": "Point",
        "coordinates": [
          -49.237806,
          -25.3999667
        ]
      }
    },
    {
      "type": "Feature",
      "id": 7879237,
      "properties": {
        "operator": "Governo do Estado (PR)",
        "operator:type": "public",
        "ref:CNES": "7879237",
        "source": "cnes;datasus;dados_abertos_saude",
        "official_name": "CENTRO DE CONTROLE DE ENVENENAMENTOS DE CURITIBA",
        "addr:street": "Rua General Carneiro",
        "addr:housenumber": "81",
        "addr:city": "Curitiba",
        "addr:state": "PR",
        "addr:country": "BR",
        "addr:postcode": "80060-900",
        "amenity": "clinic",
        "healthcare": "clinic",
        "name": "Centro de Controle de Envenenamentos de Curitiba",
        "comment": "Outros Serviços de Saúde",
        "qtd_equipes_esf": 1,
        "qtd_equipes_eap": 0,
        "qtd_equipes_total": 1,
        "capacidade_pnab": 3500,
        "nomes_equipes": ""
      },
      "geometry": {
        "type": "Point",
        "coordinates": [
          -49.273,
          -25.428
        ]
      }
    },
    {
      "type": "Feature",
      "id": 892890,
      "properties": {
        "operator": "Prefeitura Municipal de Curitiba",
        "operator:type": "public",
        "ref:CNES": "892890",
        "source": "cnes;datasus;dados_abertos_saude",
        "official_name": "CENTRO DE ATENCAO A SAUDE CASA 4 UFPR",
        "addr:street": "Rua dos Funcionarios",
        "addr:housenumber": "1540",
        "addr:suburb": "Cabral",
        "addr:city": "Curitiba",
        "addr:state": "PR",
        "addr:country": "BR",
        "addr:postcode": "80035-050",
        "phone": "+55 41 3350-5776",
        "email": "casa4@ufpr.br",
        "amenity": "clinic",
        "healthcare": "clinic",
        "name": "Centro de Atencao A Saude Casa 4 Ufpr",
        "comment": "Centro de Especialidades",
        "qtd_equipes_esf": 1,
        "qtd_equipes_eap": 0,
        "qtd_equipes_total": 1,
        "capacidade_pnab": 3500,
        "nomes_equipes": ""
      },
      "geometry": {
        "type": "Point",
        "coordinates": [
          -49.2512798,
          -25.4129078
        ]
      }
    },
    {
      "type": "Feature",
      "id": 6692397,
      "properties": {
        "operator": "Governo do Estado (PR)",
        "operator:type": "public",
        "ref:CNES": "6692397",
        "source": "cnes;datasus;dados_abertos_saude",
        "official_name": "CENTRO ESTADUAL DE SAUDE DO TRABALHADOR",
        "addr:street": "Rua Barao do Rio Branco",
        "addr:housenumber": "465",
        "addr:city": "Curitiba",
        "addr:state": "PR",
        "addr:country": "BR",
        "addr:postcode": "80010-180",
        "amenity": "clinic",
        "healthcare": "clinic",
        "name": "Centro Estadual de Saude do Trabalhador",
        "comment": "Centro de Especialidades",
        "qtd_equipes_esf": 1,
        "qtd_equipes_eap": 0,
        "qtd_equipes_total": 1,
        "capacidade_pnab": 3500,
        "nomes_equipes": ""
      },
      "geometry": {
        "type": "Point",
        "coordinates": [
          -49.26676,
          -25.43313
        ]
      }
    },
    {
      "type": "Feature",
      "id": 2639483,
      "properties": {
        "operator": "Prefeitura Municipal de Curitiba",
        "operator:type": "public",
        "ref:CNES": "2639483",
        "source": "cnes;datasus;dados_abertos_saude",
        "official_name": "CEO LEO KRIGER",
        "addr:street": "Rua do Rosario",
        "addr:housenumber": "144",
        "addr:city": "Curitiba",
        "addr:state": "PR",
        "addr:country": "BR",
        "addr:postcode": "80020-110",
        "phone": "+55 41 3321-2700",
        "email": "ceorosario@sms.curitiba.pr.gov.br",
        "amenity": "dentist",
        "healthcare": "dentist",
        "name": "Centro de Especialidades Odontológicas (CEO)",
        "short_name": "CEO",
        "comment": "Odontologia (CEO)",
        "qtd_equipes_esf": 0,
        "qtd_equipes_eap": 0,
        "qtd_equipes_total": 0,
        "capacidade_pnab": 3500,
        "nomes_equipes": ""
      },
      "geometry": {
        "type": "Point",
        "coordinates": [
          -49.2731845,
          -25.4281733
        ]
      }
    },
    {
      "type": "Feature",
      "id": 3453111,
      "properties": {
        "operator": "Prefeitura Municipal de Curitiba",
        "operator:type": "public",
        "ref:CNES": "3453111",
        "source": "cnes;datasus;dados_abertos_saude",
        "official_name": "CEO SYLVIO GEVAERD",
        "addr:street": "Rua Av Presidente Arthur da Silva Bernardes",
        "addr:housenumber": "2350",
        "addr:suburb": "Portao",
        "addr:city": "Curitiba",
        "addr:state": "PR",
        "addr:country": "BR",
        "addr:postcode": "80320-300",
        "phone": "+55 41 3314-4743",
        "amenity": "dentist",
        "healthcare": "dentist",
        "name": "Centro de Especialidades Odontológicas (CEO)",
        "short_name": "CEO",
        "comment": "Odontologia (CEO)",
        "qtd_equipes_esf": 0,
        "qtd_equipes_eap": 0,
        "qtd_equipes_total": 0,
        "capacidade_pnab": 3500,
        "nomes_equipes": ""
      },
      "geometry": {
        "type": "Point",
        "coordinates": [
          -49.2948855,
          -25.4708117
        ]
      }
    },
    {
      "type": "Feature",
      "id": 7412029,
      "properties": {
        "operator": "Governo do Estado (PR)",
        "operator:type": "public",
        "ref:CNES": "7412029",
        "source": "cnes;datasus;dados_abertos_saude",
        "official_name": "CEREST MACRO LESTE",
        "addr:street": "Rua Av Marechal Floriano Peixoto",
        "addr:housenumber": "250",
        "addr:city": "Curitiba",
        "addr:state": "PR",
        "addr:country": "BR",
        "addr:postcode": "80320-110",
        "phone": "+55 41 3304-7569",
        "email": "cerest02rs@sesa.pr.gov.br",
        "amenity": "clinic",
        "healthcare": "occupational_health",
        "name": "CEREST Macro Centro Sul",
        "short_name": "CEREST",
        "comment": "Saúde do Trabalhador (CEREST)",
        "qtd_equipes_esf": 1,
        "qtd_equipes_eap": 0,
        "qtd_equipes_total": 1,
        "capacidade_pnab": 3500,
        "nomes_equipes": ""
      },
      "geometry": {
        "type": "Point",
        "coordinates": [
          -49.27129,
          -25.4325
        ]
      }
    },
    {
      "type": "Feature",
      "id": 6330754,
      "properties": {
        "operator": "Prefeitura Municipal de Curitiba",
        "operator:type": "public",
        "ref:CNES": "6330754",
        "source": "cnes;datasus;dados_abertos_saude",
        "official_name": "CEREST MUNICIPAL DE CURITIBA",
        "addr:street": "Rua Francisco Torres",
        "addr:housenumber": "830",
        "addr:city": "Curitiba",
        "addr:state": "PR",
        "addr:country": "BR",
        "addr:postcode": "80060-130",
        "phone": "+55 41 3350-9380",
        "email": "lstrobel@sms.curitiba.pr.gov.br",
        "amenity": "clinic",
        "healthcare": "occupational_health",
        "name": "CEREST Macro Centro Sul",
        "short_name": "CEREST",
        "comment": "Saúde do Trabalhador (CEREST)",
        "qtd_equipes_esf": 1,
        "qtd_equipes_eap": 0,
        "qtd_equipes_total": 1,
        "capacidade_pnab": 3500,
        "nomes_equipes": ""
      },
      "geometry": {
        "type": "Point",
        "coordinates": [
          -49.2598691,
          -25.4347616
        ]
      }
    },
    {
      "type": "Feature",
      "id": 15458,
      "properties": {
        "operator": "Governo do Estado (PR)",
        "operator:type": "public",
        "ref:CNES": "15458",
        "source": "cnes;datasus;dados_abertos_saude",
        "official_name": "CRAID",
        "addr:street": "Rua Belem",
        "addr:housenumber": "221",
        "addr:suburb": "Cabral",
        "addr:city": "Curitiba",
        "addr:state": "PR",
        "addr:country": "BR",
        "addr:postcode": "80035-170",
        "phone": "+55 41 3304-6600",
        "email": "craid@pr.gov.br",
        "amenity": "clinic",
        "healthcare": "clinic",
        "name": "Craid",
        "comment": "Centro de Especialidades",
        "qtd_equipes_esf": 1,
        "qtd_equipes_eap": 0,
        "qtd_equipes_total": 1,
        "capacidade_pnab": 3500,
        "nomes_equipes": ""
      },
      "geometry": {
        "type": "Point",
        "coordinates": [
          -49.2571193,
          -25.4067071
        ]
      }
    },
    {
      "type": "Feature",
      "id": 15431,
      "properties": {
        "operator": "Prefeitura Municipal de Curitiba",
        "operator:type": "public",
        "ref:CNES": "15431",
        "source": "cnes;datasus;dados_abertos_saude",
        "official_name": "CURSO DE ODONTOLOGIA UFPR",
        "addr:street": "Rua Avn Pref Lothario Meissner",
        "addr:housenumber": "632",
        "addr:suburb": "Jardim Botanico",
        "addr:city": "Curitiba",
        "addr:state": "PR",
        "addr:country": "BR",
        "addr:postcode": "80210-170",
        "phone": "+55 41 3360-4030",
        "email": "sgava@ufpr.br",
        "amenity": "dentist",
        "healthcare": "dentist",
        "name": "Centro de Especialidades Odontológicas (CEO)",
        "short_name": "CEO",
        "comment": "Odontologia (CEO)",
        "qtd_equipes_esf": 0,
        "qtd_equipes_eap": 0,
        "qtd_equipes_total": 0,
        "capacidade_pnab": 3500,
        "nomes_equipes": ""
      },
      "geometry": {
        "type": "Point",
        "coordinates": [
          -49.2383088,
          -25.4447126
        ]
      }
    },
    {
      "type": "Feature",
      "id": 604291,
      "properties": {
        "operator": "Prefeitura Municipal de Curitiba",
        "operator:type": "public",
        "ref:CNES": "604291",
        "source": "cnes;datasus;dados_abertos_saude",
        "official_name": "DEPARTAMENTO DE SAUDE OCUPACIONAL",
        "addr:street": "Rua Brasilio Itibere",
        "addr:housenumber": "2318",
        "addr:suburb": "Reboucas",
        "addr:city": "Curitiba",
        "addr:state": "PR",
        "addr:country": "BR",
        "addr:postcode": "80230-050",
        "phone": "+55 41 3350-8378",
        "email": "rhso@curitiba.pr.gov.br",
        "amenity": "clinic",
        "healthcare": "clinic",
        "emergency": "yes",
        "opening_hours": "24/7",
        "name": "UPA 24 Horas Maria Itália Freddo",
        "short_name": "UPA 24h",
        "comment": "UPA 24h",
        "qtd_equipes_esf": 1,
        "qtd_equipes_eap": 0,
        "qtd_equipes_total": 1,
        "capacidade_pnab": 3500,
        "nomes_equipes": ""
      },
      "geometry": {
        "type": "Point",
        "coordinates": [
          -49.2667673,
          -25.4462142
        ]
      }
    },
    {
      "type": "Feature",
      "id": 2639513,
      "properties": {
        "operator": "Prefeitura Municipal de Curitiba",
        "operator:type": "public",
        "ref:CNES": "2639513",
        "source": "cnes;datasus;dados_abertos_saude",
        "official_name": "UMS COA CENTRO DE ORIENTACAO E ACONSELHAMENTO",
        "addr:street": "Rua do Rosario",
        "addr:housenumber": "144",
        "addr:city": "Curitiba",
        "addr:state": "PR",
        "addr:country": "BR",
        "addr:postcode": "80020-110",
        "phone": "+55 41 3321-2781",
        "email": "umscoa@sms.curitiba.pr.gov.br",
        "amenity": "clinic",
        "healthcare": "clinic",
        "name": "Ums Coa Centro de Orientacao e Aconselhamento",
        "comment": "Centro de Especialidades",
        "qtd_equipes_esf": 1,
        "qtd_equipes_eap": 0,
        "qtd_equipes_total": 1,
        "capacidade_pnab": 3500,
        "nomes_equipes": ""
      },
      "geometry": {
        "type": "Point",
        "coordinates": [
          -49.2732968,
          -25.4282887
        ]
      }
    },
    {
      "type": "Feature",
      "id": 3563413,
      "properties": {
        "operator": "Prefeitura Municipal de Curitiba",
        "operator:type": "public",
        "ref:CNES": "3563413",
        "source": "cnes;datasus;dados_abertos_saude",
        "official_name": "UMS DE ORTESE E PROTESE",
        "addr:street": "Rua Waldemar Kost",
        "addr:housenumber": "650",
        "addr:suburb": "Hauer",
        "addr:city": "Curitiba",
        "addr:state": "PR",
        "addr:country": "BR",
        "addr:postcode": "80230-150",
        "phone": "+55 46 41322-9667",
        "email": "rgielow@sms.curitiba.pr.gov.br",
        "amenity": "clinic",
        "healthcare": "clinic",
        "name": "Ums de Ortese e Protese",
        "comment": "Centro de Especialidades",
        "qtd_equipes_esf": 1,
        "qtd_equipes_eap": 0,
        "qtd_equipes_total": 1,
        "capacidade_pnab": 3500,
        "nomes_equipes": ""
      },
      "geometry": {
        "type": "Point",
        "coordinates": [
          -49.2478548,
          -25.4822023
        ]
      }
    },
    {
      "type": "Feature",
      "id": 8178542,
      "properties": {
        "operator": "Prefeitura Municipal de Curitiba",
        "operator:type": "public",
        "ref:CNES": "8178542",
        "source": "cnes;datasus;dados_abertos_saude",
        "official_name": "CENTRO DE SAUDE PUBLICA DE PRECISAO",
        "addr:street": "Rua Professor Algacyr Munhoz Mader",
        "addr:housenumber": "3775",
        "addr:suburb": "Cidade Industrial",
        "addr:city": "Curitiba",
        "addr:state": "PR",
        "addr:country": "BR",
        "addr:postcode": "81350-010",
        "phone": "+55 41 3041-0500",
        "email": "secretaria.icc@fiocruz.br",
        "amenity": "clinic",
        "healthcare": "diagnostic_centre",
        "name": "Centro de Saude Publica de Precisao",
        "comment": "Diagnóstico por Imagem",
        "qtd_equipes_esf": 1,
        "qtd_equipes_eap": 0,
        "qtd_equipes_total": 1,
        "capacidade_pnab": 3500,
        "nomes_equipes": ""
      },
      "geometry": {
        "type": "Point",
        "coordinates": [
          -49.3336065,
          -25.4939973
        ]
      }
    },
    {
      "type": "Feature",
      "id": 7357583,
      "properties": {
        "operator": "Prefeitura Municipal de Curitiba",
        "operator:type": "public",
        "ref:CNES": "7357583",
        "source": "cnes;datasus;dados_abertos_saude",
        "official_name": "CLINICA ESCOLA DE TERAPIA OCUPACIONAL DA UFPR",
        "addr:street": "Rua Avn Pref Lothario Meissner",
        "addr:housenumber": "032",
        "addr:suburb": "Bloco Didatico II",
        "addr:city": "Curitiba",
        "addr:state": "PR",
        "addr:country": "BR",
        "addr:postcode": "80210-170",
        "phone": "+55 41 3361-3742",
        "email": "clinica.to@ufpr.br",
        "amenity": "clinic",
        "healthcare": "clinic",
        "emergency": "yes",
        "opening_hours": "24/7",
        "name": "UPA 24 Horas Maria Itália Freddo",
        "short_name": "UPA 24h",
        "comment": "UPA 24h",
        "qtd_equipes_esf": 1,
        "qtd_equipes_eap": 0,
        "qtd_equipes_total": 1,
        "capacidade_pnab": 3500,
        "nomes_equipes": ""
      },
      "geometry": {
        "type": "Point",
        "coordinates": [
          -49.2407463,
          -25.444078
        ]
      }
    },
    {
      "type": "Feature",
      "id": 9784411,
      "properties": {
        "operator": "Prefeitura Municipal de Curitiba",
        "operator:type": "public",
        "ref:CNES": "9784411",
        "source": "cnes;datasus;dados_abertos_saude",
        "official_name": "FIOCRUZ ICC LAB LEISHMANIOSE",
        "addr:street": "Rua Professor Algacyr Munhoz Mader",
        "addr:housenumber": "3775",
        "addr:suburb": "Cidade Industrial de",
        "addr:city": "Curitiba",
        "addr:state": "PR",
        "addr:country": "BR",
        "addr:postcode": "81350-010",
        "phone": "+55 41 3316-3240",
        "email": "fabiano.figueiredo@fiocruz.br",
        "amenity": "clinic",
        "healthcare": "diagnostic_centre",
        "name": "Fiocruz Icc Lab Leishmaniose",
        "comment": "Diagnóstico por Imagem",
        "qtd_equipes_esf": 1,
        "qtd_equipes_eap": 0,
        "qtd_equipes_total": 1,
        "capacidade_pnab": 3500,
        "nomes_equipes": ""
      },
      "geometry": {
        "type": "Point",
        "coordinates": [
          -49.332583,
          -25.494379
        ]
      }
    },
    {
      "type": "Feature",
      "id": 7136803,
      "properties": {
        "operator": "Prefeitura Municipal de Curitiba",
        "operator:type": "public",
        "ref:CNES": "7136803",
        "source": "cnes;datasus;dados_abertos_saude",
        "official_name": "INSTITUTO CARLOS CHAGAS FIOCRUZ",
        "addr:street": "Rua Professor Algacyr Munhoz Mader",
        "addr:housenumber": "3775",
        "addr:suburb": "Cidade Industrial",
        "addr:city": "Curitiba",
        "addr:state": "PR",
        "addr:country": "BR",
        "addr:postcode": "81350-010",
        "phone": "+55 41 2104-3470",
        "email": "marcelo.loyola@fiocruz.br",
        "amenity": "clinic",
        "healthcare": "diagnostic_centre",
        "name": "Instituto Carlos Chagas Fiocruz",
        "comment": "Diagnóstico por Imagem",
        "qtd_equipes_esf": 1,
        "qtd_equipes_eap": 0,
        "qtd_equipes_total": 1,
        "capacidade_pnab": 3500,
        "nomes_equipes": ""
      },
      "geometry": {
        "type": "Point",
        "coordinates": [
          -49.3343962,
          -25.4940595
        ]
      }
    },
    {
      "type": "Feature",
      "id": 16586,
      "properties": {
        "operator": "Prefeitura Municipal de Curitiba",
        "operator:type": "public",
        "ref:CNES": "16586",
        "source": "cnes;datasus;dados_abertos_saude",
        "official_name": "LABORATORIO DE HISTOCOMPATIBILIDADE LIGH",
        "addr:street": "Rua Cel Francisco Heraclito dos Santos",
        "addr:suburb": "Jd das Americas",
        "addr:city": "Curitiba",
        "addr:state": "PR",
        "addr:country": "BR",
        "addr:postcode": "80230-150",
        "phone": "+55 41 3361-1729",
        "email": "ligh@ufpr.br",
        "amenity": "clinic",
        "healthcare": "diagnostic_centre",
        "name": "Laboratorio de Histocompatibilidade Ligh",
        "comment": "Diagnóstico por Imagem",
        "qtd_equipes_esf": 1,
        "qtd_equipes_eap": 0,
        "qtd_equipes_total": 1,
        "capacidade_pnab": 3500,
        "nomes_equipes": ""
      },
      "geometry": {
        "type": "Point",
        "coordinates": [
          -49.229922,
          -25.4496985
        ]
      }
    },
    {
      "type": "Feature",
      "id": 2639653,
      "properties": {
        "operator": "Prefeitura Municipal de Curitiba",
        "operator:type": "public",
        "ref:CNES": "2639653",
        "source": "cnes;datasus;dados_abertos_saude",
        "official_name": "LABORATORIO MUNICIPAL",
        "addr:street": "Rua Primo Lourenço Tosin",
        "addr:housenumber": "1021",
        "addr:suburb": "Novo Mundo",
        "addr:city": "Curitiba",
        "addr:state": "PR",
        "addr:country": "BR",
        "addr:postcode": "81050-290",
        "phone": "+55 41 3569-6883",
        "email": "gerencialab@sms.curitiba.pr.gov.br",
        "amenity": "clinic",
        "healthcare": "diagnostic_centre",
        "name": "Laboratorio Municipal",
        "comment": "Diagnóstico por Imagem",
        "qtd_equipes_esf": 1,
        "qtd_equipes_eap": 0,
        "qtd_equipes_total": 1,
        "capacidade_pnab": 3500,
        "nomes_equipes": ""
      },
      "geometry": {
        "type": "Point",
        "coordinates": [
          -49.302382,
          -25.4944352
        ]
      }
    },
    {
      "type": "Feature",
      "id": 5868564,
      "properties": {
        "operator": "Governo do Estado (PR)",
        "operator:type": "public",
        "ref:CNES": "5868564",
        "source": "cnes;datasus;dados_abertos_saude",
        "official_name": "CARRETA DA SAUDE DA MULHER",
        "addr:street": "Rua Piquiri",
        "addr:housenumber": "170",
        "addr:suburb": "Reboucas",
        "addr:city": "Curitiba",
        "addr:state": "PR",
        "addr:country": "BR",
        "addr:postcode": "80230-140",
        "phone": "+55 41 3330-3300",
        "email": "cronicas.tabagismo@sesa.pr.gov.br",
        "amenity": "clinic",
        "healthcare": "clinic",
        "name": "Carreta da Saude da Mulher",
        "comment": "Outros Serviços de Saúde",
        "qtd_equipes_esf": 1,
        "qtd_equipes_eap": 0,
        "qtd_equipes_total": 1,
        "capacidade_pnab": 3500,
        "nomes_equipes": ""
      },
      "geometry": {
        "type": "Point",
        "coordinates": [
          -49.26184,
          -25.44279
        ]
      }
    },
    {
      "type": "Feature",
      "id": 9324682,
      "properties": {
        "operator": "Prefeitura Municipal de Curitiba",
        "operator:type": "public",
        "ref:CNES": "9324682",
        "source": "cnes;datasus;dados_abertos_saude",
        "official_name": "UNIDADE ODONTOLOGICA MOVEL CURITIBA",
        "addr:street": "Rua Olivardo Konoroski Bueno",
        "addr:suburb": "Tatuquara",
        "addr:city": "Curitiba",
        "addr:state": "PR",
        "addr:country": "BR",
        "addr:postcode": "81470-475",
        "phone": "+55 46 3298-6351",
        "email": "gerenciadstq@sms.curitiba.pr.gov.br",
        "amenity": "clinic",
        "healthcare": "clinic",
        "name": "Unidade Odontologica Movel Curitiba",
        "comment": "Outros Serviços de Saúde",
        "qtd_equipes_esf": 1,
        "qtd_equipes_eap": 0,
        "qtd_equipes_total": 1,
        "capacidade_pnab": 3500,
        "nomes_equipes": ""
      },
      "geometry": {
        "type": "Point",
        "coordinates": [
          -49.3313929,
          -25.5752325
        ]
      }
    },
    {
      "type": "Feature",
      "id": 7174969,
      "properties": {
        "operator": "Prefeitura Municipal de Curitiba",
        "operator:type": "public",
        "ref:CNES": "7174969",
        "source": "cnes;datasus;dados_abertos_saude",
        "official_name": "HELICOPTERO FALCAO 03",
        "addr:street": "Rua Cicero Bley",
        "addr:suburb": "Bacacheri",
        "addr:city": "Curitiba",
        "addr:state": "PR",
        "addr:country": "BR",
        "addr:postcode": "82515-230",
        "phone": "+55 41 3360-4915",
        "email": "doa.pr@dprf.gov.br",
        "emergency": "ambulance_station",
        "emergency_service": "technical_rescue",
        "opening_hours": "24/7",
        "name": "Base SAMU 192",
        "short_name": "SAMU 192",
        "comment": "SAMU 192",
        "qtd_equipes_esf": 0,
        "qtd_equipes_eap": 0,
        "qtd_equipes_total": 0,
        "capacidade_pnab": 3500,
        "nomes_equipes": ""
      },
      "geometry": {
        "type": "Point",
        "coordinates": [
          -49.2316917,
          -25.3980971
        ]
      }
    },
    {
      "type": "Feature",
      "id": 4376234,
      "properties": {
        "operator": "Prefeitura Municipal de Curitiba",
        "operator:type": "public",
        "ref:CNES": "4376234",
        "source": "cnes;datasus;dados_abertos_saude",
        "official_name": "HELICOPTERO PATRULHA 04",
        "addr:street": "Rua Cicero Jaime Bley",
        "addr:suburb": "Bacacheri",
        "addr:city": "Curitiba",
        "addr:state": "PR",
        "addr:country": "BR",
        "addr:postcode": "82515-230",
        "phone": "+55 41 3360-4915",
        "email": "pealmeida@sms.curitiba.pr.gov.br",
        "emergency": "ambulance_station",
        "emergency_service": "technical_rescue",
        "opening_hours": "24/7",
        "name": "Base SAMU 192",
        "short_name": "SAMU 192",
        "comment": "SAMU 192",
        "qtd_equipes_esf": 0,
        "qtd_equipes_eap": 0,
        "qtd_equipes_total": 0,
        "capacidade_pnab": 3500,
        "nomes_equipes": ""
      },
      "geometry": {
        "type": "Point",
        "coordinates": [
          -49.2292448,
          -25.4028278
        ]
      }
    },
    {
      "type": "Feature",
      "id": 3468763,
      "properties": {
        "operator": "Prefeitura Municipal de Curitiba",
        "operator:type": "public",
        "ref:CNES": "3468763",
        "source": "cnes;datasus;dados_abertos_saude",
        "official_name": "NEONATAL DUE HAUER",
        "addr:street": "Rua Anne Frank",
        "addr:housenumber": "736",
        "addr:suburb": "Hauer",
        "addr:city": "Curitiba",
        "addr:state": "PR",
        "addr:country": "BR",
        "addr:postcode": "81610-020",
        "phone": "+55 41 3360-4915",
        "emergency": "ambulance_station",
        "emergency_service": "technical_rescue",
        "opening_hours": "24/7",
        "name": "Base SAMU 192",
        "short_name": "SAMU 192",
        "comment": "SAMU 192",
        "qtd_equipes_esf": 0,
        "qtd_equipes_eap": 0,
        "qtd_equipes_total": 0,
        "capacidade_pnab": 3500,
        "nomes_equipes": ""
      },
      "geometry": {
        "type": "Point",
        "coordinates": [
          -49.2503806,
          -25.4730876
        ]
      }
    },
    {
      "type": "Feature",
      "id": 6982352,
      "properties": {
        "operator": "Prefeitura Municipal de Curitiba",
        "operator:type": "public",
        "ref:CNES": "6982352",
        "source": "cnes;datasus;dados_abertos_saude",
        "official_name": "SAMU ALFA 01 BOA VISTA",
        "addr:street": "Rua Avn Paraná",
        "addr:housenumber": "3654",
        "addr:suburb": "Boa Vista",
        "addr:city": "Curitiba",
        "addr:state": "PR",
        "addr:country": "BR",
        "addr:postcode": "82510-000",
        "emergency": "ambulance_station",
        "emergency_service": "technical_rescue",
        "opening_hours": "24/7",
        "name": "Base SAMU 192",
        "short_name": "SAMU 192",
        "comment": "SAMU 192",
        "qtd_equipes_esf": 0,
        "qtd_equipes_eap": 0,
        "qtd_equipes_total": 0,
        "capacidade_pnab": 3500,
        "nomes_equipes": ""
      },
      "geometry": {
        "type": "Point",
        "coordinates": [
          -49.2329657,
          -25.3855963
        ]
      }
    },
    {
      "type": "Feature",
      "id": 6982131,
      "properties": {
        "operator": "Prefeitura Municipal de Curitiba",
        "operator:type": "public",
        "ref:CNES": "6982131",
        "source": "cnes;datasus;dados_abertos_saude",
        "official_name": "SAMU ALFA 02 CAMPO COMPRIDO",
        "addr:street": "Rua Mons Ivo Zanlorenzi",
        "addr:housenumber": "3495",
        "addr:suburb": "Campo Comprido",
        "addr:city": "Curitiba",
        "addr:state": "PR",
        "addr:country": "BR",
        "addr:postcode": "81210-000",
        "emergency": "ambulance_station",
        "emergency_service": "technical_rescue",
        "opening_hours": "24/7",
        "name": "Base SAMU 192",
        "short_name": "SAMU 192",
        "comment": "SAMU 192",
        "qtd_equipes_esf": 0,
        "qtd_equipes_eap": 0,
        "qtd_equipes_total": 0,
        "capacidade_pnab": 3500,
        "nomes_equipes": ""
      },
      "geometry": {
        "type": "Point",
        "coordinates": [
          -49.3399268,
          -25.4422137
        ]
      }
    },
    {
      "type": "Feature",
      "id": 6982158,
      "properties": {
        "operator": "Prefeitura Municipal de Curitiba",
        "operator:type": "public",
        "ref:CNES": "6982158",
        "source": "cnes;datasus;dados_abertos_saude",
        "official_name": "SAMU ALFA 03 FAZENDINHA",
        "addr:street": "Rua Carlos Klemtz",
        "addr:housenumber": "1883",
        "addr:suburb": "Fazendinha",
        "addr:city": "Curitiba",
        "addr:state": "PR",
        "addr:country": "BR",
        "addr:postcode": "81320-000",
        "emergency": "ambulance_station",
        "emergency_service": "technical_rescue",
        "opening_hours": "24/7",
        "name": "Base SAMU 192",
        "short_name": "SAMU 192",
        "comment": "SAMU 192",
        "qtd_equipes_esf": 0,
        "qtd_equipes_eap": 0,
        "qtd_equipes_total": 0,
        "capacidade_pnab": 3500,
        "nomes_equipes": ""
      },
      "geometry": {
        "type": "Point",
        "coordinates": [
          -49.327814,
          -25.4776679
        ]
      }
    },
    {
      "type": "Feature",
      "id": 6982166,
      "properties": {
        "operator": "Prefeitura Municipal de Curitiba",
        "operator:type": "public",
        "ref:CNES": "6982166",
        "source": "cnes;datasus;dados_abertos_saude",
        "official_name": "SAMU ALFA 04 BOQUEIRAO",
        "addr:street": "Rua Professora Maria Assumpcao",
        "addr:housenumber": "2590",
        "addr:suburb": "Boqueirao",
        "addr:city": "Curitiba",
        "addr:state": "PR",
        "addr:country": "BR",
        "addr:postcode": "81670-040",
        "emergency": "ambulance_station",
        "emergency_service": "technical_rescue",
        "opening_hours": "24/7",
        "name": "Base SAMU 192",
        "short_name": "SAMU 192",
        "comment": "SAMU 192",
        "qtd_equipes_esf": 0,
        "qtd_equipes_eap": 0,
        "qtd_equipes_total": 0,
        "capacidade_pnab": 3500,
        "nomes_equipes": ""
      },
      "geometry": {
        "type": "Point",
        "coordinates": [
          -49.2462158,
          -25.4928489
        ]
      }
    },
    {
      "type": "Feature",
      "id": 6982174,
      "properties": {
        "operator": "Prefeitura Municipal de Curitiba",
        "operator:type": "public",
        "ref:CNES": "6982174",
        "source": "cnes;datasus;dados_abertos_saude",
        "official_name": "SAMU ALFA 05 SITIO CERCADO",
        "addr:street": "Rua Levy Buquera",
        "addr:housenumber": "158",
        "addr:suburb": "Sitio Cercado",
        "addr:city": "Curitiba",
        "addr:state": "PR",
        "addr:country": "BR",
        "addr:postcode": "81925-320",
        "email": "upasitiocercado@sms.curitiba.pr.gov.br",
        "emergency": "ambulance_station",
        "emergency_service": "technical_rescue",
        "opening_hours": "24/7",
        "name": "Base SAMU 192",
        "short_name": "SAMU 192",
        "comment": "SAMU 192",
        "qtd_equipes_esf": 0,
        "qtd_equipes_eap": 0,
        "qtd_equipes_total": 0,
        "capacidade_pnab": 3500,
        "nomes_equipes": ""
      },
      "geometry": {
        "type": "Point",
        "coordinates": [
          -49.2686605,
          -25.5288835
        ]
      }
    },
    {
      "type": "Feature",
      "id": 6982182,
      "properties": {
        "operator": "Prefeitura Municipal de Curitiba",
        "operator:type": "public",
        "ref:CNES": "6982182",
        "source": "cnes;datasus;dados_abertos_saude",
        "official_name": "SAMU ALFA 06 CAJURU",
        "addr:street": "Rua Benedito Marco da Silva",
        "addr:housenumber": "555",
        "addr:suburb": "Cajuru",
        "addr:city": "Curitiba",
        "addr:state": "PR",
        "addr:country": "BR",
        "addr:postcode": "82970-000",
        "emergency": "ambulance_station",
        "emergency_service": "technical_rescue",
        "opening_hours": "24/7",
        "name": "Base SAMU 192",
        "short_name": "SAMU 192",
        "comment": "SAMU 192",
        "qtd_equipes_esf": 0,
        "qtd_equipes_eap": 0,
        "qtd_equipes_total": 0,
        "capacidade_pnab": 3500,
        "nomes_equipes": ""
      },
      "geometry": {
        "type": "Point",
        "coordinates": [
          -49.2064655,
          -25.4695172
        ]
      }
    },
    {
      "type": "Feature",
      "id": 6982204,
      "properties": {
        "operator": "Prefeitura Municipal de Curitiba",
        "operator:type": "public",
        "ref:CNES": "6982204",
        "source": "cnes;datasus;dados_abertos_saude",
        "official_name": "SAMU ALFA 07 CIC",
        "addr:street": "Rua Senador Accioly Filho",
        "addr:housenumber": "3770",
        "addr:suburb": "Cic",
        "addr:city": "Curitiba",
        "addr:state": "PR",
        "addr:country": "BR",
        "addr:postcode": "81350-200",
        "emergency": "ambulance_station",
        "emergency_service": "technical_rescue",
        "opening_hours": "24/7",
        "name": "Base SAMU 192",
        "short_name": "SAMU 192",
        "comment": "SAMU 192",
        "qtd_equipes_esf": 0,
        "qtd_equipes_eap": 0,
        "qtd_equipes_total": 0,
        "capacidade_pnab": 3500,
        "nomes_equipes": ""
      },
      "geometry": {
        "type": "Point",
        "coordinates": [
          -49.3390758,
          -25.4972982
        ]
      }
    },
    {
      "type": "Feature",
      "id": 7174950,
      "properties": {
        "operator": "Prefeitura Municipal de Curitiba",
        "operator:type": "public",
        "ref:CNES": "7174950",
        "source": "cnes;datasus;dados_abertos_saude",
        "official_name": "SAMU ALFA 08 SIATE CTBA",
        "addr:street": "Rua Nunes Machado",
        "addr:housenumber": "130",
        "addr:city": "Curitiba",
        "addr:state": "PR",
        "addr:country": "BR",
        "addr:postcode": "80250-000",
        "phone": "+55 41 3212-1470",
        "emergency": "ambulance_station",
        "emergency_service": "technical_rescue",
        "opening_hours": "24/7",
        "name": "Base SAMU 192",
        "short_name": "SAMU 192",
        "comment": "SAMU 192",
        "qtd_equipes_esf": 0,
        "qtd_equipes_eap": 0,
        "qtd_equipes_total": 0,
        "capacidade_pnab": 3500,
        "nomes_equipes": ""
      },
      "geometry": {
        "type": "Point",
        "coordinates": [
          -49.2751876,
          -25.438058
        ]
      }
    },
    {
      "type": "Feature",
      "id": 6982247,
      "properties": {
        "operator": "Prefeitura Municipal de Curitiba",
        "operator:type": "public",
        "ref:CNES": "6982247",
        "source": "cnes;datasus;dados_abertos_saude",
        "official_name": "SAMU BRAVO 01 BOA VISTA",
        "addr:street": "Rua Avn Paraná",
        "addr:housenumber": "3654",
        "addr:suburb": "Boa Vista",
        "addr:city": "Curitiba",
        "addr:state": "PR",
        "addr:country": "BR",
        "addr:postcode": "82510-000",
        "emergency": "ambulance_station",
        "emergency_service": "technical_rescue",
        "opening_hours": "24/7",
        "name": "Base SAMU 192",
        "short_name": "SAMU 192",
        "comment": "SAMU 192",
        "qtd_equipes_esf": 0,
        "qtd_equipes_eap": 0,
        "qtd_equipes_total": 0,
        "capacidade_pnab": 3500,
        "nomes_equipes": ""
      },
      "geometry": {
        "type": "Point",
        "coordinates": [
          -49.232955,
          -25.3856157
        ]
      }
    },
    {
      "type": "Feature",
      "id": 6982239,
      "properties": {
        "operator": "Prefeitura Municipal de Curitiba",
        "operator:type": "public",
        "ref:CNES": "6982239",
        "source": "cnes;datasus;dados_abertos_saude",
        "official_name": "SAMU BRAVO 02 CAMPO COMPRIDO",
        "addr:street": "Rua Monsenhor Ivo Zanlorenzi",
        "addr:housenumber": "3495",
        "addr:suburb": "Campo Comprido",
        "addr:city": "Curitiba",
        "addr:state": "PR",
        "addr:country": "BR",
        "addr:postcode": "81210-000",
        "emergency": "ambulance_station",
        "emergency_service": "technical_rescue",
        "opening_hours": "24/7",
        "name": "Base SAMU 192",
        "short_name": "SAMU 192",
        "comment": "SAMU 192",
        "qtd_equipes_esf": 0,
        "qtd_equipes_eap": 0,
        "qtd_equipes_total": 0,
        "capacidade_pnab": 3500,
        "nomes_equipes": ""
      },
      "geometry": {
        "type": "Point",
        "coordinates": [
          -49.3399483,
          -25.442175
        ]
      }
    },
    {
      "type": "Feature",
      "id": 6982255,
      "properties": {
        "operator": "Prefeitura Municipal de Curitiba",
        "operator:type": "public",
        "ref:CNES": "6982255",
        "source": "cnes;datasus;dados_abertos_saude",
        "official_name": "SAMU BRAVO 03 FAZENDINHA",
        "addr:street": "Rua Carlos Klemtz",
        "addr:housenumber": "1883",
        "addr:suburb": "Fazendinha",
        "addr:city": "Curitiba",
        "addr:state": "PR",
        "addr:country": "BR",
        "addr:postcode": "81320-000",
        "emergency": "ambulance_station",
        "emergency_service": "technical_rescue",
        "opening_hours": "24/7",
        "name": "Base SAMU 192",
        "short_name": "SAMU 192",
        "comment": "SAMU 192",
        "qtd_equipes_esf": 0,
        "qtd_equipes_eap": 0,
        "qtd_equipes_total": 0,
        "capacidade_pnab": 3500,
        "nomes_equipes": ""
      },
      "geometry": {
        "type": "Point",
        "coordinates": [
          -49.3277979,
          -25.4776824
        ]
      }
    },
    {
      "type": "Feature",
      "id": 6982263,
      "properties": {
        "operator": "Prefeitura Municipal de Curitiba",
        "operator:type": "public",
        "ref:CNES": "6982263",
        "source": "cnes;datasus;dados_abertos_saude",
        "official_name": "SAMU BRAVO 04 BOQUEIRAO",
        "addr:street": "Rua Professora Maria Assumpcao",
        "addr:housenumber": "2590",
        "addr:suburb": "Boqueirao",
        "addr:city": "Curitiba",
        "addr:state": "PR",
        "addr:country": "BR",
        "addr:postcode": "81670-040",
        "emergency": "ambulance_station",
        "emergency_service": "technical_rescue",
        "opening_hours": "24/7",
        "name": "Base SAMU 192",
        "short_name": "SAMU 192",
        "comment": "SAMU 192",
        "qtd_equipes_esf": 0,
        "qtd_equipes_eap": 0,
        "qtd_equipes_total": 0,
        "capacidade_pnab": 3500,
        "nomes_equipes": ""
      },
      "geometry": {
        "type": "Point",
        "coordinates": [
          -49.2459503,
          -25.4928174
        ]
      }
    },
    {
      "type": "Feature",
      "id": 6982271,
      "properties": {
        "operator": "Prefeitura Municipal de Curitiba",
        "operator:type": "public",
        "ref:CNES": "6982271",
        "source": "cnes;datasus;dados_abertos_saude",
        "official_name": "SAMU BRAVO 05 SITIO CERCADO",
        "addr:street": "Rua Levy Buquera",
        "addr:housenumber": "158",
        "addr:suburb": "Sitio Cercado",
        "addr:city": "Curitiba",
        "addr:state": "PR",
        "addr:country": "BR",
        "addr:postcode": "81925-320",
        "phone": "+55 41 9207-9173",
        "email": "upasitiocercado@sms.curitiba.pr.gov.br",
        "emergency": "ambulance_station",
        "emergency_service": "technical_rescue",
        "opening_hours": "24/7",
        "name": "Base SAMU 192",
        "short_name": "SAMU 192",
        "comment": "SAMU 192",
        "qtd_equipes_esf": 0,
        "qtd_equipes_eap": 0,
        "qtd_equipes_total": 0,
        "capacidade_pnab": 3500,
        "nomes_equipes": ""
      },
      "geometry": {
        "type": "Point",
        "coordinates": [
          -49.2689395,
          -25.5288496
        ]
      }
    },
    {
      "type": "Feature",
      "id": 6982301,
      "properties": {
        "operator": "Prefeitura Municipal de Curitiba",
        "operator:type": "public",
        "ref:CNES": "6982301",
        "source": "cnes;datasus;dados_abertos_saude",
        "official_name": "SAMU BRAVO 06 CAJURU",
        "addr:street": "Rua Engenheiro Mario da Silva",
        "addr:housenumber": "555",
        "addr:suburb": "Cajuru",
        "addr:city": "Curitiba",
        "addr:state": "PR",
        "addr:country": "BR",
        "addr:postcode": "82970-000",
        "emergency": "ambulance_station",
        "emergency_service": "technical_rescue",
        "opening_hours": "24/7",
        "name": "Base SAMU 192",
        "short_name": "SAMU 192",
        "comment": "SAMU 192",
        "qtd_equipes_esf": 0,
        "qtd_equipes_eap": 0,
        "qtd_equipes_total": 0,
        "capacidade_pnab": 3500,
        "nomes_equipes": ""
      },
      "geometry": {
        "type": "Point",
        "coordinates": [
          -49.2065299,
          -25.4695172
        ]
      }
    },
    {
      "type": "Feature",
      "id": 6982298,
      "properties": {
        "operator": "Prefeitura Municipal de Curitiba",
        "operator:type": "public",
        "ref:CNES": "6982298",
        "source": "cnes;datasus;dados_abertos_saude",
        "official_name": "SAMU BRAVO 07 CIC",
        "addr:street": "Rua Senador Accioly Filho",
        "addr:housenumber": "3370",
        "addr:suburb": "Cic",
        "addr:city": "Curitiba",
        "addr:state": "PR",
        "addr:country": "BR",
        "addr:postcode": "81350-200",
        "emergency": "ambulance_station",
        "emergency_service": "technical_rescue",
        "opening_hours": "24/7",
        "name": "Base SAMU 192",
        "short_name": "SAMU 192",
        "comment": "SAMU 192",
        "qtd_equipes_esf": 0,
        "qtd_equipes_eap": 0,
        "qtd_equipes_total": 0,
        "capacidade_pnab": 3500,
        "nomes_equipes": ""
      },
      "geometry": {
        "type": "Point",
        "coordinates": [
          -49.3392241,
          -25.4974682
        ]
      }
    },
    {
      "type": "Feature",
      "id": 6982328,
      "properties": {
        "operator": "Prefeitura Municipal de Curitiba",
        "operator:type": "public",
        "ref:CNES": "6982328",
        "source": "cnes;datasus;dados_abertos_saude",
        "official_name": "SAMU BRAVO 08 PINHEIRINHO",
        "addr:street": "Rua Leon Nicolas",
        "addr:suburb": "Pinheirinho",
        "addr:city": "Curitiba",
        "addr:state": "PR",
        "addr:country": "BR",
        "addr:postcode": "81150-140",
        "phone": "+55 41 9207-8920",
        "emergency": "ambulance_station",
        "emergency_service": "technical_rescue",
        "opening_hours": "24/7",
        "name": "Base SAMU 192",
        "short_name": "SAMU 192",
        "comment": "SAMU 192",
        "qtd_equipes_esf": 0,
        "qtd_equipes_eap": 0,
        "qtd_equipes_total": 0,
        "capacidade_pnab": 3500,
        "nomes_equipes": ""
      },
      "geometry": {
        "type": "Point",
        "coordinates": [
          -49.303025,
          -25.5151594
        ]
      }
    },
    {
      "type": "Feature",
      "id": 6982379,
      "properties": {
        "operator": "Prefeitura Municipal de Curitiba",
        "operator:type": "public",
        "ref:CNES": "6982379",
        "source": "cnes;datasus;dados_abertos_saude",
        "official_name": "SAMU BRAVO 09 DUE HAUER",
        "addr:street": "Rua Anne Frank",
        "addr:housenumber": "736",
        "addr:suburb": "Hauer",
        "addr:city": "Curitiba",
        "addr:state": "PR",
        "addr:country": "BR",
        "addr:postcode": "81650-020",
        "phone": "+55 41 9207-8985",
        "emergency": "ambulance_station",
        "emergency_service": "technical_rescue",
        "opening_hours": "24/7",
        "name": "Base SAMU 192",
        "short_name": "SAMU 192",
        "comment": "SAMU 192",
        "qtd_equipes_esf": 0,
        "qtd_equipes_eap": 0,
        "qtd_equipes_total": 0,
        "capacidade_pnab": 3500,
        "nomes_equipes": ""
      },
      "geometry": {
        "type": "Point",
        "coordinates": [
          -49.2503806,
          -25.472981
        ]
      }
    },
    {
      "type": "Feature",
      "id": 6982336,
      "properties": {
        "operator": "Prefeitura Municipal de Curitiba",
        "operator:type": "public",
        "ref:CNES": "6982336",
        "source": "cnes;datasus;dados_abertos_saude",
        "official_name": "SAMU BRAVO 10 DUE HAUER",
        "addr:street": "Rua Anne Frank",
        "addr:housenumber": "736",
        "addr:suburb": "Hauer",
        "addr:city": "Curitiba",
        "addr:state": "PR",
        "addr:country": "BR",
        "addr:postcode": "80045-120",
        "phone": "+55 41 99207-9156",
        "emergency": "ambulance_station",
        "emergency_service": "technical_rescue",
        "opening_hours": "24/7",
        "name": "Base SAMU 192",
        "short_name": "SAMU 192",
        "comment": "SAMU 192",
        "qtd_equipes_esf": 0,
        "qtd_equipes_eap": 0,
        "qtd_equipes_total": 0,
        "capacidade_pnab": 3500,
        "nomes_equipes": ""
      },
      "geometry": {
        "type": "Point",
        "coordinates": [
          -49.2527145,
          -25.4731923
        ]
      }
    },
    {
      "type": "Feature",
      "id": 7350295,
      "properties": {
        "operator": "Prefeitura Municipal de Curitiba",
        "operator:type": "public",
        "ref:CNES": "7350295",
        "source": "cnes;datasus;dados_abertos_saude",
        "official_name": "SAMU BRAVO 11 BOA VISTA",
        "addr:street": "Avenida Paraná",
        "addr:housenumber": "3654",
        "addr:suburb": "Boa Vista",
        "addr:city": "Curitiba",
        "addr:state": "PR",
        "addr:country": "BR",
        "addr:postcode": "82510-000",
        "emergency": "ambulance_station",
        "emergency_service": "technical_rescue",
        "opening_hours": "24/7",
        "name": "Base SAMU 192",
        "short_name": "SAMU 192",
        "comment": "SAMU 192",
        "qtd_equipes_esf": 0,
        "qtd_equipes_eap": 0,
        "qtd_equipes_total": 0,
        "capacidade_pnab": 3500,
        "nomes_equipes": ""
      },
      "geometry": {
        "type": "Point",
        "coordinates": [
          -49.23347,
          -25.3852086
        ]
      }
    },
    {
      "type": "Feature",
      "id": 7350279,
      "properties": {
        "operator": "Prefeitura Municipal de Curitiba",
        "operator:type": "public",
        "ref:CNES": "7350279",
        "source": "cnes;datasus;dados_abertos_saude",
        "official_name": "SAMU BRAVO 12 CAMPO COMPRIDO",
        "addr:street": "Rua Monsenhor Ivo Zanlonrenzi",
        "addr:housenumber": "3495",
        "addr:suburb": "Campo Comprido",
        "addr:city": "Curitiba",
        "addr:state": "PR",
        "addr:country": "BR",
        "addr:postcode": "81210-000",
        "emergency": "ambulance_station",
        "emergency_service": "technical_rescue",
        "opening_hours": "24/7",
        "name": "Base SAMU 192",
        "short_name": "SAMU 192",
        "comment": "SAMU 192",
        "qtd_equipes_esf": 0,
        "qtd_equipes_eap": 0,
        "qtd_equipes_total": 0,
        "capacidade_pnab": 3500,
        "nomes_equipes": ""
      },
      "geometry": {
        "type": "Point",
        "coordinates": [
          -49.3400073,
          -25.4421701
        ]
      }
    },
    {
      "type": "Feature",
      "id": 6982395,
      "properties": {
        "operator": "Prefeitura Municipal de Curitiba",
        "operator:type": "public",
        "ref:CNES": "6982395",
        "source": "cnes;datasus;dados_abertos_saude",
        "official_name": "SAMU BRAVO 13 PINHEIRINHO",
        "addr:street": "Rua Leon Nicolas",
        "addr:housenumber": "2081",
        "addr:suburb": "Capao Raso",
        "addr:city": "Curitiba",
        "addr:state": "PR",
        "addr:country": "BR",
        "addr:postcode": "81150-140",
        "phone": "+55 41 3212-1471",
        "emergency": "ambulance_station",
        "emergency_service": "technical_rescue",
        "opening_hours": "24/7",
        "name": "Base SAMU 192",
        "short_name": "SAMU 192",
        "comment": "SAMU 192",
        "qtd_equipes_esf": 0,
        "qtd_equipes_eap": 0,
        "qtd_equipes_total": 0,
        "capacidade_pnab": 3500,
        "nomes_equipes": ""
      },
      "geometry": {
        "type": "Point",
        "coordinates": [
          -49.2951022,
          -25.5152824
        ]
      }
    },
    {
      "type": "Feature",
      "id": 7350260,
      "properties": {
        "operator": "Prefeitura Municipal de Curitiba",
        "operator:type": "public",
        "ref:CNES": "7350260",
        "source": "cnes;datasus;dados_abertos_saude",
        "official_name": "SAMU BRAVO 14 BOQUEIRAO",
        "addr:street": "Rua Professora Maria Assumpcao",
        "addr:housenumber": "2590",
        "addr:suburb": "Boqueirao",
        "addr:city": "Curitiba",
        "addr:state": "PR",
        "addr:country": "BR",
        "addr:postcode": "81670-040",
        "emergency": "ambulance_station",
        "emergency_service": "technical_rescue",
        "opening_hours": "24/7",
        "name": "Base SAMU 192",
        "short_name": "SAMU 192",
        "comment": "SAMU 192",
        "qtd_equipes_esf": 0,
        "qtd_equipes_eap": 0,
        "qtd_equipes_total": 0,
        "capacidade_pnab": 3500,
        "nomes_equipes": ""
      },
      "geometry": {
        "type": "Point",
        "coordinates": [
          -49.2459691,
          -25.4929554
        ]
      }
    },
    {
      "type": "Feature",
      "id": 7350252,
      "properties": {
        "operator": "Prefeitura Municipal de Curitiba",
        "operator:type": "public",
        "ref:CNES": "7350252",
        "source": "cnes;datasus;dados_abertos_saude",
        "official_name": "SAMU BRAVO 15 TATUQUARA",
        "addr:street": "Rua Jornalista Emilio Zola Florenzano",
        "addr:housenumber": "830",
        "addr:suburb": "Tatuquara",
        "addr:city": "Curitiba",
        "addr:state": "PR",
        "addr:country": "BR",
        "addr:postcode": "81470-300",
        "email": "gerenciatatuquara.ue@feaes.curitiba.pr.gov.br",
        "emergency": "ambulance_station",
        "emergency_service": "technical_rescue",
        "opening_hours": "24/7",
        "name": "Base SAMU 192",
        "short_name": "SAMU 192",
        "comment": "SAMU 192",
        "qtd_equipes_esf": 0,
        "qtd_equipes_eap": 0,
        "qtd_equipes_total": 0,
        "capacidade_pnab": 3500,
        "nomes_equipes": ""
      },
      "geometry": {
        "type": "Point",
        "coordinates": [
          -49.3339938,
          -25.5761483
        ]
      }
    },
    {
      "type": "Feature",
      "id": 7350244,
      "properties": {
        "operator": "Prefeitura Municipal de Curitiba",
        "operator:type": "public",
        "ref:CNES": "7350244",
        "source": "cnes;datasus;dados_abertos_saude",
        "official_name": "SAMU BRAVO 16 CAJURU",
        "addr:street": "Rua Engenheiro Benedito Mario da Silva",
        "addr:housenumber": "555",
        "addr:suburb": "Cajuru",
        "addr:city": "Curitiba",
        "addr:state": "PR",
        "addr:country": "BR",
        "addr:postcode": "82970-000",
        "emergency": "ambulance_station",
        "emergency_service": "technical_rescue",
        "opening_hours": "24/7",
        "name": "Base SAMU 192",
        "short_name": "SAMU 192",
        "comment": "SAMU 192",
        "qtd_equipes_esf": 0,
        "qtd_equipes_eap": 0,
        "qtd_equipes_total": 0,
        "capacidade_pnab": 3500,
        "nomes_equipes": ""
      },
      "geometry": {
        "type": "Point",
        "coordinates": [
          -49.2064708,
          -25.469648
        ]
      }
    },
    {
      "type": "Feature",
      "id": 7350309,
      "properties": {
        "operator": "Prefeitura Municipal de Curitiba",
        "operator:type": "public",
        "ref:CNES": "7350309",
        "source": "cnes;datasus;dados_abertos_saude",
        "official_name": "SAMU BRAVO 17 BOMBEIRO PILARZINHO",
        "addr:street": "Rua Amauri Lange Silverio",
        "addr:housenumber": "331",
        "addr:suburb": "Pilarzinho",
        "addr:city": "Curitiba",
        "addr:state": "PR",
        "addr:country": "BR",
        "addr:postcode": "80050-250",
        "phone": "+55 41 3360-4915",
        "emergency": "ambulance_station",
        "emergency_service": "technical_rescue",
        "opening_hours": "24/7",
        "name": "Base SAMU 192",
        "short_name": "SAMU 192",
        "comment": "SAMU 192",
        "qtd_equipes_esf": 0,
        "qtd_equipes_eap": 0,
        "qtd_equipes_total": 0,
        "capacidade_pnab": 3500,
        "nomes_equipes": ""
      },
      "geometry": {
        "type": "Point",
        "coordinates": [
          -49.2879447,
          -25.3946711
        ]
      }
    },
    {
      "type": "Feature",
      "id": 6982409,
      "properties": {
        "operator": "Prefeitura Municipal de Curitiba",
        "operator:type": "public",
        "ref:CNES": "6982409",
        "source": "cnes;datasus;dados_abertos_saude",
        "official_name": "SAMU BRAVO 19 DUE HAUER",
        "addr:street": "Rua Anne Frank",
        "addr:housenumber": "736",
        "addr:suburb": "Hauer",
        "addr:city": "Curitiba",
        "addr:state": "PR",
        "addr:country": "BR",
        "addr:postcode": "81610-020",
        "phone": "+55 41 99968-0489",
        "emergency": "ambulance_station",
        "emergency_service": "technical_rescue",
        "opening_hours": "24/7",
        "name": "Base SAMU 192",
        "short_name": "SAMU 192",
        "comment": "SAMU 192",
        "qtd_equipes_esf": 0,
        "qtd_equipes_eap": 0,
        "qtd_equipes_total": 0,
        "capacidade_pnab": 3500,
        "nomes_equipes": ""
      },
      "geometry": {
        "type": "Point",
        "coordinates": [
          -49.2504986,
          -25.4729229
        ]
      }
    },
    {
      "type": "Feature",
      "id": 8398461,
      "properties": {
        "operator": "Prefeitura Municipal de Curitiba",
        "operator:type": "public",
        "ref:CNES": "8398461",
        "source": "cnes;datasus;dados_abertos_saude",
        "official_name": "FARMACIA DISTRITAL CIC",
        "addr:street": "Rua Orlando Luis Lamarca",
        "addr:housenumber": "458",
        "addr:suburb": "Cic",
        "addr:city": "Curitiba",
        "addr:state": "PR",
        "addr:country": "BR",
        "addr:postcode": "81315-660",
        "amenity": "pharmacy",
        "healthcare": "pharmacy",
        "dispensing": "yes",
        "name": "Farmácia Distrital Cic",
        "comment": "Farmácia Pública",
        "qtd_equipes_esf": 0,
        "qtd_equipes_eap": 0,
        "qtd_equipes_total": 0,
        "capacidade_pnab": 3500,
        "nomes_equipes": ""
      },
      "geometry": {
        "type": "Point",
        "coordinates": [
          -49.3236618,
          -25.5047745
        ]
      }
    },
    {
      "type": "Feature",
      "id": 825190,
      "properties": {
        "operator": "Prefeitura Municipal de Curitiba",
        "operator:type": "public",
        "ref:CNES": "825190",
        "source": "cnes;datasus;dados_abertos_saude",
        "official_name": "FARMACIA ESCOLA UFPR",
        "addr:street": "Rua Doutor Faivre",
        "addr:housenumber": "395",
        "addr:city": "Curitiba",
        "addr:state": "PR",
        "addr:country": "BR",
        "addr:postcode": "80060-140",
        "phone": "+55 41 3360-5032",
        "email": "fesc@ufpr.br",
        "amenity": "pharmacy",
        "healthcare": "pharmacy",
        "dispensing": "yes",
        "name": "Farmácia Escola Ufpr",
        "comment": "Farmácia Pública",
        "qtd_equipes_esf": 0,
        "qtd_equipes_eap": 0,
        "qtd_equipes_total": 0,
        "capacidade_pnab": 3500,
        "nomes_equipes": ""
      },
      "geometry": {
        "type": "Point",
        "coordinates": [
          -49.26455,
          -25.4267587
        ]
      }
    },
    {
      "type": "Feature",
      "id": 2361086,
      "properties": {
        "operator": "Prefeitura Municipal de Curitiba",
        "operator:type": "public",
        "ref:CNES": "2361086",
        "source": "cnes;datasus;dados_abertos_saude",
        "official_name": "CENTRO DE SAUDE AMBIENTAL",
        "addr:street": "Rua Francisco Torres",
        "addr:housenumber": "830",
        "addr:suburb": "Reboucas",
        "addr:city": "Curitiba",
        "addr:state": "PR",
        "addr:country": "BR",
        "addr:postcode": "80060-130",
        "phone": "+55 41 3350-9381",
        "email": "visa.cvs@sms.curitiba.pr.gov.br",
        "office": "government",
        "government": "healthcare",
        "name": "Vigilância Sanitária Municipal",
        "short_name": "VISA",
        "comment": "Vigilância Sanitária",
        "qtd_equipes_esf": 0,
        "qtd_equipes_eap": 0,
        "qtd_equipes_total": 0,
        "capacidade_pnab": 3500,
        "nomes_equipes": ""
      },
      "geometry": {
        "type": "Point",
        "coordinates": [
          -49.2596036,
          -25.4346883
        ]
      }
    },
    {
      "type": "Feature",
      "id": 9545433,
      "properties": {
        "operator": "Prefeitura Municipal de Curitiba",
        "operator:type": "public",
        "ref:CNES": "9545433",
        "source": "cnes;datasus;dados_abertos_saude",
        "official_name": "SERVICO DE VERIFICACAO DE OBITOS DE CURITIBA SVO",
        "addr:street": "Rua Paulo Turkiewicz",
        "addr:housenumber": "150",
        "addr:suburb": "Taruma",
        "addr:city": "Curitiba",
        "addr:state": "PR",
        "addr:country": "BR",
        "addr:postcode": "82821-030",
        "phone": "+55 41 3360-7200",
        "email": "jonatas.davis@policiacientifica.pr.gov.br",
        "office": "government",
        "government": "healthcare",
        "name": "Vigilância Sanitária Municipal",
        "short_name": "VISA",
        "comment": "Vigilância Sanitária",
        "qtd_equipes_esf": 0,
        "qtd_equipes_eap": 0,
        "qtd_equipes_total": 0,
        "capacidade_pnab": 3500,
        "nomes_equipes": ""
      },
      "geometry": {
        "type": "Point",
        "coordinates": [
          -49.2142798,
          -25.4238475
        ]
      }
    },
    {
      "type": "Feature",
      "id": 937053,
      "properties": {
        "operator": "Prefeitura Municipal de Curitiba",
        "operator:type": "public",
        "ref:CNES": "937053",
        "source": "cnes;datasus;dados_abertos_saude",
        "official_name": "UNIDADE DE VIGILANCIA DE ZOONOSES",
        "addr:street": "Rua Lodovico Kaminski",
        "addr:housenumber": "1381",
        "addr:suburb": "Cic",
        "addr:city": "Curitiba",
        "addr:state": "PR",
        "addr:country": "BR",
        "addr:postcode": "81265-310",
        "phone": "+55 41 3314-5210",
        "email": "zoonoses@sms.curitiba.pr.gov.br",
        "office": "government",
        "government": "healthcare",
        "name": "Vigilância Sanitária Municipal",
        "short_name": "VISA",
        "comment": "Vigilância Sanitária",
        "qtd_equipes_esf": 0,
        "qtd_equipes_eap": 0,
        "qtd_equipes_total": 0,
        "capacidade_pnab": 3500,
        "nomes_equipes": ""
      },
      "geometry": {
        "type": "Point",
        "coordinates": [
          -49.3604171,
          -25.4724572
        ]
      }
    },
    {
      "type": "Feature",
      "id": 2784432,
      "properties": {
        "operator": "Governo do Estado (PR)",
        "operator:type": "public",
        "ref:CNES": "2784432",
        "source": "cnes;datasus;dados_abertos_saude",
        "official_name": "02 REGIONAL DE SAUDE METROPOLITANA",
        "addr:street": "Rua Av Marechal Floriano Peixoto",
        "addr:housenumber": "250",
        "addr:city": "Curitiba",
        "addr:state": "PR",
        "addr:country": "BR",
        "addr:postcode": "80010-130",
        "phone": "+55 41 3235-6700",
        "email": "dir02rs@sesa.pr.gov.br",
        "office": "government",
        "government": "healthcare",
        "name": "7ª Regional de Saúde de Pato Branco (SESA-PR)",
        "short_name": "7ª RS SESA",
        "comment": "Regional de Saúde (Estadual)",
        "qtd_equipes_esf": 0,
        "qtd_equipes_eap": 0,
        "qtd_equipes_total": 0,
        "capacidade_pnab": 3500,
        "nomes_equipes": ""
      },
      "geometry": {
        "type": "Point",
        "coordinates": [
          -49.27123,
          -25.43228
        ]
      }
    },
    {
      "type": "Feature",
      "id": 2439107,
      "properties": {
        "operator": "Prefeitura Municipal de Curitiba",
        "operator:type": "public",
        "ref:CNES": "2439107",
        "source": "cnes;datasus;dados_abertos_saude",
        "official_name": "DISTRITO SANITARIO BAIRRO NOVO",
        "addr:street": "Rua Antonio Scharwatz",
        "addr:housenumber": "35",
        "addr:suburb": "Sitio Cercado",
        "addr:city": "Curitiba",
        "addr:state": "PR",
        "addr:country": "BR",
        "addr:postcode": "81920-140",
        "phone": "+55 41 3289-8020",
        "email": "hferreira@sms.curitiba.pr.gov.br",
        "office": "government",
        "government": "healthcare",
        "name": "Secretaria Municipal de Saúde de Pato Branco",
        "short_name": "SMS Pato Branco",
        "comment": "Secretaria Municipal de Saúde",
        "qtd_equipes_esf": 0,
        "qtd_equipes_eap": 0,
        "qtd_equipes_total": 0,
        "capacidade_pnab": 3500,
        "nomes_equipes": ""
      },
      "geometry": {
        "type": "Point",
        "coordinates": [
          -49.2526799,
          -25.5447163
        ]
      }
    },
    {
      "type": "Feature",
      "id": 2639386,
      "properties": {
        "operator": "Prefeitura Municipal de Curitiba",
        "operator:type": "public",
        "ref:CNES": "2639386",
        "source": "cnes;datasus;dados_abertos_saude",
        "official_name": "DISTRITO SANITARIO BOA VISTA",
        "addr:street": "Rua Nilo Brandao",
        "addr:housenumber": "423",
        "addr:suburb": "São Lourenço",
        "addr:city": "Curitiba",
        "addr:state": "PR",
        "addr:country": "BR",
        "addr:postcode": "82210-050",
        "phone": "+55 41 3355-2679",
        "email": "gerenciadsbv@sms.curitiba.pr.gov.br",
        "office": "government",
        "government": "healthcare",
        "name": "Secretaria Municipal de Saúde de Pato Branco",
        "short_name": "SMS Pato Branco",
        "comment": "Secretaria Municipal de Saúde",
        "qtd_equipes_esf": 0,
        "qtd_equipes_eap": 0,
        "qtd_equipes_total": 0,
        "capacidade_pnab": 3500,
        "nomes_equipes": ""
      },
      "geometry": {
        "type": "Point",
        "coordinates": [
          -49.2644066,
          -25.3891317
        ]
      }
    },
    {
      "type": "Feature",
      "id": 2438925,
      "properties": {
        "operator": "Prefeitura Municipal de Curitiba",
        "operator:type": "public",
        "ref:CNES": "2438925",
        "source": "cnes;datasus;dados_abertos_saude",
        "official_name": "DISTRITO SANITARIO BOQUEIRAO",
        "addr:street": "Rua Av Marechal Floriano Peixoto",
        "addr:housenumber": "6003",
        "addr:suburb": "Boqueirao",
        "addr:city": "Curitiba",
        "addr:state": "PR",
        "addr:country": "BR",
        "addr:postcode": "81650-010",
        "phone": "+55 41 3313-5491",
        "email": "gerenciadsbq@sms.curitiba.pr.gov.br",
        "office": "government",
        "government": "healthcare",
        "name": "Secretaria Municipal de Saúde de Pato Branco",
        "short_name": "SMS Pato Branco",
        "comment": "Secretaria Municipal de Saúde",
        "qtd_equipes_esf": 0,
        "qtd_equipes_eap": 0,
        "qtd_equipes_total": 0,
        "capacidade_pnab": 3500,
        "nomes_equipes": ""
      },
      "geometry": {
        "type": "Point",
        "coordinates": [
          -49.238365,
          -25.5015378
        ]
      }
    },
    {
      "type": "Feature",
      "id": 2639416,
      "properties": {
        "operator": "Prefeitura Municipal de Curitiba",
        "operator:type": "public",
        "ref:CNES": "2639416",
        "source": "cnes;datasus;dados_abertos_saude",
        "official_name": "DISTRITO SANITARIO CAJURU",
        "addr:street": "Avenida Prefeito Maurício Fruet",
        "addr:housenumber": "2150",
        "addr:suburb": "Cajuru",
        "addr:city": "Curitiba",
        "addr:state": "PR",
        "addr:country": "BR",
        "addr:postcode": "82900-240",
        "phone": "+55 41 3261-2300",
        "office": "government",
        "government": "healthcare",
        "name": "Secretaria Municipal de Saúde de Pato Branco",
        "short_name": "SMS Pato Branco",
        "comment": "Secretaria Municipal de Saúde",
        "qtd_equipes_esf": 0,
        "qtd_equipes_eap": 0,
        "qtd_equipes_total": 0,
        "capacidade_pnab": 3500,
        "nomes_equipes": ""
      },
      "geometry": {
        "type": "Point",
        "coordinates": [
          -49.2204183,
          -25.441756
        ]
      }
    },
    {
      "type": "Feature",
      "id": 3467600,
      "properties": {
        "operator": "Prefeitura Municipal de Curitiba",
        "operator:type": "public",
        "ref:CNES": "3467600",
        "source": "cnes;datasus;dados_abertos_saude",
        "official_name": "DISTRITO SANITARIO CIC",
        "addr:street": "Rua Manoel Valdomiro de Macedo",
        "addr:housenumber": "2460",
        "addr:suburb": "Cic",
        "addr:city": "Curitiba",
        "addr:state": "PR",
        "addr:country": "BR",
        "addr:postcode": "81170-150",
        "phone": "+55 41 3221-2884",
        "office": "government",
        "government": "healthcare",
        "name": "Secretaria Municipal de Saúde de Pato Branco",
        "short_name": "SMS Pato Branco",
        "comment": "Secretaria Municipal de Saúde",
        "qtd_equipes_esf": 0,
        "qtd_equipes_eap": 0,
        "qtd_equipes_total": 0,
        "capacidade_pnab": 3500,
        "nomes_equipes": ""
      },
      "geometry": {
        "type": "Point",
        "coordinates": [
          -49.3195447,
          -25.5145179
        ]
      }
    },
    {
      "type": "Feature",
      "id": 2639491,
      "properties": {
        "operator": "Prefeitura Municipal de Curitiba",
        "operator:type": "public",
        "ref:CNES": "2639491",
        "source": "cnes;datasus;dados_abertos_saude",
        "official_name": "DISTRITO SANITARIO MATRIZ",
        "addr:street": "Rua Carmelo Rangel",
        "addr:housenumber": "195",
        "addr:suburb": "Batel",
        "addr:city": "Curitiba",
        "addr:state": "PR",
        "addr:country": "BR",
        "addr:postcode": "80440-050",
        "phone": "+55 41 3244-1544",
        "email": "gerenciadsmz@sms.curitiba.pr.gov.br",
        "office": "government",
        "government": "healthcare",
        "name": "Secretaria Municipal de Saúde de Pato Branco",
        "short_name": "SMS Pato Branco",
        "comment": "Secretaria Municipal de Saúde",
        "qtd_equipes_esf": 0,
        "qtd_equipes_eap": 0,
        "qtd_equipes_total": 0,
        "capacidade_pnab": 3500,
        "nomes_equipes": ""
      },
      "geometry": {
        "type": "Point",
        "coordinates": [
          -49.2920172,
          -25.441756
        ]
      }
    },
    {
      "type": "Feature",
      "id": 2439042,
      "properties": {
        "operator": "Prefeitura Municipal de Curitiba",
        "operator:type": "public",
        "ref:CNES": "2439042",
        "source": "cnes;datasus;dados_abertos_saude",
        "official_name": "DISTRITO SANITARIO PINHEIRINHO",
        "addr:street": "Rua Leon Nicolas",
        "addr:housenumber": "66",
        "addr:suburb": "Pinheirinho",
        "addr:city": "Curitiba",
        "addr:state": "PR",
        "addr:country": "BR",
        "addr:postcode": "81150-140",
        "phone": "+55 41 3121-5659",
        "office": "government",
        "government": "healthcare",
        "name": "Secretaria Municipal de Saúde de Pato Branco",
        "short_name": "SMS Pato Branco",
        "comment": "Secretaria Municipal de Saúde",
        "qtd_equipes_esf": 0,
        "qtd_equipes_eap": 0,
        "qtd_equipes_total": 0,
        "capacidade_pnab": 3500,
        "nomes_equipes": ""
      },
      "geometry": {
        "type": "Point",
        "coordinates": [
          -49.3048399,
          -25.5153165
        ]
      }
    },
    {
      "type": "Feature",
      "id": 16608,
      "properties": {
        "operator": "Prefeitura Municipal de Curitiba",
        "operator:type": "public",
        "ref:CNES": "16608",
        "source": "cnes;datasus;dados_abertos_saude",
        "official_name": "DISTRITO SANITARIO PORTAO",
        "addr:street": "Rua Carlos Klemtz",
        "addr:suburb": "Fazendinha",
        "addr:city": "Curitiba",
        "addr:state": "PR",
        "addr:country": "BR",
        "addr:postcode": "81320-000",
        "phone": "+55 46 3350-3771",
        "office": "government",
        "government": "healthcare",
        "name": "Secretaria Municipal de Saúde de Pato Branco",
        "short_name": "SMS Pato Branco",
        "comment": "Secretaria Municipal de Saúde",
        "qtd_equipes_esf": 0,
        "qtd_equipes_eap": 0,
        "qtd_equipes_total": 0,
        "capacidade_pnab": 3500,
        "nomes_equipes": ""
      },
      "geometry": {
        "type": "Point",
        "coordinates": [
          -49.32919,
          -25.4777357
        ]
      }
    },
    {
      "type": "Feature",
      "id": 2639521,
      "properties": {
        "operator": "Prefeitura Municipal de Curitiba",
        "operator:type": "public",
        "ref:CNES": "2639521",
        "source": "cnes;datasus;dados_abertos_saude",
        "official_name": "DISTRITO SANITARIO SANTA FELICIDADE",
        "addr:street": "Rua Via Veneto",
        "addr:housenumber": "480",
        "addr:suburb": "Santa Felicidade",
        "addr:city": "Curitiba",
        "addr:state": "PR",
        "addr:country": "BR",
        "addr:postcode": "82020-470",
        "phone": "+55 41 3374-5258",
        "email": "gerenciadssf@sms.curitiba.pr.gov.br",
        "office": "government",
        "government": "healthcare",
        "name": "Secretaria Municipal de Saúde de Pato Branco",
        "short_name": "SMS Pato Branco",
        "comment": "Secretaria Municipal de Saúde",
        "qtd_equipes_esf": 0,
        "qtd_equipes_eap": 0,
        "qtd_equipes_total": 0,
        "capacidade_pnab": 3500,
        "nomes_equipes": ""
      },
      "geometry": {
        "type": "Point",
        "coordinates": [
          -49.3244514,
          -25.4051381
        ]
      }
    },
    {
      "type": "Feature",
      "id": 7891598,
      "properties": {
        "operator": "Prefeitura Municipal de Curitiba",
        "operator:type": "public",
        "ref:CNES": "7891598",
        "source": "cnes;datasus;dados_abertos_saude",
        "official_name": "DISTRITO SANITARIO TATUQUARA",
        "addr:street": "Rua Olivardo Koronoski Bueno",
        "addr:suburb": "Tatuquara",
        "addr:city": "Curitiba",
        "addr:state": "PR",
        "addr:country": "BR",
        "addr:postcode": "81470-475",
        "phone": "+55 41 3298-6351",
        "email": "gerenciadstq@sms.curitiba.pr.gov.br",
        "office": "government",
        "government": "healthcare",
        "name": "Secretaria Municipal de Saúde de Pato Branco",
        "short_name": "SMS Pato Branco",
        "comment": "Secretaria Municipal de Saúde",
        "qtd_equipes_esf": 0,
        "qtd_equipes_eap": 0,
        "qtd_equipes_total": 0,
        "capacidade_pnab": 3500,
        "nomes_equipes": ""
      },
      "geometry": {
        "type": "Point",
        "coordinates": [
          -49.3317568,
          -25.5755966
        ]
      }
    },
    {
      "type": "Feature",
      "id": 6554113,
      "properties": {
        "operator": "Governo do Estado (PR)",
        "operator:type": "public",
        "ref:CNES": "6554113",
        "source": "cnes;datasus;dados_abertos_saude",
        "official_name": "SECRETARIA DE ESTADO DA SAUDE",
        "addr:street": "Rua Piquiri",
        "addr:housenumber": "170",
        "addr:suburb": "Reboucas",
        "addr:city": "Curitiba",
        "addr:state": "PR",
        "addr:country": "BR",
        "addr:postcode": "80230-140",
        "office": "government",
        "government": "healthcare",
        "name": "Secretaria Municipal de Saúde de Pato Branco",
        "short_name": "SMS Pato Branco",
        "comment": "Secretaria Municipal de Saúde",
        "qtd_equipes_esf": 0,
        "qtd_equipes_eap": 0,
        "qtd_equipes_total": 0,
        "capacidade_pnab": 3500,
        "nomes_equipes": ""
      },
      "geometry": {
        "type": "Point",
        "coordinates": [
          -49.26202,
          -25.443
        ]
      }
    },
    {
      "type": "Feature",
      "id": 6190693,
      "properties": {
        "operator": "Prefeitura Municipal de Curitiba",
        "operator:type": "public",
        "ref:CNES": "6190693",
        "source": "cnes;datasus;dados_abertos_saude",
        "official_name": "SMS DE CURITIBA",
        "addr:street": "Rua Francisco Torres",
        "addr:housenumber": "830",
        "addr:suburb": "Reboucas",
        "addr:city": "Curitiba",
        "addr:state": "PR",
        "addr:country": "BR",
        "addr:postcode": "80060-130",
        "phone": "+55 41 3350-9429",
        "office": "government",
        "government": "healthcare",
        "name": "Secretaria Municipal de Saúde de Pato Branco",
        "short_name": "SMS Pato Branco",
        "comment": "Secretaria Municipal de Saúde",
        "qtd_equipes_esf": 0,
        "qtd_equipes_eap": 0,
        "qtd_equipes_total": 0,
        "capacidade_pnab": 3500,
        "nomes_equipes": ""
      },
      "geometry": {
        "type": "Point",
        "coordinates": [
          -49.2596171,
          -25.4346623
        ]
      }
    },
    {
      "type": "Feature",
      "id": 2795957,
      "properties": {
        "operator": "Governo do Estado (PR)",
        "operator:type": "public",
        "ref:CNES": "2795957",
        "source": "cnes;datasus;dados_abertos_saude",
        "official_name": "CENTRO DE HEMATOLOGIA E HEMOTERAPIA DO PARANA HEMEPAR",
        "addr:street": "Rua Tr João Prosdocimo",
        "addr:housenumber": "145",
        "addr:suburb": "Alto da Xv",
        "addr:city": "Curitiba",
        "addr:state": "PR",
        "addr:country": "BR",
        "addr:postcode": "80045-145",
        "phone": "+55 41 3281-4000",
        "email": "hemepar@pr.gov.br",
        "amenity": "blood_donation",
        "healthcare": "blood_donation",
        "name": "Hemonúcleo de Pato Branco (HEMEPAR)",
        "short_name": "Hemepar Pato Branco",
        "comment": "Doação de Sangue (HEMEPAR)",
        "qtd_equipes_esf": 0,
        "qtd_equipes_eap": 0,
        "qtd_equipes_total": 0,
        "capacidade_pnab": 3500,
        "nomes_equipes": ""
      },
      "geometry": {
        "type": "Point",
        "coordinates": [
          -49.2723,
          -25.42518
        ]
      }
    },
    {
      "type": "Feature",
      "id": 3335887,
      "properties": {
        "operator": "Prefeitura Municipal de Curitiba",
        "operator:type": "public",
        "ref:CNES": "3335887",
        "source": "cnes;datasus;dados_abertos_saude",
        "official_name": "CAPS BAIRRO NOVO",
        "addr:street": "Rua Al Nossa Senhora do Sagrado Coracao",
        "addr:housenumber": "771",
        "addr:suburb": "Pinheirinho",
        "addr:city": "Curitiba",
        "addr:state": "PR",
        "addr:country": "BR",
        "addr:postcode": "81870-010",
        "phone": "+55 46 3349-7644",
        "email": "capsadbairronovo@sms.curitiba.pr.gov.br",
        "amenity": "clinic",
        "healthcare": "psychiatry",
        "healthcare:speciality": "psychiatry",
        "name": "Centro de Atenção Psicossocial (CAPS II)",
        "short_name": "CAPS II",
        "comment": "CAPS II",
        "qtd_equipes_esf": 1,
        "qtd_equipes_eap": 0,
        "qtd_equipes_total": 1,
        "capacidade_pnab": 3500,
        "nomes_equipes": ""
      },
      "geometry": {
        "type": "Point",
        "coordinates": [
          -49.2916417,
          -25.5272812
        ]
      }
    },
    {
      "type": "Feature",
      "id": 7149573,
      "properties": {
        "operator": "Prefeitura Municipal de Curitiba",
        "operator:type": "public",
        "ref:CNES": "7149573",
        "source": "cnes;datasus;dados_abertos_saude",
        "official_name": "CAPS BOA VISTA",
        "addr:street": "Rua Holanda",
        "addr:housenumber": "288",
        "addr:suburb": "Bacacheri",
        "addr:city": "Curitiba",
        "addr:state": "PR",
        "addr:country": "BR",
        "addr:postcode": "82510-190",
        "phone": "+55 46 3257-1932",
        "email": "capsboavista.sm@feaes.curitiba.pr.gov.br",
        "amenity": "clinic",
        "healthcare": "psychiatry",
        "healthcare:speciality": "psychiatry",
        "name": "Centro de Atenção Psicossocial (CAPS II)",
        "short_name": "CAPS II",
        "comment": "CAPS II",
        "qtd_equipes_esf": 1,
        "qtd_equipes_eap": 0,
        "qtd_equipes_total": 1,
        "capacidade_pnab": 3500,
        "nomes_equipes": ""
      },
      "geometry": {
        "type": "Point",
        "coordinates": [
          -49.2438024,
          -25.4006746
        ]
      }
    },
    {
      "type": "Feature",
      "id": 7353820,
      "properties": {
        "operator": "Prefeitura Municipal de Curitiba",
        "operator:type": "public",
        "ref:CNES": "7353820",
        "source": "cnes;datasus;dados_abertos_saude",
        "official_name": "CAPS BOQUEIRAO",
        "addr:street": "Avenida Marechal Floriano Peixoto",
        "addr:housenumber": "7225",
        "addr:suburb": "Boqueirao",
        "addr:city": "Curitiba",
        "addr:state": "PR",
        "addr:country": "BR",
        "addr:postcode": "81650-000",
        "phone": "+55 41 3278-2494",
        "email": "capstmboqueirao@sms.curitiba.pr.gov.br",
        "amenity": "clinic",
        "healthcare": "psychiatry",
        "healthcare:speciality": "psychiatry",
        "name": "Centro de Atenção Psicossocial (CAPS II)",
        "short_name": "CAPS II",
        "comment": "CAPS II",
        "qtd_equipes_esf": 1,
        "qtd_equipes_eap": 0,
        "qtd_equipes_total": 1,
        "capacidade_pnab": 3500,
        "nomes_equipes": ""
      },
      "geometry": {
        "type": "Point",
        "coordinates": [
          -49.263674,
          -25.495532
        ]
      }
    },
    {
      "type": "Feature",
      "id": 3379248,
      "properties": {
        "operator": "Prefeitura Municipal de Curitiba",
        "operator:type": "public",
        "ref:CNES": "3379248",
        "source": "cnes;datasus;dados_abertos_saude",
        "official_name": "CAPS CAJURU",
        "addr:street": "Rua General Adalberto Goncalves de Menezes",
        "addr:housenumber": "435",
        "addr:suburb": "Guabirotuba",
        "addr:city": "Curitiba",
        "addr:state": "PR",
        "addr:country": "BR",
        "addr:postcode": "82800-080",
        "phone": "+55 41 3296-5800",
        "email": "capsadcajuru@sms.curitiba.pr.gov.br",
        "amenity": "clinic",
        "healthcare": "psychiatry",
        "healthcare:speciality": "psychiatry",
        "name": "Centro de Atenção Psicossocial (CAPS II)",
        "short_name": "CAPS II",
        "comment": "CAPS II",
        "qtd_equipes_esf": 1,
        "qtd_equipes_eap": 0,
        "qtd_equipes_total": 1,
        "capacidade_pnab": 3500,
        "nomes_equipes": ""
      },
      "geometry": {
        "type": "Point",
        "coordinates": [
          -49.2274342,
          -25.4339217
        ]
      }
    },
    {
      "type": "Feature",
      "id": 6569749,
      "properties": {
        "operator": "Prefeitura Municipal de Curitiba",
        "operator:type": "public",
        "ref:CNES": "6569749",
        "source": "cnes;datasus;dados_abertos_saude",
        "official_name": "CAPS CIC",
        "addr:street": "Rua Eduardo Sprada",
        "addr:housenumber": "4459",
        "addr:suburb": "Cic",
        "addr:city": "Curitiba",
        "addr:state": "PR",
        "addr:country": "BR",
        "addr:postcode": "81270-010",
        "phone": "+55 41 3245-2171",
        "email": "capsadcic@sms.curitiba.pr.gov.br",
        "amenity": "clinic",
        "healthcare": "psychiatry",
        "healthcare:speciality": "psychiatry",
        "name": "Centro de Atenção Psicossocial (CAPS II)",
        "short_name": "CAPS II",
        "comment": "CAPS II",
        "qtd_equipes_esf": 1,
        "qtd_equipes_eap": 0,
        "qtd_equipes_total": 1,
        "capacidade_pnab": 3500,
        "nomes_equipes": ""
      },
      "geometry": {
        "type": "Point",
        "coordinates": [
          -49.3502307,
          -25.4465801
        ]
      }
    },
    {
      "type": "Feature",
      "id": 2639432,
      "properties": {
        "operator": "Prefeitura Municipal de Curitiba",
        "operator:type": "public",
        "ref:CNES": "2639432",
        "source": "cnes;datasus;dados_abertos_saude",
        "official_name": "CAPS INFANTIL BOA VISTA",
        "addr:street": "Rua Peru",
        "addr:housenumber": "230",
        "addr:suburb": "Bacacheri",
        "addr:city": "Curitiba",
        "addr:state": "PR",
        "addr:country": "BR",
        "addr:postcode": "82510-140",
        "phone": "+55 46 3357-4968",
        "email": "capsiboavista@sms.curitiba.pr.gov.br",
        "amenity": "clinic",
        "healthcare": "psychiatry",
        "healthcare:speciality": "psychiatry",
        "name": "Centro de Atenção Psicossocial (CAPS II)",
        "short_name": "CAPS II",
        "comment": "CAPS II",
        "qtd_equipes_esf": 1,
        "qtd_equipes_eap": 0,
        "qtd_equipes_total": 1,
        "capacidade_pnab": 3500,
        "nomes_equipes": ""
      },
      "geometry": {
        "type": "Point",
        "coordinates": [
          -49.241234,
          -25.405114
        ]
      }
    },
    {
      "type": "Feature",
      "id": 5220041,
      "properties": {
        "operator": "Prefeitura Municipal de Curitiba",
        "operator:type": "public",
        "ref:CNES": "5220041",
        "source": "cnes;datasus;dados_abertos_saude",
        "official_name": "CAPS INFANTIL CENTRO VIDA",
        "addr:street": "Rua Coronel Hoche Pedra Pires",
        "addr:housenumber": "475",
        "addr:suburb": "Vila Izabel",
        "addr:city": "Curitiba",
        "addr:state": "PR",
        "addr:country": "BR",
        "addr:postcode": "80240-510",
        "phone": "+55 41 33340-2121",
        "email": "capsadcentrovida@sms.curitiba.pr.gov.br",
        "amenity": "clinic",
        "healthcare": "psychiatry",
        "healthcare:speciality": "psychiatry",
        "name": "Centro de Atenção Psicossocial (CAPS II)",
        "short_name": "CAPS II",
        "comment": "CAPS II",
        "qtd_equipes_esf": 1,
        "qtd_equipes_eap": 0,
        "qtd_equipes_total": 1,
        "capacidade_pnab": 3500,
        "nomes_equipes": ""
      },
      "geometry": {
        "type": "Point",
        "coordinates": [
          -49.3006834,
          -25.4553867
        ]
      }
    },
    {
      "type": "Feature",
      "id": 3258696,
      "properties": {
        "operator": "Prefeitura Municipal de Curitiba",
        "operator:type": "public",
        "ref:CNES": "3258696",
        "source": "cnes;datasus;dados_abertos_saude",
        "official_name": "CAPS INFANTIL PINHEIRINHO",
        "addr:street": "Rua Nossa Senhora do Perpetuo Socorro",
        "addr:housenumber": "201",
        "addr:suburb": "Pinheirinho",
        "addr:city": "Curitiba",
        "addr:state": "PR",
        "addr:country": "BR",
        "addr:postcode": "81130-150",
        "phone": "+55 41 3212-1433",
        "email": "capsipinheirinho@sms.curitiba.pr.gov.br",
        "amenity": "clinic",
        "healthcare": "psychiatry",
        "healthcare:speciality": "psychiatry",
        "name": "Centro de Atenção Psicossocial (CAPS II)",
        "short_name": "CAPS II",
        "comment": "CAPS II",
        "qtd_equipes_esf": 1,
        "qtd_equipes_eap": 0,
        "qtd_equipes_total": 1,
        "capacidade_pnab": 3500,
        "nomes_equipes": ""
      },
      "geometry": {
        "type": "Point",
        "coordinates": [
          -49.2968641,
          -25.5095155
        ]
      }
    },
    {
      "type": "Feature",
      "id": 5319226,
      "properties": {
        "operator": "Prefeitura Municipal de Curitiba",
        "operator:type": "public",
        "ref:CNES": "5319226",
        "source": "cnes;datasus;dados_abertos_saude",
        "official_name": "CAPS MATRIZ",
        "addr:street": "Rua Ilha de Granada",
        "addr:housenumber": "36",
        "addr:suburb": "Jardim Social",
        "addr:city": "Curitiba",
        "addr:state": "PR",
        "addr:country": "BR",
        "addr:postcode": "82520-170",
        "phone": "+55 41 3363-0492",
        "email": "capsmatriz.sm@feaes.curitiba.pr.gov.br",
        "amenity": "clinic",
        "healthcare": "psychiatry",
        "healthcare:speciality": "psychiatry",
        "name": "Centro de Atenção Psicossocial (CAPS II)",
        "short_name": "CAPS II",
        "comment": "CAPS II",
        "qtd_equipes_esf": 1,
        "qtd_equipes_eap": 0,
        "qtd_equipes_total": 1,
        "capacidade_pnab": 3500,
        "nomes_equipes": ""
      },
      "geometry": {
        "type": "Point",
        "coordinates": [
          -49.2368172,
          -25.411356
        ]
      }
    },
    {
      "type": "Feature",
      "id": 5484405,
      "properties": {
        "operator": "Prefeitura Municipal de Curitiba",
        "operator:type": "public",
        "ref:CNES": "5484405",
        "source": "cnes;datasus;dados_abertos_saude",
        "official_name": "CAPS PINHEIRINHO",
        "addr:street": "Avenida Iguaçu",
        "addr:housenumber": "3681",
        "addr:suburb": "Vila Izabel",
        "addr:city": "Curitiba",
        "addr:state": "PR",
        "addr:country": "BR",
        "addr:postcode": "80240-031",
        "phone": "+55 41 3343-4589",
        "email": "capsadportao@sms.curitiba.pr.gov.br",
        "amenity": "clinic",
        "healthcare": "psychiatry",
        "healthcare:speciality": "psychiatry",
        "name": "Centro de Atenção Psicossocial (CAPS II)",
        "short_name": "CAPS II",
        "comment": "CAPS II",
        "qtd_equipes_esf": 1,
        "qtd_equipes_eap": 0,
        "qtd_equipes_total": 1,
        "capacidade_pnab": 3500,
        "nomes_equipes": ""
      },
      "geometry": {
        "type": "Point",
        "coordinates": [
          -49.2961421,
          -25.4524279
        ]
      }
    },
    {
      "type": "Feature",
      "id": 5708621,
      "properties": {
        "operator": "Prefeitura Municipal de Curitiba",
        "operator:type": "public",
        "ref:CNES": "5708621",
        "source": "cnes;datasus;dados_abertos_saude",
        "official_name": "CAPS PORTAO",
        "addr:street": "Rua Nunes Machado",
        "addr:housenumber": "1796",
        "addr:suburb": "Reboucas",
        "addr:city": "Curitiba",
        "addr:state": "PR",
        "addr:country": "BR",
        "addr:postcode": "80240-000",
        "phone": "+55 46 3333-1978",
        "email": "capstmportao@sms.curitiba.pr.gov.br",
        "amenity": "clinic",
        "healthcare": "psychiatry",
        "healthcare:speciality": "psychiatry",
        "name": "Centro de Atenção Psicossocial (CAPS II)",
        "short_name": "CAPS II",
        "comment": "CAPS II",
        "qtd_equipes_esf": 1,
        "qtd_equipes_eap": 0,
        "qtd_equipes_total": 1,
        "capacidade_pnab": 3500,
        "nomes_equipes": ""
      },
      "geometry": {
        "type": "Point",
        "coordinates": [
          -49.2706891,
          -25.4526231
        ]
      }
    },
    {
      "type": "Feature",
      "id": 5322219,
      "properties": {
        "operator": "Prefeitura Municipal de Curitiba",
        "operator:type": "public",
        "ref:CNES": "5322219",
        "source": "cnes;datasus;dados_abertos_saude",
        "official_name": "CAPS SANTA FELICIDADE",
        "addr:street": "Rua Josefina Rocha",
        "addr:housenumber": "300",
        "addr:suburb": "Batel",
        "addr:city": "Curitiba",
        "addr:state": "PR",
        "addr:country": "BR",
        "addr:postcode": "80440-190",
        "phone": "+55 41 3340-2192",
        "email": "capstmbigorrilho@sms.curitiba.pr.gov.br",
        "amenity": "clinic",
        "healthcare": "psychiatry",
        "healthcare:speciality": "psychiatry",
        "name": "Centro de Atenção Psicossocial (CAPS II)",
        "short_name": "CAPS II",
        "comment": "CAPS II",
        "qtd_equipes_esf": 1,
        "qtd_equipes_eap": 0,
        "qtd_equipes_total": 1,
        "capacidade_pnab": 3500,
        "nomes_equipes": ""
      },
      "geometry": {
        "type": "Point",
        "coordinates": [
          -49.2992054,
          -25.4418084
        ]
      }
    },
    {
      "type": "Feature",
      "id": 9695915,
      "properties": {
        "operator": "Prefeitura Municipal de Curitiba",
        "operator:type": "public",
        "ref:CNES": "9695915",
        "source": "cnes;datasus;dados_abertos_saude",
        "official_name": "CAPS TATUQUARA",
        "addr:street": "Rua Marcos Bertoldi",
        "addr:housenumber": "100",
        "addr:suburb": "Campo Santana",
        "addr:city": "Curitiba",
        "addr:state": "PR",
        "addr:country": "BR",
        "addr:postcode": "81490-530",
        "amenity": "clinic",
        "healthcare": "psychiatry",
        "healthcare:speciality": "psychiatry",
        "name": "Centro de Atenção Psicossocial (CAPS II)",
        "short_name": "CAPS II",
        "comment": "CAPS II",
        "qtd_equipes_esf": 1,
        "qtd_equipes_eap": 0,
        "qtd_equipes_total": 1,
        "capacidade_pnab": 3500,
        "nomes_equipes": ""
      },
      "geometry": {
        "type": "Point",
        "coordinates": [
          -49.3401117,
          -25.5833591
        ]
      }
    },
    {
      "type": "Feature",
      "id": 15296,
      "properties": {
        "operator": "Governo do Estado (PR)",
        "operator:type": "public",
        "ref:CNES": "15296",
        "source": "cnes;datasus;dados_abertos_saude",
        "official_name": "CENTRO PSIQUIATRICO METROPOLITANO",
        "addr:street": "Travessa João Prosdocimo",
        "addr:housenumber": "139",
        "addr:suburb": "Alto da Xv",
        "addr:city": "Curitiba",
        "addr:state": "PR",
        "addr:country": "BR",
        "addr:postcode": "80045-145",
        "phone": "+55 41 3264-6462",
        "email": "cpm@sesa.pr.gov.br",
        "amenity": "clinic",
        "healthcare": "psychiatry",
        "healthcare:speciality": "psychiatry",
        "name": "Centro de Atenção Psicossocial (CAPS II)",
        "short_name": "CAPS II",
        "comment": "CAPS II",
        "qtd_equipes_esf": 1,
        "qtd_equipes_eap": 0,
        "qtd_equipes_total": 1,
        "capacidade_pnab": 3500,
        "nomes_equipes": ""
      },
      "geometry": {
        "type": "Point",
        "coordinates": [
          -49.2572558,
          -25.4251756
        ]
      }
    },
    {
      "type": "Feature",
      "id": 7418531,
      "properties": {
        "operator": "Prefeitura Municipal de Curitiba",
        "operator:type": "public",
        "ref:CNES": "7418531",
        "source": "cnes;datasus;dados_abertos_saude",
        "official_name": "CASA DE SAUDE INDIGENA CURITIBA CASAI",
        "addr:street": "Rua Tabajaras",
        "addr:housenumber": "871",
        "addr:suburb": "Vila Izabel",
        "addr:city": "Curitiba",
        "addr:state": "PR",
        "addr:country": "BR",
        "addr:postcode": "80320-310",
        "phone": "+55 41 3242-9026",
        "email": "marta.ferreira@saude.gov.br",
        "amenity": "clinic",
        "healthcare": "clinic",
        "name": "Casa de Saude Indigena Curitiba Casai",
        "comment": "Outros Serviços de Saúde",
        "qtd_equipes_esf": 1,
        "qtd_equipes_eap": 0,
        "qtd_equipes_total": 1,
        "capacidade_pnab": 3500,
        "nomes_equipes": ""
      },
      "geometry": {
        "type": "Point",
        "coordinates": [
          -49.2982399,
          -25.4618456
        ]
      }
    },
    {
      "type": "Feature",
      "id": 7132972,
      "properties": {
        "operator": "Prefeitura Municipal de Curitiba",
        "operator:type": "public",
        "ref:CNES": "7132972",
        "source": "cnes;datasus;dados_abertos_saude",
        "official_name": "DISTRITO SANITARIO ESPECIAL INDIGENA LITORAL SUL DSEI LSUL",
        "addr:street": "Rua Professor Brazilio Ovidio da Costa",
        "addr:housenumber": "639",
        "addr:suburb": "Portao",
        "addr:city": "Curitiba",
        "addr:state": "PR",
        "addr:country": "BR",
        "addr:postcode": "80320-100",
        "phone": "+55 41 0000-0000",
        "email": "diasi.dseilsul@saude.gov.br",
        "amenity": "clinic",
        "healthcare": "clinic",
        "name": "Distrito Sanitario Especial Indigena Litoral Sul Dsei Lsul",
        "comment": "Outros Serviços de Saúde",
        "qtd_equipes_esf": 1,
        "qtd_equipes_eap": 0,
        "qtd_equipes_total": 1,
        "capacidade_pnab": 3500,
        "nomes_equipes": ""
      },
      "geometry": {
        "type": "Point",
        "coordinates": [
          -49.2955737,
          -25.4621997
        ]
      }
    },
    {
      "type": "Feature",
      "id": 17396,
      "properties": {
        "operator": "Prefeitura Municipal de Curitiba",
        "operator:type": "public",
        "ref:CNES": "17396",
        "source": "cnes;datasus;dados_abertos_saude",
        "official_name": "UPA BOA VISTA",
        "addr:street": "Rua Avn Paraná",
        "addr:housenumber": "3654",
        "addr:suburb": "Boa Vista",
        "addr:city": "Curitiba",
        "addr:state": "PR",
        "addr:country": "BR",
        "addr:postcode": "82510-000",
        "phone": "+55 41 3251-1012",
        "email": "upaboavista@sms.curitiba.pr.gov.br",
        "amenity": "clinic",
        "healthcare": "clinic",
        "emergency": "yes",
        "opening_hours": "24/7",
        "name": "UPA 24 Horas Maria Itália Freddo",
        "short_name": "UPA 24h",
        "comment": "UPA 24h",
        "qtd_equipes_esf": 0,
        "qtd_equipes_eap": 0,
        "qtd_equipes_total": 4,
        "capacidade_pnab": 3500,
        "nomes_equipes": "EMAD 2 DS BOA VISTA; EMAP 03 DS BOA VISTA; EACP BOA VISTA; EMAD 11 UPA BOA VISTA"
      },
      "geometry": {
        "type": "Point",
        "coordinates": [
          -49.2332873,
          -25.3858039
        ]
      }
    },
    {
      "type": "Feature",
      "id": 2438917,
      "properties": {
        "operator": "Prefeitura Municipal de Curitiba",
        "operator:type": "public",
        "ref:CNES": "2438917",
        "source": "cnes;datasus;dados_abertos_saude",
        "official_name": "UPA BOQUEIRAO",
        "addr:street": "Rua Professora Maria de Assumpcao",
        "addr:housenumber": "2590",
        "addr:suburb": "Boqueirao",
        "addr:city": "Curitiba",
        "addr:state": "PR",
        "addr:country": "BR",
        "addr:postcode": "81670-040",
        "phone": "+55 41 3217-1201",
        "amenity": "clinic",
        "healthcare": "clinic",
        "emergency": "yes",
        "opening_hours": "24/7",
        "name": "UPA 24 Horas Maria Itália Freddo",
        "short_name": "UPA 24h",
        "comment": "UPA 24h",
        "qtd_equipes_esf": 0,
        "qtd_equipes_eap": 0,
        "qtd_equipes_total": 4,
        "capacidade_pnab": 3500,
        "nomes_equipes": "EACP BOQUEIRAO; EMAD 09 DS BOQUEIRAO; EMAP 4 UPA BOQUEIRAO; EMAD 13 UPA BOQUEIRAO"
      },
      "geometry": {
        "type": "Point",
        "coordinates": [
          -49.2460813,
          -25.4929047
        ]
      }
    },
    {
      "type": "Feature",
      "id": 5323436,
      "properties": {
        "operator": "Prefeitura Municipal de Curitiba",
        "operator:type": "public",
        "ref:CNES": "5323436",
        "source": "cnes;datasus;dados_abertos_saude",
        "official_name": "UPA CAJURU",
        "addr:street": "Rua Engenheiro Benedito Mario da Silva",
        "addr:suburb": "Cajuru",
        "addr:city": "Curitiba",
        "addr:state": "PR",
        "addr:country": "BR",
        "addr:postcode": "82970-000",
        "phone": "+55 41 3267-4319",
        "amenity": "clinic",
        "healthcare": "clinic",
        "emergency": "yes",
        "opening_hours": "24/7",
        "name": "UPA 24 Horas Maria Itália Freddo",
        "short_name": "UPA 24h",
        "comment": "UPA 24h",
        "qtd_equipes_esf": 0,
        "qtd_equipes_eap": 0,
        "qtd_equipes_total": 3,
        "capacidade_pnab": 3500,
        "nomes_equipes": "EMAD 12 UPA CAJURU; EMAP 1 DS CAJURU; EMAD 3 DS CAJURU"
      },
      "geometry": {
        "type": "Point",
        "coordinates": [
          -49.2064814,
          -25.4695378
        ]
      }
    },
    {
      "type": "Feature",
      "id": 2639548,
      "properties": {
        "operator": "Prefeitura Municipal de Curitiba",
        "operator:type": "public",
        "ref:CNES": "2639548",
        "source": "cnes;datasus;dados_abertos_saude",
        "official_name": "UPA CAMPO COMPRIDO",
        "addr:street": "Rua Mons Ivo Zanlorenzi",
        "addr:housenumber": "3495",
        "addr:suburb": "Campo Comprido",
        "addr:city": "Curitiba",
        "addr:state": "PR",
        "addr:country": "BR",
        "addr:postcode": "81210-000",
        "phone": "+55 41 3373-1332",
        "amenity": "clinic",
        "healthcare": "clinic",
        "emergency": "yes",
        "opening_hours": "24/7",
        "name": "UPA 24 Horas Maria Itália Freddo",
        "short_name": "UPA 24h",
        "comment": "UPA 24h",
        "qtd_equipes_esf": 0,
        "qtd_equipes_eap": 0,
        "qtd_equipes_total": 1,
        "capacidade_pnab": 3500,
        "nomes_equipes": "EMAD 8 DS SANTA FELICIDADE"
      },
      "geometry": {
        "type": "Point",
        "coordinates": [
          -49.3399322,
          -25.4422524
        ]
      }
    },
    {
      "type": "Feature",
      "id": 5323495,
      "properties": {
        "operator": "Prefeitura Municipal de Curitiba",
        "operator:type": "public",
        "ref:CNES": "5323495",
        "source": "cnes;datasus;dados_abertos_saude",
        "official_name": "UPA CIDADE INDUSTRIAL",
        "addr:street": "Rua Senador Accioly Filho",
        "addr:housenumber": "3370",
        "addr:suburb": "Cic",
        "addr:city": "Curitiba",
        "addr:state": "PR",
        "addr:country": "BR",
        "addr:postcode": "81350-200",
        "phone": "+55 41 3314-5058",
        "amenity": "clinic",
        "healthcare": "clinic",
        "emergency": "yes",
        "opening_hours": "24/7",
        "name": "UPA 24 Horas Maria Itália Freddo",
        "short_name": "UPA 24h",
        "comment": "UPA 24h",
        "qtd_equipes_esf": 0,
        "qtd_equipes_eap": 0,
        "qtd_equipes_total": 3,
        "capacidade_pnab": 3500,
        "nomes_equipes": "EMAD 04 DS CIC; EACP CIC; EMAD 15 UPA CIDADE INDUSTRIAL"
      },
      "geometry": {
        "type": "Point",
        "coordinates": [
          -49.3392517,
          -25.4970999
        ]
      }
    },
    {
      "type": "Feature",
      "id": 2639467,
      "properties": {
        "operator": "Prefeitura Municipal de Curitiba",
        "operator:type": "public",
        "ref:CNES": "2639467",
        "source": "cnes;datasus;dados_abertos_saude",
        "official_name": "UPA FAZENDINHA",
        "addr:street": "Rua Carlos Klemtz",
        "addr:housenumber": "1883",
        "addr:suburb": "Fazendinha",
        "addr:city": "Curitiba",
        "addr:state": "PR",
        "addr:country": "BR",
        "addr:postcode": "81320-000",
        "phone": "+55 46 3329-4324",
        "amenity": "clinic",
        "healthcare": "clinic",
        "emergency": "yes",
        "opening_hours": "24/7",
        "name": "UPA 24 Horas Maria Itália Freddo",
        "short_name": "UPA 24h",
        "comment": "UPA 24h",
        "qtd_equipes_esf": 0,
        "qtd_equipes_eap": 0,
        "qtd_equipes_total": 6,
        "capacidade_pnab": 3500,
        "nomes_equipes": "EMAD 14 UPA FAZENDINHA; EMAD 16 UPA FAZENDINHA; EACP PORTAO; EMAD 7 DS PORTAO; EMAP 02 DS PORTAO; EMAD 05 UPA FAZENDINHA"
      },
      "geometry": {
        "type": "Point",
        "coordinates": [
          -49.3278353,
          -25.4777356
        ]
      }
    },
    {
      "type": "Feature",
      "id": 3827836,
      "properties": {
        "operator": "Prefeitura Municipal de Curitiba",
        "operator:type": "public",
        "ref:CNES": "3827836",
        "source": "cnes;datasus;dados_abertos_saude",
        "official_name": "UPA PINHEIRINHO",
        "addr:street": "Rua Leon Nicolas",
        "addr:housenumber": "2081",
        "addr:suburb": "Capao Raso",
        "addr:city": "Curitiba",
        "addr:state": "PR",
        "addr:country": "BR",
        "addr:postcode": "81150-140",
        "phone": "+55 41 3212-1470",
        "amenity": "clinic",
        "healthcare": "clinic",
        "emergency": "yes",
        "opening_hours": "24/7",
        "name": "UPA 24 Horas Maria Itália Freddo",
        "short_name": "UPA 24h",
        "comment": "UPA 24h",
        "qtd_equipes_esf": 0,
        "qtd_equipes_eap": 0,
        "qtd_equipes_total": 2,
        "capacidade_pnab": 3500,
        "nomes_equipes": "EMAD 18 UPA PINHEIRINHO; EMAD 6 DS PINHEIRINHO"
      },
      "geometry": {
        "type": "Point",
        "coordinates": [
          -49.2950052,
          -25.5154522
        ]
      }
    },
    {
      "type": "Feature",
      "id": 2639556,
      "properties": {
        "operator": "Prefeitura Municipal de Curitiba",
        "operator:type": "public",
        "ref:CNES": "2639556",
        "source": "cnes;datasus;dados_abertos_saude",
        "official_name": "UPA SITIO CERCADO",
        "addr:street": "Rua Levy Buquera",
        "addr:housenumber": "700",
        "addr:suburb": "Sitio Cercado",
        "addr:city": "Curitiba",
        "addr:state": "PR",
        "addr:country": "BR",
        "addr:postcode": "81925-320",
        "phone": "+55 41 3378-6405",
        "email": "upasitiocercado@sms.curitiba.pr.gov.br",
        "amenity": "clinic",
        "healthcare": "clinic",
        "emergency": "yes",
        "opening_hours": "24/7",
        "name": "UPA 24 Horas Maria Itália Freddo",
        "short_name": "UPA 24h",
        "comment": "UPA 24h",
        "qtd_equipes_esf": 0,
        "qtd_equipes_eap": 0,
        "qtd_equipes_total": 3,
        "capacidade_pnab": 3500,
        "nomes_equipes": "EACP BAIRRO NOVO; EMAD 17 UPA SITIO CERCADO; EMAD 1 DS BAIRRO NOVO"
      },
      "geometry": {
        "type": "Point",
        "coordinates": [
          -49.2629893,
          -25.5335177
        ]
      }
    },
    {
      "type": "Feature",
      "id": 9214097,
      "properties": {
        "operator": "Prefeitura Municipal de Curitiba",
        "operator:type": "public",
        "ref:CNES": "9214097",
        "source": "cnes;datasus;dados_abertos_saude",
        "official_name": "UPA TATUQUARA",
        "addr:street": "Rua Jornalista Emilio Zola Florenzano",
        "addr:housenumber": "835",
        "addr:suburb": "Tatuquara",
        "addr:city": "Curitiba",
        "addr:state": "PR",
        "addr:country": "BR",
        "addr:postcode": "81470-030",
        "phone": "+55 41 3348-0616",
        "email": "upatatuquara@sms.curitiba.pr.gov.br",
        "amenity": "clinic",
        "healthcare": "clinic",
        "emergency": "yes",
        "opening_hours": "24/7",
        "name": "UPA 24 Horas Maria Itália Freddo",
        "short_name": "UPA 24h",
        "comment": "UPA 24h",
        "qtd_equipes_esf": 0,
        "qtd_equipes_eap": 0,
        "qtd_equipes_total": 1,
        "capacidade_pnab": 3500,
        "nomes_equipes": "EMAD 10 TATUQUARA"
      },
      "geometry": {
        "type": "Point",
        "coordinates": [
          -49.3323456,
          -25.576086
        ]
      }
    },
    {
      "type": "Feature",
      "id": 274267,
      "properties": {
        "operator": "Prefeitura Municipal de Curitiba",
        "operator:type": "public",
        "ref:CNES": "274267",
        "source": "cnes;datasus;dados_abertos_saude",
        "official_name": "CENTRAL DE TELEATENDIMENTO SAUDE JA CURITIBA",
        "addr:street": "Rua Francisco Torres",
        "addr:housenumber": "830",
        "addr:city": "Curitiba",
        "addr:state": "PR",
        "addr:country": "BR",
        "addr:postcode": "80060-130",
        "phone": "+55 41 3350-9000",
        "email": "cpuzippe@sms.curitiba.pr.gov.br",
        "amenity": "clinic",
        "healthcare": "clinic",
        "name": "Central de Teleatendimento Saude Ja Curitiba",
        "comment": "Outros Serviços de Saúde",
        "qtd_equipes_esf": 1,
        "qtd_equipes_eap": 0,
        "qtd_equipes_total": 1,
        "capacidade_pnab": 3500,
        "nomes_equipes": ""
      },
      "geometry": {
        "type": "Point",
        "coordinates": [
          -49.2620578,
          -25.4347567
        ]
      }
    },
    {
      "type": "Feature",
      "id": 5769744,
      "properties": {
        "operator": "Prefeitura Municipal de Curitiba",
        "operator:type": "public",
        "ref:CNES": "5769744",
        "source": "cnes;datasus;dados_abertos_saude",
        "official_name": "NUCLEO DE TELECONSULTORIA E TELERREGULACAO CURITIBA",
        "addr:street": "Avenida Marechal Floriano Peixoto",
        "addr:housenumber": "6003",
        "addr:suburb": "Boqueirao",
        "addr:city": "Curitiba",
        "addr:state": "PR",
        "addr:country": "BR",
        "addr:postcode": "81610-000",
        "amenity": "clinic",
        "healthcare": "clinic",
        "name": "Nucleo de Teleconsultoria e Telerregulacao Curitiba",
        "comment": "Outros Serviços de Saúde",
        "qtd_equipes_esf": 1,
        "qtd_equipes_eap": 0,
        "qtd_equipes_total": 1,
        "capacidade_pnab": 3500,
        "nomes_equipes": ""
      },
      "geometry": {
        "type": "Point",
        "coordinates": [
          -49.2474317,
          -25.4801089
        ]
      }
    },
    {
      "type": "Feature",
      "id": 7442068,
      "properties": {
        "operator": "Prefeitura Municipal de Curitiba",
        "operator:type": "public",
        "ref:CNES": "7442068",
        "source": "cnes;datasus;dados_abertos_saude",
        "official_name": "NUTES UFPR",
        "addr:street": "Rua General Carneiro",
        "addr:housenumber": "181",
        "addr:suburb": "Alto da Gloria",
        "addr:city": "Curitiba",
        "addr:state": "PR",
        "addr:country": "BR",
        "addr:postcode": "80060-900",
        "phone": "+55 41 3525-6813",
        "email": "telessaude.pr@hc.ufpr.br",
        "amenity": "clinic",
        "healthcare": "clinic",
        "name": "Nutes Ufpr",
        "comment": "Outros Serviços de Saúde",
        "qtd_equipes_esf": 1,
        "qtd_equipes_eap": 0,
        "qtd_equipes_total": 1,
        "capacidade_pnab": 3500,
        "nomes_equipes": ""
      },
      "geometry": {
        "type": "Point",
        "coordinates": [
          -49.2619658,
          -25.4242066
        ]
      }
    },
    {
      "type": "Feature",
      "id": 4978331,
      "properties": {
        "operator": "Prefeitura Municipal de Curitiba",
        "operator:type": "public",
        "ref:CNES": "4978331",
        "source": "cnes;datasus;dados_abertos_saude",
        "official_name": "TELESSAUDE DISTRITO SANITARIO BOA VISTA",
        "addr:street": "Rua Nilo Brandao",
        "addr:housenumber": "423",
        "addr:suburb": "São Lourenço",
        "addr:city": "Curitiba",
        "addr:state": "PR",
        "addr:country": "BR",
        "addr:postcode": "82210-050",
        "amenity": "clinic",
        "healthcare": "clinic",
        "name": "Telessaude Distrito Sanitario Boa Vista",
        "comment": "Outros Serviços de Saúde",
        "qtd_equipes_esf": 1,
        "qtd_equipes_eap": 0,
        "qtd_equipes_total": 1,
        "capacidade_pnab": 3500,
        "nomes_equipes": ""
      },
      "geometry": {
        "type": "Point",
        "coordinates": [
          -49.2644884,
          -25.3888045
        ]
      }
    },
    {
      "type": "Feature",
      "id": 4981944,
      "properties": {
        "operator": "Prefeitura Municipal de Curitiba",
        "operator:type": "public",
        "ref:CNES": "4981944",
        "source": "cnes;datasus;dados_abertos_saude",
        "official_name": "TELESSAUDE DISTRITO SANITARIO CAJURU",
        "addr:street": "Rua Av Pref Maurício Fruet",
        "addr:housenumber": "2150",
        "addr:suburb": "Cajuru",
        "addr:city": "Curitiba",
        "addr:state": "PR",
        "addr:country": "BR",
        "addr:postcode": "82900-010",
        "amenity": "clinic",
        "healthcare": "clinic",
        "name": "Telessaude Distrito Sanitario Cajuru",
        "comment": "Outros Serviços de Saúde",
        "qtd_equipes_esf": 1,
        "qtd_equipes_eap": 0,
        "qtd_equipes_total": 1,
        "capacidade_pnab": 3500,
        "nomes_equipes": ""
      },
      "geometry": {
        "type": "Point",
        "coordinates": [
          -49.2109735,
          -25.4440961
        ]
      }
    },
    {
      "type": "Feature",
      "id": 4977351,
      "properties": {
        "operator": "Prefeitura Municipal de Curitiba",
        "operator:type": "public",
        "ref:CNES": "4977351",
        "source": "cnes;datasus;dados_abertos_saude",
        "official_name": "TELESSAUDE DISTRITO SANITARIO MATRIZ",
        "addr:street": "Rua Carmelo Rangel",
        "addr:housenumber": "195",
        "addr:suburb": "Batel",
        "addr:city": "Curitiba",
        "addr:state": "PR",
        "addr:country": "BR",
        "addr:postcode": "80440-050",
        "amenity": "clinic",
        "healthcare": "clinic",
        "name": "Telessaude Distrito Sanitario Matriz",
        "comment": "Outros Serviços de Saúde",
        "qtd_equipes_esf": 1,
        "qtd_equipes_eap": 0,
        "qtd_equipes_total": 1,
        "capacidade_pnab": 3500,
        "nomes_equipes": ""
      },
      "geometry": {
        "type": "Point",
        "coordinates": [
          -49.2920126,
          -25.4415346
        ]
      }
    },
    {
      "type": "Feature",
      "id": 4994930,
      "properties": {
        "operator": "Prefeitura Municipal de Curitiba",
        "operator:type": "public",
        "ref:CNES": "4994930",
        "source": "cnes;datasus;dados_abertos_saude",
        "official_name": "TELESSAUDE DISTRITO SANITARIO PINHEIRINHO",
        "addr:street": "Rua Rubem Berta",
        "addr:housenumber": "489",
        "addr:suburb": "Pinheirinho",
        "addr:city": "Curitiba",
        "addr:state": "PR",
        "addr:country": "BR",
        "addr:postcode": "81150-311",
        "amenity": "clinic",
        "healthcare": "clinic",
        "name": "Telessaude Distrito Sanitario Pinheirinho",
        "comment": "Outros Serviços de Saúde",
        "qtd_equipes_esf": 1,
        "qtd_equipes_eap": 0,
        "qtd_equipes_total": 1,
        "capacidade_pnab": 3500,
        "nomes_equipes": ""
      },
      "geometry": {
        "type": "Point",
        "coordinates": [
          -49.2945658,
          -25.5172849
        ]
      }
    },
    {
      "type": "Feature",
      "id": 907332,
      "properties": {
        "operator": "Governo do Estado (PR)",
        "operator:type": "public",
        "ref:CNES": "907332",
        "source": "cnes;datasus;dados_abertos_saude",
        "official_name": "TELESSAUDE PARANA",
        "addr:street": "Rua Piquiri",
        "addr:housenumber": "170",
        "addr:suburb": "Reboucas",
        "addr:city": "Curitiba",
        "addr:state": "PR",
        "addr:country": "BR",
        "addr:postcode": "80230-140",
        "phone": "+55 41 3330-4261",
        "amenity": "clinic",
        "healthcare": "clinic",
        "name": "Telessaude Paraná",
        "comment": "Outros Serviços de Saúde",
        "qtd_equipes_esf": 1,
        "qtd_equipes_eap": 0,
        "qtd_equipes_total": 1,
        "capacidade_pnab": 3500,
        "nomes_equipes": ""
      },
      "geometry": {
        "type": "Point",
        "coordinates": [
          -49.26214,
          -25.44311
        ]
      }
    },
    {
      "type": "Feature",
      "id": 6939929,
      "properties": {
        "operator": "Prefeitura Municipal de Curitiba",
        "operator:type": "public",
        "ref:CNES": "6939929",
        "source": "cnes;datasus;dados_abertos_saude",
        "official_name": "CENTRAL DE REGULACAO MEDICA DE URGENCIA DE CURITIBA",
        "addr:street": "Rua Marechal Floriano Peixoto",
        "addr:housenumber": "680",
        "addr:suburb": "Cristo Rei",
        "addr:city": "Curitiba",
        "addr:state": "PR",
        "addr:country": "BR",
        "addr:postcode": "81610-000",
        "phone": "+55 41 3360-4915",
        "emergency": "ambulance_station",
        "emergency_service": "technical_rescue",
        "opening_hours": "24/7",
        "name": "Central de Regulação Médica das Urgências (SAMU 192)",
        "short_name": "Regulação SAMU 192",
        "comment": "SAMU 192",
        "qtd_equipes_esf": 0,
        "qtd_equipes_eap": 0,
        "qtd_equipes_total": 0,
        "capacidade_pnab": 3500,
        "nomes_equipes": ""
      },
      "geometry": {
        "type": "Point",
        "coordinates": [
          -49.24121,
          -25.49426
        ]
      }
    },
    {
      "type": "Feature",
      "id": 7880561,
      "properties": {
        "operator": "Governo do Estado (PR)",
        "operator:type": "public",
        "ref:CNES": "7880561",
        "source": "cnes;datasus;dados_abertos_saude",
        "official_name": "COMPLEXO REGULADOR DO ESTADO DO PARANA",
        "addr:street": "Rua Piquiri",
        "addr:housenumber": "170",
        "addr:suburb": "Reboucas",
        "addr:city": "Curitiba",
        "addr:state": "PR",
        "addr:country": "BR",
        "addr:postcode": "80230-140",
        "phone": "+55 41 3213-2400",
        "office": "government",
        "government": "healthcare",
        "name": "Sistema Municipal de Auditoria e Regulação em Saúde",
        "comment": "Auditoria e Regulação",
        "qtd_equipes_esf": 0,
        "qtd_equipes_eap": 0,
        "qtd_equipes_total": 0,
        "capacidade_pnab": 3500,
        "nomes_equipes": ""
      },
      "geometry": {
        "type": "Point",
        "coordinates": [
          -49.26221,
          -25.44307
        ]
      }
    },
    {
      "type": "Feature",
      "id": 6833098,
      "properties": {
        "operator": "Prefeitura Municipal de Curitiba",
        "operator:type": "public",
        "ref:CNES": "6833098",
        "source": "cnes;datasus;dados_abertos_saude",
        "official_name": "COMPLEXO REGULADOR DO MUNICIPIO DE CURITIBA",
        "addr:street": "Rua Marechal Floriano Peixoto",
        "addr:housenumber": "5221",
        "addr:suburb": "Hauer",
        "addr:city": "Curitiba",
        "addr:state": "PR",
        "addr:country": "BR",
        "addr:postcode": "81610-000",
        "phone": "+55 41 3360-4915",
        "office": "government",
        "government": "healthcare",
        "name": "Sistema Municipal de Auditoria e Regulação em Saúde",
        "comment": "Auditoria e Regulação",
        "qtd_equipes_esf": 0,
        "qtd_equipes_eap": 0,
        "qtd_equipes_total": 0,
        "capacidade_pnab": 3500,
        "nomes_equipes": ""
      },
      "geometry": {
        "type": "Point",
        "coordinates": [
          -49.26266,
          -25.4502
        ]
      }
    },
    {
      "type": "Feature",
      "id": 7545592,
      "properties": {
        "operator": "Governo do Estado (PR)",
        "operator:type": "public",
        "ref:CNES": "7545592",
        "source": "cnes;datasus;dados_abertos_saude",
        "official_name": "CENTRAL ESTADUAL DE TRANSPLANTES DO PARANA",
        "addr:street": "Rua Barao do Rio Branco",
        "addr:housenumber": "465",
        "addr:city": "Curitiba",
        "addr:state": "PR",
        "addr:country": "BR",
        "addr:postcode": "80010-180",
        "amenity": "clinic",
        "healthcare": "clinic",
        "name": "Central Estadual de Transplantes do Paraná",
        "comment": "Outros Serviços de Saúde",
        "qtd_equipes_esf": 1,
        "qtd_equipes_eap": 0,
        "qtd_equipes_total": 1,
        "capacidade_pnab": 3500,
        "nomes_equipes": ""
      },
      "geometry": {
        "type": "Point",
        "coordinates": [
          -49.267,
          -25.43374
        ]
      }
    },
    {
      "type": "Feature",
      "id": 3547132,
      "properties": {
        "operator": "Governo do Estado (PR)",
        "operator:type": "public",
        "ref:CNES": "3547132",
        "source": "cnes;datasus;dados_abertos_saude",
        "official_name": "OPO CURITIBA ORGANIZACAO DE PROCURA DE ORGAOS E TECIDOS",
        "addr:street": "Rua Barao do Rio Branco",
        "addr:housenumber": "465",
        "addr:city": "Curitiba",
        "addr:state": "PR",
        "addr:country": "BR",
        "addr:postcode": "80010-180",
        "phone": "+55 41 3304-1922",
        "amenity": "clinic",
        "healthcare": "clinic",
        "name": "Opo Curitiba Organizacao de Procura de Orgaos e Tecidos",
        "comment": "Outros Serviços de Saúde",
        "qtd_equipes_esf": 1,
        "qtd_equipes_eap": 0,
        "qtd_equipes_total": 1,
        "capacidade_pnab": 3500,
        "nomes_equipes": ""
      },
      "geometry": {
        "type": "Point",
        "coordinates": [
          -49.26687,
          -25.43374
        ]
      }
    },
    {
      "type": "Feature",
      "id": 7593805,
      "properties": {
        "operator": "Governo do Estado (PR)",
        "operator:type": "public",
        "ref:CNES": "7593805",
        "source": "cnes;datasus;dados_abertos_saude",
        "official_name": "CENTRO DE MEDICAMENTOS DO PARANA CEMEPAR",
        "addr:street": "Rua Prefeito Lotario Meissner",
        "addr:housenumber": "350",
        "addr:suburb": "Jardim Botanico",
        "addr:city": "Curitiba",
        "addr:state": "PR",
        "addr:country": "BR",
        "addr:postcode": "80210-170",
        "phone": "+55 41 3262-9311",
        "office": "government",
        "government": "healthcare",
        "name": "Centro de Medicamentos do Paraná Cemepar",
        "comment": "Suprimentos / Logística",
        "qtd_equipes_esf": 0,
        "qtd_equipes_eap": 0,
        "qtd_equipes_total": 0,
        "capacidade_pnab": 3500,
        "nomes_equipes": ""
      },
      "geometry": {
        "type": "Point",
        "coordinates": [
          -49.2375015,
          -25.4440623
        ]
      }
    },
    {
      "type": "Feature",
      "id": 3503968,
      "properties": {
        "operator": "Prefeitura Municipal de Curitiba",
        "operator:type": "public",
        "ref:CNES": "3503968",
        "source": "cnes;datasus;dados_abertos_saude",
        "official_name": "DIVISAO DE IMUNOBIOLOGICOS",
        "addr:street": "Rua Av Iguaçu",
        "addr:housenumber": "576",
        "addr:suburb": "Reboucas",
        "addr:city": "Curitiba",
        "addr:state": "PR",
        "addr:country": "BR",
        "addr:postcode": "80230-080",
        "phone": "+55 41 3321-2715",
        "office": "government",
        "government": "healthcare",
        "name": "Divisao de Imunobiologicos",
        "comment": "Suprimentos / Logística",
        "qtd_equipes_esf": 0,
        "qtd_equipes_eap": 0,
        "qtd_equipes_total": 0,
        "capacidade_pnab": 3500,
        "nomes_equipes": ""
      },
      "geometry": {
        "type": "Point",
        "coordinates": [
          -49.2672446,
          -25.441263
        ]
      }
    },
    {
      "type": "Feature",
      "id": 8298653,
      "properties": {
        "operator": "Governo do Estado (PR)",
        "operator:type": "public",
        "ref:CNES": "8298653",
        "source": "cnes;datasus;dados_abertos_saude",
        "official_name": "CRIE",
        "addr:street": "Rua Barao do Rio Branco",
        "addr:housenumber": "465",
        "addr:city": "Curitiba",
        "addr:state": "PR",
        "addr:country": "BR",
        "addr:postcode": "80010-180",
        "phone": "+55 41 3304-7537",
        "email": "criecuritiba@sesa.pr.gov.br",
        "amenity": "clinic",
        "healthcare": "vaccination",
        "name": "Sala Central de Vacinas de Pato Branco",
        "short_name": "Sala de Vacinas",
        "comment": "Sala de Vacinas",
        "qtd_equipes_esf": 1,
        "qtd_equipes_eap": 0,
        "qtd_equipes_total": 1,
        "capacidade_pnab": 3500,
        "nomes_equipes": ""
      },
      "geometry": {
        "type": "Point",
        "coordinates": [
          -49.271847,
          -25.432956
        ]
      }
    }
  ]
}