{
  "type": "FeatureCollection",
  "name": "Estabelecimentos Públicos de Saúde - DEMAS / CNES",
  "crs": {
    "type": "name",
    "properties": {
      "name": "urn:ogc:def:crs:OGC:1.3:CRS84"
    }
  },
  "features": [
    {
      "type": "Feature",
      "id": 6736602,
      "properties": {
        "operator": "Governo do Estado (DF)",
        "operator:type": "public",
        "ref:CNES": "6736602",
        "source": "cnes;datasus;dados_abertos_saude",
        "official_name": "CERPIS",
        "addr:street": "Rua Av Wl 04 Setor Hospitalar Oeste",
        "addr:suburb": "Planaltina",
        "addr:city": "Brasília",
        "addr:state": "DF",
        "addr:country": "BR",
        "addr:postcode": "73310-000",
        "phone": "+55 61 2017-1085",
        "email": "cerpis.srsno@saude.df.gov.br",
        "amenity": "clinic",
        "healthcare": "clinic",
        "name": "Unidade Básica de Saúde Cerpis",
        "short_name": "UBS Cerpis",
        "comment": "UBS"
      },
      "geometry": {
        "type": "Point",
        "coordinates": [
          -47.6515031,
          -15.624566
        ]
      }
    },
    {
      "type": "Feature",
      "id": 7108923,
      "properties": {
        "operator": "Governo do Estado (DF)",
        "operator:type": "public",
        "ref:CNES": "7108923",
        "source": "cnes;datasus;dados_abertos_saude",
        "official_name": "UBS 01 AGUAS CLARAS",
        "addr:street": "Rua Qs 05 Lote 24 Av Areal",
        "addr:housenumber": "24",
        "addr:suburb": "Aguas Claras",
        "addr:city": "Brasília",
        "addr:state": "DF",
        "addr:country": "BR",
        "addr:postcode": "72130-077",
        "email": "gsap9.tag@gmail.com",
        "amenity": "clinic",
        "healthcare": "clinic",
        "name": "Unidade Básica de Saúde UBS 01 Aguas Claras",
        "short_name": "UBS UBS 01 Aguas Claras",
        "comment": "UBS"
      },
      "geometry": {
        "type": "Point",
        "coordinates": [
          -48.036196,
          -15.859615
        ]
      }
    },
    {
      "type": "Feature",
      "id": 11185,
      "properties": {
        "operator": "Governo do Estado (DF)",
        "operator:type": "public",
        "ref:CNES": "11185",
        "source": "cnes;datasus;dados_abertos_saude",
        "official_name": "UBS 01 CANDANGOLANDIA",
        "addr:street": "Rua Eq 5 7 Area Especial Candangolandia",
        "addr:housenumber": "01",
        "addr:suburb": "Candangolandia",
        "addr:city": "Brasília",
        "addr:state": "DF",
        "addr:country": "BR",
        "addr:postcode": "71725-510",
        "phone": "+55 61 2017-1145",
        "email": "gsap1.candanga@gmail.com",
        "amenity": "clinic",
        "healthcare": "clinic",
        "name": "Unidade Básica de Saúde UBS 01 Candangolandia",
        "short_name": "UBS UBS 01 Candangolandia",
        "comment": "UBS"
      },
      "geometry": {
        "type": "Point",
        "coordinates": [
          -47.9513848,
          -15.8497726
        ]
      }
    },
    {
      "type": "Feature",
      "id": 263680,
      "properties": {
        "operator": "Governo do Estado (DF)",
        "operator:type": "public",
        "ref:CNES": "263680",
        "source": "cnes;datasus;dados_abertos_saude",
        "official_name": "UBS 01 DCCP",
        "addr:street": "Rua Spo Lote 23 Conj D Edif do Depart Policia Esp",
        "addr:housenumber": "23",
        "addr:suburb": "Asa Sul",
        "addr:city": "Brasília",
        "addr:state": "DF",
        "addr:country": "BR",
        "addr:postcode": "70610-907",
        "phone": "+55 61 2017-1145",
        "email": "gsap4.guara@gmail.com",
        "amenity": "clinic",
        "healthcare": "clinic",
        "name": "Unidade Básica de Saúde UBS 01 Dccp",
        "short_name": "UBS UBS 01 Dccp",
        "comment": "UBS"
      },
      "geometry": {
        "type": "Point",
        "coordinates": [
          -47.9284573,
          -15.8088743
        ]
      }
    },
    {
      "type": "Feature",
      "id": 2779374,
      "properties": {
        "operator": "Governo do Estado (DF)",
        "operator:type": "public",
        "ref:CNES": "2779374",
        "source": "cnes;datasus;dados_abertos_saude",
        "official_name": "UBS 01 ESTRUTURAL",
        "addr:street": "Rua Area Especial 02 Setor Central Vila Estrutural",
        "addr:housenumber": "02",
        "addr:suburb": "Estrutural",
        "addr:city": "Brasília",
        "addr:state": "DF",
        "addr:country": "BR",
        "addr:postcode": "71020-010",
        "phone": "+55 61 2017-1145",
        "email": "cs04estrutural.guara@gmail.com",
        "amenity": "clinic",
        "healthcare": "clinic",
        "name": "Unidade Básica de Saúde UBS 01 Estrutural",
        "short_name": "UBS UBS 01 Estrutural",
        "comment": "UBS"
      },
      "geometry": {
        "type": "Point",
        "coordinates": [
          -47.9971593,
          -15.7834183
        ]
      }
    },
    {
      "type": "Feature",
      "id": 11118,
      "properties": {
        "operator": "Governo do Estado (DF)",
        "operator:type": "public",
        "ref:CNES": "11118",
        "source": "cnes;datasus;dados_abertos_saude",
        "official_name": "UBS 01 GUARA",
        "addr:street": "Rua Qe 06 Lote C Area Especial",
        "addr:suburb": "Guara I",
        "addr:city": "Brasília",
        "addr:state": "DF",
        "addr:country": "BR",
        "addr:postcode": "71010-006",
        "phone": "+55 61 3449-5040",
        "email": "gsap1.guara@saude.df.gov.br",
        "amenity": "clinic",
        "healthcare": "clinic",
        "name": "Unidade Básica de Saúde UBS 01 Guara",
        "short_name": "UBS UBS 01 Guara",
        "comment": "UBS"
      },
      "geometry": {
        "type": "Point",
        "coordinates": [
          -47.9860067,
          -15.8199403
        ]
      }
    },
    {
      "type": "Feature",
      "id": 11126,
      "properties": {
        "operator": "Governo do Estado (DF)",
        "operator:type": "public",
        "ref:CNES": "11126",
        "source": "cnes;datasus;dados_abertos_saude",
        "official_name": "UBS 01 NUCLEO BANDEIRANTE",
        "addr:street": "Rua 3 Avenida Area Especial N 3",
        "addr:housenumber": "3",
        "addr:suburb": "Nucleo Bandeirante",
        "addr:city": "Brasília",
        "addr:state": "DF",
        "addr:country": "BR",
        "addr:postcode": "71720-585",
        "phone": "+55 61 2107-1145",
        "amenity": "clinic",
        "healthcare": "clinic",
        "name": "Unidade Básica de Saúde UBS 01 Nucleo Bandeirante",
        "short_name": "UBS UBS 01 Nucleo Bandeirante",
        "comment": "UBS"
      },
      "geometry": {
        "type": "Point",
        "coordinates": [
          -47.9665972,
          -15.8701176
        ]
      }
    },
    {
      "type": "Feature",
      "id": 11681,
      "properties": {
        "operator": "Governo do Estado (DF)",
        "operator:type": "public",
        "ref:CNES": "11681",
        "source": "cnes;datasus;dados_abertos_saude",
        "official_name": "UBS 01 PARK WAY",
        "addr:street": "Rua Area Especial Vargem Bonita",
        "addr:suburb": "Park Way",
        "addr:city": "Brasília",
        "addr:state": "DF",
        "addr:country": "BR",
        "addr:postcode": "71715-520",
        "phone": "+55 61 2107-1145",
        "email": "psfvargembonita@gmail.com",
        "amenity": "clinic",
        "healthcare": "clinic",
        "name": "Unidade Básica de Saúde UBS 01 Park Way",
        "short_name": "UBS UBS 01 Park Way",
        "comment": "UBS"
      },
      "geometry": {
        "type": "Point",
        "coordinates": [
          -47.9396808,
          -15.9336794
        ]
      }
    },
    {
      "type": "Feature",
      "id": 10804,
      "properties": {
        "operator": "Governo do Estado (DF)",
        "operator:type": "public",
        "ref:CNES": "10804",
        "source": "cnes;datasus;dados_abertos_saude",
        "official_name": "UBS 01 RECANTO DAS EMAS",
        "addr:street": "Rua Quadra 307 Area Especial 01",
        "addr:suburb": "Recanto das Emas",
        "addr:city": "Brasília",
        "addr:state": "DF",
        "addr:country": "BR",
        "addr:postcode": "72620-400",
        "email": "gsap1.rec@gmail.com",
        "amenity": "clinic",
        "healthcare": "clinic",
        "name": "Unidade Básica de Saúde UBS 01 Recanto das Emas",
        "short_name": "UBS UBS 01 Recanto das Emas",
        "comment": "UBS"
      },
      "geometry": {
        "type": "Point",
        "coordinates": [
          -48.10147,
          -15.919114
        ]
      }
    },
    {
      "type": "Feature",
      "id": 11169,
      "properties": {
        "operator": "Governo do Estado (DF)",
        "operator:type": "public",
        "ref:CNES": "11169",
        "source": "cnes;datasus;dados_abertos_saude",
        "official_name": "UBS 01 RIACHO FUNDO I",
        "addr:street": "Rua Qn 09 Area Especial 11 Riacho Fundo I",
        "addr:housenumber": "9",
        "addr:suburb": "Riacho Fundo",
        "addr:city": "Brasília",
        "addr:state": "DF",
        "addr:country": "BR",
        "addr:postcode": "71805-821",
        "phone": "+55 61 2107-1145",
        "email": "c103rf1@gmail.com",
        "amenity": "clinic",
        "healthcare": "clinic",
        "name": "Unidade Básica de Saúde UBS 01 Riacho Fundo I",
        "short_name": "UBS UBS 01 Riacho Fundo I",
        "comment": "UBS"
      },
      "geometry": {
        "type": "Point",
        "coordinates": [
          -48.0233967,
          -15.8852451
        ]
      }
    },
    {
      "type": "Feature",
      "id": 5038669,
      "properties": {
        "operator": "Governo do Estado (DF)",
        "operator:type": "public",
        "ref:CNES": "5038669",
        "source": "cnes;datasus;dados_abertos_saude",
        "official_name": "UBS 01 RIACHO FUNDO II",
        "addr:street": "Rua Qc 06 Conjunto 16 Area Especial 1 Lote",
        "addr:housenumber": "01",
        "addr:suburb": "Riacho Fundo II",
        "addr:city": "Brasília",
        "addr:state": "DF",
        "addr:country": "BR",
        "addr:postcode": "71882-266",
        "phone": "+55 61 2017-1291",
        "amenity": "clinic",
        "healthcare": "clinic",
        "name": "Unidade Básica de Saúde UBS 01 Riacho Fundo II",
        "short_name": "UBS UBS 01 Riacho Fundo II",
        "comment": "UBS"
      },
      "geometry": {
        "type": "Point",
        "coordinates": [
          -48.0437738,
          -15.9228604
        ]
      }
    },
    {
      "type": "Feature",
      "id": 10642,
      "properties": {
        "operator": "Governo do Estado (DF)",
        "operator:type": "public",
        "ref:CNES": "10642",
        "source": "cnes;datasus;dados_abertos_saude",
        "official_name": "UBS 01 SAMAMBAIA",
        "addr:street": "Rua Qs 408 Area Especial 01",
        "addr:suburb": "Samambaia Norte",
        "addr:city": "Brasília",
        "addr:state": "DF",
        "addr:country": "BR",
        "addr:postcode": "72318-599",
        "email": "gsap1.sam@gmail.com",
        "amenity": "clinic",
        "healthcare": "clinic",
        "name": "Unidade Básica de Saúde UBS 01 Samambaia",
        "short_name": "UBS UBS 01 Samambaia",
        "comment": "UBS"
      },
      "geometry": {
        "type": "Point",
        "coordinates": [
          -48.077073,
          -15.862526
        ]
      }
    },
    {
      "type": "Feature",
      "id": 3027651,
      "properties": {
        "operator": "Governo do Estado (DF)",
        "operator:type": "public",
        "ref:CNES": "3027651",
        "source": "cnes;datasus;dados_abertos_saude",
        "official_name": "UBS 01 SIA CPP",
        "addr:street": "Rua Sia Trecho 04 Lotes 1600 1680",
        "addr:housenumber": "1600",
        "addr:suburb": "Guara",
        "addr:city": "Brasília",
        "addr:state": "DF",
        "addr:country": "BR",
        "addr:postcode": "71200-040",
        "phone": "+55 61 2017-1145",
        "amenity": "clinic",
        "healthcare": "clinic",
        "name": "Unidade Básica de Saúde UBS 01 Sia Cpp",
        "short_name": "UBS UBS 01 Sia Cpp",
        "comment": "UBS"
      },
      "geometry": {
        "type": "Point",
        "coordinates": [
          -47.9579294,
          -15.8033876
        ]
      }
    },
    {
      "type": "Feature",
      "id": 10901,
      "properties": {
        "operator": "Governo do Estado (DF)",
        "operator:type": "public",
        "ref:CNES": "10901",
        "source": "cnes;datasus;dados_abertos_saude",
        "official_name": "UBS 01 TAGUATINGA",
        "addr:street": "Rua Qng Ae 18 19",
        "addr:suburb": "Taguatinga Norte",
        "addr:city": "Brasília",
        "addr:state": "DF",
        "addr:country": "BR",
        "addr:postcode": "72155-000",
        "email": "gsap1tag@gmail.com",
        "amenity": "clinic",
        "healthcare": "clinic",
        "name": "Unidade Básica de Saúde UBS 01 Taguatinga",
        "short_name": "UBS UBS 01 Taguatinga",
        "comment": "UBS"
      },
      "geometry": {
        "type": "Point",
        "coordinates": [
          -48.059349,
          -15.795495
        ]
      }
    },
    {
      "type": "Feature",
      "id": 9056963,
      "properties": {
        "operator": "Governo do Estado (DF)",
        "operator:type": "public",
        "ref:CNES": "9056963",
        "source": "cnes;datasus;dados_abertos_saude",
        "official_name": "UBS 01 VICENTE PIRES",
        "addr:street": "Rua 4c Chacara 12 Colonia Agricola Samambaia",
        "addr:housenumber": "12",
        "addr:suburb": "Setor Habitacional V",
        "addr:city": "Brasília",
        "addr:state": "DF",
        "addr:country": "BR",
        "addr:postcode": "72001-185",
        "amenity": "clinic",
        "healthcare": "clinic",
        "name": "Unidade Básica de Saúde UBS 01 Vicente Pires",
        "short_name": "UBS UBS 01 Vicente Pires",
        "comment": "UBS"
      },
      "geometry": {
        "type": "Point",
        "coordinates": [
          -48.020231,
          -15.8193
        ]
      }
    },
    {
      "type": "Feature",
      "id": 3742822,
      "properties": {
        "operator": "Governo do Estado (DF)",
        "operator:type": "public",
        "ref:CNES": "3742822",
        "source": "cnes;datasus;dados_abertos_saude",
        "official_name": "UBS 02 AGUAS CLARAS",
        "addr:street": "Rua Qs 08 Conjunto 410 A Lote 15",
        "addr:suburb": "Areal",
        "addr:city": "Brasília",
        "addr:state": "DF",
        "addr:country": "BR",
        "addr:postcode": "72155-000",
        "email": "gsap9.tag@gmail.com",
        "amenity": "clinic",
        "healthcare": "clinic",
        "name": "Unidade Básica de Saúde UBS 02 Aguas Claras",
        "short_name": "UBS UBS 02 Aguas Claras",
        "comment": "UBS"
      },
      "geometry": {
        "type": "Point",
        "coordinates": [
          -48.002295,
          -15.859492
        ]
      }
    },
    {
      "type": "Feature",
      "id": 3513564,
      "properties": {
        "operator": "Governo do Estado (DF)",
        "operator:type": "public",
        "ref:CNES": "3513564",
        "source": "cnes;datasus;dados_abertos_saude",
        "official_name": "UBS 02 ESTRUTURAL",
        "addr:street": "Rua Area Especial 19",
        "addr:suburb": "Estrutural",
        "addr:city": "Brasília",
        "addr:state": "DF",
        "addr:country": "BR",
        "addr:postcode": "71255-230",
        "phone": "+55 61 2017-1145",
        "amenity": "clinic",
        "healthcare": "clinic",
        "name": "Unidade Básica de Saúde UBS 02 Estrutural",
        "short_name": "UBS UBS 02 Estrutural",
        "comment": "UBS"
      },
      "geometry": {
        "type": "Point",
        "coordinates": [
          -47.9970923,
          -15.7835839
        ]
      }
    },
    {
      "type": "Feature",
      "id": 11266,
      "properties": {
        "operator": "Governo do Estado (DF)",
        "operator:type": "public",
        "ref:CNES": "11266",
        "source": "cnes;datasus;dados_abertos_saude",
        "official_name": "UBS 02 GUARA",
        "addr:street": "Rua Qe 23 Lote C Area Especial",
        "addr:suburb": "Guara II",
        "addr:city": "Brasília",
        "addr:state": "DF",
        "addr:country": "BR",
        "addr:postcode": "71025-000",
        "phone": "+55 61 2017-1145",
        "email": "csgu02@hotmail.com",
        "amenity": "clinic",
        "healthcare": "clinic",
        "name": "Unidade Básica de Saúde UBS 02 Guara",
        "short_name": "UBS UBS 02 Guara",
        "comment": "UBS"
      },
      "geometry": {
        "type": "Point",
        "coordinates": [
          -47.973277,
          -15.8327656
        ]
      }
    },
    {
      "type": "Feature",
      "id": 7236778,
      "properties": {
        "operator": "Governo do Estado (DF)",
        "operator:type": "public",
        "ref:CNES": "7236778",
        "source": "cnes;datasus;dados_abertos_saude",
        "official_name": "UBS 02 NUCLEO BANDEIRANTE",
        "addr:street": "Rua 02 Area Especial Entre Lote 01 02",
        "addr:suburb": "Metropolitana",
        "addr:city": "Brasília",
        "addr:state": "DF",
        "addr:country": "BR",
        "addr:postcode": "71730-000",
        "phone": "+55 61 3386-3031",
        "amenity": "clinic",
        "healthcare": "clinic",
        "name": "Unidade Básica de Saúde UBS 02 Nucleo Bandeirante",
        "short_name": "UBS UBS 02 Nucleo Bandeirante",
        "comment": "UBS"
      },
      "geometry": {
        "type": "Point",
        "coordinates": [
          -47.9738177,
          -15.8795911
        ]
      }
    },
    {
      "type": "Feature",
      "id": 11134,
      "properties": {
        "operator": "Governo do Estado (DF)",
        "operator:type": "public",
        "ref:CNES": "11134",
        "source": "cnes;datasus;dados_abertos_saude",
        "official_name": "UBS 02 RECANTO DAS EMAS",
        "addr:street": "Rua Quadra 102 Area Especial",
        "addr:housenumber": "01",
        "addr:suburb": "Recanto das Emas",
        "addr:city": "Brasília",
        "addr:state": "DF",
        "addr:country": "BR",
        "addr:postcode": "72600-200",
        "email": "gsap2.rec@gmail.com",
        "amenity": "clinic",
        "healthcare": "clinic",
        "name": "Unidade Básica de Saúde UBS 02 Recanto das Emas",
        "short_name": "UBS UBS 02 Recanto das Emas",
        "comment": "UBS"
      },
      "geometry": {
        "type": "Point",
        "coordinates": [
          -48.058533,
          -15.901553
        ]
      }
    },
    {
      "type": "Feature",
      "id": 3781437,
      "properties": {
        "operator": "Governo do Estado (DF)",
        "operator:type": "public",
        "ref:CNES": "3781437",
        "source": "cnes;datasus;dados_abertos_saude",
        "official_name": "UBS 02 RIACHO FUNDO I",
        "addr:street": "Rua Qn 01 Area Especial 01",
        "addr:housenumber": "01",
        "addr:suburb": "Riacho Fundo I",
        "addr:city": "Brasília",
        "addr:state": "DF",
        "addr:country": "BR",
        "addr:postcode": "71805-132",
        "phone": "+55 61 2107-1145",
        "email": "eq.02rf1@gmail.com",
        "amenity": "clinic",
        "healthcare": "clinic",
        "name": "Unidade Básica de Saúde UBS 02 Riacho Fundo I",
        "short_name": "UBS UBS 02 Riacho Fundo I",
        "comment": "UBS"
      },
      "geometry": {
        "type": "Point",
        "coordinates": [
          -48.0006355,
          -15.8793528
        ]
      }
    },
    {
      "type": "Feature",
      "id": 3410196,
      "properties": {
        "operator": "Governo do Estado (DF)",
        "operator:type": "public",
        "ref:CNES": "3410196",
        "source": "cnes;datasus;dados_abertos_saude",
        "official_name": "UBS 02 RIACHO FUNDO II",
        "addr:street": "Rua Qc 01 Conjunto 1 Lote 01",
        "addr:housenumber": "01",
        "addr:suburb": "Riacho Fundo II",
        "addr:city": "Brasília",
        "addr:state": "DF",
        "addr:country": "BR",
        "addr:postcode": "71882-011",
        "phone": "+55 61 2017-1145",
        "email": "gerenciasf1@gmail.com",
        "amenity": "clinic",
        "healthcare": "clinic",
        "name": "Unidade Básica de Saúde UBS 02 Riacho Fundo II",
        "short_name": "UBS UBS 02 Riacho Fundo II",
        "comment": "UBS"
      },
      "geometry": {
        "type": "Point",
        "coordinates": [
          -48.0494425,
          -15.9091293
        ]
      }
    },
    {
      "type": "Feature",
      "id": 10774,
      "properties": {
        "operator": "Governo do Estado (DF)",
        "operator:type": "public",
        "ref:CNES": "10774",
        "source": "cnes;datasus;dados_abertos_saude",
        "official_name": "UBS 02 SAMAMBAIA",
        "addr:street": "Rua Qs 611 Area Especial",
        "addr:housenumber": "2",
        "addr:suburb": "Samambaia Norte",
        "addr:city": "Brasília",
        "addr:state": "DF",
        "addr:country": "BR",
        "addr:postcode": "72331-565",
        "phone": "+55 61 3359-9316",
        "email": "gsap2.sam@gmail.com",
        "amenity": "clinic",
        "healthcare": "clinic",
        "name": "Unidade Básica de Saúde UBS 02 Samambaia",
        "short_name": "UBS UBS 02 Samambaia",
        "comment": "UBS"
      },
      "geometry": {
        "type": "Point",
        "coordinates": [
          -48.109087,
          -15.875508
        ]
      }
    },
    {
      "type": "Feature",
      "id": 10928,
      "properties": {
        "operator": "Governo do Estado (DF)",
        "operator:type": "public",
        "ref:CNES": "10928",
        "source": "cnes;datasus;dados_abertos_saude",
        "official_name": "UBS 02 TAGUATINGA",
        "addr:street": "Rua Qnd Lote A Praca do Bicalho",
        "addr:housenumber": "02",
        "addr:suburb": "Taguatinga Norte",
        "addr:city": "Brasília",
        "addr:state": "DF",
        "addr:country": "BR",
        "addr:postcode": "72155-000",
        "phone": "+55 61 3355-6110",
        "email": "gsap2.tag@gmail.com",
        "amenity": "clinic",
        "healthcare": "clinic",
        "name": "Unidade Básica de Saúde UBS 02 Taguatinga",
        "short_name": "UBS UBS 02 Taguatinga",
        "comment": "UBS"
      },
      "geometry": {
        "type": "Point",
        "coordinates": [
          -48.063039,
          -15.810484
        ]
      }
    },
    {
      "type": "Feature",
      "id": 11274,
      "properties": {
        "operator": "Governo do Estado (DF)",
        "operator:type": "public",
        "ref:CNES": "11274",
        "source": "cnes;datasus;dados_abertos_saude",
        "official_name": "UBS 03 GUARA",
        "addr:street": "Rua Qe 38 Area Especial",
        "addr:suburb": "Guara II",
        "addr:city": "Brasília",
        "addr:state": "DF",
        "addr:country": "BR",
        "addr:postcode": "71070-380",
        "phone": "+55 61 2017-1145",
        "email": "gsap03.guara@saude.df.gov.br",
        "amenity": "clinic",
        "healthcare": "clinic",
        "name": "Unidade Básica de Saúde UBS 03 Guara",
        "short_name": "UBS UBS 03 Guara",
        "comment": "UBS"
      },
      "geometry": {
        "type": "Point",
        "coordinates": [
          -47.9699939,
          -15.8491946
        ]
      }
    },
    {
      "type": "Feature",
      "id": 4986725,
      "properties": {
        "operator": "Governo do Estado (DF)",
        "operator:type": "public",
        "ref:CNES": "4986725",
        "source": "cnes;datasus;dados_abertos_saude",
        "official_name": "UBS 03 JARDIM BOTANICO",
        "addr:street": "Rua Df 140 Km 4 5 Box 16 18 e 23 Centro Comercial",
        "addr:housenumber": "161823",
        "addr:suburb": "Jardim Botanico",
        "addr:city": "Brasília",
        "addr:state": "DF",
        "addr:country": "BR",
        "addr:postcode": "71684-250",
        "email": "gerenciaapslestess3@gmail.com",
        "amenity": "clinic",
        "healthcare": "clinic",
        "name": "Unidade Básica de Saúde UBS 03 Jardim Botanico",
        "short_name": "UBS UBS 03 Jardim Botanico",
        "comment": "UBS"
      },
      "geometry": {
        "type": "Point",
        "coordinates": [
          -47.8188235,
          -15.963845
        ]
      }
    },
    {
      "type": "Feature",
      "id": 7170939,
      "properties": {
        "operator": "Governo do Estado (DF)",
        "operator:type": "public",
        "ref:CNES": "7170939",
        "source": "cnes;datasus;dados_abertos_saude",
        "official_name": "UBS 03 RECANTO DAS EMAS",
        "addr:street": "Rua Qd 104 105 Area Especial S N Lote 25",
        "addr:housenumber": "25",
        "addr:suburb": "Recanto das Emas",
        "addr:city": "Brasília",
        "addr:state": "DF",
        "addr:country": "BR",
        "addr:postcode": "72600-400",
        "phone": "+55 61 3404-2964",
        "email": "gsap3.rec@gmail.com",
        "amenity": "clinic",
        "healthcare": "clinic",
        "name": "Unidade Básica de Saúde UBS 03 Recanto das Emas",
        "short_name": "UBS UBS 03 Recanto das Emas",
        "comment": "UBS"
      },
      "geometry": {
        "type": "Point",
        "coordinates": [
          -48.074326,
          -15.901925
        ]
      }
    },
    {
      "type": "Feature",
      "id": 2660199,
      "properties": {
        "operator": "Governo do Estado (DF)",
        "operator:type": "public",
        "ref:CNES": "2660199",
        "source": "cnes;datasus;dados_abertos_saude",
        "official_name": "UBS 03 RIACHO FUNDO II",
        "addr:street": "Rua Qn 07 A B Lotes 1 e 2 Area Especial",
        "addr:suburb": "Riacho Fundo II",
        "addr:city": "Brasília",
        "addr:state": "DF",
        "addr:country": "BR",
        "addr:postcode": "71805-731",
        "phone": "+55 61 2017-1145",
        "email": "gerenciasf1@gmail.com",
        "amenity": "clinic",
        "healthcare": "clinic",
        "name": "Unidade Básica de Saúde UBS 03 Riacho Fundo II",
        "short_name": "UBS UBS 03 Riacho Fundo II",
        "comment": "UBS"
      },
      "geometry": {
        "type": "Point",
        "coordinates": [
          -48.0234021,
          -15.8852348
        ]
      }
    },
    {
      "type": "Feature",
      "id": 10677,
      "properties": {
        "operator": "Governo do Estado (DF)",
        "operator:type": "public",
        "ref:CNES": "10677",
        "source": "cnes;datasus;dados_abertos_saude",
        "official_name": "UBS 03 SAMAMBAIA",
        "addr:street": "Rua Qn 429 Conjunto F Lote",
        "addr:housenumber": "01",
        "addr:suburb": "Samambaia Norte",
        "addr:city": "Brasília",
        "addr:state": "DF",
        "addr:country": "BR",
        "addr:postcode": "72329-500",
        "phone": "61 2017-2200/R:5021",
        "email": "gsap3.sam@gmail.com",
        "amenity": "clinic",
        "healthcare": "clinic",
        "name": "Unidade Básica de Saúde UBS 03 Samambaia",
        "short_name": "UBS UBS 03 Samambaia",
        "comment": "UBS"
      },
      "geometry": {
        "type": "Point",
        "coordinates": [
          -48.138999,
          -15.896572
        ]
      }
    },
    {
      "type": "Feature",
      "id": 10936,
      "properties": {
        "operator": "Governo do Estado (DF)",
        "operator:type": "public",
        "ref:CNES": "10936",
        "source": "cnes;datasus;dados_abertos_saude",
        "official_name": "UBS 03 TAGUATINGA",
        "addr:street": "Rua Qnl 01 Ae 02",
        "addr:housenumber": "02",
        "addr:suburb": "Taguatinga Norte",
        "addr:city": "Brasília",
        "addr:state": "DF",
        "addr:country": "BR",
        "addr:postcode": "72155-000",
        "phone": "+55 61 3336-3028",
        "email": "gsap3.tag@gmail.com",
        "amenity": "clinic",
        "healthcare": "clinic",
        "name": "Unidade Básica de Saúde UBS 03 Taguatinga",
        "short_name": "UBS UBS 03 Taguatinga",
        "comment": "UBS"
      },
      "geometry": {
        "type": "Point",
        "coordinates": [
          -48.076236,
          -15.832884
        ]
      }
    },
    {
      "type": "Feature",
      "id": 11657,
      "properties": {
        "operator": "Governo do Estado (DF)",
        "operator:type": "public",
        "ref:CNES": "11657",
        "source": "cnes;datasus;dados_abertos_saude",
        "official_name": "UBS 04 GUARA",
        "addr:street": "Rua Eq 02 03 Conjunto Lucio Costa",
        "addr:suburb": "Guara I",
        "addr:city": "Brasília",
        "addr:state": "DF",
        "addr:country": "BR",
        "addr:postcode": "71100-100",
        "phone": "+55 61 2017-1145",
        "email": "pslc@saude.df.gov.br",
        "amenity": "clinic",
        "healthcare": "clinic",
        "name": "Unidade Básica de Saúde UBS 04 Guara",
        "short_name": "UBS UBS 04 Guara",
        "comment": "UBS"
      },
      "geometry": {
        "type": "Point",
        "coordinates": [
          -47.9885495,
          -15.8102215
        ]
      }
    },
    {
      "type": "Feature",
      "id": 4986792,
      "properties": {
        "operator": "Governo do Estado (DF)",
        "operator:type": "public",
        "ref:CNES": "4986792",
        "source": "cnes;datasus;dados_abertos_saude",
        "official_name": "UBS 04 ITAPOA",
        "addr:street": "Rua Df 250 Km 08 Fazenda Velha Galpao da Associaca",
        "addr:suburb": "Itapoa",
        "addr:city": "Brasília",
        "addr:state": "DF",
        "addr:country": "BR",
        "addr:postcode": "71573-991",
        "email": "gsap2itapoa@gmail.com",
        "amenity": "clinic",
        "healthcare": "clinic",
        "name": "Unidade Básica de Saúde UBS 04 Itapoa",
        "short_name": "UBS UBS 04 Itapoa",
        "comment": "UBS"
      },
      "geometry": {
        "type": "Point",
        "coordinates": [
          -47.715056,
          -15.7516939
        ]
      }
    },
    {
      "type": "Feature",
      "id": 7417632,
      "properties": {
        "operator": "Governo do Estado (DF)",
        "operator:type": "public",
        "ref:CNES": "7417632",
        "source": "cnes;datasus;dados_abertos_saude",
        "official_name": "UBS 04 RECANTO DAS EMAS",
        "addr:street": "Rua Quadra 308 Area Especial",
        "addr:housenumber": "02",
        "addr:suburb": "Recanto das Emas",
        "addr:city": "Brasília",
        "addr:state": "DF",
        "addr:country": "BR",
        "addr:postcode": "72620-400",
        "phone": "+55 61 3331-4773",
        "email": "gsap4.rec@gmail.com",
        "amenity": "clinic",
        "healthcare": "clinic",
        "name": "Unidade Básica de Saúde UBS 04 Recanto das Emas",
        "short_name": "UBS UBS 04 Recanto das Emas",
        "comment": "UBS"
      },
      "geometry": {
        "type": "Point",
        "coordinates": [
          -48.101341,
          -15.91967
        ]
      }
    },
    {
      "type": "Feature",
      "id": 2673924,
      "properties": {
        "operator": "Governo do Estado (DF)",
        "operator:type": "public",
        "ref:CNES": "2673924",
        "source": "cnes;datasus;dados_abertos_saude",
        "official_name": "UBS 04 RIACHO FUNDO II",
        "addr:street": "Rua Area Especial N 01 Caub I",
        "addr:housenumber": "01",
        "addr:suburb": "Riacho Fundo II",
        "addr:city": "Brasília",
        "addr:state": "DF",
        "addr:country": "BR",
        "addr:postcode": "71884-690",
        "phone": "+55 61 2017-1145",
        "amenity": "clinic",
        "healthcare": "clinic",
        "name": "Unidade Básica de Saúde UBS 04 Riacho Fundo II",
        "short_name": "UBS UBS 04 Riacho Fundo II",
        "comment": "UBS"
      },
      "geometry": {
        "type": "Point",
        "coordinates": [
          -48.015139,
          -15.947472
        ]
      }
    },
    {
      "type": "Feature",
      "id": 10685,
      "properties": {
        "operator": "Governo do Estado (DF)",
        "operator:type": "public",
        "ref:CNES": "10685",
        "source": "cnes;datasus;dados_abertos_saude",
        "official_name": "UBS 04 SAMAMBAIA",
        "addr:street": "Rua Qn 512 Conjunto 2 Lote",
        "addr:housenumber": "123",
        "addr:suburb": "Samambaia Sul",
        "addr:city": "Brasília",
        "addr:state": "DF",
        "addr:country": "BR",
        "addr:postcode": "72312-702",
        "phone": "+55 61 3358-1335",
        "email": "gsap4.sam@gmail.com",
        "amenity": "clinic",
        "healthcare": "clinic",
        "name": "Unidade Básica de Saúde UBS 04 Samambaia",
        "short_name": "UBS UBS 04 Samambaia",
        "comment": "UBS"
      },
      "geometry": {
        "type": "Point",
        "coordinates": [
          -48.068554,
          -15.878955
        ]
      }
    },
    {
      "type": "Feature",
      "id": 9263632,
      "properties": {
        "operator": "Governo do Estado (DF)",
        "operator:type": "public",
        "ref:CNES": "9263632",
        "source": "cnes;datasus;dados_abertos_saude",
        "official_name": "UBS 05 GUARA",
        "addr:street": "Rua Qe 38 Conjunto U",
        "addr:suburb": "Guara II",
        "addr:city": "Brasília",
        "addr:state": "DF",
        "addr:country": "BR",
        "addr:postcode": "70297-400",
        "phone": "+55 61 2107-1145",
        "email": "gsap3.guara@saude.df.gov.br",
        "amenity": "clinic",
        "healthcare": "clinic",
        "name": "Unidade Básica de Saúde UBS 05 Guara",
        "short_name": "UBS UBS 05 Guara",
        "comment": "UBS"
      },
      "geometry": {
        "type": "Point",
        "coordinates": [
          -47.970258,
          -15.8493127
        ]
      }
    },
    {
      "type": "Feature",
      "id": 7059892,
      "properties": {
        "operator": "Governo do Estado (DF)",
        "operator:type": "public",
        "ref:CNES": "7059892",
        "source": "cnes;datasus;dados_abertos_saude",
        "official_name": "UBS 05 RECANTO DAS EMAS",
        "addr:street": "Rua Quadra 804 Conjunto 20b Lote 01",
        "addr:housenumber": "01",
        "addr:suburb": "Recanto das Emas",
        "addr:city": "Brasília",
        "addr:state": "DF",
        "addr:country": "BR",
        "addr:postcode": "72650-760",
        "email": "gsap5.rec@gmail.com",
        "amenity": "clinic",
        "healthcare": "clinic",
        "name": "Unidade Básica de Saúde UBS 05 Recanto das Emas",
        "short_name": "UBS UBS 05 Recanto das Emas",
        "comment": "UBS"
      },
      "geometry": {
        "type": "Point",
        "coordinates": [
          -48.056108,
          -15.9241
        ]
      }
    },
    {
      "type": "Feature",
      "id": 7526504,
      "properties": {
        "operator": "Governo do Estado (DF)",
        "operator:type": "public",
        "ref:CNES": "7526504",
        "source": "cnes;datasus;dados_abertos_saude",
        "official_name": "UBS 05 RIACHO FUNDO II",
        "addr:street": "Rua Qs 09 Conjunto 01 Lote",
        "addr:housenumber": "01",
        "addr:suburb": "Riacho Fundo II",
        "addr:city": "Brasília",
        "addr:state": "DF",
        "addr:country": "BR",
        "addr:postcode": "71884-376",
        "phone": "+55 61 2017-1145",
        "amenity": "clinic",
        "healthcare": "clinic",
        "name": "Unidade Básica de Saúde UBS 05 Riacho Fundo II",
        "short_name": "UBS UBS 05 Riacho Fundo II",
        "comment": "UBS"
      },
      "geometry": {
        "type": "Point",
        "coordinates": [
          -48.0397843,
          -15.9400871
        ]
      }
    },
    {
      "type": "Feature",
      "id": 6921736,
      "properties": {
        "operator": "Governo do Estado (DF)",
        "operator:type": "public",
        "ref:CNES": "6921736",
        "source": "cnes;datasus;dados_abertos_saude",
        "official_name": "UBS 05 SAMAMBAIA",
        "addr:street": "Rua Qn 523 Area Especial",
        "addr:housenumber": "01",
        "addr:suburb": "Samambaia Sul",
        "addr:city": "Brasília",
        "addr:state": "DF",
        "addr:country": "BR",
        "addr:postcode": "72317-520",
        "phone": "+55 61 3359-1653",
        "email": "gsap5.sam@gmail.com",
        "amenity": "clinic",
        "healthcare": "clinic",
        "name": "Unidade Básica de Saúde UBS 05 Samambaia",
        "short_name": "UBS UBS 05 Samambaia",
        "comment": "UBS"
      },
      "geometry": {
        "type": "Point",
        "coordinates": [
          -48.120954,
          -15.898024
        ]
      }
    },
    {
      "type": "Feature",
      "id": 10626,
      "properties": {
        "operator": "Governo do Estado (DF)",
        "operator:type": "public",
        "ref:CNES": "10626",
        "source": "cnes;datasus;dados_abertos_saude",
        "official_name": "UBS 05 TAGUATINGA",
        "addr:street": "Rua Setor D Sul Ae 23",
        "addr:housenumber": "23",
        "addr:suburb": "Taguatinga Sul",
        "addr:city": "Brasília",
        "addr:state": "DF",
        "addr:country": "BR",
        "addr:postcode": "72155-000",
        "phone": "+55 61 3563-9176",
        "email": "gsap5.tag@gmail.com",
        "amenity": "clinic",
        "healthcare": "clinic",
        "name": "Unidade Básica de Saúde UBS 05 Taguatinga",
        "short_name": "UBS UBS 05 Taguatinga",
        "comment": "UBS"
      },
      "geometry": {
        "type": "Point",
        "coordinates": [
          -48.047118,
          -15.851049
        ]
      }
    },
    {
      "type": "Feature",
      "id": 7053754,
      "properties": {
        "operator": "Governo do Estado (DF)",
        "operator:type": "public",
        "ref:CNES": "7053754",
        "source": "cnes;datasus;dados_abertos_saude",
        "official_name": "UBS 06 SAMAMBAIA",
        "addr:street": "Rua Qs 122 Conjunto 06 Lote",
        "addr:housenumber": "01",
        "addr:suburb": "Samambaia Sul",
        "addr:city": "Brasília",
        "addr:state": "DF",
        "addr:country": "BR",
        "addr:postcode": "72304-526",
        "phone": "+55 61 3357-4275",
        "email": "gsap6.sam@gmail.com",
        "amenity": "clinic",
        "healthcare": "clinic",
        "name": "Unidade Básica de Saúde UBS 06 Samambaia",
        "short_name": "UBS UBS 06 Samambaia",
        "comment": "UBS"
      },
      "geometry": {
        "type": "Point",
        "coordinates": [
          -48.058807,
          -15.869936
        ]
      }
    },
    {
      "type": "Feature",
      "id": 10952,
      "properties": {
        "operator": "Governo do Estado (DF)",
        "operator:type": "public",
        "ref:CNES": "10952",
        "source": "cnes;datasus;dados_abertos_saude",
        "official_name": "UBS 06 TAGUATINGA",
        "addr:street": "Rua Setor C Sul Ae 01 Taguatinga Sul",
        "addr:housenumber": "01",
        "addr:suburb": "Taguatinga Centro",
        "addr:city": "Brasília",
        "addr:state": "DF",
        "addr:country": "BR",
        "addr:postcode": "72155-000",
        "phone": "+55 61 3352-8508",
        "email": "gsap6.tag@gmail.com",
        "amenity": "clinic",
        "healthcare": "clinic",
        "name": "Unidade Básica de Saúde UBS 06 Taguatinga",
        "short_name": "UBS UBS 06 Taguatinga",
        "comment": "UBS"
      },
      "geometry": {
        "type": "Point",
        "coordinates": [
          -48.063018,
          -15.836187
        ]
      }
    },
    {
      "type": "Feature",
      "id": 7299877,
      "properties": {
        "operator": "Governo do Estado (DF)",
        "operator:type": "public",
        "ref:CNES": "7299877",
        "source": "cnes;datasus;dados_abertos_saude",
        "official_name": "UBS 07 SAMAMBAIA",
        "addr:street": "Rua Quadra 302 Conjunto 5 N",
        "addr:housenumber": "01",
        "addr:suburb": "Samambaia Sul",
        "addr:city": "Brasília",
        "addr:state": "DF",
        "addr:country": "BR",
        "addr:postcode": "72300-639",
        "phone": "+55 61 3458-5424",
        "email": "gsap7.sam@gmail.com",
        "amenity": "clinic",
        "healthcare": "clinic",
        "name": "Unidade Básica de Saúde UBS 07 Samambaia",
        "short_name": "UBS UBS 07 Samambaia",
        "comment": "UBS"
      },
      "geometry": {
        "type": "Point",
        "coordinates": [
          -48.08263,
          -15.878026
        ]
      }
    },
    {
      "type": "Feature",
      "id": 10960,
      "properties": {
        "operator": "Governo do Estado (DF)",
        "operator:type": "public",
        "ref:CNES": "10960",
        "source": "cnes;datasus;dados_abertos_saude",
        "official_name": "UBS 07 TAGUATINGA",
        "addr:street": "Rua Qnm 36 Area Especial N",
        "addr:housenumber": "10",
        "addr:suburb": "Taguatinga Norte",
        "addr:city": "Brasília",
        "addr:state": "DF",
        "addr:country": "BR",
        "addr:postcode": "72155-000",
        "phone": "+55 61 3471-4767",
        "email": "gsap7.tag@gmail.com",
        "amenity": "clinic",
        "healthcare": "clinic",
        "name": "Unidade Básica de Saúde UBS 07 Taguatinga",
        "short_name": "UBS UBS 07 Taguatinga",
        "comment": "UBS"
      },
      "geometry": {
        "type": "Point",
        "coordinates": [
          -48.09323,
          -15.800636
        ]
      }
    },
    {
      "type": "Feature",
      "id": 2804247,
      "properties": {
        "operator": "Governo do Estado (DF)",
        "operator:type": "public",
        "ref:CNES": "2804247",
        "source": "cnes;datasus;dados_abertos_saude",
        "official_name": "UBS 08 RECANTO DAS EMAS SAO FRANCISCO",
        "addr:street": "Rua Df 280 Km 03 Qd 04 Setor Habitacional Agua Quente",
        "addr:suburb": "Recanto das Emas",
        "addr:city": "Brasília",
        "addr:state": "DF",
        "addr:country": "BR",
        "addr:postcode": "72600-100",
        "phone": "+55 61 3359-6733",
        "email": "gsap5.rec@gmail.com",
        "amenity": "clinic",
        "healthcare": "clinic",
        "name": "Unidade Básica de Saúde UBS 08 Recanto das Emas São Francisco",
        "short_name": "UBS UBS 08 Recanto das Emas São Francisco",
        "comment": "UBS"
      },
      "geometry": {
        "type": "Point",
        "coordinates": [
          -48.228113,
          -15.93752
        ]
      }
    },
    {
      "type": "Feature",
      "id": 7114397,
      "properties": {
        "operator": "Governo do Estado (DF)",
        "operator:type": "public",
        "ref:CNES": "7114397",
        "source": "cnes;datasus;dados_abertos_saude",
        "official_name": "UBS 08 SAMAMBAIA",
        "addr:street": "Rua Qs 314 Conjunto 05 Lote 01",
        "addr:housenumber": "01",
        "addr:suburb": "Samambaia Sul",
        "addr:city": "Brasília",
        "addr:state": "DF",
        "addr:country": "BR",
        "addr:postcode": "72308-515",
        "phone": "+55 61 3357-5793",
        "email": "gsap8.sam@gmail.com",
        "amenity": "clinic",
        "healthcare": "clinic",
        "name": "Unidade Básica de Saúde UBS 08 Samambaia",
        "short_name": "UBS UBS 08 Samambaia",
        "comment": "UBS"
      },
      "geometry": {
        "type": "Point",
        "coordinates": [
          -48.066794,
          -15.876045
        ]
      }
    },
    {
      "type": "Feature",
      "id": 2617269,
      "properties": {
        "operator": "Governo do Estado (DF)",
        "operator:type": "public",
        "ref:CNES": "2617269",
        "source": "cnes;datasus;dados_abertos_saude",
        "official_name": "UBS 08 TAGUATINGA",
        "addr:street": "Rua Eqnl 24 Area Especial",
        "addr:suburb": "Taguatinga",
        "addr:city": "Brasília",
        "addr:state": "DF",
        "addr:country": "BR",
        "addr:postcode": "72155-000",
        "phone": "+55 61 3475-2912",
        "email": "gsap8.tag@gmail.com",
        "amenity": "clinic",
        "healthcare": "clinic",
        "name": "Unidade Básica de Saúde UBS 08 Taguatinga",
        "short_name": "UBS UBS 08 Taguatinga",
        "comment": "UBS"
      },
      "geometry": {
        "type": "Point",
        "coordinates": [
          -48.092265,
          -15.820931
        ]
      }
    },
    {
      "type": "Feature",
      "id": 3742857,
      "properties": {
        "operator": "Governo do Estado (DF)",
        "operator:type": "public",
        "ref:CNES": "3742857",
        "source": "cnes;datasus;dados_abertos_saude",
        "official_name": "UBS 09 SAMAMBAIA",
        "addr:street": "Rua Qn 317 Area Especial",
        "addr:housenumber": "01",
        "addr:suburb": "Samambaia Sul",
        "addr:city": "Brasília",
        "addr:state": "DF",
        "addr:country": "BR",
        "addr:postcode": "72307-716",
        "phone": "+55 61 3459-7151",
        "email": "gsap9.sam@gmail.com",
        "amenity": "clinic",
        "healthcare": "clinic",
        "name": "Unidade Básica de Saúde UBS 09 Samambaia",
        "short_name": "UBS UBS 09 Samambaia",
        "comment": "UBS"
      },
      "geometry": {
        "type": "Point",
        "coordinates": [
          -48.112735,
          -15.892762
        ]
      }
    },
    {
      "type": "Feature",
      "id": 10707,
      "properties": {
        "operator": "Governo do Estado (DF)",
        "operator:type": "public",
        "ref:CNES": "10707",
        "source": "cnes;datasus;dados_abertos_saude",
        "official_name": "UBS 1 ASA NORTE",
        "addr:street": "Rua Sgan",
        "addr:housenumber": "905",
        "addr:suburb": "Asa Norte",
        "addr:city": "Brasília",
        "addr:state": "DF",
        "addr:country": "BR",
        "addr:postcode": "70790-054",
        "phone": "+55 61 33449-4826",
        "email": "csb11saude@gmail.com",
        "amenity": "clinic",
        "healthcare": "clinic",
        "name": "Unidade Básica de Saúde UBS 1 Asa Norte",
        "short_name": "UBS UBS 1 Asa Norte",
        "comment": "UBS"
      },
      "geometry": {
        "type": "Point",
        "coordinates": [
          -47.8926069,
          -15.7733497
        ]
      }
    },
    {
      "type": "Feature",
      "id": 11150,
      "properties": {
        "operator": "Governo do Estado (DF)",
        "operator:type": "public",
        "ref:CNES": "11150",
        "source": "cnes;datasus;dados_abertos_saude",
        "official_name": "UBS 1 ASA SUL",
        "addr:street": "Rua Sgas Quadra 612 Lotes",
        "addr:suburb": "Asa Sul",
        "addr:city": "Brasília",
        "addr:state": "DF",
        "addr:country": "BR",
        "addr:postcode": "70200-720",
        "phone": "+55 61 3449-4806",
        "email": "gsap1asasul@gmail.com",
        "amenity": "clinic",
        "healthcare": "clinic",
        "name": "Unidade Básica de Saúde UBS 1 Asa Sul",
        "short_name": "UBS UBS 1 Asa Sul",
        "comment": "UBS"
      },
      "geometry": {
        "type": "Point",
        "coordinates": [
          -47.9095075,
          -15.8327733
        ]
      }
    },
    {
      "type": "Feature",
      "id": 11215,
      "properties": {
        "operator": "Governo do Estado (DF)",
        "operator:type": "public",
        "ref:CNES": "11215",
        "source": "cnes;datasus;dados_abertos_saude",
        "official_name": "UBS 1 BRAZLANDIA",
        "addr:street": "Rua Entre Quadra 6 8 Area Especial 3 Setor Norte",
        "addr:housenumber": "3",
        "addr:suburb": "Setor Norte",
        "addr:city": "Brasília",
        "addr:state": "DF",
        "addr:country": "BR",
        "addr:postcode": "72710-065",
        "phone": "+55 61 3391-3515",
        "email": "gsap01brz.oeste@gmail.com",
        "amenity": "clinic",
        "healthcare": "clinic",
        "name": "Unidade Básica de Saúde UBS 1 Brazlandia",
        "short_name": "UBS UBS 1 Brazlandia",
        "comment": "UBS"
      },
      "geometry": {
        "type": "Point",
        "coordinates": [
          -48.194983,
          -15.677171
        ]
      }
    },
    {
      "type": "Feature",
      "id": 7347715,
      "properties": {
        "operator": "Governo do Estado (DF)",
        "operator:type": "public",
        "ref:CNES": "7347715",
        "source": "cnes;datasus;dados_abertos_saude",
        "official_name": "UBS 1 CEILANDIA",
        "addr:street": "Rua Eqnp 7 11setor P Norte",
        "addr:suburb": "Ceilandia",
        "addr:city": "Brasília",
        "addr:state": "DF",
        "addr:country": "BR",
        "addr:postcode": "72240-540",
        "phone": "+55 61 2017-2067",
        "email": "gsap01cei.oeste@gmail.com",
        "amenity": "clinic",
        "healthcare": "clinic",
        "name": "Unidade Básica de Saúde UBS 1 Ceilandia",
        "short_name": "UBS UBS 1 Ceilandia",
        "comment": "UBS"
      },
      "geometry": {
        "type": "Point",
        "coordinates": [
          -48.12995,
          -15.819091
        ]
      }
    },
    {
      "type": "Feature",
      "id": 10731,
      "properties": {
        "operator": "Governo do Estado (DF)",
        "operator:type": "public",
        "ref:CNES": "10731",
        "source": "cnes;datasus;dados_abertos_saude",
        "official_name": "UBS 1 CRUZEIRO",
        "addr:street": "Rua Shces Quadra 601",
        "addr:suburb": "Cruzeiro Novo",
        "addr:city": "Brasília",
        "addr:state": "DF",
        "addr:country": "BR",
        "addr:postcode": "70655-610",
        "phone": "+55 61 3449-4810",
        "email": "gsap1.cruzeiro@gmail.com",
        "amenity": "clinic",
        "healthcare": "clinic",
        "name": "Unidade Básica de Saúde UBS 1 Cruzeiro",
        "short_name": "UBS UBS 1 Cruzeiro",
        "comment": "UBS"
      },
      "geometry": {
        "type": "Point",
        "coordinates": [
          -47.9421526,
          -15.8007499
        ]
      }
    },
    {
      "type": "Feature",
      "id": 2804360,
      "properties": {
        "operator": "Governo do Estado (DF)",
        "operator:type": "public",
        "ref:CNES": "2804360",
        "source": "cnes;datasus;dados_abertos_saude",
        "official_name": "UBS 1 ENGENHO VELHO FERCAL",
        "addr:street": "Rua Df 150 Km 12 Quadra 10 Casa",
        "addr:housenumber": "14",
        "addr:suburb": "Fercal",
        "addr:city": "Brasília",
        "addr:state": "DF",
        "addr:country": "BR",
        "addr:postcode": "73150-030",
        "phone": "+55 46 3449-5836",
        "email": "gsap7s.norte@gmail.com",
        "amenity": "clinic",
        "healthcare": "clinic",
        "name": "Unidade Básica de Saúde UBS 1 Engenho Velho Fercal",
        "short_name": "UBS UBS 1 Engenho Velho Fercal",
        "comment": "UBS"
      },
      "geometry": {
        "type": "Point",
        "coordinates": [
          -47.8715569,
          -15.6002732
        ]
      }
    },
    {
      "type": "Feature",
      "id": 10820,
      "properties": {
        "operator": "Governo do Estado (DF)",
        "operator:type": "public",
        "ref:CNES": "10820",
        "source": "cnes;datasus;dados_abertos_saude",
        "official_name": "UBS 1 GAMA",
        "addr:street": "Rua Eq 6 12 Areas Especiais",
        "addr:suburb": "Setor Sul Gama",
        "addr:city": "Brasília",
        "addr:state": "DF",
        "addr:country": "BR",
        "addr:postcode": "72415-318",
        "phone": "+55 61 3449-7367",
        "email": "gerenciagsap1gama@gmail.com",
        "amenity": "clinic",
        "healthcare": "clinic",
        "name": "Unidade Básica de Saúde UBS 1 Gama",
        "short_name": "UBS UBS 1 Gama",
        "comment": "UBS"
      },
      "geometry": {
        "type": "Point",
        "coordinates": [
          -48.0847603,
          -16.0206792
        ]
      }
    },
    {
      "type": "Feature",
      "id": 6268269,
      "properties": {
        "operator": "Governo do Estado (DF)",
        "operator:type": "public",
        "ref:CNES": "6268269",
        "source": "cnes;datasus;dados_abertos_saude",
        "official_name": "UBS 1 ITAPOA",
        "addr:street": "Rua Quadra 378 Conj L Area Especial",
        "addr:housenumber": "1",
        "addr:suburb": "Itapoa",
        "addr:city": "Brasília",
        "addr:state": "DF",
        "addr:country": "BR",
        "addr:postcode": "71593-631",
        "email": "gsap1-itapoa.diraps@saude.df.gov.br",
        "amenity": "clinic",
        "healthcare": "clinic",
        "name": "Unidade Básica de Saúde UBS 1 Itapoa",
        "short_name": "UBS UBS 1 Itapoa",
        "comment": "UBS"
      },
      "geometry": {
        "type": "Point",
        "coordinates": [
          -47.7633186,
          -15.7402435
        ]
      }
    },
    {
      "type": "Feature",
      "id": 736260,
      "properties": {
        "operator": "Governo do Estado (DF)",
        "operator:type": "public",
        "ref:CNES": "736260",
        "source": "cnes;datasus;dados_abertos_saude",
        "official_name": "UBS 1 JARDINS MANGUEIRAL",
        "addr:street": "Rua Praca de Atividades 02 Lote 01",
        "addr:housenumber": "01",
        "addr:suburb": "Jardim Botanico",
        "addr:city": "Brasília",
        "addr:state": "DF",
        "addr:country": "BR",
        "addr:postcode": "71699-195",
        "email": "gerenciaapslestess3@gmail.com",
        "amenity": "clinic",
        "healthcare": "clinic",
        "name": "Unidade Básica de Saúde UBS 1 Jardins Mangueiral",
        "short_name": "UBS UBS 1 Jardins Mangueiral",
        "comment": "UBS"
      },
      "geometry": {
        "type": "Point",
        "coordinates": [
          -47.813541,
          -15.889197
        ]
      }
    },
    {
      "type": "Feature",
      "id": 11177,
      "properties": {
        "operator": "Governo do Estado (DF)",
        "operator:type": "public",
        "ref:CNES": "11177",
        "source": "cnes;datasus;dados_abertos_saude",
        "official_name": "UBS 1 LAGO NORTE",
        "addr:street": "Rua Shin Qi 3",
        "addr:housenumber": "03",
        "addr:suburb": "Lago Norte",
        "addr:city": "Brasília",
        "addr:state": "DF",
        "addr:country": "BR",
        "addr:postcode": "71505-600",
        "phone": "+55 61 3449-4822",
        "email": "ubs01.ln@saude.df.gov.br",
        "amenity": "clinic",
        "healthcare": "clinic",
        "name": "Unidade Básica de Saúde UBS 1 Lago Norte",
        "short_name": "UBS UBS 1 Lago Norte",
        "comment": "UBS"
      },
      "geometry": {
        "type": "Point",
        "coordinates": [
          -47.8739038,
          -15.7259196
        ]
      }
    },
    {
      "type": "Feature",
      "id": 4431618,
      "properties": {
        "operator": "Governo do Estado (DF)",
        "operator:type": "public",
        "ref:CNES": "4431618",
        "source": "cnes;datasus;dados_abertos_saude",
        "official_name": "UBS 1 LAGO SUL",
        "addr:street": "Rua Shis Qi 21",
        "addr:suburb": "Lago Sul",
        "addr:city": "Brasília",
        "addr:state": "DF",
        "addr:country": "BR",
        "addr:postcode": "71655-600",
        "phone": "+55 61 3449-4805",
        "email": "gsap1.asasul@gmail.com",
        "amenity": "clinic",
        "healthcare": "clinic",
        "name": "Unidade Básica de Saúde UBS 1 Lago Sul",
        "short_name": "UBS UBS 1 Lago Sul",
        "comment": "UBS"
      },
      "geometry": {
        "type": "Point",
        "coordinates": [
          -47.8543425,
          -15.846426
        ]
      }
    },
    {
      "type": "Feature",
      "id": 10634,
      "properties": {
        "operator": "Governo do Estado (DF)",
        "operator:type": "public",
        "ref:CNES": "10634",
        "source": "cnes;datasus;dados_abertos_saude",
        "official_name": "UBS 1 PARANOA",
        "addr:street": "Rua Qd 21 Area Especial Conjunto 15",
        "addr:housenumber": "15",
        "addr:suburb": "Paranoa",
        "addr:city": "Brasília",
        "addr:state": "DF",
        "addr:country": "BR",
        "addr:postcode": "71572-117",
        "email": "gerenciaapsleste1@saude.gov.br",
        "amenity": "clinic",
        "healthcare": "clinic",
        "name": "Unidade Básica de Saúde UBS 1 Paranoa",
        "short_name": "UBS UBS 1 Paranoa",
        "comment": "UBS"
      },
      "geometry": {
        "type": "Point",
        "coordinates": [
          -47.7799193,
          -15.7691952
        ]
      }
    },
    {
      "type": "Feature",
      "id": 5167817,
      "properties": {
        "operator": "Governo do Estado (DF)",
        "operator:type": "public",
        "ref:CNES": "5167817",
        "source": "cnes;datasus;dados_abertos_saude",
        "official_name": "UBS 1 PLANALTINA",
        "addr:street": "Rua Quadra 18 Conjunto H Area Especial",
        "addr:housenumber": "01",
        "addr:suburb": "Planaltina",
        "addr:city": "Brasília",
        "addr:state": "DF",
        "addr:country": "BR",
        "addr:postcode": "73356-040",
        "phone": "+55 61 3449-5845",
        "email": "gsap01.plan@gmail.com",
        "amenity": "clinic",
        "healthcare": "clinic",
        "name": "Unidade Básica de Saúde UBS 1 Planaltina",
        "short_name": "UBS UBS 1 Planaltina",
        "comment": "UBS"
      },
      "geometry": {
        "type": "Point",
        "coordinates": [
          -47.6410682,
          -15.6178068
        ]
      }
    },
    {
      "type": "Feature",
      "id": 10782,
      "properties": {
        "operator": "Governo do Estado (DF)",
        "operator:type": "public",
        "ref:CNES": "10782",
        "source": "cnes;datasus;dados_abertos_saude",
        "official_name": "UBS 1 SANTA MARIA",
        "addr:street": "Rua Qr 207 307 Conj T Lote",
        "addr:housenumber": "2",
        "addr:suburb": "Santa Maria",
        "addr:city": "Brasília",
        "addr:state": "DF",
        "addr:country": "BR",
        "addr:postcode": "72507-520",
        "phone": "+55 61 3449-7486",
        "amenity": "clinic",
        "healthcare": "clinic",
        "name": "Unidade Básica de Saúde UBS 1 Santa Maria",
        "short_name": "UBS UBS 1 Santa Maria",
        "comment": "UBS"
      },
      "geometry": {
        "type": "Point",
        "coordinates": [
          -48.0262992,
          -16.0264666
        ]
      }
    },
    {
      "type": "Feature",
      "id": 10790,
      "properties": {
        "operator": "Governo do Estado (DF)",
        "operator:type": "public",
        "ref:CNES": "10790",
        "source": "cnes;datasus;dados_abertos_saude",
        "official_name": "UBS 1 SAO SEBASTIAO",
        "addr:street": "Rua Centro de Multiplas Atividades Conj 10",
        "addr:housenumber": "10",
        "addr:suburb": "São Sebastiao",
        "addr:city": "Brasília",
        "addr:state": "DF",
        "addr:country": "BR",
        "addr:postcode": "71691-047",
        "phone": "+55 61 3335-1503",
        "email": "gsap1ssb.leste@gmail.com",
        "amenity": "clinic",
        "healthcare": "clinic",
        "name": "Unidade Básica de Saúde UBS 1 São Sebastiao",
        "short_name": "UBS UBS 1 São Sebastiao",
        "comment": "UBS"
      },
      "geometry": {
        "type": "Point",
        "coordinates": [
          -47.7726182,
          -15.9024386
        ]
      }
    },
    {
      "type": "Feature",
      "id": 11223,
      "properties": {
        "operator": "Governo do Estado (DF)",
        "operator:type": "public",
        "ref:CNES": "11223",
        "source": "cnes;datasus;dados_abertos_saude",
        "official_name": "UBS 1 SOBRADINHO",
        "addr:street": "Rua Quadra 14 Area Especial 22 23",
        "addr:housenumber": "01",
        "addr:suburb": "Sobradinho",
        "addr:city": "Brasília",
        "addr:state": "DF",
        "addr:country": "BR",
        "addr:postcode": "73050-063",
        "phone": "+55 61 3449-5651",
        "email": "gsap01sob@hotmail.com",
        "amenity": "clinic",
        "healthcare": "clinic",
        "name": "Unidade Básica de Saúde UBS 1 Sobradinho",
        "short_name": "UBS UBS 1 Sobradinho",
        "comment": "UBS"
      },
      "geometry": {
        "type": "Point",
        "coordinates": [
          -47.7819121,
          -15.6508396
        ]
      }
    },
    {
      "type": "Feature",
      "id": 11258,
      "properties": {
        "operator": "Governo do Estado (DF)",
        "operator:type": "public",
        "ref:CNES": "11258",
        "source": "cnes;datasus;dados_abertos_saude",
        "official_name": "UBS 1 SOBRADINHO II",
        "addr:street": "Rua Ar 13 Area Especial Conjunto 7 Lote",
        "addr:housenumber": "1",
        "addr:suburb": "Sobradinho II",
        "addr:city": "Brasília",
        "addr:state": "DF",
        "addr:country": "BR",
        "addr:postcode": "73062-307",
        "phone": "+55 61 3449-5675",
        "email": "gsap3-sob.diraps@saude.df.gov.br",
        "amenity": "clinic",
        "healthcare": "clinic",
        "name": "Unidade Básica de Saúde UBS 1 Sobradinho II",
        "short_name": "UBS UBS 1 Sobradinho II",
        "comment": "UBS"
      },
      "geometry": {
        "type": "Point",
        "coordinates": [
          -47.8244573,
          -15.6445685
        ]
      }
    },
    {
      "type": "Feature",
      "id": 2617358,
      "properties": {
        "operator": "Governo do Estado (DF)",
        "operator:type": "public",
        "ref:CNES": "2617358",
        "source": "cnes;datasus;dados_abertos_saude",
        "official_name": "UBS 1 VARJAO",
        "addr:street": "Rua Vila Varjao Quadra 5",
        "addr:housenumber": "05",
        "addr:suburb": "Vila Varjao do Torto",
        "addr:city": "Brasília",
        "addr:state": "DF",
        "addr:country": "BR",
        "addr:postcode": "71540-400",
        "phone": "+55 61 3449-4818",
        "email": "csbvarjao@gmail.com",
        "amenity": "clinic",
        "healthcare": "clinic",
        "name": "Unidade Básica de Saúde UBS 1 Varjao",
        "short_name": "UBS UBS 1 Varjao",
        "comment": "UBS"
      },
      "geometry": {
        "type": "Point",
        "coordinates": [
          -47.8763339,
          -15.710898
        ]
      }
    },
    {
      "type": "Feature",
      "id": 11207,
      "properties": {
        "operator": "Governo do Estado (DF)",
        "operator:type": "public",
        "ref:CNES": "11207",
        "source": "cnes;datasus;dados_abertos_saude",
        "official_name": "UBS 10 CEILANDIA",
        "addr:street": "Rua Qnn 12 Area Especial 1",
        "addr:housenumber": "12",
        "addr:suburb": "Ceilandia Sul",
        "addr:city": "Brasília",
        "addr:state": "DF",
        "addr:country": "BR",
        "addr:postcode": "72220-120",
        "phone": "+55 61 3371-3048",
        "email": "gsap10cei.oeste@gmail.com",
        "amenity": "clinic",
        "healthcare": "clinic",
        "name": "Unidade Básica de Saúde UBS 10 Ceilandia",
        "short_name": "UBS UBS 10 Ceilandia",
        "comment": "UBS"
      },
      "geometry": {
        "type": "Point",
        "coordinates": [
          -48.113465,
          -15.824358
        ]
      }
    },
    {
      "type": "Feature",
      "id": 4979656,
      "properties": {
        "operator": "Governo do Estado (DF)",
        "operator:type": "public",
        "ref:CNES": "4979656",
        "source": "cnes;datasus;dados_abertos_saude",
        "official_name": "UBS 10 GAMA ZONA RURAL PONTE ALTA",
        "addr:street": "Rua Df 180 Km",
        "addr:housenumber": "32",
        "addr:suburb": "Gama",
        "addr:city": "Brasília",
        "addr:state": "DF",
        "addr:country": "BR",
        "addr:postcode": "72457-994",
        "email": "paubsdf180@gmail.com",
        "amenity": "clinic",
        "healthcare": "clinic",
        "name": "Unidade Básica de Saúde UBS 10 Gama Zona Rural Ponte Alta",
        "short_name": "UBS UBS 10 Gama Zona Rural Ponte Alta",
        "comment": "UBS"
      },
      "geometry": {
        "type": "Point",
        "coordinates": [
          -48.125885,
          -15.972079
        ]
      }
    },
    {
      "type": "Feature",
      "id": 3286932,
      "properties": {
        "operator": "Governo do Estado (DF)",
        "operator:type": "public",
        "ref:CNES": "3286932",
        "source": "cnes;datasus;dados_abertos_saude",
        "official_name": "UBS 10 JOAO CANDIDO SAO SEBASTIAO",
        "addr:street": "Rua 14 Lote 21 Lojas 1 2 e 3",
        "addr:housenumber": "21",
        "addr:suburb": "Jardim Botanico",
        "addr:city": "Brasília",
        "addr:state": "DF",
        "addr:country": "BR",
        "addr:postcode": "71693-214",
        "email": "gsap4ss@gmail.com",
        "amenity": "clinic",
        "healthcare": "clinic",
        "name": "Unidade Básica de Saúde UBS 10 João Candido São Sebastiao",
        "short_name": "UBS UBS 10 João Candido São Sebastiao",
        "comment": "UBS"
      },
      "geometry": {
        "type": "Point",
        "coordinates": [
          -47.7612557,
          -15.8979967
        ]
      }
    },
    {
      "type": "Feature",
      "id": 3144623,
      "properties": {
        "operator": "Governo do Estado (DF)",
        "operator:type": "public",
        "ref:CNES": "3144623",
        "source": "cnes;datasus;dados_abertos_saude",
        "official_name": "UBS 10 RECANTO DAS EMAS",
        "addr:street": "Rua Qd 511 311 Lote 01 Avenida Monjolo",
        "addr:suburb": "Recanto das Emas",
        "addr:city": "Brasília",
        "addr:state": "DF",
        "addr:country": "BR",
        "addr:postcode": "72622-400",
        "phone": "+55 61 3331-4971",
        "email": "gsap1.rec@gmail.com",
        "amenity": "clinic",
        "healthcare": "clinic",
        "name": "Unidade Básica de Saúde UBS 10 Recanto das Emas",
        "short_name": "UBS UBS 10 Recanto das Emas",
        "comment": "UBS"
      },
      "geometry": {
        "type": "Point",
        "coordinates": [
          -48.106555,
          -15.929679
        ]
      }
    },
    {
      "type": "Feature",
      "id": 3633845,
      "properties": {
        "operator": "Governo do Estado (DF)",
        "operator:type": "public",
        "ref:CNES": "3633845",
        "source": "cnes;datasus;dados_abertos_saude",
        "official_name": "UBS 10 SAMAMBAIA",
        "addr:street": "Rua Qr 501 Conjunto 07 Lote",
        "addr:housenumber": "02",
        "addr:suburb": "Samambaia Sul",
        "addr:city": "Brasília",
        "addr:state": "DF",
        "addr:country": "BR",
        "addr:postcode": "72311-207",
        "phone": "+55 61 3357-0465",
        "email": "gsap7.sam@gmail.com",
        "amenity": "clinic",
        "healthcare": "clinic",
        "name": "Unidade Básica de Saúde UBS 10 Samambaia",
        "short_name": "UBS UBS 10 Samambaia",
        "comment": "UBS"
      },
      "geometry": {
        "type": "Point",
        "coordinates": [
          -48.087458,
          -15.883867
        ]
      }
    },
    {
      "type": "Feature",
      "id": 2673894,
      "properties": {
        "operator": "Governo do Estado (DF)",
        "operator:type": "public",
        "ref:CNES": "2673894",
        "source": "cnes;datasus;dados_abertos_saude",
        "official_name": "UBS 10 SANTA MARIA",
        "addr:street": "Rua Area Especial do Dvo Rua do Eucalipto N",
        "addr:housenumber": "04",
        "addr:suburb": "Santa Maria",
        "addr:city": "Brasília",
        "addr:state": "DF",
        "addr:country": "BR",
        "addr:postcode": "72450-150",
        "phone": "+55 61 3449-7395",
        "email": "esfdvogama@gmail.com",
        "amenity": "clinic",
        "healthcare": "clinic",
        "name": "Unidade Básica de Saúde UBS 10 Santa Maria",
        "short_name": "UBS UBS 10 Santa Maria",
        "comment": "UBS"
      },
      "geometry": {
        "type": "Point",
        "coordinates": [
          -48.0431485,
          -16.0463496
        ]
      }
    },
    {
      "type": "Feature",
      "id": 2804174,
      "properties": {
        "operator": "Governo do Estado (DF)",
        "operator:type": "public",
        "ref:CNES": "2804174",
        "source": "cnes;datasus;dados_abertos_saude",
        "official_name": "UBS 10 TAQUARA PLANALTINA",
        "addr:street": "Rua Nucleo Rural Taquara Quadra 1 Area Especial",
        "addr:suburb": "Planaltina",
        "addr:city": "Brasília",
        "addr:state": "DF",
        "addr:country": "BR",
        "addr:postcode": "73389-003",
        "phone": "+55 61 3449-5883",
        "email": "ubs10-pla@saude.df.gov.br",
        "amenity": "clinic",
        "healthcare": "clinic",
        "name": "Unidade Básica de Saúde UBS 10 Taquara Planaltina",
        "short_name": "UBS UBS 10 Taquara Planaltina",
        "comment": "UBS"
      },
      "geometry": {
        "type": "Point",
        "coordinates": [
          -47.5212356,
          -15.6332615
        ]
      }
    },
    {
      "type": "Feature",
      "id": 11061,
      "properties": {
        "operator": "Governo do Estado (DF)",
        "operator:type": "public",
        "ref:CNES": "11061",
        "source": "cnes;datasus;dados_abertos_saude",
        "official_name": "UBS 11 CEILANDIA",
        "addr:street": "Rua Eqno 17 Area Especial",
        "addr:housenumber": "17",
        "addr:suburb": "Ceilandia",
        "addr:city": "Brasília",
        "addr:state": "DF",
        "addr:country": "BR",
        "addr:postcode": "72260-744",
        "phone": "+55 61 3449-6209",
        "email": "gsap11cei.oeste@gmail.com",
        "amenity": "clinic",
        "healthcare": "clinic",
        "name": "Unidade Básica de Saúde UBS 11 Ceilandia",
        "short_name": "UBS UBS 11 Ceilandia",
        "comment": "UBS"
      },
      "geometry": {
        "type": "Point",
        "coordinates": [
          -48.133603,
          -15.79821
        ]
      }
    },
    {
      "type": "Feature",
      "id": 3144577,
      "properties": {
        "operator": "Governo do Estado (DF)",
        "operator:type": "public",
        "ref:CNES": "3144577",
        "source": "cnes;datasus;dados_abertos_saude",
        "official_name": "UBS 11 PONTE ALTA NORTE GAMA",
        "addr:street": "Rua Df 475 Km 5 Nucleo Rural",
        "addr:suburb": "Gama",
        "addr:city": "Brasília",
        "addr:state": "DF",
        "addr:country": "BR",
        "addr:postcode": "72457-993",
        "amenity": "clinic",
        "healthcare": "clinic",
        "name": "Unidade Básica de Saúde UBS 11 Ponte Alta Norte Gama",
        "short_name": "UBS UBS 11 Ponte Alta Norte Gama",
        "comment": "UBS"
      },
      "geometry": {
        "type": "Point",
        "coordinates": [
          -48.0719125,
          -15.9807001
        ]
      }
    },
    {
      "type": "Feature",
      "id": 11576,
      "properties": {
        "operator": "Governo do Estado (DF)",
        "operator:type": "public",
        "ref:CNES": "11576",
        "source": "cnes;datasus;dados_abertos_saude",
        "official_name": "UBS 11 RAJADINHA PLANALTINA",
        "addr:street": "Rua Nucleo Rural Rajadinha II Rua 2 Lote 16 17",
        "addr:housenumber": "16",
        "addr:suburb": "Planaltina",
        "addr:city": "Brasília",
        "addr:state": "DF",
        "addr:country": "BR",
        "addr:postcode": "73370-992",
        "phone": "+55 61 3449-5886",
        "email": "ubs11-pla@saude.df.gov.br",
        "amenity": "clinic",
        "healthcare": "clinic",
        "name": "Unidade Básica de Saúde UBS 11 Rajadinha Planaltina",
        "short_name": "UBS UBS 11 Rajadinha Planaltina",
        "comment": "UBS"
      },
      "geometry": {
        "type": "Point",
        "coordinates": [
          -47.662576,
          -15.747268
        ]
      }
    },
    {
      "type": "Feature",
      "id": 9543945,
      "properties": {
        "operator": "Governo do Estado (DF)",
        "operator:type": "public",
        "ref:CNES": "9543945",
        "source": "cnes;datasus;dados_abertos_saude",
        "official_name": "UBS 11 RECANTO DAS EMAS",
        "addr:street": "Rua Quadra 01 Lote 23 Salomao Elias",
        "addr:housenumber": "23",
        "addr:suburb": "Recanto das Emas",
        "addr:city": "Brasília",
        "addr:state": "DF",
        "addr:country": "BR",
        "addr:postcode": "72650-030",
        "email": "gsap5.rec@gmail.com",
        "amenity": "clinic",
        "healthcare": "clinic",
        "name": "Unidade Básica de Saúde UBS 11 Recanto das Emas",
        "short_name": "UBS UBS 11 Recanto das Emas",
        "comment": "UBS"
      },
      "geometry": {
        "type": "Point",
        "coordinates": [
          -48.240666,
          -15.941873
        ]
      }
    },
    {
      "type": "Feature",
      "id": 3212025,
      "properties": {
        "operator": "Governo do Estado (DF)",
        "operator:type": "public",
        "ref:CNES": "3212025",
        "source": "cnes;datasus;dados_abertos_saude",
        "official_name": "UBS 11 RESIDENCIAL DO BOSQUE 2 SAO SEBASTIAO",
        "addr:street": "Rua 26 Conj B Casa 17",
        "addr:housenumber": "17",
        "addr:suburb": "São Sebastiao",
        "addr:city": "Brasília",
        "addr:state": "DF",
        "addr:country": "BR",
        "addr:postcode": "71694-045",
        "email": "gsap4ss@gmail.com",
        "amenity": "clinic",
        "healthcare": "clinic",
        "name": "Unidade Básica de Saúde UBS 11 Residencial do Bosque 2 São Sebastiao",
        "short_name": "UBS UBS 11 Residencial do Bosque 2 São Sebastiao",
        "comment": "UBS"
      },
      "geometry": {
        "type": "Point",
        "coordinates": [
          -47.7514906,
          -15.9120338
        ]
      }
    },
    {
      "type": "Feature",
      "id": 7771479,
      "properties": {
        "operator": "Governo do Estado (DF)",
        "operator:type": "public",
        "ref:CNES": "7771479",
        "source": "cnes;datasus;dados_abertos_saude",
        "official_name": "UBS 11 SAMAMBAIA",
        "addr:street": "Rua Qr 831 Conjunto 02 Lote 01",
        "addr:housenumber": "1",
        "addr:suburb": "Samambaia Norte",
        "addr:city": "Brasília",
        "addr:state": "DF",
        "addr:country": "BR",
        "addr:postcode": "72338-712",
        "phone": "+55 61 3359-5500",
        "email": "gsap3.sam@gmail.com",
        "amenity": "clinic",
        "healthcare": "clinic",
        "name": "Unidade Básica de Saúde UBS 11 Samambaia",
        "short_name": "UBS UBS 11 Samambaia",
        "comment": "UBS"
      },
      "geometry": {
        "type": "Point",
        "coordinates": [
          -48.147153,
          -15.887541
        ]
      }
    },
    {
      "type": "Feature",
      "id": 8192650,
      "properties": {
        "operator": "Governo do Estado (DF)",
        "operator:type": "public",
        "ref:CNES": "8192650",
        "source": "cnes;datasus;dados_abertos_saude",
        "official_name": "UBS 11 SANTA MARIA",
        "addr:street": "Rua Eq 216 316 Area Especial",
        "addr:suburb": "Santa Maria",
        "addr:city": "Brasília",
        "addr:state": "DF",
        "addr:country": "BR",
        "addr:postcode": "72546-304",
        "phone": "+55 46 3449-7508",
        "email": "gsap6sm@gmail.com",
        "amenity": "clinic",
        "healthcare": "clinic",
        "name": "Unidade Básica de Saúde UBS 11 Santa Maria",
        "short_name": "UBS UBS 11 Santa Maria",
        "comment": "UBS"
      },
      "geometry": {
        "type": "Point",
        "coordinates": [
          -47.9960498,
          -16.0081297
        ]
      }
    },
    {
      "type": "Feature",
      "id": 2804123,
      "properties": {
        "operator": "Governo do Estado (DF)",
        "operator:type": "public",
        "ref:CNES": "2804123",
        "source": "cnes;datasus;dados_abertos_saude",
        "official_name": "UBS 12 BICA DO DER PLANALTINA",
        "addr:street": "Rodovia Df 128 Km 21",
        "addr:suburb": "Planaltina",
        "addr:city": "Brasília",
        "addr:state": "DF",
        "addr:country": "BR",
        "addr:postcode": "73380-900",
        "phone": "+55 61 3449-5889",
        "email": "ubs12-pla@saude.df.gov.br",
        "amenity": "clinic",
        "healthcare": "clinic",
        "name": "Unidade Básica de Saúde UBS 12 Bica do Der Planaltina",
        "short_name": "UBS UBS 12 Bica do Der Planaltina",
        "comment": "UBS"
      },
      "geometry": {
        "type": "Point",
        "coordinates": [
          -47.6948355,
          -15.6564113
        ]
      }
    },
    {
      "type": "Feature",
      "id": 2617293,
      "properties": {
        "operator": "Governo do Estado (DF)",
        "operator:type": "public",
        "ref:CNES": "2617293",
        "source": "cnes;datasus;dados_abertos_saude",
        "official_name": "UBS 12 CEILANDIA",
        "addr:street": "Rua Eqnq 03 04",
        "addr:suburb": "Ceilandia Norte",
        "addr:city": "Brasília",
        "addr:state": "DF",
        "addr:country": "BR",
        "addr:postcode": "72270-300",
        "phone": "+55 61 3374-6556",
        "email": "gsap12cei.oeste@gmail.com",
        "amenity": "clinic",
        "healthcare": "clinic",
        "name": "Unidade Básica de Saúde UBS 12 Ceilandia",
        "short_name": "UBS UBS 12 Ceilandia",
        "comment": "UBS"
      },
      "geometry": {
        "type": "Point",
        "coordinates": [
          -48.14357,
          -15.804724
        ]
      }
    },
    {
      "type": "Feature",
      "id": 3144615,
      "properties": {
        "operator": "Governo do Estado (DF)",
        "operator:type": "public",
        "ref:CNES": "3144615",
        "source": "cnes;datasus;dados_abertos_saude",
        "official_name": "UBS 12 PONTE ALTA GAMA",
        "addr:street": "Rua Antigo Posto da Receita Federal Df",
        "addr:housenumber": "290",
        "addr:suburb": "Gama",
        "addr:city": "Brasília",
        "addr:state": "DF",
        "addr:country": "BR",
        "addr:postcode": "72457-994",
        "email": "centrosaude1@gmail.com",
        "amenity": "clinic",
        "healthcare": "clinic",
        "name": "Unidade Básica de Saúde UBS 12 Ponte Alta Gama",
        "short_name": "UBS UBS 12 Ponte Alta Gama",
        "comment": "UBS"
      },
      "geometry": {
        "type": "Point",
        "coordinates": [
          -48.1597871,
          -16.0091138
        ]
      }
    },
    {
      "type": "Feature",
      "id": 9480587,
      "properties": {
        "operator": "Governo do Estado (DF)",
        "operator:type": "public",
        "ref:CNES": "9480587",
        "source": "cnes;datasus;dados_abertos_saude",
        "official_name": "UBS 12 SAMAMBAIA",
        "addr:street": "Rua Qr 210 Conjunto 22 Lote",
        "addr:housenumber": "01",
        "addr:suburb": "Samambaia Norte",
        "addr:city": "Brasília",
        "addr:state": "DF",
        "addr:country": "BR",
        "addr:postcode": "72316-223",
        "email": "gsap1@gmail.com",
        "amenity": "clinic",
        "healthcare": "clinic",
        "name": "Unidade Básica de Saúde UBS 12 Samambaia",
        "short_name": "UBS UBS 12 Samambaia",
        "comment": "UBS"
      },
      "geometry": {
        "type": "Point",
        "coordinates": [
          -48.07305,
          -15.865519
        ]
      }
    },
    {
      "type": "Feature",
      "id": 7423489,
      "properties": {
        "operator": "Governo do Estado (DF)",
        "operator:type": "public",
        "ref:CNES": "7423489",
        "source": "cnes;datasus;dados_abertos_saude",
        "official_name": "UBS 12 SAO JOSE SAO SEBASTIAO",
        "addr:street": "Rua Quadra 31 Casa 06",
        "addr:housenumber": "06",
        "addr:suburb": "São Sebastiao",
        "addr:city": "Brasília",
        "addr:state": "DF",
        "addr:country": "BR",
        "addr:postcode": "71693-032",
        "phone": "+55 61 3335-1503",
        "email": "gsap4ss@gmail.com",
        "amenity": "clinic",
        "healthcare": "clinic",
        "name": "Unidade Básica de Saúde UBS 12 São Jose São Sebastiao",
        "short_name": "UBS UBS 12 São Jose São Sebastiao",
        "comment": "UBS"
      },
      "geometry": {
        "type": "Point",
        "coordinates": [
          -47.7649491,
          -15.9097587
        ]
      }
    },
    {
      "type": "Feature",
      "id": 3144542,
      "properties": {
        "operator": "Governo do Estado (DF)",
        "operator:type": "public",
        "ref:CNES": "3144542",
        "source": "cnes;datasus;dados_abertos_saude",
        "official_name": "UBS 13 BOA ESPERANCA CEILANDIA",
        "addr:street": "Rua Nucleo Rural Boa Esperança",
        "addr:suburb": "N R B Esperança",
        "addr:city": "Brasília",
        "addr:state": "DF",
        "addr:country": "BR",
        "addr:postcode": "72227-991",
        "phone": "+55 61 3506-2082",
        "email": "gsap13cei.oeste@gmail.com",
        "amenity": "clinic",
        "healthcare": "clinic",
        "name": "Unidade Básica de Saúde UBS 13 Boa Esperança Ceilandia",
        "short_name": "UBS UBS 13 Boa Esperança Ceilandia",
        "comment": "UBS"
      },
      "geometry": {
        "type": "Point",
        "coordinates": [
          -48.246674,
          -15.82861
        ]
      }
    },
    {
      "type": "Feature",
      "id": 2779331,
      "properties": {
        "operator": "Governo do Estado (DF)",
        "operator:type": "public",
        "ref:CNES": "2779331",
        "source": "cnes;datasus;dados_abertos_saude",
        "official_name": "UBS 13 GAMA CASA GRANDE",
        "addr:street": "Rua Nucleo Rural Casa Grande Monjolo",
        "addr:suburb": "Gama",
        "addr:city": "Brasília",
        "addr:state": "DF",
        "addr:country": "BR",
        "addr:postcode": "72600-100",
        "phone": "+55 61 3449-7410",
        "amenity": "clinic",
        "healthcare": "clinic",
        "name": "Unidade Básica de Saúde UBS 13 Gama Casa Grande",
        "short_name": "UBS UBS 13 Gama Casa Grande",
        "comment": "UBS"
      },
      "geometry": {
        "type": "Point",
        "coordinates": [
          -48.1004244,
          -15.9645577
        ]
      }
    },
    {
      "type": "Feature",
      "id": 9647597,
      "properties": {
        "operator": "Governo do Estado (DF)",
        "operator:type": "public",
        "ref:CNES": "9647597",
        "source": "cnes;datasus;dados_abertos_saude",
        "official_name": "UBS 13 SAMAMBAIA",
        "addr:street": "Rua Qs 615 Area Especial",
        "addr:housenumber": "01",
        "addr:suburb": "Samambaia Norte",
        "addr:city": "Brasília",
        "addr:state": "DF",
        "addr:country": "BR",
        "addr:postcode": "72322-583",
        "email": "gsap9sam.srsso@gmail.com",
        "amenity": "clinic",
        "healthcare": "clinic",
        "name": "Unidade Básica de Saúde UBS 13 Samambaia",
        "short_name": "UBS UBS 13 Samambaia",
        "comment": "UBS"
      },
      "geometry": {
        "type": "Point",
        "coordinates": [
          -48.109817,
          -15.875261
        ]
      }
    },
    {
      "type": "Feature",
      "id": 11622,
      "properties": {
        "operator": "Governo do Estado (DF)",
        "operator:type": "public",
        "ref:CNES": "11622",
        "source": "cnes;datasus;dados_abertos_saude",
        "official_name": "UBS 13 SAO JOSE PLANALTINA",
        "addr:street": "Rua Df 250 Nucleo Rural São Jose Area Especial",
        "addr:suburb": "Planaltina",
        "addr:city": "Brasília",
        "addr:state": "DF",
        "addr:country": "BR",
        "addr:postcode": "73499-899",
        "phone": "+55 61 3449-5894",
        "email": "gsap5-pla.diraps@saude.df.gov.br",
        "amenity": "clinic",
        "healthcare": "clinic",
        "name": "Unidade Básica de Saúde UBS 13 São Jose Planaltina",
        "short_name": "UBS UBS 13 São Jose Planaltina",
        "comment": "UBS"
      },
      "geometry": {
        "type": "Point",
        "coordinates": [
          -47.373487,
          -15.704136
        ]
      }
    },
    {
      "type": "Feature",
      "id": 3677044,
      "properties": {
        "operator": "Governo do Estado (DF)",
        "operator:type": "public",
        "ref:CNES": "3677044",
        "source": "cnes;datasus;dados_abertos_saude",
        "official_name": "UBS 14 CONDOMINIO PRIVE CEILANDIA",
        "addr:street": "Rua Condominio Prive Lucena Roriz Modulo 12 Lote",
        "addr:housenumber": "01",
        "addr:suburb": "Condominio Prive",
        "addr:city": "Brasília",
        "addr:state": "DF",
        "addr:country": "BR",
        "addr:postcode": "72268-000",
        "phone": "+55 61 2017-2069",
        "email": "gsap14cei.oeste@gmail.com",
        "amenity": "clinic",
        "healthcare": "clinic",
        "name": "Unidade Básica de Saúde UBS 14 Condominio Prive Ceilandia",
        "short_name": "UBS UBS 14 Condominio Prive Ceilandia",
        "comment": "UBS"
      },
      "geometry": {
        "type": "Point",
        "coordinates": [
          -48.136596,
          -15.785212
        ]
      }
    },
    {
      "type": "Feature",
      "id": 3028003,
      "properties": {
        "operator": "Governo do Estado (DF)",
        "operator:type": "public",
        "ref:CNES": "3028003",
        "source": "cnes;datasus;dados_abertos_saude",
        "official_name": "UBS 14 SAO SEBASTIAO PDF IV",
        "addr:street": "Rodovia 465 Km",
        "addr:housenumber": "04",
        "addr:suburb": "São Sebastiao",
        "addr:city": "Brasília",
        "addr:state": "DF",
        "addr:country": "BR",
        "addr:postcode": "71698-906",
        "phone": "+55 61 3335-9470",
        "email": "gsapprisional@gmail.com",
        "amenity": "clinic",
        "healthcare": "clinic",
        "name": "Unidade Básica de Saúde UBS 14 São Sebastiao Pdf Iv",
        "short_name": "UBS UBS 14 São Sebastiao Pdf Iv",
        "comment": "UBS"
      },
      "geometry": {
        "type": "Point",
        "coordinates": [
          -47.8076817,
          -15.912967
        ]
      }
    },
    {
      "type": "Feature",
      "id": 11584,
      "properties": {
        "operator": "Governo do Estado (DF)",
        "operator:type": "public",
        "ref:CNES": "11584",
        "source": "cnes;datasus;dados_abertos_saude",
        "official_name": "UBS 14 TABATINGA PLANALTINA",
        "addr:street": "Rua Df 120 Nucleo Rural Tabatinga S N",
        "addr:suburb": "Planaltina",
        "addr:city": "Brasília",
        "addr:state": "DF",
        "addr:country": "BR",
        "addr:postcode": "73307-997",
        "phone": "+55 61 3449-5897",
        "email": "gsap5-pla.diraps@saude.df.gov.br",
        "amenity": "clinic",
        "healthcare": "clinic",
        "name": "Unidade Básica de Saúde UBS 14 Tabatinga Planaltina",
        "short_name": "UBS UBS 14 Tabatinga Planaltina",
        "comment": "UBS"
      },
      "geometry": {
        "type": "Point",
        "coordinates": [
          -47.5711038,
          -15.8203842
        ]
      }
    },
    {
      "type": "Feature",
      "id": 7347723,
      "properties": {
        "operator": "Governo do Estado (DF)",
        "operator:type": "public",
        "ref:CNES": "7347723",
        "source": "cnes;datasus;dados_abertos_saude",
        "official_name": "UBS 15 CEILANDIA",
        "addr:street": "Rua Qnr 02 Area Especial 12",
        "addr:suburb": "Ceilandia",
        "addr:city": "Brasília",
        "addr:state": "DF",
        "addr:country": "BR",
        "addr:postcode": "72242-000",
        "phone": "61 2017-2000 (4590)",
        "email": "gsap15cei.oeste@gmail.com",
        "amenity": "clinic",
        "healthcare": "clinic",
        "name": "Unidade Básica de Saúde UBS 15 Ceilandia",
        "short_name": "UBS UBS 15 Ceilandia",
        "comment": "UBS"
      },
      "geometry": {
        "type": "Point",
        "coordinates": [
          -48.156573,
          -15.809039
        ]
      }
    },
    {
      "type": "Feature",
      "id": 3028011,
      "properties": {
        "operator": "Governo do Estado (DF)",
        "operator:type": "public",
        "ref:CNES": "3028011",
        "source": "cnes;datasus;dados_abertos_saude",
        "official_name": "UBS 15 CIR SAO SEBASTIAO",
        "addr:street": "Rua Rod Df 465 Km",
        "addr:housenumber": "04",
        "addr:suburb": "São Sebastiao",
        "addr:city": "Brasília",
        "addr:state": "DF",
        "addr:country": "BR",
        "addr:postcode": "71691-047",
        "phone": "+55 61 3335-9525",
        "email": "gsapprisional@gmail.com",
        "amenity": "clinic",
        "healthcare": "clinic",
        "name": "Unidade Básica de Saúde UBS 15 Cir São Sebastiao",
        "short_name": "UBS UBS 15 Cir São Sebastiao",
        "comment": "UBS"
      },
      "geometry": {
        "type": "Point",
        "coordinates": [
          -47.806866,
          -15.912846
        ]
      }
    },
    {
      "type": "Feature",
      "id": 3027635,
      "properties": {
        "operator": "Governo do Estado (DF)",
        "operator:type": "public",
        "ref:CNES": "3027635",
        "source": "cnes;datasus;dados_abertos_saude",
        "official_name": "UBS 15 PFDF GAMA",
        "addr:street": "Rua Granja Luiz Fernando Aesp 02",
        "addr:housenumber": "02",
        "addr:suburb": "Setor Leste",
        "addr:city": "Brasília",
        "addr:state": "DF",
        "addr:country": "BR",
        "addr:postcode": "72425-100",
        "phone": "+55 46 3449-7413",
        "amenity": "clinic",
        "healthcare": "clinic",
        "name": "Unidade Básica de Saúde UBS 15 Pfdf Gama",
        "short_name": "UBS UBS 15 Pfdf Gama",
        "comment": "UBS"
      },
      "geometry": {
        "type": "Point",
        "coordinates": [
          -48.0416894,
          -16.0049989
        ]
      }
    },
    {
      "type": "Feature",
      "id": 2672227,
      "properties": {
        "operator": "Governo do Estado (DF)",
        "operator:type": "public",
        "ref:CNES": "2672227",
        "source": "cnes;datasus;dados_abertos_saude",
        "official_name": "UBS 15 RIO PRETO PLANALTINA",
        "addr:street": "Rua Df 320 Nucleo Rural Rio Preto",
        "addr:suburb": "Planaltina",
        "addr:city": "Brasília",
        "addr:state": "DF",
        "addr:country": "BR",
        "addr:postcode": "73390-200",
        "phone": "+55 61 3449-5893",
        "email": "gsap5-pla.diraps@saude.df.gov.br",
        "amenity": "clinic",
        "healthcare": "clinic",
        "name": "Unidade Básica de Saúde UBS 15 Rio Preto Planaltina",
        "short_name": "UBS UBS 15 Rio Preto Planaltina",
        "comment": "UBS"
      },
      "geometry": {
        "type": "Point",
        "coordinates": [
          -47.492915,
          -15.762626
        ]
      }
    },
    {
      "type": "Feature",
      "id": 9475931,
      "properties": {
        "operator": "Governo do Estado (DF)",
        "operator:type": "public",
        "ref:CNES": "9475931",
        "source": "cnes;datasus;dados_abertos_saude",
        "official_name": "UBS 16 CEILANDIA",
        "addr:street": "Rua Quadra 500 Ae S N Trecho 1 Sol Nascente",
        "addr:suburb": "Ceilandia",
        "addr:city": "Brasília",
        "addr:state": "DF",
        "addr:country": "BR",
        "addr:postcode": "72236-800",
        "email": "gsap16cei.oeste@gmail.com",
        "amenity": "clinic",
        "healthcare": "clinic",
        "name": "Unidade Básica de Saúde UBS 16 Ceilandia",
        "short_name": "UBS UBS 16 Ceilandia",
        "comment": "UBS"
      },
      "geometry": {
        "type": "Point",
        "coordinates": [
          -48.133699,
          -15.834473
        ]
      }
    },
    {
      "type": "Feature",
      "id": 7566530,
      "properties": {
        "operator": "Governo do Estado (DF)",
        "operator:type": "public",
        "ref:CNES": "7566530",
        "source": "cnes;datasus;dados_abertos_saude",
        "official_name": "UBS 16 PDF I SAO SEBASTIAO",
        "addr:street": "Rua Rod Df 465 Km",
        "addr:housenumber": "04",
        "addr:suburb": "São Sebastiao",
        "addr:city": "Brasília",
        "addr:state": "DF",
        "addr:country": "BR",
        "addr:postcode": "71698-903",
        "phone": "+55 61 3335-9641",
        "email": "gsapprisional@gmail.com",
        "amenity": "clinic",
        "healthcare": "clinic",
        "name": "Unidade Básica de Saúde UBS 16 Pdf I São Sebastiao",
        "short_name": "UBS UBS 16 Pdf I São Sebastiao",
        "comment": "UBS"
      },
      "geometry": {
        "type": "Point",
        "coordinates": [
          -47.8110623,
          -15.9107988
        ]
      }
    },
    {
      "type": "Feature",
      "id": 11592,
      "properties": {
        "operator": "Governo do Estado (DF)",
        "operator:type": "public",
        "ref:CNES": "11592",
        "source": "cnes;datasus;dados_abertos_saude",
        "official_name": "UBS 16 PIPIRIPAU PLANALTINA",
        "addr:street": "Rua Nucleo Rural Pipiripau II Area Especial",
        "addr:suburb": "Planaltina",
        "addr:city": "Brasília",
        "addr:state": "DF",
        "addr:country": "BR",
        "addr:postcode": "73307-992",
        "phone": "+55 61 3449-5901",
        "email": "ubs16-pla@saude.df.gov.br",
        "amenity": "clinic",
        "healthcare": "clinic",
        "name": "Unidade Básica de Saúde UBS 16 Pipiripau Planaltina",
        "short_name": "UBS UBS 16 Pipiripau Planaltina",
        "comment": "UBS"
      },
      "geometry": {
        "type": "Point",
        "coordinates": [
          -47.511159,
          -15.534638
        ]
      }
    },
    {
      "type": "Feature",
      "id": 9509356,
      "properties": {
        "operator": "Governo do Estado (DF)",
        "operator:type": "public",
        "ref:CNES": "9509356",
        "source": "cnes;datasus;dados_abertos_saude",
        "official_name": "UBS 17 CEILANDIA",
        "addr:street": "Rua Eqnp 16 20 Area Especial e F",
        "addr:suburb": "Ceilandia Sul",
        "addr:city": "Brasília",
        "addr:state": "DF",
        "addr:country": "BR",
        "addr:postcode": "72231-560",
        "phone": "+55 61 3349-6239",
        "email": "gsap17cei.oeste@gmail.com",
        "amenity": "clinic",
        "healthcare": "clinic",
        "name": "Unidade Básica de Saúde UBS 17 Ceilandia",
        "short_name": "UBS UBS 17 Ceilandia",
        "comment": "UBS"
      },
      "geometry": {
        "type": "Point",
        "coordinates": [
          -48.114366,
          -15.846983
        ]
      }
    },
    {
      "type": "Feature",
      "id": 3144666,
      "properties": {
        "operator": "Governo do Estado (DF)",
        "operator:type": "public",
        "ref:CNES": "3144666",
        "source": "cnes;datasus;dados_abertos_saude",
        "official_name": "UBS 17 JARDIM MORUMBI PLANALTINA",
        "addr:street": "Rua Nr Jardim Morumbi Rod Df 128 Km 3 Gleba F",
        "addr:suburb": "Planaltina",
        "addr:city": "Brasília",
        "addr:state": "DF",
        "addr:country": "BR",
        "addr:postcode": "73307-990",
        "phone": "+55 61 3449-5904",
        "email": "ubs17-pla@saude.df.gov.br",
        "amenity": "clinic",
        "healthcare": "clinic",
        "name": "Unidade Básica de Saúde UBS 17 Jardim Morumbi Planaltina",
        "short_name": "UBS UBS 17 Jardim Morumbi Planaltina",
        "comment": "UBS"
      },
      "geometry": {
        "type": "Point",
        "coordinates": [
          -47.618671,
          -15.5236961
        ]
      }
    },
    {
      "type": "Feature",
      "id": 3027643,
      "properties": {
        "operator": "Governo do Estado (DF)",
        "operator:type": "public",
        "ref:CNES": "3027643",
        "source": "cnes;datasus;dados_abertos_saude",
        "official_name": "UBS 17 PDF II SAO SEBASTIAO",
        "addr:street": "Rua Rod Df 465 Km",
        "addr:housenumber": "04",
        "addr:suburb": "São Sebastiao",
        "addr:city": "Brasília",
        "addr:state": "DF",
        "addr:country": "BR",
        "addr:postcode": "71698-904",
        "phone": "+55 61 3335-9619",
        "email": "gsapprisional@gmail.com",
        "amenity": "clinic",
        "healthcare": "clinic",
        "name": "Unidade Básica de Saúde UBS 17 Pdf II São Sebastiao",
        "short_name": "UBS UBS 17 Pdf II São Sebastiao",
        "comment": "UBS"
      },
      "geometry": {
        "type": "Point",
        "coordinates": [
          -47.8096032,
          -15.9091479
        ]
      }
    },
    {
      "type": "Feature",
      "id": 9643338,
      "properties": {
        "operator": "Governo do Estado (DF)",
        "operator:type": "public",
        "ref:CNES": "9643338",
        "source": "cnes;datasus;dados_abertos_saude",
        "official_name": "UBS 18 CAIC BERNARDO SAYAO",
        "addr:street": "Rua Qnn 28 Lotes H I J K Guariroba",
        "addr:suburb": "Ceilandia",
        "addr:city": "Brasília",
        "addr:state": "DF",
        "addr:country": "BR",
        "addr:postcode": "72220-280",
        "email": "gsap18cei.oeste@gmail.com",
        "amenity": "clinic",
        "healthcare": "clinic",
        "name": "Unidade Básica de Saúde UBS 18 Caic Bernardo Sayao",
        "short_name": "UBS UBS 18 Caic Bernardo Sayao",
        "comment": "UBS"
      },
      "geometry": {
        "type": "Point",
        "coordinates": [
          -48.114516,
          -15.832347
        ]
      }
    },
    {
      "type": "Feature",
      "id": 9566961,
      "properties": {
        "operator": "Governo do Estado (DF)",
        "operator:type": "public",
        "ref:CNES": "9566961",
        "source": "cnes;datasus;dados_abertos_saude",
        "official_name": "UBS 18 PLANALTINA",
        "addr:street": "Rua Setor Recreativo e Cultural Modulo Esportivo",
        "addr:suburb": "Planaltina",
        "addr:city": "Brasília",
        "addr:state": "DF",
        "addr:country": "BR",
        "addr:postcode": "73310-400",
        "phone": "+55 61 3449-5907",
        "email": "srsno.ubs20pla@gmail.com",
        "amenity": "clinic",
        "healthcare": "clinic",
        "name": "Unidade Básica de Saúde UBS 18 Planaltina",
        "short_name": "UBS UBS 18 Planaltina",
        "comment": "UBS"
      },
      "geometry": {
        "type": "Point",
        "coordinates": [
          -47.6514816,
          -15.6150058
        ]
      }
    },
    {
      "type": "Feature",
      "id": 9566988,
      "properties": {
        "operator": "Governo do Estado (DF)",
        "operator:type": "public",
        "ref:CNES": "9566988",
        "source": "cnes;datasus;dados_abertos_saude",
        "official_name": "UBS 19 PLANALTINA",
        "addr:street": "Rua Setor Residencial Oeste Vila Nossa Sra de Fatima",
        "addr:suburb": "Planaltina",
        "addr:city": "Brasília",
        "addr:state": "DF",
        "addr:country": "BR",
        "addr:postcode": "73340-710",
        "phone": "+55 61 3449-5910",
        "email": "ubs19-pla@saude.df.gov.br",
        "amenity": "clinic",
        "healthcare": "clinic",
        "name": "Unidade Básica de Saúde UBS 19 Planaltina",
        "short_name": "UBS UBS 19 Planaltina",
        "comment": "UBS"
      },
      "geometry": {
        "type": "Point",
        "coordinates": [
          -47.6601626,
          -15.6053476
        ]
      }
    },
    {
      "type": "Feature",
      "id": 3254909,
      "properties": {
        "operator": "Governo do Estado (DF)",
        "operator:type": "public",
        "ref:CNES": "3254909",
        "source": "cnes;datasus;dados_abertos_saude",
        "official_name": "UBS 19 VILA DO BOA SAO SEBASTIAO",
        "addr:street": "Rua 07 Casa 400",
        "addr:housenumber": "400",
        "addr:suburb": "São Sebastiao",
        "addr:city": "Brasília",
        "addr:state": "DF",
        "addr:country": "BR",
        "addr:postcode": "71697-329",
        "email": "gerenciaapslestess2@gmail.com",
        "amenity": "clinic",
        "healthcare": "clinic",
        "name": "Unidade Básica de Saúde UBS 19 Vila do Boa São Sebastiao",
        "short_name": "UBS UBS 19 Vila do Boa São Sebastiao",
        "comment": "UBS"
      },
      "geometry": {
        "type": "Point",
        "coordinates": [
          -47.7930511,
          -15.8765919
        ]
      }
    },
    {
      "type": "Feature",
      "id": 4986768,
      "properties": {
        "operator": "Governo do Estado (DF)",
        "operator:type": "public",
        "ref:CNES": "4986768",
        "source": "cnes;datasus;dados_abertos_saude",
        "official_name": "UBS 19 VISTA BELA",
        "addr:street": "Rua Vista Bela Nr Alexandre Gusmao",
        "addr:suburb": "Ceilandia",
        "addr:city": "Brasília",
        "addr:state": "DF",
        "addr:country": "BR",
        "addr:postcode": "72701-997",
        "phone": "+55 61 3506-2082",
        "email": "gsap13cei.oeste@gmail.com",
        "amenity": "clinic",
        "healthcare": "clinic",
        "name": "Unidade Básica de Saúde UBS 19 Vista Bela",
        "short_name": "UBS UBS 19 Vista Bela",
        "comment": "UBS"
      },
      "geometry": {
        "type": "Point",
        "coordinates": [
          -48.212059,
          -15.809496
        ]
      }
    },
    {
      "type": "Feature",
      "id": 10723,
      "properties": {
        "operator": "Governo do Estado (DF)",
        "operator:type": "public",
        "ref:CNES": "10723",
        "source": "cnes;datasus;dados_abertos_saude",
        "official_name": "UBS 2 ASA NORTE",
        "addr:street": "Rua Eqn 114 115",
        "addr:housenumber": "01",
        "addr:suburb": "Asa Norte",
        "addr:city": "Brasília",
        "addr:state": "DF",
        "addr:country": "BR",
        "addr:postcode": "70764-400",
        "phone": "+55 61 3449-4830",
        "email": "ubs3an.srscn@saude.df.gov.br",
        "amenity": "clinic",
        "healthcare": "clinic",
        "name": "Unidade Básica de Saúde UBS 2 Asa Norte",
        "short_name": "UBS UBS 2 Asa Norte",
        "comment": "UBS"
      },
      "geometry": {
        "type": "Point",
        "coordinates": [
          -47.8917378,
          -15.743075
        ]
      }
    },
    {
      "type": "Feature",
      "id": 6662358,
      "properties": {
        "operator": "Governo do Estado (DF)",
        "operator:type": "public",
        "ref:CNES": "6662358",
        "source": "cnes;datasus;dados_abertos_saude",
        "official_name": "UBS 2 BRAZLANDIA",
        "addr:street": "Rua Quadra 45 Area Especial Vila São Jose",
        "addr:suburb": "Vila São Jose",
        "addr:city": "Brasília",
        "addr:state": "DF",
        "addr:country": "BR",
        "addr:postcode": "72745-000",
        "phone": "+55 61 3391-1771",
        "email": "gsap02brz.oeste@gmail.com",
        "amenity": "clinic",
        "healthcare": "clinic",
        "name": "Unidade Básica de Saúde UBS 2 Brazlandia",
        "short_name": "UBS UBS 2 Brazlandia",
        "comment": "UBS"
      },
      "geometry": {
        "type": "Point",
        "coordinates": [
          -48.192987,
          -15.658907
        ]
      }
    },
    {
      "type": "Feature",
      "id": 11517,
      "properties": {
        "operator": "Governo do Estado (DF)",
        "operator:type": "public",
        "ref:CNES": "11517",
        "source": "cnes;datasus;dados_abertos_saude",
        "official_name": "UBS 2 CATINGUEIRO FERCAL",
        "addr:street": "Rodovia Df 205 Oeste Km 13 Nucleo Rural",
        "addr:housenumber": "13",
        "addr:suburb": "Fercal",
        "addr:city": "Brasília",
        "addr:state": "DF",
        "addr:country": "BR",
        "addr:postcode": "73151-010",
        "phone": "+55 46 3449-5839",
        "email": "gsap7s.norte@gmail.com",
        "amenity": "clinic",
        "healthcare": "clinic",
        "name": "Unidade Básica de Saúde UBS 2 Catingueiro Fercal",
        "short_name": "UBS UBS 2 Catingueiro Fercal",
        "comment": "UBS"
      },
      "geometry": {
        "type": "Point",
        "coordinates": [
          -47.9353113,
          -15.5634229
        ]
      }
    },
    {
      "type": "Feature",
      "id": 10987,
      "properties": {
        "operator": "Governo do Estado (DF)",
        "operator:type": "public",
        "ref:CNES": "10987",
        "source": "cnes;datasus;dados_abertos_saude",
        "official_name": "UBS 2 CEILANDIA",
        "addr:street": "Rua Qnn 15 Lote F",
        "addr:housenumber": "15",
        "addr:suburb": "Ceilandia Norte",
        "addr:city": "Brasília",
        "addr:state": "DF",
        "addr:country": "BR",
        "addr:postcode": "72225-150",
        "phone": "+55 61 2017-2064",
        "email": "gsap02cei.oeste@gmail.com",
        "amenity": "clinic",
        "healthcare": "clinic",
        "name": "Unidade Básica de Saúde UBS 2 Ceilandia",
        "short_name": "UBS UBS 2 Ceilandia",
        "comment": "UBS"
      },
      "geometry": {
        "type": "Point",
        "coordinates": [
          -48.120503,
          -15.807759
        ]
      }
    },
    {
      "type": "Feature",
      "id": 10758,
      "properties": {
        "operator": "Governo do Estado (DF)",
        "operator:type": "public",
        "ref:CNES": "10758",
        "source": "cnes;datasus;dados_abertos_saude",
        "official_name": "UBS 2 CRUZEIRO",
        "addr:street": "Rua Sres Lote",
        "addr:housenumber": "04",
        "addr:suburb": "Cruzeiro Velho",
        "addr:city": "Brasília",
        "addr:state": "DF",
        "addr:country": "BR",
        "addr:postcode": "70640-008",
        "phone": "+55 61 3449-4814",
        "email": "csb14cruzeirovelho@gmail.com",
        "amenity": "clinic",
        "healthcare": "clinic",
        "name": "Unidade Básica de Saúde UBS 2 Cruzeiro",
        "short_name": "UBS UBS 2 Cruzeiro",
        "comment": "UBS"
      },
      "geometry": {
        "type": "Point",
        "coordinates": [
          -47.9358655,
          -15.7834832
        ]
      }
    },
    {
      "type": "Feature",
      "id": 10839,
      "properties": {
        "operator": "Governo do Estado (DF)",
        "operator:type": "public",
        "ref:CNES": "10839",
        "source": "cnes;datasus;dados_abertos_saude",
        "official_name": "UBS 2 GAMA",
        "addr:street": "Rua Quadra",
        "addr:housenumber": "11",
        "addr:suburb": "Setor Sul",
        "addr:city": "Brasília",
        "addr:state": "DF",
        "addr:country": "BR",
        "addr:postcode": "72410-110",
        "phone": "+55 61 3449-7371",
        "amenity": "clinic",
        "healthcare": "clinic",
        "name": "Unidade Básica de Saúde UBS 2 Gama",
        "short_name": "UBS UBS 2 Gama",
        "comment": "UBS"
      },
      "geometry": {
        "type": "Point",
        "coordinates": [
          -48.0611618,
          -16.0364649
        ]
      }
    },
    {
      "type": "Feature",
      "id": 3286959,
      "properties": {
        "operator": "Governo do Estado (DF)",
        "operator:type": "public",
        "ref:CNES": "3286959",
        "source": "cnes;datasus;dados_abertos_saude",
        "official_name": "UBS 2 ITAPOA",
        "addr:street": "Rua Area Especial Entre Quadra 61 318",
        "addr:suburb": "Itapoa",
        "addr:city": "Brasília",
        "addr:state": "DF",
        "addr:country": "BR",
        "addr:postcode": "71591-500",
        "email": "gsap2itapoa@gmail.com",
        "amenity": "clinic",
        "healthcare": "clinic",
        "name": "Unidade Básica de Saúde UBS 2 Itapoa",
        "short_name": "UBS UBS 2 Itapoa",
        "comment": "UBS"
      },
      "geometry": {
        "type": "Point",
        "coordinates": [
          -47.7697998,
          -15.7455675
        ]
      }
    },
    {
      "type": "Feature",
      "id": 10650,
      "properties": {
        "operator": "Governo do Estado (DF)",
        "operator:type": "public",
        "ref:CNES": "10650",
        "source": "cnes;datasus;dados_abertos_saude",
        "official_name": "UBS 2 PLANALTINA",
        "addr:street": "Rua Entre Quadras 1 10 Area Especial",
        "addr:suburb": "Planaltina",
        "addr:city": "Brasília",
        "addr:state": "DF",
        "addr:country": "BR",
        "addr:postcode": "73350-100",
        "phone": "+55 61 3449-5849",
        "email": "gsap02.pl@saude.df.gov.br",
        "amenity": "clinic",
        "healthcare": "clinic",
        "name": "Unidade Básica de Saúde UBS 2 Planaltina",
        "short_name": "UBS UBS 2 Planaltina",
        "comment": "UBS"
      },
      "geometry": {
        "type": "Point",
        "coordinates": [
          -47.6432971,
          -15.6123694
        ]
      }
    },
    {
      "type": "Feature",
      "id": 3286975,
      "properties": {
        "operator": "Governo do Estado (DF)",
        "operator:type": "public",
        "ref:CNES": "3286975",
        "source": "cnes;datasus;dados_abertos_saude",
        "official_name": "UBS 2 QUADRA 18 PARANOA",
        "addr:street": "Rua Quadra 18 Ae",
        "addr:housenumber": "18",
        "addr:suburb": "Paranoa",
        "addr:city": "Brasília",
        "addr:state": "DF",
        "addr:country": "BR",
        "addr:postcode": "71571-800",
        "email": "gesfparanoa@gmail.com",
        "amenity": "clinic",
        "healthcare": "clinic",
        "name": "Unidade Básica de Saúde UBS 2 Quadra 18 Paranoa",
        "short_name": "UBS UBS 2 Quadra 18 Paranoa",
        "comment": "UBS"
      },
      "geometry": {
        "type": "Point",
        "coordinates": [
          -47.7785184,
          -15.7706487
        ]
      }
    },
    {
      "type": "Feature",
      "id": 10669,
      "properties": {
        "operator": "Governo do Estado (DF)",
        "operator:type": "public",
        "ref:CNES": "10669",
        "source": "cnes;datasus;dados_abertos_saude",
        "official_name": "UBS 2 SANTA MARIA",
        "addr:street": "Rua Eq 217 317 Lote e",
        "addr:housenumber": "1",
        "addr:suburb": "Santa Maria",
        "addr:city": "Brasília",
        "addr:state": "DF",
        "addr:country": "BR",
        "addr:postcode": "72547-305",
        "phone": "+55 61 3449-7490",
        "amenity": "clinic",
        "healthcare": "clinic",
        "name": "Unidade Básica de Saúde UBS 2 Santa Maria",
        "short_name": "UBS UBS 2 Santa Maria",
        "comment": "UBS"
      },
      "geometry": {
        "type": "Point",
        "coordinates": [
          -47.9895687,
          -16.0072471
        ]
      }
    },
    {
      "type": "Feature",
      "id": 11231,
      "properties": {
        "operator": "Governo do Estado (DF)",
        "operator:type": "public",
        "ref:CNES": "11231",
        "source": "cnes;datasus;dados_abertos_saude",
        "official_name": "UBS 2 SOBRADINHO",
        "addr:street": "Rua Quadra 3 Area Especial Entre Conjuntos D e",
        "addr:housenumber": "01",
        "addr:suburb": "Sobradinho",
        "addr:city": "Brasília",
        "addr:state": "DF",
        "addr:country": "BR",
        "addr:postcode": "73030-030",
        "phone": "+55 61 3449-5654",
        "email": "gsap2-sob.diraps@saude.df.gov.br",
        "amenity": "clinic",
        "healthcare": "clinic",
        "name": "Unidade Básica de Saúde UBS 2 Sobradinho",
        "short_name": "UBS UBS 2 Sobradinho",
        "comment": "UBS"
      },
      "geometry": {
        "type": "Point",
        "coordinates": [
          -47.809573,
          -15.654831
        ]
      }
    },
    {
      "type": "Feature",
      "id": 7368895,
      "properties": {
        "operator": "Governo do Estado (DF)",
        "operator:type": "public",
        "ref:CNES": "7368895",
        "source": "cnes;datasus;dados_abertos_saude",
        "official_name": "UBS 2 SOBRADINHO II",
        "addr:street": "Rodovia Df 420 Complexo de Saude Setor de Mansoes",
        "addr:housenumber": "01",
        "addr:suburb": "Sobradinho II",
        "addr:city": "Brasília",
        "addr:state": "DF",
        "addr:country": "BR",
        "addr:postcode": "73080-050",
        "phone": "+55 61 3449-5679",
        "email": "gsap5-sob.diraps@saude.df.gov.br",
        "amenity": "clinic",
        "healthcare": "clinic",
        "name": "Unidade Básica de Saúde UBS 2 Sobradinho II",
        "short_name": "UBS UBS 2 Sobradinho II",
        "comment": "UBS"
      },
      "geometry": {
        "type": "Point",
        "coordinates": [
          -47.8197956,
          -15.6390412
        ]
      }
    },
    {
      "type": "Feature",
      "id": 3254887,
      "properties": {
        "operator": "Governo do Estado (DF)",
        "operator:type": "public",
        "ref:CNES": "3254887",
        "source": "cnes;datasus;dados_abertos_saude",
        "official_name": "UBS 2 T R E SAO SEBASTIAO",
        "addr:street": "Rua Quadra 101 Ae 01",
        "addr:housenumber": "01",
        "addr:suburb": "São Sebastiao",
        "addr:city": "Brasília",
        "addr:state": "DF",
        "addr:country": "BR",
        "addr:postcode": "71692-061",
        "phone": "+55 61 3335-1503",
        "email": "gerenciaapslestess2@gmail.com",
        "amenity": "clinic",
        "healthcare": "clinic",
        "name": "Unidade Básica de Saúde UBS 2 T R e São Sebastiao",
        "short_name": "UBS UBS 2 T R e São Sebastiao",
        "comment": "UBS"
      },
      "geometry": {
        "type": "Point",
        "coordinates": [
          -47.774913,
          -15.90164
        ]
      }
    },
    {
      "type": "Feature",
      "id": 9768637,
      "properties": {
        "operator": "Governo do Estado (DF)",
        "operator:type": "public",
        "ref:CNES": "9768637",
        "source": "cnes;datasus;dados_abertos_saude",
        "official_name": "UBS 20 PLANALTINA",
        "addr:street": "Rua Area Especial 9 A Setor Norte",
        "addr:housenumber": "00",
        "addr:suburb": "Planaltina",
        "addr:city": "Brasília",
        "addr:state": "DF",
        "addr:country": "BR",
        "addr:postcode": "73310-690",
        "phone": "+55 61 3449-5853",
        "email": "gsap3-pla.diraps@saude.df.gov.br",
        "amenity": "clinic",
        "healthcare": "clinic",
        "name": "Unidade Básica de Saúde UBS 20 Planaltina",
        "short_name": "UBS UBS 20 Planaltina",
        "comment": "UBS"
      },
      "geometry": {
        "type": "Point",
        "coordinates": [
          -47.6517498,
          -15.6123495
        ]
      }
    },
    {
      "type": "Feature",
      "id": 207225,
      "properties": {
        "operator": "Governo do Estado (DF)",
        "operator:type": "public",
        "ref:CNES": "207225",
        "source": "cnes;datasus;dados_abertos_saude",
        "official_name": "UBS 20 SAO SEBASTIAO CDP",
        "addr:street": "Rodovia 465 Km",
        "addr:housenumber": "04",
        "addr:suburb": "São Sebastiao",
        "addr:city": "Brasília",
        "addr:state": "DF",
        "addr:country": "BR",
        "addr:postcode": "71698-906",
        "phone": "+55 61 3335-9470",
        "email": "gsapprisional@gmail.com",
        "amenity": "clinic",
        "healthcare": "clinic",
        "name": "Unidade Básica de Saúde UBS 20 São Sebastiao Cdp",
        "short_name": "UBS UBS 20 São Sebastiao Cdp",
        "comment": "UBS"
      },
      "geometry": {
        "type": "Point",
        "coordinates": [
          -47.8085994,
          -15.9127936
        ]
      }
    },
    {
      "type": "Feature",
      "id": 11355,
      "properties": {
        "operator": "Governo do Estado (DF)",
        "operator:type": "public",
        "ref:CNES": "11355",
        "source": "cnes;datasus;dados_abertos_saude",
        "official_name": "UBS 3 ASA NORTE VILA PLANALTO",
        "addr:street": "Rua Piau Acampamento Pacheco Fernandes",
        "addr:housenumber": "2",
        "addr:suburb": "Vila Planalto",
        "addr:city": "Brasília",
        "addr:state": "DF",
        "addr:country": "BR",
        "addr:postcode": "70804-190",
        "phone": "+55 61 3449-4834",
        "email": "csb15vilaplanalto@gmail.com",
        "amenity": "clinic",
        "healthcare": "clinic",
        "name": "Unidade Básica de Saúde UBS 3 Asa Norte Vila Planalto",
        "short_name": "UBS UBS 3 Asa Norte Vila Planalto",
        "comment": "UBS"
      },
      "geometry": {
        "type": "Point",
        "coordinates": [
          -47.848345,
          -15.795423
        ]
      }
    },
    {
      "type": "Feature",
      "id": 10995,
      "properties": {
        "operator": "Governo do Estado (DF)",
        "operator:type": "public",
        "ref:CNES": "10995",
        "source": "cnes;datasus;dados_abertos_saude",
        "official_name": "UBS 3 CEILANDIA",
        "addr:street": "Rua Qnm 15 Lote D Area Especial",
        "addr:housenumber": "15",
        "addr:suburb": "Ceilandia Sul",
        "addr:city": "Brasília",
        "addr:state": "DF",
        "addr:country": "BR",
        "addr:postcode": "72215-150",
        "phone": "+55 61 2017-2074",
        "email": "gsap03cei.oeste@gmail.com",
        "amenity": "clinic",
        "healthcare": "clinic",
        "name": "Unidade Básica de Saúde UBS 3 Ceilandia",
        "short_name": "UBS UBS 3 Ceilandia",
        "comment": "UBS"
      },
      "geometry": {
        "type": "Point",
        "coordinates": [
          -48.09647,
          -15.830964
        ]
      }
    },
    {
      "type": "Feature",
      "id": 10847,
      "properties": {
        "operator": "Governo do Estado (DF)",
        "operator:type": "public",
        "ref:CNES": "10847",
        "source": "cnes;datasus;dados_abertos_saude",
        "official_name": "UBS 3 GAMA",
        "addr:street": "Rua Eq 3 5 Area Especial Setor Leste Gama",
        "addr:suburb": "Gama",
        "addr:city": "Brasília",
        "addr:state": "DF",
        "addr:country": "BR",
        "addr:postcode": "72450-035",
        "phone": "+55 61 3449-7375",
        "amenity": "clinic",
        "healthcare": "clinic",
        "name": "Unidade Básica de Saúde UBS 3 Gama",
        "short_name": "UBS UBS 3 Gama",
        "comment": "UBS"
      },
      "geometry": {
        "type": "Point",
        "coordinates": [
          -48.0527401,
          -16.0058343
        ]
      }
    },
    {
      "type": "Feature",
      "id": 9572481,
      "properties": {
        "operator": "Governo do Estado (DF)",
        "operator:type": "public",
        "ref:CNES": "9572481",
        "source": "cnes;datasus;dados_abertos_saude",
        "official_name": "UBS 3 ITAPOA",
        "addr:street": "Rua Quadra 378 Conj A Del Lago N 4",
        "addr:housenumber": "4",
        "addr:suburb": "Itapoa",
        "addr:city": "Brasília",
        "addr:state": "DF",
        "addr:country": "BR",
        "addr:postcode": "71593-620",
        "phone": "RAMAL 2241",
        "email": "gsap2itapoa@gmail.com",
        "amenity": "clinic",
        "healthcare": "clinic",
        "name": "Unidade Básica de Saúde UBS 3 Itapoa",
        "short_name": "UBS UBS 3 Itapoa",
        "comment": "UBS"
      },
      "geometry": {
        "type": "Point",
        "coordinates": [
          -47.7609283,
          -15.7448628
        ]
      }
    },
    {
      "type": "Feature",
      "id": 161616,
      "properties": {
        "operator": "Governo do Estado (DF)",
        "operator:type": "public",
        "ref:CNES": "161616",
        "source": "cnes;datasus;dados_abertos_saude",
        "official_name": "UBS 3 LOBEIRAL FERCAL",
        "addr:street": "Rua Sitio Patricia Df 326 Km 8 Nucleo Rural Lobeiral",
        "addr:suburb": "Fercal",
        "addr:city": "Brasília",
        "addr:state": "DF",
        "addr:country": "BR",
        "addr:postcode": "73017-017",
        "email": "gsap7s.norte@gmail.com",
        "amenity": "clinic",
        "healthcare": "clinic",
        "name": "Unidade Básica de Saúde UBS 3 Lobeiral Fercal",
        "short_name": "UBS UBS 3 Lobeiral Fercal",
        "comment": "UBS"
      },
      "geometry": {
        "type": "Point",
        "coordinates": [
          -47.8443777,
          -15.5883961
        ]
      }
    },
    {
      "type": "Feature",
      "id": 11568,
      "properties": {
        "operator": "Governo do Estado (DF)",
        "operator:type": "public",
        "ref:CNES": "11568",
        "source": "cnes;datasus;dados_abertos_saude",
        "official_name": "UBS 3 NOVA COLINA SOBRADINHO",
        "addr:street": "Rua Area Especial Novo Setor de Mansoes Nova Colina",
        "addr:suburb": "Sobradinho",
        "addr:city": "Brasília",
        "addr:state": "DF",
        "addr:country": "BR",
        "addr:postcode": "73017-017",
        "phone": "+55 61 3449-5658",
        "email": "gsap4.sobradinho@saude.df.gov.br",
        "amenity": "clinic",
        "healthcare": "clinic",
        "name": "Unidade Básica de Saúde UBS 3 Nova Colina Sobradinho",
        "short_name": "UBS UBS 3 Nova Colina Sobradinho",
        "comment": "UBS"
      },
      "geometry": {
        "type": "Point",
        "coordinates": [
          -47.7552849,
          -15.6480293
        ]
      }
    },
    {
      "type": "Feature",
      "id": 9572511,
      "properties": {
        "operator": "Governo do Estado (DF)",
        "operator:type": "public",
        "ref:CNES": "9572511",
        "source": "cnes;datasus;dados_abertos_saude",
        "official_name": "UBS 3 PARANOA PARQUE",
        "addr:street": "Rua Quadra 2 Conjunto 6 Area Especial 4",
        "addr:suburb": "Paranoa",
        "addr:city": "Brasília",
        "addr:state": "DF",
        "addr:country": "BR",
        "addr:postcode": "71587-134",
        "email": "paranoaparque.ubs@gmail.com",
        "amenity": "clinic",
        "healthcare": "clinic",
        "name": "Unidade Básica de Saúde UBS 3 Paranoa Parque",
        "short_name": "UBS UBS 3 Paranoa Parque",
        "comment": "UBS"
      },
      "geometry": {
        "type": "Point",
        "coordinates": [
          -47.7917083,
          -15.7679803
        ]
      }
    },
    {
      "type": "Feature",
      "id": 11096,
      "properties": {
        "operator": "Governo do Estado (DF)",
        "operator:type": "public",
        "ref:CNES": "11096",
        "source": "cnes;datasus;dados_abertos_saude",
        "official_name": "UBS 3 PLANALTINA",
        "addr:street": "Rua Setor Hospitalar Area Especial S N",
        "addr:suburb": "Planaltina",
        "addr:city": "Brasília",
        "addr:state": "DF",
        "addr:country": "BR",
        "addr:postcode": "73310-902",
        "phone": "+55 61 3449-5853",
        "email": "gsap01.plan@gmail.com",
        "amenity": "clinic",
        "healthcare": "clinic",
        "name": "Unidade Básica de Saúde UBS 3 Planaltina",
        "short_name": "UBS UBS 3 Planaltina",
        "comment": "UBS"
      },
      "geometry": {
        "type": "Point",
        "coordinates": [
          -47.6551879,
          -15.6247279
        ]
      }
    },
    {
      "type": "Feature",
      "id": 3212068,
      "properties": {
        "operator": "Governo do Estado (DF)",
        "operator:type": "public",
        "ref:CNES": "3212068",
        "source": "cnes;datasus;dados_abertos_saude",
        "official_name": "UBS 3 RESIDENCIAL OESTE SAO SEBASTIAO",
        "addr:street": "Rua Quadra 301 Conj 06 Ae 02",
        "addr:housenumber": "02",
        "addr:suburb": "São Sebastiao",
        "addr:city": "Brasília",
        "addr:state": "DF",
        "addr:country": "BR",
        "addr:postcode": "71692-725",
        "email": "gerenciaapslestess2@gmail.com",
        "amenity": "clinic",
        "healthcare": "clinic",
        "name": "Unidade Básica de Saúde UBS 3 Residencial Oeste São Sebastiao",
        "short_name": "UBS UBS 3 Residencial Oeste São Sebastiao",
        "comment": "UBS"
      },
      "geometry": {
        "type": "Point",
        "coordinates": [
          -47.7776674,
          -15.9077267
        ]
      }
    },
    {
      "type": "Feature",
      "id": 3144550,
      "properties": {
        "operator": "Governo do Estado (DF)",
        "operator:type": "public",
        "ref:CNES": "3144550",
        "source": "cnes;datasus;dados_abertos_saude",
        "official_name": "UBS 3 SANTA MARIA",
        "addr:street": "Rua Qr 100 Conj I Lote",
        "addr:housenumber": "1",
        "addr:suburb": "Santa Maria",
        "addr:city": "Brasília",
        "addr:state": "DF",
        "addr:country": "BR",
        "addr:postcode": "72500-413",
        "phone": "+55 61 3449-7494",
        "email": "posto03sm@gmail.com",
        "amenity": "clinic",
        "healthcare": "clinic",
        "name": "Unidade Básica de Saúde UBS 3 Santa Maria",
        "short_name": "UBS UBS 3 Santa Maria",
        "comment": "UBS"
      },
      "geometry": {
        "type": "Point",
        "coordinates": [
          -48.0370867,
          -16.0473704
        ]
      }
    },
    {
      "type": "Feature",
      "id": 6770681,
      "properties": {
        "operator": "Governo do Estado (DF)",
        "operator:type": "public",
        "ref:CNES": "6770681",
        "source": "cnes;datasus;dados_abertos_saude",
        "official_name": "UBS 3 VALE DOS PINHEIROS SOBRADINHO II",
        "addr:street": "Rua Cond Vale dos Pinheiros Qd 45 A Conjunto A Lote",
        "addr:housenumber": "56",
        "addr:suburb": "Sobradinho II",
        "addr:city": "Brasília",
        "addr:state": "DF",
        "addr:country": "BR",
        "addr:postcode": "73080-360",
        "phone": "+55 61 3449-5683",
        "email": "gsap6.sob@saude.df.gov.br",
        "amenity": "clinic",
        "healthcare": "clinic",
        "name": "Unidade Básica de Saúde UBS 3 Vale dos Pinheiros Sobradinho II",
        "short_name": "UBS UBS 3 Vale dos Pinheiros Sobradinho II",
        "comment": "UBS"
      },
      "geometry": {
        "type": "Point",
        "coordinates": [
          -47.8216276,
          -15.6208463
        ]
      }
    },
    {
      "type": "Feature",
      "id": 3144658,
      "properties": {
        "operator": "Governo do Estado (DF)",
        "operator:type": "public",
        "ref:CNES": "3144658",
        "source": "cnes;datasus;dados_abertos_saude",
        "official_name": "UBS 3 VEREDAS I BRAZLANDIA",
        "addr:street": "Rua Quadra 3 Lote 6 Area Especial N 2 Setor Veredas I",
        "addr:housenumber": "2",
        "addr:suburb": "Setor Veredas",
        "addr:city": "Brasília",
        "addr:state": "DF",
        "addr:country": "BR",
        "addr:postcode": "72738-990",
        "email": "usapbz03.gerente@gmail.com",
        "amenity": "clinic",
        "healthcare": "clinic",
        "name": "Unidade Básica de Saúde UBS 3 Veredas I Brazlandia",
        "short_name": "UBS UBS 3 Veredas I Brazlandia",
        "comment": "UBS"
      },
      "geometry": {
        "type": "Point",
        "coordinates": [
          -48.200562,
          -15.66992
        ]
      }
    },
    {
      "type": "Feature",
      "id": 11002,
      "properties": {
        "operator": "Governo do Estado (DF)",
        "operator:type": "public",
        "ref:CNES": "11002",
        "source": "cnes;datasus;dados_abertos_saude",
        "official_name": "UBS 4 CEILANDIA",
        "addr:street": "Rua Qnn 16 Lote F",
        "addr:housenumber": "16",
        "addr:suburb": "Ceilandia Sul",
        "addr:city": "Brasília",
        "addr:state": "DF",
        "addr:country": "BR",
        "addr:postcode": "72220-160",
        "phone": "+55 61 2017-1145",
        "email": "gsap04cei.oeste@gmail.com",
        "amenity": "clinic",
        "healthcare": "clinic",
        "name": "Unidade Básica de Saúde UBS 4 Ceilandia",
        "short_name": "UBS UBS 4 Ceilandia",
        "comment": "UBS"
      },
      "geometry": {
        "type": "Point",
        "coordinates": [
          -48.105032,
          -15.835526
        ]
      }
    },
    {
      "type": "Feature",
      "id": 4979699,
      "properties": {
        "operator": "Governo do Estado (DF)",
        "operator:type": "public",
        "ref:CNES": "4979699",
        "source": "cnes;datasus;dados_abertos_saude",
        "official_name": "UBS 4 DE SANTA MARIA",
        "addr:street": "Rua Qr 207 307 Conjunto T",
        "addr:suburb": "Santa Maria",
        "addr:city": "Brasília",
        "addr:state": "DF",
        "addr:country": "BR",
        "addr:postcode": "72507-520",
        "phone": "+55 46 3449-7484",
        "email": "ubs6unidade2sm@gmail.com",
        "amenity": "clinic",
        "healthcare": "clinic",
        "name": "Unidade Básica de Saúde UBS 4 de Santa Maria",
        "short_name": "UBS UBS 4 de Santa Maria",
        "comment": "UBS"
      },
      "geometry": {
        "type": "Point",
        "coordinates": [
          -48.0288953,
          -16.0300604
        ]
      }
    },
    {
      "type": "Feature",
      "id": 10855,
      "properties": {
        "operator": "Governo do Estado (DF)",
        "operator:type": "public",
        "ref:CNES": "10855",
        "source": "cnes;datasus;dados_abertos_saude",
        "official_name": "UBS 4 GAMA",
        "addr:street": "Rua Praca 3 Area Especial N",
        "addr:housenumber": "02",
        "addr:suburb": "Gama Df",
        "addr:city": "Brasília",
        "addr:state": "DF",
        "addr:country": "BR",
        "addr:postcode": "72460-120",
        "phone": "+55 61 3449-7379",
        "amenity": "clinic",
        "healthcare": "clinic",
        "name": "Unidade Básica de Saúde UBS 4 Gama",
        "short_name": "UBS UBS 4 Gama",
        "comment": "UBS"
      },
      "geometry": {
        "type": "Point",
        "coordinates": [
          -48.0568546,
          -16.026093
        ]
      }
    },
    {
      "type": "Feature",
      "id": 11606,
      "properties": {
        "operator": "Governo do Estado (DF)",
        "operator:type": "public",
        "ref:CNES": "11606",
        "source": "cnes;datasus;dados_abertos_saude",
        "official_name": "UBS 4 JARDIM II PARANOA",
        "addr:street": "Rua Nucleo Rural Jardim II Df 285 Km 19",
        "addr:housenumber": "2",
        "addr:suburb": "Paranoa",
        "addr:city": "Brasília",
        "addr:state": "DF",
        "addr:country": "BR",
        "addr:postcode": "73370-994",
        "email": "gesfparanoa@gmail.com",
        "amenity": "clinic",
        "healthcare": "clinic",
        "name": "Unidade Básica de Saúde UBS 4 Jardim II Paranoa",
        "short_name": "UBS UBS 4 Jardim II Paranoa",
        "comment": "UBS"
      },
      "geometry": {
        "type": "Point",
        "coordinates": [
          -47.3796585,
          -16.0163441
        ]
      }
    },
    {
      "type": "Feature",
      "id": 3212033,
      "properties": {
        "operator": "Governo do Estado (DF)",
        "operator:type": "public",
        "ref:CNES": "3212033",
        "source": "cnes;datasus;dados_abertos_saude",
        "official_name": "UBS 4 MORRO AZUL SAO SEBASTIAO",
        "addr:street": "Rua Quadra 104 Conj 04 Agencia do Trabalhador",
        "addr:suburb": "São Sebastiao",
        "addr:city": "Brasília",
        "addr:state": "DF",
        "addr:country": "BR",
        "addr:postcode": "71692-300",
        "email": "gerenciaapslestess3@gmail.com",
        "amenity": "clinic",
        "healthcare": "clinic",
        "name": "Unidade Básica de Saúde UBS 4 Morro Azul São Sebastiao",
        "short_name": "UBS UBS 4 Morro Azul São Sebastiao",
        "comment": "UBS"
      },
      "geometry": {
        "type": "Point",
        "coordinates": [
          -47.7825469,
          -15.8947634
        ]
      }
    },
    {
      "type": "Feature",
      "id": 6216013,
      "properties": {
        "operator": "Governo do Estado (DF)",
        "operator:type": "public",
        "ref:CNES": "6216013",
        "source": "cnes;datasus;dados_abertos_saude",
        "official_name": "UBS 4 PLANALTINA",
        "addr:street": "Rua Estancia Nova Planaltina Qd 02 Rua A Area Especial",
        "addr:suburb": "Planaltina",
        "addr:city": "Brasília",
        "addr:state": "DF",
        "addr:country": "BR",
        "addr:postcode": "73401-012",
        "phone": "+55 61 3449-5858",
        "email": "gsap08pl.srsn@gmail.com",
        "amenity": "clinic",
        "healthcare": "clinic",
        "name": "Unidade Básica de Saúde UBS 4 Planaltina",
        "short_name": "UBS UBS 4 Planaltina",
        "comment": "UBS"
      },
      "geometry": {
        "type": "Point",
        "coordinates": [
          -47.6805192,
          -15.6198337
        ]
      }
    },
    {
      "type": "Feature",
      "id": 7687079,
      "properties": {
        "operator": "Governo do Estado (DF)",
        "operator:type": "public",
        "ref:CNES": "7687079",
        "source": "cnes;datasus;dados_abertos_saude",
        "official_name": "UBS 4 ROTA DO CAVALO SOBRADINHO",
        "addr:street": "Rua Df 440 Condominio Residencial Serra Verde Km 12",
        "addr:suburb": "Sobradinho",
        "addr:city": "Brasília",
        "addr:state": "DF",
        "addr:country": "BR",
        "addr:postcode": "73031-615",
        "email": "gsap4.sobradinho@saude.df.gov.br",
        "amenity": "clinic",
        "healthcare": "clinic",
        "name": "Unidade Básica de Saúde UBS 4 Rota do Cavalo Sobradinho",
        "short_name": "UBS UBS 4 Rota do Cavalo Sobradinho",
        "comment": "UBS"
      },
      "geometry": {
        "type": "Point",
        "coordinates": [
          -47.758696,
          -15.702389
        ]
      }
    },
    {
      "type": "Feature",
      "id": 6770665,
      "properties": {
        "operator": "Governo do Estado (DF)",
        "operator:type": "public",
        "ref:CNES": "6770665",
        "source": "cnes;datasus;dados_abertos_saude",
        "official_name": "UBS 4 SETOR DE MANSOES SOBRADINHO II",
        "addr:street": "Rua Cond Mini Chacaras Qms 30 Area Especial",
        "addr:housenumber": "01",
        "addr:suburb": "Sobradinho II",
        "addr:city": "Brasília",
        "addr:state": "DF",
        "addr:country": "BR",
        "addr:postcode": "73081-430",
        "phone": "+55 61 3449-5686",
        "email": "gsap6.sob@saude.gov.br",
        "amenity": "clinic",
        "healthcare": "clinic",
        "name": "Unidade Básica de Saúde UBS 4 Setor de Mansoes Sobradinho II",
        "short_name": "UBS UBS 4 Setor de Mansoes Sobradinho II",
        "comment": "UBS"
      },
      "geometry": {
        "type": "Point",
        "coordinates": [
          -47.8375381,
          -15.635751
        ]
      }
    },
    {
      "type": "Feature",
      "id": 3742865,
      "properties": {
        "operator": "Governo do Estado (DF)",
        "operator:type": "public",
        "ref:CNES": "3742865",
        "source": "cnes;datasus;dados_abertos_saude",
        "official_name": "UBS 4 VEREDAS II BRAZLANDIA",
        "addr:street": "Rua Area Especial 1 Setor Veredas II",
        "addr:housenumber": "1",
        "addr:suburb": "Setor Veredas",
        "addr:city": "Brasília",
        "addr:state": "DF",
        "addr:country": "BR",
        "addr:postcode": "72725-100",
        "phone": "+55 46 3479-2900",
        "email": "gsap03brz.oeste@gmail.com",
        "amenity": "clinic",
        "healthcare": "clinic",
        "name": "Unidade Básica de Saúde UBS 4 Veredas II Brazlandia",
        "short_name": "UBS UBS 4 Veredas II Brazlandia",
        "comment": "UBS"
      },
      "geometry": {
        "type": "Point",
        "coordinates": [
          -48.20032,
          -15.672786
        ]
      }
    },
    {
      "type": "Feature",
      "id": 6770657,
      "properties": {
        "operator": "Governo do Estado (DF)",
        "operator:type": "public",
        "ref:CNES": "6770657",
        "source": "cnes;datasus;dados_abertos_saude",
        "official_name": "UBS 5 BASEVI SOBRADINHO",
        "addr:street": "Rua Vila Basevi Area Especial 01 Lote",
        "addr:housenumber": "01",
        "addr:suburb": "Sobradinho",
        "addr:city": "Brasília",
        "addr:state": "DF",
        "addr:country": "BR",
        "addr:postcode": "73100-715",
        "phone": "+55 61 3449-5667",
        "email": "gsap01sob@hotmail.com",
        "amenity": "clinic",
        "healthcare": "clinic",
        "name": "Unidade Básica de Saúde UBS 5 Basevi Sobradinho",
        "short_name": "UBS UBS 5 Basevi Sobradinho",
        "comment": "UBS"
      },
      "geometry": {
        "type": "Point",
        "coordinates": [
          -47.889475,
          -15.646394
        ]
      }
    },
    {
      "type": "Feature",
      "id": 11010,
      "properties": {
        "operator": "Governo do Estado (DF)",
        "operator:type": "public",
        "ref:CNES": "11010",
        "source": "cnes;datasus;dados_abertos_saude",
        "official_name": "UBS 5 CEILANDIA",
        "addr:street": "Rua Qnm 16 Lote F Area Especial",
        "addr:housenumber": "16",
        "addr:suburb": "Ceilandia Norte",
        "addr:city": "Brasília",
        "addr:state": "DF",
        "addr:country": "BR",
        "addr:postcode": "72210-160",
        "phone": "+55 61 2017-2076",
        "email": "gsap05cei.oeste@gmail.com",
        "amenity": "clinic",
        "healthcare": "clinic",
        "name": "Unidade Básica de Saúde UBS 5 Ceilandia",
        "short_name": "UBS UBS 5 Ceilandia",
        "comment": "UBS"
      },
      "geometry": {
        "type": "Point",
        "coordinates": [
          -48.111877,
          -15.803237
        ]
      }
    },
    {
      "type": "Feature",
      "id": 3144631,
      "properties": {
        "operator": "Governo do Estado (DF)",
        "operator:type": "public",
        "ref:CNES": "3144631",
        "source": "cnes;datasus;dados_abertos_saude",
        "official_name": "UBS 5 CHAPADINHA BRAZLANDIA",
        "addr:street": "Rua Reserva A Gleba 02 Chapadinha",
        "addr:suburb": "Brazlandia",
        "addr:city": "Brasília",
        "addr:state": "DF",
        "addr:country": "BR",
        "addr:postcode": "72710-990",
        "phone": "+55 46 3379-6320",
        "email": "gsap03brz.oeste@gmail.com",
        "amenity": "clinic",
        "healthcare": "clinic",
        "name": "Unidade Básica de Saúde UBS 5 Chapadinha Brazlandia",
        "short_name": "UBS UBS 5 Chapadinha Brazlandia",
        "comment": "UBS"
      },
      "geometry": {
        "type": "Point",
        "coordinates": [
          -48.149541,
          -15.672478
        ]
      }
    },
    {
      "type": "Feature",
      "id": 10863,
      "properties": {
        "operator": "Governo do Estado (DF)",
        "operator:type": "public",
        "ref:CNES": "10863",
        "source": "cnes;datasus;dados_abertos_saude",
        "official_name": "UBS 5 GAMA",
        "addr:street": "Rua Quadra 38 Area Especial Leste Sc",
        "addr:housenumber": "38",
        "addr:suburb": "Gama",
        "addr:city": "Brasília",
        "addr:state": "DF",
        "addr:country": "BR",
        "addr:postcode": "72405-380",
        "phone": "+55 61 3449-7383",
        "amenity": "clinic",
        "healthcare": "clinic",
        "name": "Unidade Básica de Saúde UBS 5 Gama",
        "short_name": "UBS UBS 5 Gama",
        "comment": "UBS"
      },
      "geometry": {
        "type": "Point",
        "coordinates": [
          -48.0616634,
          -16.0232691
        ]
      }
    },
    {
      "type": "Feature",
      "id": 5117666,
      "properties": {
        "operator": "Governo do Estado (DF)",
        "operator:type": "public",
        "ref:CNES": "5117666",
        "source": "cnes;datasus;dados_abertos_saude",
        "official_name": "UBS 5 GRANJA DO TORTO",
        "addr:street": "Rua Vila Weslian Roriz Area Especial",
        "addr:housenumber": "1",
        "addr:suburb": "Granja Torto",
        "addr:city": "Brasília",
        "addr:state": "DF",
        "addr:country": "BR",
        "addr:postcode": "70636-003",
        "phone": "+55 61 3449-4837",
        "email": "psfgranja@gmail.com",
        "amenity": "clinic",
        "healthcare": "clinic",
        "name": "Unidade Básica de Saúde UBS 5 Granja do Torto",
        "short_name": "UBS UBS 5 Granja do Torto",
        "comment": "UBS"
      },
      "geometry": {
        "type": "Point",
        "coordinates": [
          -47.9136273,
          -15.708724
        ]
      }
    },
    {
      "type": "Feature",
      "id": 11363,
      "properties": {
        "operator": "Governo do Estado (DF)",
        "operator:type": "public",
        "ref:CNES": "11363",
        "source": "cnes;datasus;dados_abertos_saude",
        "official_name": "UBS 5 NOVA BETANIA SAO SEBASTIAO",
        "addr:street": "Rua Df 140 Km 7 5",
        "addr:suburb": "Jardim Botanico",
        "addr:city": "Brasília",
        "addr:state": "DF",
        "addr:country": "BR",
        "addr:postcode": "71693-990",
        "email": "gerenciaapslestess3@gmail.com",
        "amenity": "clinic",
        "healthcare": "clinic",
        "name": "Unidade Básica de Saúde UBS 5 Nova Betania São Sebastiao",
        "short_name": "UBS UBS 5 Nova Betania São Sebastiao",
        "comment": "UBS"
      },
      "geometry": {
        "type": "Point",
        "coordinates": [
          -47.813214,
          -15.990932
        ]
      }
    },
    {
      "type": "Feature",
      "id": 6216021,
      "properties": {
        "operator": "Governo do Estado (DF)",
        "operator:type": "public",
        "ref:CNES": "6216021",
        "source": "cnes;datasus;dados_abertos_saude",
        "official_name": "UBS 5 PLANALTINA",
        "addr:street": "Rua Quadra 12 Conjunto D Area Especial",
        "addr:suburb": "Planaltina",
        "addr:city": "Brasília",
        "addr:state": "DF",
        "addr:country": "BR",
        "addr:postcode": "73368-384",
        "phone": "+55 61 3449-5864",
        "email": "gsap9_planaltina@saude.df.gov.br",
        "amenity": "clinic",
        "healthcare": "clinic",
        "name": "Unidade Básica de Saúde UBS 5 Planaltina",
        "short_name": "UBS UBS 5 Planaltina",
        "comment": "UBS"
      },
      "geometry": {
        "type": "Point",
        "coordinates": [
          -47.6471204,
          -15.6394079
        ]
      }
    },
    {
      "type": "Feature",
      "id": 11614,
      "properties": {
        "operator": "Governo do Estado (DF)",
        "operator:type": "public",
        "ref:CNES": "11614",
        "source": "cnes;datasus;dados_abertos_saude",
        "official_name": "UBS 5 QUEBRADA DOS NERES",
        "addr:street": "Rua Df 130 Km 56 Quebrada dos Neres Paranoa",
        "addr:suburb": "Paranoa",
        "addr:city": "Brasília",
        "addr:state": "DF",
        "addr:country": "BR",
        "addr:postcode": "71570-990",
        "email": "gesfparanoa@gmail.com",
        "amenity": "clinic",
        "healthcare": "clinic",
        "name": "Unidade Básica de Saúde UBS 5 Quebrada dos Neres",
        "short_name": "UBS UBS 5 Quebrada dos Neres",
        "comment": "UBS"
      },
      "geometry": {
        "type": "Point",
        "coordinates": [
          -47.608849,
          -15.9079245
        ]
      }
    },
    {
      "type": "Feature",
      "id": 3144593,
      "properties": {
        "operator": "Governo do Estado (DF)",
        "operator:type": "public",
        "ref:CNES": "3144593",
        "source": "cnes;datasus;dados_abertos_saude",
        "official_name": "UBS 5 SANTA MARIA",
        "addr:street": "Rua Eq 213 313 Lote e",
        "addr:housenumber": "1",
        "addr:suburb": "Santa Maria",
        "addr:city": "Brasília",
        "addr:state": "DF",
        "addr:country": "BR",
        "addr:postcode": "72542-300",
        "phone": "+55 61 3449-7500",
        "amenity": "clinic",
        "healthcare": "clinic",
        "name": "Unidade Básica de Saúde UBS 5 Santa Maria",
        "short_name": "UBS UBS 5 Santa Maria",
        "comment": "UBS"
      },
      "geometry": {
        "type": "Point",
        "coordinates": [
          -48.0023146,
          -16.0102585
        ]
      }
    },
    {
      "type": "Feature",
      "id": 7686730,
      "properties": {
        "operator": "Governo do Estado (DF)",
        "operator:type": "public",
        "ref:CNES": "7686730",
        "source": "cnes;datasus;dados_abertos_saude",
        "official_name": "UBS 5 SETOR DE MANSOES SOBRADINHO II",
        "addr:street": "Rua Cond Mini Chacaras Qms 16 Rua 14 Casa",
        "addr:housenumber": "01",
        "addr:suburb": "Sobradinho II",
        "addr:city": "Brasília",
        "addr:state": "DF",
        "addr:country": "BR",
        "addr:postcode": "73082-120",
        "phone": "+55 61 3449-5688",
        "email": "gsap6.sob@saude.gov.br",
        "amenity": "clinic",
        "healthcare": "clinic",
        "name": "Unidade Básica de Saúde UBS 5 Setor de Mansoes Sobradinho II",
        "short_name": "UBS UBS 5 Setor de Mansoes Sobradinho II",
        "comment": "UBS"
      },
      "geometry": {
        "type": "Point",
        "coordinates": [
          -47.837576,
          -15.6284019
        ]
      }
    },
    {
      "type": "Feature",
      "id": 11495,
      "properties": {
        "operator": "Governo do Estado (DF)",
        "operator:type": "public",
        "ref:CNES": "11495",
        "source": "cnes;datasus;dados_abertos_saude",
        "official_name": "UBS 6 ALMECEGAS BRAZLANDIA",
        "addr:street": "Rua Fazenda Almecegas Br Df 180 Df 205 Km 05",
        "addr:suburb": "Brazlandia",
        "addr:city": "Brasília",
        "addr:state": "DF",
        "addr:country": "BR",
        "addr:postcode": "72799-899",
        "phone": "+55 46 3479-5157",
        "email": "gsap03brz.oeste@gmail.com",
        "amenity": "clinic",
        "healthcare": "clinic",
        "name": "Unidade Básica de Saúde UBS 6 Almecegas Brazlandia",
        "short_name": "UBS UBS 6 Almecegas Brazlandia",
        "comment": "UBS"
      },
      "geometry": {
        "type": "Point",
        "coordinates": [
          -48.168496,
          -15.538879
        ]
      }
    },
    {
      "type": "Feature",
      "id": 5050340,
      "properties": {
        "operator": "Governo do Estado (DF)",
        "operator:type": "public",
        "ref:CNES": "5050340",
        "source": "cnes;datasus;dados_abertos_saude",
        "official_name": "UBS 6 ARAPOANGA PLANALTINA",
        "addr:street": "Rua Quadra 06 Conjunto I Area Especial 3",
        "addr:suburb": "Arapoanga",
        "addr:city": "Brasília",
        "addr:state": "DF",
        "addr:country": "BR",
        "addr:postcode": "73368-656",
        "phone": "+55 61 3449-5864",
        "email": "gsap09arapoanga@gmail.com",
        "amenity": "clinic",
        "healthcare": "clinic",
        "name": "Unidade Básica de Saúde UBS 6 Arapoanga Planaltina",
        "short_name": "UBS UBS 6 Arapoanga Planaltina",
        "comment": "UBS"
      },
      "geometry": {
        "type": "Point",
        "coordinates": [
          -47.6404148,
          -15.6407511
        ]
      }
    },
    {
      "type": "Feature",
      "id": 2804107,
      "properties": {
        "operator": "Governo do Estado (DF)",
        "operator:type": "public",
        "ref:CNES": "2804107",
        "source": "cnes;datasus;dados_abertos_saude",
        "official_name": "UBS 6 CARIRU PARANOA",
        "addr:street": "Rua Colonia Agricola Df 120 Ae",
        "addr:housenumber": "1",
        "addr:suburb": "Paranoa",
        "addr:city": "Brasília",
        "addr:state": "DF",
        "addr:country": "BR",
        "addr:postcode": "71586-300",
        "email": "gesfparanoa@gmail.com",
        "amenity": "clinic",
        "healthcare": "clinic",
        "name": "Unidade Básica de Saúde UBS 6 Cariru Paranoa",
        "short_name": "UBS UBS 6 Cariru Paranoa",
        "comment": "UBS"
      },
      "geometry": {
        "type": "Point",
        "coordinates": [
          -47.5172634,
          -15.9068639
        ]
      }
    },
    {
      "type": "Feature",
      "id": 11029,
      "properties": {
        "operator": "Governo do Estado (DF)",
        "operator:type": "public",
        "ref:CNES": "11029",
        "source": "cnes;datasus;dados_abertos_saude",
        "official_name": "UBS 6 CEILANDIA",
        "addr:street": "Rua Eqnp 10 14 Lotes e F G H",
        "addr:suburb": "Ceilandia",
        "addr:city": "Brasília",
        "addr:state": "DF",
        "addr:country": "BR",
        "addr:postcode": "72231-413",
        "phone": "+55 61 3376-7512",
        "email": "gsap06cei.oeste@gmail.com",
        "amenity": "clinic",
        "healthcare": "clinic",
        "name": "Unidade Básica de Saúde UBS 6 Ceilandia",
        "short_name": "UBS UBS 6 Ceilandia",
        "comment": "UBS"
      },
      "geometry": {
        "type": "Point",
        "coordinates": [
          -48.114345,
          -15.840109
        ]
      }
    },
    {
      "type": "Feature",
      "id": 10871,
      "properties": {
        "operator": "Governo do Estado (DF)",
        "operator:type": "public",
        "ref:CNES": "10871",
        "source": "cnes;datasus;dados_abertos_saude",
        "official_name": "UBS 6 GAMA",
        "addr:street": "Rua Entre Quadra",
        "addr:suburb": "Setor Oeste",
        "addr:city": "Brasília",
        "addr:state": "DF",
        "addr:country": "BR",
        "addr:postcode": "72465-390",
        "phone": "+55 61 3449-7387",
        "amenity": "clinic",
        "healthcare": "clinic",
        "name": "Unidade Básica de Saúde UBS 6 Gama",
        "short_name": "UBS UBS 6 Gama",
        "comment": "UBS"
      },
      "geometry": {
        "type": "Point",
        "coordinates": [
          -48.0739832,
          -16.0115476
        ]
      }
    },
    {
      "type": "Feature",
      "id": 2804387,
      "properties": {
        "operator": "Governo do Estado (DF)",
        "operator:type": "public",
        "ref:CNES": "2804387",
        "source": "cnes;datasus;dados_abertos_saude",
        "official_name": "UBS 6 LAGO OESTE SOBRADINHO",
        "addr:street": "Rodovia Df 001 Km 120 Chacara",
        "addr:housenumber": "67",
        "addr:suburb": "Sobradinho",
        "addr:city": "Brasília",
        "addr:state": "DF",
        "addr:country": "BR",
        "addr:postcode": "73100-011",
        "phone": "+55 61 3449-5671",
        "email": "gsap01sob@hotmail.com",
        "amenity": "clinic",
        "healthcare": "clinic",
        "name": "Unidade Básica de Saúde UBS 6 Lago Oeste Sobradinho",
        "short_name": "UBS UBS 6 Lago Oeste Sobradinho",
        "comment": "UBS"
      },
      "geometry": {
        "type": "Point",
        "coordinates": [
          -47.948548,
          -15.619113
        ]
      }
    },
    {
      "type": "Feature",
      "id": 3144607,
      "properties": {
        "operator": "Governo do Estado (DF)",
        "operator:type": "public",
        "ref:CNES": "3144607",
        "source": "cnes;datasus;dados_abertos_saude",
        "official_name": "UBS 6 SANTA MARIA",
        "addr:street": "Rua Qr 202 302 Lote 2",
        "addr:housenumber": "2",
        "addr:suburb": "Santa Maria",
        "addr:city": "Brasília",
        "addr:state": "DF",
        "addr:country": "BR",
        "addr:postcode": "72505-400",
        "phone": "+55 61 2099-4325",
        "email": "psu02santamaria@gmail.com",
        "amenity": "clinic",
        "healthcare": "clinic",
        "name": "Unidade Básica de Saúde UBS 6 Santa Maria",
        "short_name": "UBS UBS 6 Santa Maria",
        "comment": "UBS"
      },
      "geometry": {
        "type": "Point",
        "coordinates": [
          -48.030621,
          -16.040075
        ]
      }
    },
    {
      "type": "Feature",
      "id": 3212017,
      "properties": {
        "operator": "Governo do Estado (DF)",
        "operator:type": "public",
        "ref:CNES": "3212017",
        "source": "cnes;datasus;dados_abertos_saude",
        "official_name": "UBS 6 SAO FRANCISCO SAO SEBASTIAO",
        "addr:street": "Rua Parque Agropecuario de São Sebastiao",
        "addr:suburb": "São Sebastiao",
        "addr:city": "Brasília",
        "addr:state": "DF",
        "addr:country": "BR",
        "addr:postcode": "71694-117",
        "phone": "+55 61 3335-1503",
        "email": "gerenciaapslestess3@gmail.com",
        "amenity": "clinic",
        "healthcare": "clinic",
        "name": "Unidade Básica de Saúde UBS 6 São Francisco São Sebastiao",
        "short_name": "UBS UBS 6 São Francisco São Sebastiao",
        "comment": "UBS"
      },
      "geometry": {
        "type": "Point",
        "coordinates": [
          -47.7581042,
          -15.9144136
        ]
      }
    },
    {
      "type": "Feature",
      "id": 7041594,
      "properties": {
        "operator": "Governo do Estado (DF)",
        "operator:type": "public",
        "ref:CNES": "7041594",
        "source": "cnes;datasus;dados_abertos_saude",
        "official_name": "UBS 6 VALE DAS ACACIAS SOBRADINHO II",
        "addr:street": "Rua Condominio Vale das Acacias Quadra 12 Lote",
        "addr:housenumber": "01",
        "addr:suburb": "Sobradinho II",
        "addr:city": "Brasília",
        "addr:state": "DF",
        "addr:country": "BR",
        "addr:postcode": "73070-056",
        "phone": "+55 61 3449-5692",
        "email": "gsap6.sob@saude.gov.br",
        "amenity": "clinic",
        "healthcare": "clinic",
        "name": "Unidade Básica de Saúde UBS 6 Vale das Acacias Sobradinho II",
        "short_name": "UBS UBS 6 Vale das Acacias Sobradinho II",
        "comment": "UBS"
      },
      "geometry": {
        "type": "Point",
        "coordinates": [
          -47.8364682,
          -15.6228508
        ]
      }
    },
    {
      "type": "Feature",
      "id": 957755,
      "properties": {
        "operator": "Governo do Estado (DF)",
        "operator:type": "public",
        "ref:CNES": "957755",
        "source": "cnes;datasus;dados_abertos_saude",
        "official_name": "UBS 7 BURITIZINHO SOBRADINHO II",
        "addr:street": "Rua Quadra 05 Area Especial A",
        "addr:housenumber": "01",
        "addr:suburb": "Sobradinho II",
        "addr:city": "Brasília",
        "addr:state": "DF",
        "addr:country": "BR",
        "addr:postcode": "73061-345",
        "phone": "+55 61 3449-5658",
        "email": "gsap3-sob.diraps@saude.de.gov.br",
        "amenity": "clinic",
        "healthcare": "clinic",
        "name": "Unidade Básica de Saúde UBS 7 Buritizinho Sobradinho II",
        "short_name": "UBS UBS 7 Buritizinho Sobradinho II",
        "comment": "UBS"
      },
      "geometry": {
        "type": "Point",
        "coordinates": [
          -47.8281426,
          -15.6513871
        ]
      }
    },
    {
      "type": "Feature",
      "id": 7075596,
      "properties": {
        "operator": "Governo do Estado (DF)",
        "operator:type": "public",
        "ref:CNES": "7075596",
        "source": "cnes;datasus;dados_abertos_saude",
        "official_name": "UBS 7 CAFE SEM TROCO PARANOA",
        "addr:street": "Rua Df 270 Km 2 Fazenda Santo Antonio",
        "addr:suburb": "Paranoa",
        "addr:city": "Brasília",
        "addr:state": "DF",
        "addr:country": "BR",
        "addr:postcode": "71570-990",
        "email": "gesfparanoa@gmail.com",
        "amenity": "clinic",
        "healthcare": "clinic",
        "name": "Unidade Básica de Saúde UBS 7 Cafe Sem Troco Paranoa",
        "short_name": "UBS UBS 7 Cafe Sem Troco Paranoa",
        "comment": "UBS"
      },
      "geometry": {
        "type": "Point",
        "coordinates": [
          -47.5802323,
          -15.9362382
        ]
      }
    },
    {
      "type": "Feature",
      "id": 11037,
      "properties": {
        "operator": "Governo do Estado (DF)",
        "operator:type": "public",
        "ref:CNES": "11037",
        "source": "cnes;datasus;dados_abertos_saude",
        "official_name": "UBS 7 CEILANDIA",
        "addr:street": "Rua Qno 10 Area Especial D e",
        "addr:housenumber": "10",
        "addr:suburb": "Setor O",
        "addr:city": "Brasília",
        "addr:state": "DF",
        "addr:country": "BR",
        "addr:postcode": "72255-000",
        "phone": "+55 61 2017-4481",
        "email": "gsap07cei.oeste@gmail.com",
        "amenity": "clinic",
        "healthcare": "clinic",
        "name": "Unidade Básica de Saúde UBS 7 Ceilandia",
        "short_name": "UBS UBS 7 Ceilandia",
        "comment": "UBS"
      },
      "geometry": {
        "type": "Point",
        "coordinates": [
          -48.131103,
          -15.795681
        ]
      }
    },
    {
      "type": "Feature",
      "id": 10898,
      "properties": {
        "operator": "Governo do Estado (DF)",
        "operator:type": "public",
        "ref:CNES": "10898",
        "source": "cnes;datasus;dados_abertos_saude",
        "official_name": "UBS 7 GAMA",
        "addr:street": "Rua Area Especial N 17",
        "addr:housenumber": "17",
        "addr:suburb": "Gama",
        "addr:city": "Brasília",
        "addr:state": "DF",
        "addr:country": "BR",
        "addr:postcode": "72405-170",
        "phone": "+55 61 3449-7391",
        "amenity": "clinic",
        "healthcare": "clinic",
        "name": "Unidade Básica de Saúde UBS 7 Gama",
        "short_name": "UBS UBS 7 Gama",
        "comment": "UBS"
      },
      "geometry": {
        "type": "Point",
        "coordinates": [
          -48.0675352,
          -16.0138112
        ]
      }
    },
    {
      "type": "Feature",
      "id": 11509,
      "properties": {
        "operator": "Governo do Estado (DF)",
        "operator:type": "public",
        "ref:CNES": "11509",
        "source": "cnes;datasus;dados_abertos_saude",
        "official_name": "UBS 7 INCRA 08 BRAZLANDIA",
        "addr:street": "Rua Quadra 15 Lote 02 Loja 01 Incra 08",
        "addr:suburb": "Incra 08",
        "addr:city": "Brasília",
        "addr:state": "DF",
        "addr:country": "BR",
        "addr:postcode": "72720-660",
        "phone": "+55 46 3540-1282",
        "email": "gsap03brz.oeste@gmail.com",
        "amenity": "clinic",
        "healthcare": "clinic",
        "name": "Unidade Básica de Saúde UBS 7 Incra 08 Brazlandia",
        "short_name": "UBS UBS 7 Incra 08 Brazlandia",
        "comment": "UBS"
      },
      "geometry": {
        "type": "Point",
        "coordinates": [
          -48.169646,
          -15.742424
        ]
      }
    },
    {
      "type": "Feature",
      "id": 2360233,
      "properties": {
        "operator": "Governo do Estado (DF)",
        "operator:type": "public",
        "ref:CNES": "2360233",
        "source": "cnes;datasus;dados_abertos_saude",
        "official_name": "UBS 7 JARDIM RORIZ PLANALTINA",
        "addr:street": "Rua Entrequadras 3 4 Area Especial",
        "addr:housenumber": "002",
        "addr:suburb": "Planaltina",
        "addr:city": "Brasília",
        "addr:state": "DF",
        "addr:country": "BR",
        "addr:postcode": "73340-340",
        "phone": "+55 61 3449-5871",
        "email": "gsap02.pl@saude.df.gov.br",
        "amenity": "clinic",
        "healthcare": "clinic",
        "name": "Unidade Básica de Saúde UBS 7 Jardim Roriz Planaltina",
        "short_name": "UBS UBS 7 Jardim Roriz Planaltina",
        "comment": "UBS"
      },
      "geometry": {
        "type": "Point",
        "coordinates": [
          -47.648301,
          -15.602834
        ]
      }
    },
    {
      "type": "Feature",
      "id": 3781402,
      "properties": {
        "operator": "Governo do Estado (DF)",
        "operator:type": "public",
        "ref:CNES": "3781402",
        "source": "cnes;datasus;dados_abertos_saude",
        "official_name": "UBS 7 MORRO DA CRUZ SAO SEBASTIAO",
        "addr:street": "Rua Chacara 10 Casa 03",
        "addr:housenumber": "10",
        "addr:suburb": "São Sebastiao",
        "addr:city": "Brasília",
        "addr:state": "DF",
        "addr:country": "BR",
        "addr:postcode": "71693-500",
        "phone": "+55 46 3335-1503",
        "email": "gerenciaapslestess3@gmail.com",
        "amenity": "clinic",
        "healthcare": "clinic",
        "name": "Unidade Básica de Saúde UBS 7 Morro da Cruz São Sebastiao",
        "short_name": "UBS UBS 7 Morro da Cruz São Sebastiao",
        "comment": "UBS"
      },
      "geometry": {
        "type": "Point",
        "coordinates": [
          -47.7722303,
          -15.9158792
        ]
      }
    },
    {
      "type": "Feature",
      "id": 3144569,
      "properties": {
        "operator": "Governo do Estado (DF)",
        "operator:type": "public",
        "ref:CNES": "3144569",
        "source": "cnes;datasus;dados_abertos_saude",
        "official_name": "UBS 7 SANTA MARIA",
        "addr:street": "Rua Av Brigadeiro Pinto de Moura",
        "addr:housenumber": "01",
        "addr:suburb": "Santa Maria",
        "addr:city": "Brasília",
        "addr:state": "DF",
        "addr:country": "BR",
        "addr:postcode": "72593-302",
        "phone": "+55 61 3449-7508",
        "email": "gsap6sm@gmail.com",
        "amenity": "clinic",
        "healthcare": "clinic",
        "name": "Unidade Básica de Saúde UBS 7 Santa Maria",
        "short_name": "UBS UBS 7 Santa Maria",
        "comment": "UBS"
      },
      "geometry": {
        "type": "Point",
        "coordinates": [
          -47.9881257,
          -15.9932109
        ]
      }
    },
    {
      "type": "Feature",
      "id": 7975295,
      "properties": {
        "operator": "Governo do Estado (DF)",
        "operator:type": "public",
        "ref:CNES": "7975295",
        "source": "cnes;datasus;dados_abertos_saude",
        "official_name": "UBS 8 CAVAS DE BAIXO SAO SEBASTIAO",
        "addr:street": "Rua Br 251 Km 29",
        "addr:suburb": "São Sebastiao",
        "addr:city": "Brasília",
        "addr:state": "DF",
        "addr:country": "BR",
        "addr:postcode": "71693-990",
        "phone": "+55 46 3335-1703",
        "email": "gerenciaapslestess3@gmail.com",
        "amenity": "clinic",
        "healthcare": "clinic",
        "name": "Unidade Básica de Saúde UBS 8 Cavas de Baixo São Sebastiao",
        "short_name": "UBS UBS 8 Cavas de Baixo São Sebastiao",
        "comment": "UBS"
      },
      "geometry": {
        "type": "Point",
        "coordinates": [
          -47.6966339,
          -15.9844925
        ]
      }
    },
    {
      "type": "Feature",
      "id": 11045,
      "properties": {
        "operator": "Governo do Estado (DF)",
        "operator:type": "public",
        "ref:CNES": "11045",
        "source": "cnes;datasus;dados_abertos_saude",
        "official_name": "UBS 8 CEILANDIA",
        "addr:street": "Rua Eqnp 13 17 Lotes A B C D P Norte",
        "addr:suburb": "Ceilandia Norte",
        "addr:city": "Brasília",
        "addr:state": "DF",
        "addr:country": "BR",
        "addr:postcode": "72241-540",
        "phone": "+55 61 3585-9880",
        "email": "gsap08cei.oeste@gmail.com",
        "amenity": "clinic",
        "healthcare": "clinic",
        "name": "Unidade Básica de Saúde UBS 8 Ceilandia",
        "short_name": "UBS UBS 8 Ceilandia",
        "comment": "UBS"
      },
      "geometry": {
        "type": "Point",
        "coordinates": [
          -48.130009,
          -15.806933
        ]
      }
    },
    {
      "type": "Feature",
      "id": 11630,
      "properties": {
        "operator": "Governo do Estado (DF)",
        "operator:type": "public",
        "ref:CNES": "11630",
        "source": "cnes;datasus;dados_abertos_saude",
        "official_name": "UBS 8 PADDF PARANOA",
        "addr:street": "Rua Colonia Agricola Br 251 Km 07",
        "addr:housenumber": "250",
        "addr:suburb": "Paranoa",
        "addr:city": "Brasília",
        "addr:state": "DF",
        "addr:country": "BR",
        "addr:postcode": "71586-000",
        "email": "gesfparanoa@gmail.com",
        "amenity": "clinic",
        "healthcare": "clinic",
        "name": "Unidade Básica de Saúde UBS 8 Paddf Paranoa",
        "short_name": "UBS UBS 8 Paddf Paranoa",
        "comment": "UBS"
      },
      "geometry": {
        "type": "Point",
        "coordinates": [
          -47.5584396,
          -16.0134068
        ]
      }
    },
    {
      "type": "Feature",
      "id": 7559194,
      "properties": {
        "operator": "Governo do Estado (DF)",
        "operator:type": "public",
        "ref:CNES": "7559194",
        "source": "cnes;datasus;dados_abertos_saude",
        "official_name": "UBS 8 SANTA MARIA",
        "addr:street": "Rua Eq 417 517 Modulo e",
        "addr:housenumber": "00",
        "addr:suburb": "Santa Maria",
        "addr:city": "Brasília",
        "addr:state": "DF",
        "addr:country": "BR",
        "addr:postcode": "72547-325",
        "phone": "+55 61 3449-7511",
        "amenity": "clinic",
        "healthcare": "clinic",
        "name": "Unidade Básica de Saúde UBS 8 Santa Maria",
        "short_name": "UBS UBS 8 Santa Maria",
        "comment": "UBS"
      },
      "geometry": {
        "type": "Point",
        "coordinates": [
          -47.9884154,
          -16.0143319
        ]
      }
    },
    {
      "type": "Feature",
      "id": 9571280,
      "properties": {
        "operator": "Governo do Estado (DF)",
        "operator:type": "public",
        "ref:CNES": "9571280",
        "source": "cnes;datasus;dados_abertos_saude",
        "official_name": "UBS 8 TORRE DE BRAZLANDIA",
        "addr:street": "Rua Radiobras Chacara St Helena Capela Rural Oeste",
        "addr:suburb": "Brazlandia",
        "addr:city": "Brasília",
        "addr:state": "DF",
        "addr:country": "BR",
        "addr:postcode": "72710-990",
        "email": "gsap03brz.oeste@gmail.com",
        "amenity": "clinic",
        "healthcare": "clinic",
        "name": "Unidade Básica de Saúde UBS 8 Torre de Brazlandia",
        "short_name": "UBS UBS 8 Torre de Brazlandia",
        "comment": "UBS"
      },
      "geometry": {
        "type": "Point",
        "coordinates": [
          -48.119977,
          -15.627231
        ]
      }
    },
    {
      "type": "Feature",
      "id": 5050359,
      "properties": {
        "operator": "Governo do Estado (DF)",
        "operator:type": "public",
        "ref:CNES": "5050359",
        "source": "cnes;datasus;dados_abertos_saude",
        "official_name": "UBS 8 VALE DO AMANHECER PLANALTINA",
        "addr:street": "Rua Area Especial",
        "addr:housenumber": "01",
        "addr:suburb": "Planaltina",
        "addr:city": "Brasília",
        "addr:state": "DF",
        "addr:country": "BR",
        "addr:postcode": "73370-096",
        "phone": "+55 61 3449-5875",
        "email": "gsap6-pla.diraps@saude.df.gov.br",
        "amenity": "clinic",
        "healthcare": "clinic",
        "name": "Unidade Básica de Saúde UBS 8 Vale do Amanhecer Planaltina",
        "short_name": "UBS UBS 8 Vale do Amanhecer Planaltina",
        "comment": "UBS"
      },
      "geometry": {
        "type": "Point",
        "coordinates": [
          -47.645447,
          -15.67114
        ]
      }
    },
    {
      "type": "Feature",
      "id": 11053,
      "properties": {
        "operator": "Governo do Estado (DF)",
        "operator:type": "public",
        "ref:CNES": "11053",
        "source": "cnes;datasus;dados_abertos_saude",
        "official_name": "UBS 9 CEILANDIA",
        "addr:street": "Rua Eqnp 28 32 Lotes A B C D",
        "addr:suburb": "Ceilandia Sul",
        "addr:city": "Brasília",
        "addr:state": "DF",
        "addr:country": "BR",
        "addr:postcode": "72235-571",
        "phone": "+55 61 3449-6201",
        "email": "gsap09cei.oeste@gmail.com",
        "amenity": "clinic",
        "healthcare": "clinic",
        "name": "Unidade Básica de Saúde UBS 9 Ceilandia",
        "short_name": "UBS UBS 9 Ceilandia",
        "comment": "UBS"
      },
      "geometry": {
        "type": "Point",
        "coordinates": [
          -48.123528,
          -15.846694
        ]
      }
    },
    {
      "type": "Feature",
      "id": 2779404,
      "properties": {
        "operator": "Governo do Estado (DF)",
        "operator:type": "public",
        "ref:CNES": "2779404",
        "source": "cnes;datasus;dados_abertos_saude",
        "official_name": "UBS 9 ENGENHO DAS LAGES GAMA",
        "addr:street": "Rua Libanio",
        "addr:housenumber": "13",
        "addr:suburb": "Gama",
        "addr:city": "Brasília",
        "addr:state": "DF",
        "addr:country": "BR",
        "addr:postcode": "72426-010",
        "phone": "+55 61 3449-7398",
        "amenity": "clinic",
        "healthcare": "clinic",
        "name": "Unidade Básica de Saúde UBS 9 Engenho das Lages Gama",
        "short_name": "UBS UBS 9 Engenho das Lages Gama",
        "comment": "UBS"
      },
      "geometry": {
        "type": "Point",
        "coordinates": [
          -48.253938,
          -16.0435347
        ]
      }
    },
    {
      "type": "Feature",
      "id": 3742873,
      "properties": {
        "operator": "Governo do Estado (DF)",
        "operator:type": "public",
        "ref:CNES": "3742873",
        "source": "cnes;datasus;dados_abertos_saude",
        "official_name": "UBS 9 RESIDENCIAL DO BOSQUE 1 SAO SEBASTIAO",
        "addr:street": "Rua da Escola 540",
        "addr:housenumber": "540",
        "addr:suburb": "São Sebastiao",
        "addr:city": "Brasília",
        "addr:state": "DF",
        "addr:country": "BR",
        "addr:postcode": "71693-168",
        "email": "gsap4ss@gmail.com",
        "amenity": "clinic",
        "healthcare": "clinic",
        "name": "Unidade Básica de Saúde UBS 9 Residencial do Bosque 1 São Sebastiao",
        "short_name": "UBS UBS 9 Residencial do Bosque 1 São Sebastiao",
        "comment": "UBS"
      },
      "geometry": {
        "type": "Point",
        "coordinates": [
          -47.7558319,
          -15.9050344
        ]
      }
    },
    {
      "type": "Feature",
      "id": 5789494,
      "properties": {
        "operator": "Governo do Estado (DF)",
        "operator:type": "public",
        "ref:CNES": "5789494",
        "source": "cnes;datasus;dados_abertos_saude",
        "official_name": "UBS 9 SANTA MARIA",
        "addr:street": "Avenida Alagados Cl 109",
        "addr:suburb": "Santa Maria",
        "addr:city": "Brasília",
        "addr:state": "DF",
        "addr:country": "BR",
        "addr:postcode": "72509-200",
        "email": "gsap05sm.sul@gmail.com",
        "amenity": "clinic",
        "healthcare": "clinic",
        "name": "Unidade Básica de Saúde UBS 9 Santa Maria",
        "short_name": "UBS UBS 9 Santa Maria",
        "comment": "UBS"
      },
      "geometry": {
        "type": "Point",
        "coordinates": [
          -48.0231285,
          -16.0188591
        ]
      }
    },
    {
      "type": "Feature",
      "id": 2672235,
      "properties": {
        "operator": "Governo do Estado (DF)",
        "operator:type": "public",
        "ref:CNES": "2672235",
        "source": "cnes;datasus;dados_abertos_saude",
        "official_name": "UBS 9 SANTOS DUMONT PLANALTINA",
        "addr:street": "Rua Nucleo Rural Santos Dumont Df 130 Km 25",
        "addr:suburb": "Planaltina",
        "addr:city": "Brasília",
        "addr:state": "DF",
        "addr:country": "BR",
        "addr:postcode": "73310-000",
        "phone": "+55 61 3449-5879",
        "email": "gsap6-pla.diraps@saude.df.gov.br",
        "amenity": "clinic",
        "healthcare": "clinic",
        "name": "Unidade Básica de Saúde UBS 9 Santos Dumont Planaltina",
        "short_name": "UBS UBS 9 Santos Dumont Planaltina",
        "comment": "UBS"
      },
      "geometry": {
        "type": "Point",
        "coordinates": [
          -47.6482898,
          -15.6792686
        ]
      }
    },
    {
      "type": "Feature",
      "id": 9548203,
      "properties": {
        "operator": "Governo do Estado (DF)",
        "operator:type": "public",
        "ref:CNES": "9548203",
        "source": "cnes;datasus;dados_abertos_saude",
        "official_name": "UBS 9 ZONA RURAL DE BRAZLANDIA",
        "addr:street": "Rua Incra 8 Caag Q 15",
        "addr:suburb": "Brazlandia",
        "addr:city": "Brasília",
        "addr:state": "DF",
        "addr:country": "BR",
        "addr:postcode": "72760-120",
        "email": "gsap03brz.oeste@gmail.com",
        "amenity": "clinic",
        "healthcare": "clinic",
        "name": "Unidade Básica de Saúde UBS 9 Zona Rural de Brazlandia",
        "short_name": "UBS UBS 9 Zona Rural de Brazlandia",
        "comment": "UBS"
      },
      "geometry": {
        "type": "Point",
        "coordinates": [
          -48.170263,
          -15.743074
        ]
      }
    },
    {
      "type": "Feature",
      "id": 9276920,
      "properties": {
        "operator": "Governo do Estado (DF)",
        "operator:type": "public",
        "ref:CNES": "9276920",
        "source": "cnes;datasus;dados_abertos_saude",
        "official_name": "CMED PMDF",
        "addr:street": "Rua Saiso Ae",
        "addr:housenumber": "04",
        "addr:suburb": "Asa Sul",
        "addr:city": "Brasília",
        "addr:state": "DF",
        "addr:country": "BR",
        "addr:postcode": "70610-200",
        "phone": "+55 46 3190-7211",
        "email": "cnescmedpmdf@gmail.com",
        "amenity": "clinic",
        "healthcare": "rehabilitation",
        "name": "Serviço de Reabilitação Física Nível Intermediário",
        "comment": "Reabilitação Física"
      },
      "geometry": {
        "type": "Point",
        "coordinates": [
          -47.905143,
          -15.795832
        ]
      }
    },
    {
      "type": "Feature",
      "id": 989916,
      "properties": {
        "operator": "Prefeitura Municipal de Brasília",
        "operator:type": "public",
        "ref:CNES": "989916",
        "source": "cnes;datasus;dados_abertos_saude",
        "official_name": "CSAUD",
        "addr:street": "Rua Setor de Autarquias Sul Quadra 01",
        "addr:suburb": "Setor de Autarquias",
        "addr:city": "Brasília",
        "addr:state": "DF",
        "addr:country": "BR",
        "addr:postcode": "70098-900",
        "phone": "+55 61 3313-9273",
        "email": "csaud@stm.jus.br",
        "amenity": "clinic",
        "healthcare": "rehabilitation",
        "name": "Serviço de Reabilitação Física Nível Intermediário",
        "comment": "Reabilitação Física"
      },
      "geometry": {
        "type": "Point",
        "coordinates": [
          -47.8803062,
          -15.800017
        ]
      }
    },
    {
      "type": "Feature",
      "id": 181552,
      "properties": {
        "operator": "Prefeitura Municipal de Brasília",
        "operator:type": "public",
        "ref:CNES": "181552",
        "source": "cnes;datasus;dados_abertos_saude",
        "official_name": "DEPARTAMENTO DE ATENCAO A SAUDE CAMARA DOS DEPUTADOS",
        "addr:street": "Rua Praca dos Tres Poderes",
        "addr:suburb": "Zona Civico Administ",
        "addr:city": "Brasília",
        "addr:state": "DF",
        "addr:country": "BR",
        "addr:postcode": "70160-900",
        "phone": "+55 61 3216-7801",
        "email": "demed@camara.leg.br",
        "amenity": "clinic",
        "healthcare": "rehabilitation",
        "name": "Serviço de Reabilitação Física Nível Intermediário",
        "comment": "Reabilitação Física"
      },
      "geometry": {
        "type": "Point",
        "coordinates": [
          -47.8661227,
          -15.8011732
        ]
      }
    },
    {
      "type": "Feature",
      "id": 6678505,
      "properties": {
        "operator": "Prefeitura Municipal de Brasília",
        "operator:type": "public",
        "ref:CNES": "6678505",
        "source": "cnes;datasus;dados_abertos_saude",
        "official_name": "DEPARTAMENTO DE ATENCAO A SAUDE MINISTERIO PUBLICO MILITAR",
        "addr:street": "Rua Setor de Embaixadas Norte Lote",
        "addr:housenumber": "43",
        "addr:suburb": "Asa Norte",
        "addr:city": "Brasília",
        "addr:state": "DF",
        "addr:country": "BR",
        "addr:postcode": "70800-400",
        "amenity": "clinic",
        "healthcare": "rehabilitation",
        "name": "Serviço de Reabilitação Física Nível Intermediário",
        "comment": "Reabilitação Física"
      },
      "geometry": {
        "type": "Point",
        "coordinates": [
          -47.8626251,
          -15.7911799
        ]
      }
    },
    {
      "type": "Feature",
      "id": 9778144,
      "properties": {
        "operator": "Governo do Estado (DF)",
        "operator:type": "public",
        "ref:CNES": "9778144",
        "source": "cnes;datasus;dados_abertos_saude",
        "official_name": "POLICLINICA ASA NORTE",
        "addr:street": "Rua Smhn Q 1",
        "addr:suburb": "Asa Norte",
        "addr:city": "Brasília",
        "addr:state": "DF",
        "addr:country": "BR",
        "addr:postcode": "70710-100",
        "email": "gsas1.hran@gmail.com",
        "amenity": "clinic",
        "healthcare": "rehabilitation",
        "name": "Serviço de Reabilitação Física Nível Intermediário",
        "comment": "Reabilitação Física"
      },
      "geometry": {
        "type": "Point",
        "coordinates": [
          -47.8845133,
          -15.7848919
        ]
      }
    },
    {
      "type": "Feature",
      "id": 9516204,
      "properties": {
        "operator": "Governo do Estado (DF)",
        "operator:type": "public",
        "ref:CNES": "9516204",
        "source": "cnes;datasus;dados_abertos_saude",
        "official_name": "POLICLINICA DA ATENCAO SECUNDARIA DE SAO SEBASTIAO",
        "addr:street": "Rua Centro de Multiplas Atividades Conj",
        "addr:housenumber": "10",
        "addr:city": "Brasília",
        "addr:state": "DF",
        "addr:country": "BR",
        "addr:postcode": "71691-081",
        "phone": "+55 61 2017-6377",
        "email": "gpmadiraseleste@gmail.com",
        "amenity": "clinic",
        "healthcare": "rehabilitation",
        "name": "Serviço de Reabilitação Física Nível Intermediário",
        "comment": "Reabilitação Física"
      },
      "geometry": {
        "type": "Point",
        "coordinates": [
          -47.7725995,
          -15.9024309
        ]
      }
    },
    {
      "type": "Feature",
      "id": 9516212,
      "properties": {
        "operator": "Governo do Estado (DF)",
        "operator:type": "public",
        "ref:CNES": "9516212",
        "source": "cnes;datasus;dados_abertos_saude",
        "official_name": "POLICLINICA DA ATENCAO SECUNDARIA PARANOA",
        "addr:street": "Rua Setor Hospitalar Quadra 2 Conjunto K",
        "addr:housenumber": "1",
        "addr:suburb": "Paranoa",
        "addr:city": "Brasília",
        "addr:state": "DF",
        "addr:country": "BR",
        "addr:postcode": "71570-903",
        "phone": "+55 61 2017-1571",
        "email": "gpmadiraseleste@gmail.com",
        "amenity": "clinic",
        "healthcare": "rehabilitation",
        "name": "Serviço de Reabilitação Física Nível Intermediário",
        "comment": "Reabilitação Física"
      },
      "geometry": {
        "type": "Point",
        "coordinates": [
          -47.9303026,
          -15.7798852
        ]
      }
    },
    {
      "type": "Feature",
      "id": 5692873,
      "properties": {
        "operator": "Governo do Estado (DF)",
        "operator:type": "public",
        "ref:CNES": "5692873",
        "source": "cnes;datasus;dados_abertos_saude",
        "official_name": "POLICLINICA DA POLICIA CIVIL DO DISTRITO FEDERAL",
        "addr:street": "Rua Sgas 915",
        "addr:housenumber": "915",
        "addr:suburb": "Brasilia",
        "addr:city": "Brasília",
        "addr:state": "DF",
        "addr:country": "BR",
        "addr:postcode": "70390-150",
        "phone": "+55 61 3207-5851",
        "email": "policlinica-informatica@pcdf.df.gov.br",
        "amenity": "clinic",
        "healthcare": "rehabilitation",
        "name": "Serviço de Reabilitação Física Nível Intermediário",
        "comment": "Reabilitação Física"
      },
      "geometry": {
        "type": "Point",
        "coordinates": [
          -47.9278511,
          -15.8235893
        ]
      }
    },
    {
      "type": "Feature",
      "id": 9578536,
      "properties": {
        "operator": "Governo do Estado (DF)",
        "operator:type": "public",
        "ref:CNES": "9578536",
        "source": "cnes;datasus;dados_abertos_saude",
        "official_name": "POLICLINICA DA REGIAO OESTE UNIDADE BRAZLANDIA",
        "addr:street": "Rua Area Especial Numero 1 Setor Tradicional",
        "addr:housenumber": "1",
        "addr:suburb": "Brazlandia",
        "addr:city": "Brasília",
        "addr:state": "DF",
        "addr:country": "BR",
        "addr:postcode": "72720-901",
        "phone": "+55 61 98494-5662",
        "amenity": "clinic",
        "healthcare": "rehabilitation",
        "name": "Serviço de Reabilitação Física Nível Intermediário",
        "comment": "Reabilitação Física"
      },
      "geometry": {
        "type": "Point",
        "coordinates": [
          -48.2011414,
          -15.6844437
        ]
      }
    },
    {
      "type": "Feature",
      "id": 9578544,
      "properties": {
        "operator": "Governo do Estado (DF)",
        "operator:type": "public",
        "ref:CNES": "9578544",
        "source": "cnes;datasus;dados_abertos_saude",
        "official_name": "POLICLINICA DA REGIAO OESTE UNIDADE CEILANDIA I",
        "addr:street": "Rua Qnn 16 Conjunto A Lote F",
        "addr:housenumber": "01",
        "addr:suburb": "Ceilandia",
        "addr:city": "Brasília",
        "addr:state": "DF",
        "addr:country": "BR",
        "addr:postcode": "72220-161",
        "email": "ambulatorio01@gmail.com",
        "amenity": "clinic",
        "healthcare": "rehabilitation",
        "name": "Serviço de Reabilitação Física Nível Intermediário",
        "comment": "Reabilitação Física"
      },
      "geometry": {
        "type": "Point",
        "coordinates": [
          -48.103286,
          -15.8296006
        ]
      }
    },
    {
      "type": "Feature",
      "id": 9578501,
      "properties": {
        "operator": "Governo do Estado (DF)",
        "operator:type": "public",
        "ref:CNES": "9578501",
        "source": "cnes;datasus;dados_abertos_saude",
        "official_name": "POLICLINICA DA REGIAO OESTE UNIDADE CEILANDIA II",
        "addr:street": "Rua Qnm 27 Area Especial Numero 1",
        "addr:housenumber": "1",
        "addr:suburb": "Ceilandia",
        "addr:city": "Brasília",
        "addr:state": "DF",
        "addr:country": "BR",
        "addr:postcode": "72215-170",
        "phone": "+55 61 3471-9211",
        "email": "ambulatorio01@gmail.com",
        "amenity": "clinic",
        "healthcare": "rehabilitation",
        "name": "Serviço de Reabilitação Física Nível Intermediário",
        "comment": "Reabilitação Física"
      },
      "geometry": {
        "type": "Point",
        "coordinates": [
          -48.0972004,
          -15.8142216
        ]
      }
    },
    {
      "type": "Feature",
      "id": 9505709,
      "properties": {
        "operator": "Governo do Estado (DF)",
        "operator:type": "public",
        "ref:CNES": "9505709",
        "source": "cnes;datasus;dados_abertos_saude",
        "official_name": "POLICLINICA DE PLANALTINA",
        "addr:street": "Rua Area Especial Entre Vias Ns 01 Wl04",
        "addr:suburb": "Planaltina",
        "addr:city": "Brasília",
        "addr:state": "DF",
        "addr:country": "BR",
        "addr:postcode": "73310-000",
        "phone": "+55 61 3389-4408",
        "email": "policlinica.norte.pl@gmail.com",
        "amenity": "clinic",
        "healthcare": "rehabilitation",
        "name": "Serviço de Reabilitação Física Nível Intermediário",
        "comment": "Reabilitação Física"
      },
      "geometry": {
        "type": "Point",
        "coordinates": [
          -47.652423,
          -15.624576
        ]
      }
    },
    {
      "type": "Feature",
      "id": 9561579,
      "properties": {
        "operator": "Governo do Estado (DF)",
        "operator:type": "public",
        "ref:CNES": "9561579",
        "source": "cnes;datasus;dados_abertos_saude",
        "official_name": "POLICLINICA DE SAMAMBAIA",
        "addr:street": "Rua Qs 614 Conjunto C Lotes",
        "addr:suburb": "Samambaia Norte",
        "addr:city": "Brasília",
        "addr:state": "DF",
        "addr:country": "BR",
        "addr:postcode": "72322-583",
        "phone": "3449-4000 - 6877",
        "email": "srsso.gsas1@gmail.com",
        "amenity": "clinic",
        "healthcare": "rehabilitation",
        "name": "Serviço de Reabilitação Física Nível Intermediário",
        "comment": "Reabilitação Física"
      },
      "geometry": {
        "type": "Point",
        "coordinates": [
          -48.0998504,
          -15.8835476
        ]
      }
    },
    {
      "type": "Feature",
      "id": 9414754,
      "properties": {
        "operator": "Governo do Estado (DF)",
        "operator:type": "public",
        "ref:CNES": "9414754",
        "source": "cnes;datasus;dados_abertos_saude",
        "official_name": "POLICLINICA DE SOBRADINHO",
        "addr:street": "Rua Sobradinho Area Especial Quadra 12 Conjunto D",
        "addr:suburb": "Sobradinho",
        "addr:city": "Brasília",
        "addr:state": "DF",
        "addr:country": "BR",
        "addr:postcode": "73020-412",
        "phone": "+55 46 3487-9200",
        "email": "policlinicasobradinho@gmail.com",
        "amenity": "clinic",
        "healthcare": "rehabilitation",
        "name": "Serviço de Reabilitação Física Nível Intermediário",
        "comment": "Reabilitação Física"
      },
      "geometry": {
        "type": "Point",
        "coordinates": [
          -47.7922922,
          -15.6486571
        ]
      }
    },
    {
      "type": "Feature",
      "id": 10588,
      "properties": {
        "operator": "Governo do Estado (DF)",
        "operator:type": "public",
        "ref:CNES": "10588",
        "source": "cnes;datasus;dados_abertos_saude",
        "official_name": "POLICLINICA DE TAGUATINGA",
        "addr:street": "Rua C 12 Area Especial",
        "addr:housenumber": "1",
        "addr:suburb": "Taguatinga",
        "addr:city": "Brasília",
        "addr:state": "DF",
        "addr:country": "BR",
        "addr:postcode": "72155-000",
        "phone": "+55 46 3449-6531",
        "email": "gsas3.srsso@gmail.com",
        "amenity": "clinic",
        "healthcare": "rehabilitation",
        "name": "Serviço de Reabilitação Física Nível Intermediário",
        "comment": "Reabilitação Física"
      },
      "geometry": {
        "type": "Point",
        "coordinates": [
          -48.0597809,
          -15.8350131
        ]
      }
    },
    {
      "type": "Feature",
      "id": 9621709,
      "properties": {
        "operator": "Governo do Estado (DF)",
        "operator:type": "public",
        "ref:CNES": "9621709",
        "source": "cnes;datasus;dados_abertos_saude",
        "official_name": "POLICLINICA DE TAGUATINGA UNIDADE II",
        "addr:street": "Rua St C Norte Area Especial 24",
        "addr:housenumber": "24",
        "addr:suburb": "Taguatinga Norte",
        "addr:city": "Brasília",
        "addr:state": "DF",
        "addr:country": "BR",
        "addr:postcode": "72155-000",
        "phone": "+55 46 3449-6694",
        "email": "gsas2srsso@gmail.com",
        "amenity": "clinic",
        "healthcare": "rehabilitation",
        "name": "Serviço de Reabilitação Física Nível Intermediário",
        "comment": "Reabilitação Física"
      },
      "geometry": {
        "type": "Point",
        "coordinates": [
          -48.0688119,
          -15.8211067
        ]
      }
    },
    {
      "type": "Feature",
      "id": 5598575,
      "properties": {
        "operator": "Governo do Estado (DF)",
        "operator:type": "public",
        "ref:CNES": "5598575",
        "source": "cnes;datasus;dados_abertos_saude",
        "official_name": "POLICLINICA DO GAMA",
        "addr:street": "Rua Area Especial 01 Praca 02",
        "addr:housenumber": "14",
        "addr:suburb": "Setor Central",
        "addr:city": "Brasília",
        "addr:state": "DF",
        "addr:country": "BR",
        "addr:postcode": "72405-125",
        "phone": "+55 46 3484-1611",
        "email": "policlinicagamases@gmail.com",
        "amenity": "clinic",
        "healthcare": "rehabilitation",
        "name": "Serviço de Reabilitação Física Nível Intermediário",
        "comment": "Reabilitação Física"
      },
      "geometry": {
        "type": "Point",
        "coordinates": [
          -48.0682969,
          -16.0189416
        ]
      }
    },
    {
      "type": "Feature",
      "id": 9620311,
      "properties": {
        "operator": "Governo do Estado (DF)",
        "operator:type": "public",
        "ref:CNES": "9620311",
        "source": "cnes;datasus;dados_abertos_saude",
        "official_name": "POLICLINICA GUARA I",
        "addr:street": "Rua Qi 06 Area Especial Lote C",
        "addr:suburb": "Guara I",
        "addr:city": "Brasília",
        "addr:state": "DF",
        "addr:country": "BR",
        "addr:postcode": "71010-006",
        "phone": "(61) 3449-5007/ 5008",
        "email": "gerenciagsas2guara@gmail.com",
        "amenity": "clinic",
        "healthcare": "rehabilitation",
        "name": "Serviço de Reabilitação Física Nível Intermediário",
        "comment": "Reabilitação Física"
      },
      "geometry": {
        "type": "Point",
        "coordinates": [
          -47.9863071,
          -15.817979
        ]
      }
    },
    {
      "type": "Feature",
      "id": 9578277,
      "properties": {
        "operator": "Governo do Estado (DF)",
        "operator:type": "public",
        "ref:CNES": "9578277",
        "source": "cnes;datasus;dados_abertos_saude",
        "official_name": "POLICLINICA LAGO SUL",
        "addr:street": "Rua Shis Qi 21 23",
        "addr:housenumber": "1",
        "addr:suburb": "Lago Sul",
        "addr:city": "Brasília",
        "addr:state": "DF",
        "addr:country": "BR",
        "addr:postcode": "71655-200",
        "phone": "+55 61 3366-3882",
        "email": "csb1405@gmail.com",
        "amenity": "clinic",
        "healthcare": "rehabilitation",
        "name": "Serviço de Reabilitação Física Nível Intermediário",
        "comment": "Reabilitação Física"
      },
      "geometry": {
        "type": "Point",
        "coordinates": [
          -47.8544068,
          -15.846715
        ]
      }
    },
    {
      "type": "Feature",
      "id": 9548858,
      "properties": {
        "operator": "Governo do Estado (DF)",
        "operator:type": "public",
        "ref:CNES": "9548858",
        "source": "cnes;datasus;dados_abertos_saude",
        "official_name": "POLICLINICA NUCLEO BANDEIRANTE",
        "addr:street": "Rua Terceira Avenida Area Especial",
        "addr:suburb": "Nucleo Bandeirante",
        "addr:city": "Brasília",
        "addr:state": "DF",
        "addr:country": "BR",
        "addr:postcode": "71720-585",
        "phone": "(61) 3349-5013/ 5014",
        "email": "gerenciagsas2guara@gmail.com",
        "amenity": "clinic",
        "healthcare": "rehabilitation",
        "name": "Serviço de Reabilitação Física Nível Intermediário",
        "comment": "Reabilitação Física"
      },
      "geometry": {
        "type": "Point",
        "coordinates": [
          -47.9655147,
          -15.870576
        ]
      }
    },
    {
      "type": "Feature",
      "id": 9548866,
      "properties": {
        "operator": "Governo do Estado (DF)",
        "operator:type": "public",
        "ref:CNES": "9548866",
        "source": "cnes;datasus;dados_abertos_saude",
        "official_name": "POLICLINICA RIACHO FUNDO I UNIDADE I",
        "addr:street": "Rua Qs 16 Area Especial 14 e Area Especial",
        "addr:housenumber": "15",
        "addr:suburb": "Riacho Fundo I",
        "addr:city": "Brasília",
        "addr:state": "DF",
        "addr:country": "BR",
        "addr:postcode": "71825-600",
        "phone": "(61) 3449-5018/ 5019",
        "email": "gsas1.dirasecentrosul@gmail.com",
        "amenity": "clinic",
        "healthcare": "rehabilitation",
        "name": "Serviço de Reabilitação Física Nível Intermediário",
        "comment": "Reabilitação Física"
      },
      "geometry": {
        "type": "Point",
        "coordinates": [
          -48.0101037,
          -15.8811639
        ]
      }
    },
    {
      "type": "Feature",
      "id": 9620338,
      "properties": {
        "operator": "Governo do Estado (DF)",
        "operator:type": "public",
        "ref:CNES": "9620338",
        "source": "cnes;datasus;dados_abertos_saude",
        "official_name": "POLICLINICA RIACHO FUNDO I UNIDADE II",
        "addr:street": "Rua Epnb Km 04 Area Especial S N Av Sucupira",
        "addr:suburb": "Riacho Fundo",
        "addr:city": "Brasília",
        "addr:state": "DF",
        "addr:country": "BR",
        "addr:postcode": "71825-300",
        "phone": "(61) 3449-5021/ 5022",
        "email": "gsas1.dirasecentrosul@gmail.com",
        "amenity": "clinic",
        "healthcare": "rehabilitation",
        "name": "Serviço de Reabilitação Física Nível Intermediário",
        "comment": "Reabilitação Física"
      },
      "geometry": {
        "type": "Point",
        "coordinates": [
          -48.0352628,
          -15.8911321
        ]
      }
    },
    {
      "type": "Feature",
      "id": 9359648,
      "properties": {
        "operator": "Governo do Estado (DF)",
        "operator:type": "public",
        "ref:CNES": "9359648",
        "source": "cnes;datasus;dados_abertos_saude",
        "official_name": "SUBSAUDE",
        "addr:street": "Rua Scs Qd 09 Lote C Bloco A 1 Subsolo",
        "addr:suburb": "Asa Sul",
        "addr:city": "Brasília",
        "addr:state": "DF",
        "addr:country": "BR",
        "addr:postcode": "70308-200",
        "phone": "+55 61 3347-5092",
        "email": "luiza.barreiros@economia.df.gov.br",
        "amenity": "clinic",
        "healthcare": "rehabilitation",
        "name": "Serviço de Reabilitação Física Nível Intermediário",
        "comment": "Reabilitação Física"
      },
      "geometry": {
        "type": "Point",
        "coordinates": [
          -47.9091,
          -15.8002
        ]
      }
    },
    {
      "type": "Feature",
      "id": 298514,
      "properties": {
        "operator": "Prefeitura Municipal de Brasília",
        "operator:type": "public",
        "ref:CNES": "298514",
        "source": "cnes;datasus;dados_abertos_saude",
        "official_name": "TRIBUNAL REGIONAL DO TRABALHO 10 REGIAO",
        "addr:street": "Rua Sas Qd 01 Bloco D Praca dos Tribunais Superiores",
        "addr:suburb": "Asa Sul",
        "addr:city": "Brasília",
        "addr:state": "DF",
        "addr:country": "BR",
        "addr:postcode": "70097-900",
        "phone": "+55 61 3348-1188",
        "email": "saude@trt10.jus.br",
        "amenity": "clinic",
        "healthcare": "rehabilitation",
        "name": "Serviço de Reabilitação Física Nível Intermediário",
        "comment": "Reabilitação Física"
      },
      "geometry": {
        "type": "Point",
        "coordinates": [
          -47.8794783,
          -15.7986882
        ]
      }
    },
    {
      "type": "Feature",
      "id": 10561,
      "properties": {
        "operator": "Prefeitura Municipal de Brasília",
        "operator:type": "public",
        "ref:CNES": "10561",
        "source": "cnes;datasus;dados_abertos_saude",
        "official_name": "HFA",
        "addr:street": "Rua Hfa S N",
        "addr:suburb": "Setor Sudoeste",
        "addr:city": "Brasília",
        "addr:state": "DF",
        "addr:country": "BR",
        "addr:postcode": "70673-900",
        "phone": "+55 61 3966-2141",
        "email": "gabinete@hfa.mil.br",
        "amenity": "clinic",
        "healthcare": "clinic",
        "name": "Hfa",
        "comment": "Outros Serviços de Saúde"
      },
      "geometry": {
        "type": "Point",
        "coordinates": [
          -48.06203,
          -15.80876
        ]
      }
    },
    {
      "type": "Feature",
      "id": 7161158,
      "properties": {
        "operator": "Prefeitura Municipal de Brasília",
        "operator:type": "public",
        "ref:CNES": "7161158",
        "source": "cnes;datasus;dados_abertos_saude",
        "official_name": "HMAB",
        "addr:street": "Rua Quadra Residencial de Oficiais",
        "addr:suburb": "Setor Militar Urbano",
        "addr:city": "Brasília",
        "addr:state": "DF",
        "addr:country": "BR",
        "addr:postcode": "70630-901",
        "phone": "+55 61 3234-1290",
        "email": "hgeb@pop.com.br",
        "amenity": "clinic",
        "healthcare": "clinic",
        "name": "Hmab",
        "comment": "Outros Serviços de Saúde"
      },
      "geometry": {
        "type": "Point",
        "coordinates": [
          -47.932282,
          -15.775442
        ]
      }
    },
    {
      "type": "Feature",
      "id": 5927579,
      "properties": {
        "operator": "Prefeitura Municipal de Brasília",
        "operator:type": "public",
        "ref:CNES": "5927579",
        "source": "cnes;datasus;dados_abertos_saude",
        "official_name": "HOSPITAL DE FORCA AEREA DE BRASILIA HFAB",
        "addr:street": "Rua Area Militar do Aeroporto de Brasilia",
        "addr:suburb": "Lago Sul",
        "addr:city": "Brasília",
        "addr:state": "DF",
        "addr:country": "BR",
        "addr:postcode": "71607-900",
        "phone": "+55 61 3364-7700",
        "email": "hfab.secretaria@fab.mil.br",
        "amenity": "clinic",
        "healthcare": "clinic",
        "name": "Hospital de Forca Aerea de Brasilia Hfab",
        "comment": "Outros Serviços de Saúde"
      },
      "geometry": {
        "type": "Point",
        "coordinates": [
          -47.9009056,
          -15.8691931
        ]
      }
    },
    {
      "type": "Feature",
      "id": 10537,
      "properties": {
        "operator": "Governo do Estado (DF)",
        "operator:type": "public",
        "ref:CNES": "10537",
        "source": "cnes;datasus;dados_abertos_saude",
        "official_name": "HOSPITAL MATERNO INFANTIL DR ANTONIO LISBOA",
        "addr:street": "Rua Av L2 Sul Quadra 608 Modula A",
        "addr:housenumber": "2",
        "addr:suburb": "Asa Sul",
        "addr:city": "Brasília",
        "addr:state": "DF",
        "addr:country": "BR",
        "addr:postcode": "70203-900",
        "phone": "+55 61 3445-7500",
        "email": "diretoria.hmib.centrosul@saude.df.gov.br",
        "amenity": "clinic",
        "healthcare": "clinic",
        "name": "Hospital Materno Infantil Dr Antonio Lisboa",
        "comment": "Outros Serviços de Saúde"
      },
      "geometry": {
        "type": "Point",
        "coordinates": [
          -47.8972328,
          -15.824457
        ]
      }
    },
    {
      "type": "Feature",
      "id": 6362729,
      "properties": {
        "operator": "Prefeitura Municipal de Brasília",
        "operator:type": "public",
        "ref:CNES": "6362729",
        "source": "cnes;datasus;dados_abertos_saude",
        "official_name": "HOSPITAL NAVAL DE BRASILIA",
        "addr:street": "Rua W 5 e Q 711 911 Sep Sul",
        "addr:housenumber": "01",
        "addr:suburb": "Asa Sul",
        "addr:city": "Brasília",
        "addr:state": "DF",
        "addr:country": "BR",
        "addr:postcode": "70310-500",
        "phone": "+55 61 3445-7303",
        "email": "hnbra.secom@marinha.mi.br",
        "amenity": "clinic",
        "healthcare": "clinic",
        "name": "Hospital Naval de Brasilia",
        "comment": "Outros Serviços de Saúde"
      },
      "geometry": {
        "type": "Point",
        "coordinates": [
          -47.9148316,
          -15.8149442
        ]
      }
    },
    {
      "type": "Feature",
      "id": 10480,
      "properties": {
        "operator": "Governo do Estado (DF)",
        "operator:type": "public",
        "ref:CNES": "10480",
        "source": "cnes;datasus;dados_abertos_saude",
        "official_name": "HOSPITAL REGIONAL DE CEILANDIA",
        "addr:street": "Rua Qnm Area Especial",
        "addr:suburb": "Ceilandia",
        "addr:city": "Brasília",
        "addr:state": "DF",
        "addr:country": "BR",
        "addr:postcode": "73340-793",
        "email": "das.drsc@gmail.com",
        "amenity": "clinic",
        "healthcare": "clinic",
        "name": "Hospital Regional de Ceilandia",
        "comment": "Outros Serviços de Saúde"
      },
      "geometry": {
        "type": "Point",
        "coordinates": [
          -48.0959344,
          -15.8155635
        ]
      }
    },
    {
      "type": "Feature",
      "id": 2814897,
      "properties": {
        "operator": "Governo do Estado (DF)",
        "operator:type": "public",
        "ref:CNES": "2814897",
        "source": "cnes;datasus;dados_abertos_saude",
        "official_name": "HOSPITAL REGIONAL DO GUARA I",
        "addr:street": "Rua Area Especial Qi",
        "addr:housenumber": "06",
        "addr:suburb": "Guara I",
        "addr:city": "Brasília",
        "addr:state": "DF",
        "addr:country": "BR",
        "addr:postcode": "71010-006",
        "phone": "+55 46 2017-3777",
        "email": "diretoria.hrgu.centrosul@gmail.com",
        "amenity": "clinic",
        "healthcare": "clinic",
        "name": "Hospital Regional do Guara I",
        "comment": "Outros Serviços de Saúde"
      },
      "geometry": {
        "type": "Point",
        "coordinates": [
          -47.933333,
          -15.783333
        ]
      }
    },
    {
      "type": "Feature",
      "id": 10510,
      "properties": {
        "operator": "Prefeitura Municipal de Brasília",
        "operator:type": "public",
        "ref:CNES": "10510",
        "source": "cnes;datasus;dados_abertos_saude",
        "official_name": "HOSPITAL UNIVERSITARIO DE BRASILIA",
        "addr:street": "Rua Sgan Quadra 605",
        "addr:suburb": "Asa Norte",
        "addr:city": "Brasília",
        "addr:state": "DF",
        "addr:country": "BR",
        "addr:postcode": "70310-500",
        "amenity": "clinic",
        "healthcare": "clinic",
        "name": "Hospital Universitario de Brasilia",
        "comment": "Outros Serviços de Saúde"
      },
      "geometry": {
        "type": "Point",
        "coordinates": [
          -47.8737831,
          -15.7714809
        ]
      }
    },
    {
      "type": "Feature",
      "id": 10464,
      "properties": {
        "operator": "Governo do Estado (DF)",
        "operator:type": "public",
        "ref:CNES": "10464",
        "source": "cnes;datasus;dados_abertos_saude",
        "official_name": "HRAN",
        "addr:street": "Rua Smhn Quadra",
        "addr:housenumber": "101",
        "addr:suburb": "Plano Piloto",
        "addr:city": "Brasília",
        "addr:state": "DF",
        "addr:country": "BR",
        "addr:postcode": "70710-100",
        "phone": "+55 46 61325-4300",
        "amenity": "clinic",
        "healthcare": "clinic",
        "name": "Hran",
        "comment": "Outros Serviços de Saúde"
      },
      "geometry": {
        "type": "Point",
        "coordinates": [
          -47.8827625,
          -15.7857462
        ]
      }
    },
    {
      "type": "Feature",
      "id": 10545,
      "properties": {
        "operator": "Governo do Estado (DF)",
        "operator:type": "public",
        "ref:CNES": "10545",
        "source": "cnes;datasus;dados_abertos_saude",
        "official_name": "HRBZ",
        "addr:street": "Rua Area Especial",
        "addr:housenumber": "06",
        "addr:suburb": "Setor Tradicional",
        "addr:city": "Brasília",
        "addr:state": "DF",
        "addr:country": "BR",
        "addr:postcode": "72720-660",
        "phone": "+55 61 3449-6392",
        "email": "gab.cgsbz@gmail.com",
        "amenity": "clinic",
        "healthcare": "clinic",
        "name": "Hrbz",
        "comment": "Outros Serviços de Saúde"
      },
      "geometry": {
        "type": "Point",
        "coordinates": [
          -48.2036304,
          -15.6751471
        ]
      }
    },
    {
      "type": "Feature",
      "id": 10472,
      "properties": {
        "operator": "Governo do Estado (DF)",
        "operator:type": "public",
        "ref:CNES": "10472",
        "source": "cnes;datasus;dados_abertos_saude",
        "official_name": "HRG",
        "addr:street": "Rua Area Especial",
        "addr:suburb": "Gama",
        "addr:city": "Brasília",
        "addr:state": "DF",
        "addr:country": "BR",
        "addr:postcode": "72405-901",
        "amenity": "clinic",
        "healthcare": "clinic",
        "name": "Hrg",
        "comment": "Outros Serviços de Saúde"
      },
      "geometry": {
        "type": "Point",
        "coordinates": [
          -48.0693269,
          -16.0232211
        ]
      }
    },
    {
      "type": "Feature",
      "id": 2645157,
      "properties": {
        "operator": "Governo do Estado (DF)",
        "operator:type": "public",
        "ref:CNES": "2645157",
        "source": "cnes;datasus;dados_abertos_saude",
        "official_name": "HRL",
        "addr:street": "Rua Qd 02 Conj K",
        "addr:housenumber": "1",
        "addr:suburb": "Paranoa",
        "addr:city": "Brasília",
        "addr:state": "DF",
        "addr:country": "BR",
        "addr:postcode": "71570-903",
        "phone": "+55 61 3349-5225",
        "email": "gab.hrpa@saude.df.gov.br",
        "amenity": "clinic",
        "healthcare": "clinic",
        "name": "Hrl",
        "comment": "Outros Serviços de Saúde"
      },
      "geometry": {
        "type": "Point",
        "coordinates": [
          -47.7823305,
          -15.7784811
        ]
      }
    },
    {
      "type": "Feature",
      "id": 10529,
      "properties": {
        "operator": "Governo do Estado (DF)",
        "operator:type": "public",
        "ref:CNES": "10529",
        "source": "cnes;datasus;dados_abertos_saude",
        "official_name": "HRPL",
        "addr:street": "Avenida W L 04",
        "addr:suburb": "Planaltina",
        "addr:city": "Brasília",
        "addr:state": "DF",
        "addr:country": "BR",
        "addr:postcode": "73310-000",
        "phone": "+55 61 3389-9169",
        "email": "da.hrpl@gmail.com",
        "amenity": "clinic",
        "healthcare": "clinic",
        "name": "Hrpl",
        "comment": "Outros Serviços de Saúde"
      },
      "geometry": {
        "type": "Point",
        "coordinates": [
          -47.6527476,
          -15.6249173
        ]
      }
    },
    {
      "type": "Feature",
      "id": 10502,
      "properties": {
        "operator": "Governo do Estado (DF)",
        "operator:type": "public",
        "ref:CNES": "10502",
        "source": "cnes;datasus;dados_abertos_saude",
        "official_name": "HRS",
        "addr:street": "Rua Quadra 12 Area Reservada",
        "addr:housenumber": "01",
        "addr:suburb": "Sobradinho",
        "addr:city": "Brasília",
        "addr:state": "DF",
        "addr:country": "BR",
        "addr:postcode": "73010-901",
        "phone": "+55 61 3487-9200",
        "email": "gab.cgss@hotmail.com",
        "amenity": "clinic",
        "healthcare": "clinic",
        "name": "Hrs",
        "comment": "Outros Serviços de Saúde"
      },
      "geometry": {
        "type": "Point",
        "coordinates": [
          -47.7926731,
          -15.6483704
        ]
      }
    },
    {
      "type": "Feature",
      "id": 2672197,
      "properties": {
        "operator": "Governo do Estado (DF)",
        "operator:type": "public",
        "ref:CNES": "2672197",
        "source": "cnes;datasus;dados_abertos_saude",
        "official_name": "HRSAM HOSPITAL REGIONAL DE SAMAMBAIA",
        "addr:street": "Rua Qs 614 Conjunto C",
        "addr:housenumber": "12",
        "addr:suburb": "Samambaia",
        "addr:city": "Brasília",
        "addr:state": "DF",
        "addr:country": "BR",
        "addr:postcode": "72322-583",
        "phone": "(61)20172200 R 3805",
        "email": "dhrsam.srsso@saude.df.gov.br",
        "amenity": "clinic",
        "healthcare": "clinic",
        "name": "Hrsam Hospital Regional de Samambaia",
        "comment": "Outros Serviços de Saúde"
      },
      "geometry": {
        "type": "Point",
        "coordinates": [
          -48.0730066,
          -15.8531584
        ]
      }
    },
    {
      "type": "Feature",
      "id": 10499,
      "properties": {
        "operator": "Governo do Estado (DF)",
        "operator:type": "public",
        "ref:CNES": "10499",
        "source": "cnes;datasus;dados_abertos_saude",
        "official_name": "HRT HOSPITAL REGIONAL DE TAGUATINGA",
        "addr:street": "Rua Setor C Norte",
        "addr:housenumber": "024",
        "addr:suburb": "Taguatinga",
        "addr:city": "Brasília",
        "addr:state": "DF",
        "addr:country": "BR",
        "addr:postcode": "72115-902",
        "phone": "+55 61 2017-1700",
        "email": "super.sudoeste.df@gmail.com",
        "amenity": "clinic",
        "healthcare": "clinic",
        "name": "Hrt Hospital Regional de Taguatinga",
        "comment": "Outros Serviços de Saúde"
      },
      "geometry": {
        "type": "Point",
        "coordinates": [
          -48.06721,
          -15.82273
        ]
      }
    },
    {
      "type": "Feature",
      "id": 6876617,
      "properties": {
        "operator": "Governo do Estado (DF)",
        "operator:type": "public",
        "ref:CNES": "6876617",
        "source": "cnes;datasus;dados_abertos_saude",
        "official_name": "HOSPITAL DA CRIANCA DE BRASILIA JOSE ALENCAR HCB",
        "addr:street": "Rua Aenw 3 Lote A Setor Noroeste",
        "addr:suburb": "Setor Noroeste",
        "addr:city": "Brasília",
        "addr:state": "DF",
        "addr:country": "BR",
        "addr:postcode": "70684-831",
        "phone": "610800 0022345",
        "email": "nec@hcb.org.br",
        "amenity": "clinic",
        "healthcare": "clinic",
        "name": "Hospital da Crianca de Brasilia Jose Alencar Hcb",
        "comment": "Outros Serviços de Saúde"
      },
      "geometry": {
        "type": "Point",
        "coordinates": [
          -47.917222,
          -15.758889
        ]
      }
    },
    {
      "type": "Feature",
      "id": 2649527,
      "properties": {
        "operator": "Governo do Estado (DF)",
        "operator:type": "public",
        "ref:CNES": "2649527",
        "source": "cnes;datasus;dados_abertos_saude",
        "official_name": "HOSPITAL DE APOIO DE BRASILIA HAB",
        "addr:street": "Rua Area Especial Noroeste W",
        "addr:housenumber": "03",
        "addr:suburb": "Noroeste",
        "addr:city": "Brasília",
        "addr:state": "DF",
        "addr:country": "BR",
        "addr:postcode": "70684-831",
        "phone": "+55 61 3344-3032",
        "email": "dgdas.hab@gmail.com",
        "amenity": "clinic",
        "healthcare": "clinic",
        "name": "Hospital de Apoio de Brasilia Hab",
        "comment": "Outros Serviços de Saúde"
      },
      "geometry": {
        "type": "Point",
        "coordinates": [
          -47.9155397,
          -15.7581819
        ]
      }
    },
    {
      "type": "Feature",
      "id": 10618,
      "properties": {
        "operator": "Governo do Estado (DF)",
        "operator:type": "public",
        "ref:CNES": "10618",
        "source": "cnes;datasus;dados_abertos_saude",
        "official_name": "HOSPITAL SAO VICENTE DE PAULO HSVP",
        "addr:street": "Rua St C Sul Qsc Ae Taguatinga Sul",
        "addr:housenumber": "01",
        "addr:suburb": "Taguatinga Centro",
        "addr:city": "Brasília",
        "addr:state": "DF",
        "addr:country": "BR",
        "addr:postcode": "72016-010",
        "phone": "+55 61 3449-7788",
        "email": "ncaishsvp@saude.df.gov.br",
        "amenity": "clinic",
        "healthcare": "clinic",
        "name": "Hospital São Vicente de Paulo Hsvp",
        "comment": "Outros Serviços de Saúde"
      },
      "geometry": {
        "type": "Point",
        "coordinates": [
          -48.0599284,
          -15.8365691
        ]
      }
    },
    {
      "type": "Feature",
      "id": 7740603,
      "properties": {
        "operator": "Governo do Estado (DF)",
        "operator:type": "public",
        "ref:CNES": "7740603",
        "source": "cnes;datasus;dados_abertos_saude",
        "official_name": "UIBRA",
        "addr:street": "Rua Setor Norte Ae N 01 Lote K",
        "addr:housenumber": "001",
        "addr:suburb": "Brazlandia",
        "addr:city": "Brasília",
        "addr:state": "DF",
        "addr:country": "BR",
        "addr:postcode": "72705-532",
        "phone": "+55 61 2244-1449",
        "amenity": "clinic",
        "healthcare": "clinic",
        "name": "Uibra",
        "comment": "Outros Serviços de Saúde"
      },
      "geometry": {
        "type": "Point",
        "coordinates": [
          -48.2010448,
          -15.645829
        ]
      }
    },
    {
      "type": "Feature",
      "id": 5663237,
      "properties": {
        "operator": "Governo do Estado (DF)",
        "operator:type": "public",
        "ref:CNES": "5663237",
        "source": "cnes;datasus;dados_abertos_saude",
        "official_name": "UIFG",
        "addr:street": "Estrada Vicinal Df 361 Ae N 02",
        "addr:housenumber": "02",
        "addr:suburb": "Gama",
        "addr:city": "Brasília",
        "addr:state": "DF",
        "addr:country": "BR",
        "addr:postcode": "72551-260",
        "phone": "+55 61 2244-1444",
        "amenity": "clinic",
        "healthcare": "clinic",
        "name": "Uifg",
        "comment": "Outros Serviços de Saúde"
      },
      "geometry": {
        "type": "Point",
        "coordinates": [
          -48.0336696,
          -15.9995227
        ]
      }
    },
    {
      "type": "Feature",
      "id": 6216005,
      "properties": {
        "operator": "Governo do Estado (DF)",
        "operator:type": "public",
        "ref:CNES": "6216005",
        "source": "cnes;datasus;dados_abertos_saude",
        "official_name": "UIP",
        "addr:street": "Rua Quadra 44 45 Ae Sn",
        "addr:housenumber": "44 45",
        "addr:suburb": "Planaltina",
        "addr:city": "Brasília",
        "addr:state": "DF",
        "addr:country": "BR",
        "addr:postcode": "73342-010",
        "phone": "+55 61 2244-1209",
        "amenity": "clinic",
        "healthcare": "clinic",
        "name": "Uip",
        "comment": "Outros Serviços de Saúde"
      },
      "geometry": {
        "type": "Point",
        "coordinates": [
          -47.6644501,
          -15.6404953
        ]
      }
    },
    {
      "type": "Feature",
      "id": 7765932,
      "properties": {
        "operator": "Governo do Estado (DF)",
        "operator:type": "public",
        "ref:CNES": "7765932",
        "source": "cnes;datasus;dados_abertos_saude",
        "official_name": "UIPSS",
        "addr:street": "Rodovia 465 Km 04 Fazenda da Papuda",
        "addr:housenumber": "04",
        "addr:suburb": "São Sebastiao",
        "addr:city": "Brasília",
        "addr:state": "DF",
        "addr:country": "BR",
        "addr:postcode": "71686-670",
        "phone": "+55 61 2244-1460",
        "amenity": "clinic",
        "healthcare": "clinic",
        "name": "Uipss",
        "comment": "Outros Serviços de Saúde"
      },
      "geometry": {
        "type": "Point",
        "coordinates": [
          -47.8101397,
          -15.9080336
        ]
      }
    },
    {
      "type": "Feature",
      "id": 7740700,
      "properties": {
        "operator": "Governo do Estado (DF)",
        "operator:type": "public",
        "ref:CNES": "7740700",
        "source": "cnes;datasus;dados_abertos_saude",
        "official_name": "UISM",
        "addr:street": "Rua Nucleo Rural Alagados N",
        "addr:housenumber": "08",
        "addr:suburb": "Santa Maria",
        "addr:city": "Brasília",
        "addr:state": "DF",
        "addr:country": "BR",
        "addr:postcode": "72548-800",
        "phone": "+55 61 2244-1447",
        "amenity": "clinic",
        "healthcare": "clinic",
        "name": "Uism",
        "comment": "Outros Serviços de Saúde"
      },
      "geometry": {
        "type": "Point",
        "coordinates": [
          -48.0236864,
          -16.0158788
        ]
      }
    },
    {
      "type": "Feature",
      "id": 7740719,
      "properties": {
        "operator": "Governo do Estado (DF)",
        "operator:type": "public",
        "ref:CNES": "7740719",
        "source": "cnes;datasus;dados_abertos_saude",
        "official_name": "UISS",
        "addr:street": "Rua Nucleo Rural Aguilhada Br",
        "addr:housenumber": "251",
        "addr:suburb": "São Sebastiao",
        "addr:city": "Brasília",
        "addr:state": "DF",
        "addr:country": "BR",
        "addr:postcode": "71691-059",
        "phone": "+55 46 2244-1453",
        "amenity": "clinic",
        "healthcare": "clinic",
        "name": "Uiss",
        "comment": "Outros Serviços de Saúde"
      },
      "geometry": {
        "type": "Point",
        "coordinates": [
          -47.7616614,
          -15.9396711
        ]
      }
    },
    {
      "type": "Feature",
      "id": 9187804,
      "properties": {
        "operator": "Governo do Estado (DF)",
        "operator:type": "public",
        "ref:CNES": "9187804",
        "source": "cnes;datasus;dados_abertos_saude",
        "official_name": "UNIDADE DESCENTRALIZADA DE ODONTOLOGIA DO BPESC",
        "addr:street": "Avenida Sibipiruna",
        "addr:suburb": "Aguas Claras",
        "addr:city": "Brasília",
        "addr:state": "DF",
        "addr:country": "BR",
        "addr:postcode": "72115-080",
        "amenity": "clinic",
        "healthcare": "clinic",
        "name": "Unidade Descentralizada de Odontologia do Bpesc",
        "comment": "Outros Serviços de Saúde"
      },
      "geometry": {
        "type": "Point",
        "coordinates": [
          -48.032854,
          -15.842545
        ]
      }
    },
    {
      "type": "Feature",
      "id": 6213936,
      "properties": {
        "operator": "Governo do Estado (DF)",
        "operator:type": "public",
        "ref:CNES": "6213936",
        "source": "cnes;datasus;dados_abertos_saude",
        "official_name": "UNIRE",
        "addr:street": "Estrada Parque Contorno Km 03 Df 001",
        "addr:housenumber": "001",
        "addr:suburb": "Recanto das Emas",
        "addr:city": "Brasília",
        "addr:state": "DF",
        "addr:country": "BR",
        "addr:postcode": "70297-400",
        "amenity": "clinic",
        "healthcare": "clinic",
        "name": "Unire",
        "comment": "Outros Serviços de Saúde"
      },
      "geometry": {
        "type": "Point",
        "coordinates": [
          -48.0596066,
          -15.8916171
        ]
      }
    },
    {
      "type": "Feature",
      "id": 7740735,
      "properties": {
        "operator": "Governo do Estado (DF)",
        "operator:type": "public",
        "ref:CNES": "7740735",
        "source": "cnes;datasus;dados_abertos_saude",
        "official_name": "UNISS",
        "addr:street": "Estrada Parque Contorno Km 03 Df 001",
        "addr:housenumber": "001",
        "addr:suburb": "Recanto das Emas",
        "addr:city": "Brasília",
        "addr:state": "DF",
        "addr:country": "BR",
        "addr:postcode": "72600-200",
        "amenity": "clinic",
        "healthcare": "clinic",
        "name": "Uniss",
        "comment": "Outros Serviços de Saúde"
      },
      "geometry": {
        "type": "Point",
        "coordinates": [
          -48.06216,
          -15.8926799
        ]
      }
    },
    {
      "type": "Feature",
      "id": 11347,
      "properties": {
        "operator": "Governo do Estado (DF)",
        "operator:type": "public",
        "ref:CNES": "11347",
        "source": "cnes;datasus;dados_abertos_saude",
        "official_name": "ADOLESCENTRO BRASILIA",
        "addr:street": "Rua Sgas 605",
        "addr:suburb": "Asa Sul",
        "addr:city": "Brasília",
        "addr:state": "DF",
        "addr:country": "BR",
        "addr:postcode": "70200-650",
        "phone": "+55 61 3242-1446",
        "email": "adolescentro.df@gmail.com",
        "amenity": "clinic",
        "healthcare": "clinic",
        "name": "Adolescentro Brasilia",
        "comment": "Centro de Especialidades"
      },
      "geometry": {
        "type": "Point",
        "coordinates": [
          -47.8891978,
          -15.816521
        ]
      }
    },
    {
      "type": "Feature",
      "id": 9031340,
      "properties": {
        "operator": "Governo do Estado (DF)",
        "operator:type": "public",
        "ref:CNES": "9031340",
        "source": "cnes;datasus;dados_abertos_saude",
        "official_name": "ASF SOBRADINHO",
        "addr:street": "Rua Qd 8 Area Reservada",
        "addr:housenumber": "03",
        "addr:suburb": "Sobradinho",
        "addr:city": "Brasília",
        "addr:state": "DF",
        "addr:country": "BR",
        "addr:postcode": "73017-017",
        "phone": "+55 46 3591-4044",
        "email": "nufirf@gmail.com",
        "amenity": "clinic",
        "healthcare": "clinic",
        "name": "Asf Sobradinho",
        "comment": "Centro de Especialidades"
      },
      "geometry": {
        "type": "Point",
        "coordinates": [
          -47.8017068,
          -15.6435974
        ]
      }
    },
    {
      "type": "Feature",
      "id": 727377,
      "properties": {
        "operator": "Governo do Estado (DF)",
        "operator:type": "public",
        "ref:CNES": "727377",
        "source": "cnes;datasus;dados_abertos_saude",
        "official_name": "CADH REGIAO LESTE",
        "addr:street": "Rua Setor Hospitalar Quadra 02 Conjunto K",
        "addr:housenumber": "1",
        "addr:suburb": "Paranoa",
        "addr:city": "Brasília",
        "addr:state": "DF",
        "addr:country": "BR",
        "addr:postcode": "71570-903",
        "phone": "+55 61 2017-1571",
        "email": "gpmadiraseleste@gmail.com",
        "amenity": "clinic",
        "healthcare": "clinic",
        "name": "Cadh Regiao Leste",
        "comment": "Centro de Especialidades"
      },
      "geometry": {
        "type": "Point",
        "coordinates": [
          -47.9302597,
          -15.7800091
        ]
      }
    },
    {
      "type": "Feature",
      "id": 973343,
      "properties": {
        "operator": "Governo do Estado (DF)",
        "operator:type": "public",
        "ref:CNES": "973343",
        "source": "cnes;datasus;dados_abertos_saude",
        "official_name": "CAPS PMDF",
        "addr:street": "Rua Saiso Ae",
        "addr:housenumber": "04",
        "addr:suburb": "Setor Policial Sul",
        "addr:city": "Brasília",
        "addr:state": "DF",
        "addr:country": "BR",
        "addr:postcode": "70297-400",
        "email": "cnescapspmdf@gmail.com",
        "amenity": "clinic",
        "healthcare": "clinic",
        "name": "CAPS Pmdf",
        "comment": "Centro de Especialidades"
      },
      "geometry": {
        "type": "Point",
        "coordinates": [
          -47.93843,
          -15.82651
        ]
      }
    },
    {
      "type": "Feature",
      "id": 511501,
      "properties": {
        "operator": "Governo do Estado (DF)",
        "operator:type": "public",
        "ref:CNES": "511501",
        "source": "cnes;datasus;dados_abertos_saude",
        "official_name": "CEDHIC GUARA",
        "addr:street": "Rua Qi 6 Lote C Area Especial",
        "addr:suburb": "Guara",
        "addr:city": "Brasília",
        "addr:state": "DF",
        "addr:country": "BR",
        "addr:postcode": "71010-006",
        "phone": "+55 61 3449-4938",
        "email": "gerenciagsas2guara@gmail.com",
        "amenity": "clinic",
        "healthcare": "clinic",
        "name": "Cedhic Guara",
        "comment": "Centro de Especialidades"
      },
      "geometry": {
        "type": "Point",
        "coordinates": [
          -47.9862669,
          -15.8181571
        ]
      }
    },
    {
      "type": "Feature",
      "id": 10596,
      "properties": {
        "operator": "Governo do Estado (DF)",
        "operator:type": "public",
        "ref:CNES": "10596",
        "source": "cnes;datasus;dados_abertos_saude",
        "official_name": "CEDIN",
        "addr:street": "Rua Eqs Sul 508 509",
        "addr:housenumber": "1",
        "addr:suburb": "Asa Sul",
        "addr:city": "Brasília",
        "addr:state": "DF",
        "addr:country": "BR",
        "addr:postcode": "70351-580",
        "phone": "+55 61 3244-9406",
        "email": "gerenciahospitaldia@saude.df.gov.br",
        "amenity": "clinic",
        "healthcare": "clinic",
        "name": "Cedin",
        "comment": "Centro de Especialidades"
      },
      "geometry": {
        "type": "Point",
        "coordinates": [
          -47.9078686,
          -15.8142009
        ]
      }
    },
    {
      "type": "Feature",
      "id": 9499725,
      "properties": {
        "operator": "Governo do Estado (DF)",
        "operator:type": "public",
        "ref:CNES": "9499725",
        "source": "cnes;datasus;dados_abertos_saude",
        "official_name": "CEDOH ASA NORTE",
        "addr:street": "Rua Eqn 208 408",
        "addr:housenumber": "208",
        "addr:suburb": "Asa Norte",
        "addr:city": "Brasília",
        "addr:state": "DF",
        "addr:country": "BR",
        "addr:postcode": "70853-450",
        "phone": "+55 61 3274-9158",
        "email": "cedoh.sesdf@gmail.com",
        "amenity": "clinic",
        "healthcare": "clinic",
        "name": "Cedoh Asa Norte",
        "comment": "Centro de Especialidades"
      },
      "geometry": {
        "type": "Point",
        "coordinates": [
          -47.8809285,
          -15.762849
        ]
      }
    },
    {
      "type": "Feature",
      "id": 9764860,
      "properties": {
        "operator": "Governo do Estado (DF)",
        "operator:type": "public",
        "ref:CNES": "9764860",
        "source": "cnes;datasus;dados_abertos_saude",
        "official_name": "CENTRO DE ESPECIALIDADE ODONTOLOGICA",
        "addr:street": "Rua St Central",
        "addr:suburb": "Setor Central",
        "addr:city": "Brasília",
        "addr:state": "DF",
        "addr:country": "BR",
        "addr:postcode": "72405-165",
        "email": "uniodontohrg@gmail.com",
        "amenity": "dentist",
        "healthcare": "dentist",
        "name": "Centro de Especialidades Odontológicas (CEO)",
        "short_name": "CEO",
        "comment": "Odontologia (CEO)"
      },
      "geometry": {
        "type": "Point",
        "coordinates": [
          -48.0674815,
          -16.0133703
        ]
      }
    },
    {
      "type": "Feature",
      "id": 9676473,
      "properties": {
        "operator": "Governo do Estado (DF)",
        "operator:type": "public",
        "ref:CNES": "9676473",
        "source": "cnes;datasus;dados_abertos_saude",
        "official_name": "CENTRO DE ESPECIALIDADES ODONTOLOGICAS CEILANDIA UNIDADE I",
        "addr:street": "Rua Qnn 27 Ae 1",
        "addr:housenumber": "1",
        "addr:suburb": "Ceilandia",
        "addr:city": "Brasília",
        "addr:state": "DF",
        "addr:country": "BR",
        "addr:postcode": "72215-270",
        "phone": "+55 46 3371-3444",
        "email": "chefiauodhrc@gmail.com",
        "amenity": "dentist",
        "healthcare": "dentist",
        "name": "Centro de Especialidades Odontológicas (CEO)",
        "short_name": "CEO",
        "comment": "Odontologia (CEO)"
      },
      "geometry": {
        "type": "Point",
        "coordinates": [
          -48.1215377,
          -15.8193953
        ]
      }
    },
    {
      "type": "Feature",
      "id": 9578560,
      "properties": {
        "operator": "Governo do Estado (DF)",
        "operator:type": "public",
        "ref:CNES": "9578560",
        "source": "cnes;datasus;dados_abertos_saude",
        "official_name": "CENTRO DE ESPECIALIDADES ODONTOLOGICAS CEO 11",
        "addr:street": "Rua Eqno 17",
        "addr:suburb": "Ceilandia",
        "addr:city": "Brasília",
        "addr:state": "DF",
        "addr:country": "BR",
        "addr:postcode": "72260-700",
        "phone": "+55 61 3257-9226",
        "email": "chefiauodhrc@gmail.com",
        "amenity": "dentist",
        "healthcare": "dentist",
        "name": "Centro de Especialidades Odontológicas (CEO)",
        "short_name": "CEO",
        "comment": "Odontologia (CEO)"
      },
      "geometry": {
        "type": "Point",
        "coordinates": [
          -48.1365538,
          -15.8009771
        ]
      }
    },
    {
      "type": "Feature",
      "id": 9494901,
      "properties": {
        "operator": "Governo do Estado (DF)",
        "operator:type": "public",
        "ref:CNES": "9494901",
        "source": "cnes;datasus;dados_abertos_saude",
        "official_name": "CENTRO DE INFORMACAO E ASSISTENCIA TOXICOLOGICA CIATOX",
        "addr:street": "Rua Sia Trecho 03 Lotes",
        "addr:suburb": "Guara",
        "addr:city": "Brasília",
        "addr:state": "DF",
        "addr:country": "BR",
        "addr:postcode": "71200-033",
        "phone": "+55 61 3213-5209",
        "amenity": "clinic",
        "healthcare": "clinic",
        "name": "Centro de Informacao e Assistencia Toxicologica Ciatox",
        "comment": "Centro de Especialidades"
      },
      "geometry": {
        "type": "Point",
        "coordinates": [
          -47.9708174,
          -15.8018236
        ]
      }
    },
    {
      "type": "Feature",
      "id": 11142,
      "properties": {
        "operator": "Governo do Estado (DF)",
        "operator:type": "public",
        "ref:CNES": "11142",
        "source": "cnes;datasus;dados_abertos_saude",
        "official_name": "CENTRO DE ORIENTACAO MEDICO PSICOPEDAGOGICO COMPP",
        "addr:street": "Rua Smhn Qd 03 Conj 01 Conj A Ed Compp",
        "addr:suburb": "Asa Norte",
        "addr:city": "Brasília",
        "addr:state": "DF",
        "addr:country": "BR",
        "addr:postcode": "70710-100",
        "phone": "+55 61 2017-1991",
        "email": "colegcompp@gmail.com",
        "amenity": "clinic",
        "healthcare": "clinic",
        "name": "Centro de Orientacao Medico Psicopedagogico Compp",
        "comment": "Centro de Especialidades"
      },
      "geometry": {
        "type": "Point",
        "coordinates": [
          -47.8869367,
          -15.7845312
        ]
      }
    },
    {
      "type": "Feature",
      "id": 9715797,
      "properties": {
        "operator": "Governo do Estado (DF)",
        "operator:type": "public",
        "ref:CNES": "9715797",
        "source": "cnes;datasus;dados_abertos_saude",
        "official_name": "CENTRO ESPECIALIZADO DE ODONTOLOGIA DO GUARA",
        "addr:street": "Rua Qi 06 Lote C Area Especial",
        "addr:suburb": "Guara I",
        "addr:city": "Brasília",
        "addr:state": "DF",
        "addr:country": "BR",
        "addr:postcode": "71010-006",
        "phone": "(61) 3449-4941/ 4942",
        "email": "gerenciagsas2guara@gmail.com",
        "amenity": "dentist",
        "healthcare": "dentist",
        "name": "Centro de Especialidades Odontológicas (CEO)",
        "short_name": "CEO",
        "comment": "Odontologia (CEO)"
      },
      "geometry": {
        "type": "Point",
        "coordinates": [
          -47.9862642,
          -15.8181648
        ]
      }
    },
    {
      "type": "Feature",
      "id": 7988303,
      "properties": {
        "operator": "Governo do Estado (DF)",
        "operator:type": "public",
        "ref:CNES": "7988303",
        "source": "cnes;datasus;dados_abertos_saude",
        "official_name": "CENTRO ESPECIALIZADO EM REABILITACAO CER II TAGUATINGA",
        "addr:street": "Rua Area Especial 16 Setor C Norte",
        "addr:housenumber": "01",
        "addr:suburb": "Taguatinga",
        "addr:city": "Brasília",
        "addr:state": "DF",
        "addr:country": "BR",
        "addr:postcode": "72115-700",
        "phone": "3449-6684 -6683",
        "amenity": "clinic",
        "healthcare": "rehabilitation",
        "name": "Centro Especializado em Reabilitação (CER)",
        "short_name": "CER",
        "comment": "Reabilitação (CER)"
      },
      "geometry": {
        "type": "Point",
        "coordinates": [
          -48.067385,
          -15.8229544
        ]
      }
    },
    {
      "type": "Feature",
      "id": 9179321,
      "properties": {
        "operator": "Governo do Estado (DF)",
        "operator:type": "public",
        "ref:CNES": "9179321",
        "source": "cnes;datasus;dados_abertos_saude",
        "official_name": "CENTRO ODONTOLOGICO DA POLICIA MILITAR DO DISTRITO FEDERAL",
        "addr:street": "Rua Saiso Area Especial",
        "addr:housenumber": "4",
        "addr:suburb": "Setor Policial Sul",
        "addr:city": "Brasília",
        "addr:state": "DF",
        "addr:country": "BR",
        "addr:postcode": "70610-200",
        "amenity": "dentist",
        "healthcare": "dentist",
        "name": "Centro de Especialidades Odontológicas (CEO)",
        "short_name": "CEO",
        "comment": "Odontologia (CEO)"
      },
      "geometry": {
        "type": "Point",
        "coordinates": [
          -47.943556,
          -15.828602
        ]
      }
    },
    {
      "type": "Feature",
      "id": 10766,
      "properties": {
        "operator": "Governo do Estado (DF)",
        "operator:type": "public",
        "ref:CNES": "10766",
        "source": "cnes;datasus;dados_abertos_saude",
        "official_name": "CEO 712 912 SUL",
        "addr:street": "Rua Seps Quadra 712 912 Sul",
        "addr:housenumber": "712",
        "addr:suburb": "Plano Piloto",
        "addr:city": "Brasília",
        "addr:state": "DF",
        "addr:country": "BR",
        "addr:postcode": "70390-125",
        "phone": "+55 61 3245-7013",
        "email": "ceo712sul@gmail.com",
        "amenity": "dentist",
        "healthcare": "dentist",
        "name": "Centro de Especialidades Odontológicas (CEO)",
        "short_name": "CEO",
        "comment": "Odontologia (CEO)"
      },
      "geometry": {
        "type": "Point",
        "coordinates": [
          -47.9193485,
          -15.8171119
        ]
      }
    },
    {
      "type": "Feature",
      "id": 9778136,
      "properties": {
        "operator": "Governo do Estado (DF)",
        "operator:type": "public",
        "ref:CNES": "9778136",
        "source": "cnes;datasus;dados_abertos_saude",
        "official_name": "CEO ASA NORTE",
        "addr:street": "Rua Smhn Q 1",
        "addr:suburb": "Asa Norte",
        "addr:city": "Brasília",
        "addr:state": "DF",
        "addr:country": "BR",
        "addr:postcode": "70710-100",
        "phone": "2017-1900 - R 7119",
        "email": "odontohran@hotmail.com",
        "amenity": "dentist",
        "healthcare": "dentist",
        "name": "Centro de Especialidades Odontológicas (CEO)",
        "short_name": "CEO",
        "comment": "Odontologia (CEO)"
      },
      "geometry": {
        "type": "Point",
        "coordinates": [
          -47.8828275,
          -15.7852435
        ]
      }
    },
    {
      "type": "Feature",
      "id": 9772243,
      "properties": {
        "operator": "Governo do Estado (DF)",
        "operator:type": "public",
        "ref:CNES": "9772243",
        "source": "cnes;datasus;dados_abertos_saude",
        "official_name": "CEO PARANOA",
        "addr:street": "Rua Setor Hospitalar Quadra 2 Conjunto K",
        "addr:housenumber": "1",
        "addr:suburb": "Paranoa",
        "addr:city": "Brasília",
        "addr:state": "DF",
        "addr:country": "BR",
        "addr:postcode": "71570-903",
        "phone": "(61) 20171671 R1713",
        "email": "gpmadiraseleste@gmail.com",
        "amenity": "dentist",
        "healthcare": "dentist",
        "name": "Centro de Especialidades Odontológicas (CEO)",
        "short_name": "CEO",
        "comment": "Odontologia (CEO)"
      },
      "geometry": {
        "type": "Point",
        "coordinates": [
          -47.9299593,
          -15.7800297
        ]
      }
    },
    {
      "type": "Feature",
      "id": 9690735,
      "properties": {
        "operator": "Governo do Estado (DF)",
        "operator:type": "public",
        "ref:CNES": "9690735",
        "source": "cnes;datasus;dados_abertos_saude",
        "official_name": "CEO PLANALTINA",
        "addr:street": "Rua Area Especial Entre Vias Ns 01 Wl04",
        "addr:suburb": "Planaltina",
        "addr:city": "Brasília",
        "addr:state": "DF",
        "addr:country": "BR",
        "addr:postcode": "73310-100",
        "phone": "+55 46 3389-4408",
        "amenity": "dentist",
        "healthcare": "dentist",
        "name": "Centro de Especialidades Odontológicas (CEO)",
        "short_name": "CEO",
        "comment": "Odontologia (CEO)"
      },
      "geometry": {
        "type": "Point",
        "coordinates": [
          -47.6527691,
          -15.6248347
        ]
      }
    },
    {
      "type": "Feature",
      "id": 9622845,
      "properties": {
        "operator": "Governo do Estado (DF)",
        "operator:type": "public",
        "ref:CNES": "9622845",
        "source": "cnes;datasus;dados_abertos_saude",
        "official_name": "CEO POLICLINICA DE TAGUATINGA",
        "addr:street": "Rua C 12 Area Especial 01",
        "addr:housenumber": "01",
        "addr:suburb": "Taguatinga Centro",
        "addr:city": "Brasília",
        "addr:state": "DF",
        "addr:country": "BR",
        "addr:postcode": "72010-120",
        "email": "gsas3.srsso@gmail.com",
        "amenity": "dentist",
        "healthcare": "dentist",
        "name": "Centro de Especialidades Odontológicas (CEO)",
        "short_name": "CEO",
        "comment": "Odontologia (CEO)"
      },
      "geometry": {
        "type": "Point",
        "coordinates": [
          -48.0597487,
          -15.8351808
        ]
      }
    },
    {
      "type": "Feature",
      "id": 9690719,
      "properties": {
        "operator": "Governo do Estado (DF)",
        "operator:type": "public",
        "ref:CNES": "9690719",
        "source": "cnes;datasus;dados_abertos_saude",
        "official_name": "CEO SOBRADINHO",
        "addr:street": "Rua Quadra 12 Area Especial",
        "addr:housenumber": "1",
        "addr:suburb": "Sobradinho",
        "addr:city": "Brasília",
        "addr:state": "DF",
        "addr:country": "BR",
        "addr:postcode": "73020-412",
        "phone": "+55 61 3487-9200",
        "amenity": "dentist",
        "healthcare": "dentist",
        "name": "Centro de Especialidades Odontológicas (CEO)",
        "short_name": "CEO",
        "comment": "Odontologia (CEO)"
      },
      "geometry": {
        "type": "Point",
        "coordinates": [
          -47.7922413,
          -15.6489387
        ]
      }
    },
    {
      "type": "Feature",
      "id": 9622918,
      "properties": {
        "operator": "Governo do Estado (DF)",
        "operator:type": "public",
        "ref:CNES": "9622918",
        "source": "cnes;datasus;dados_abertos_saude",
        "official_name": "CEO TAGUATINGA",
        "addr:street": "Rua Setor C Norte",
        "addr:housenumber": "24",
        "addr:suburb": "Taguatinga",
        "addr:city": "Brasília",
        "addr:state": "DF",
        "addr:country": "BR",
        "addr:postcode": "72155-000",
        "phone": "+55 46 3353-1004",
        "email": "gsas2srsso@gmail.com",
        "amenity": "dentist",
        "healthcare": "dentist",
        "name": "Centro de Especialidades Odontológicas (CEO)",
        "short_name": "CEO",
        "comment": "Odontologia (CEO)"
      },
      "geometry": {
        "type": "Point",
        "coordinates": [
          -48.0684686,
          -15.822779
        ]
      }
    },
    {
      "type": "Feature",
      "id": 659274,
      "properties": {
        "operator": "Governo do Estado (DF)",
        "operator:type": "public",
        "ref:CNES": "659274",
        "source": "cnes;datasus;dados_abertos_saude",
        "official_name": "CEPAV ALFAZEMA",
        "addr:street": "Rua Terceira Avenida Area Especial",
        "addr:housenumber": "03",
        "addr:suburb": "Nucleo Bandeirante",
        "addr:city": "Brasília",
        "addr:state": "DF",
        "addr:country": "BR",
        "addr:postcode": "71720-586",
        "phone": "+55 61 3449-5017",
        "email": "nupav.centrosul@gmail.com",
        "amenity": "clinic",
        "healthcare": "clinic",
        "name": "Cepav Alfazema",
        "comment": "Centro de Especialidades"
      },
      "geometry": {
        "type": "Point",
        "coordinates": [
          -47.9657882,
          -15.8708236
        ]
      }
    },
    {
      "type": "Feature",
      "id": 4369440,
      "properties": {
        "operator": "Governo do Estado (DF)",
        "operator:type": "public",
        "ref:CNES": "4369440",
        "source": "cnes;datasus;dados_abertos_saude",
        "official_name": "CEPAV AMARILIS",
        "addr:street": "Rua Quadra 104 105 Area Especial Lote",
        "addr:housenumber": "25",
        "addr:suburb": "Recanto das Emas",
        "addr:city": "Brasília",
        "addr:state": "DF",
        "addr:country": "BR",
        "addr:postcode": "72600-400",
        "amenity": "clinic",
        "healthcare": "clinic",
        "name": "Cepav Amarilis",
        "comment": "Centro de Especialidades"
      },
      "geometry": {
        "type": "Point",
        "coordinates": [
          -47.9298949,
          -15.7856049
        ]
      }
    },
    {
      "type": "Feature",
      "id": 769002,
      "properties": {
        "operator": "Governo do Estado (DF)",
        "operator:type": "public",
        "ref:CNES": "769002",
        "source": "cnes;datasus;dados_abertos_saude",
        "official_name": "CEPAV AZALEIA",
        "addr:street": "Rua Setor C Norte",
        "addr:housenumber": "24",
        "addr:suburb": "Taguatinga",
        "addr:city": "Brasília",
        "addr:state": "DF",
        "addr:country": "BR",
        "addr:postcode": "72120-970",
        "amenity": "clinic",
        "healthcare": "clinic",
        "name": "Cepav Azaleia",
        "comment": "Centro de Especialidades"
      },
      "geometry": {
        "type": "Point",
        "coordinates": [
          -48.0689996,
          -15.8227532
        ]
      }
    },
    {
      "type": "Feature",
      "id": 658359,
      "properties": {
        "operator": "Governo do Estado (DF)",
        "operator:type": "public",
        "ref:CNES": "658359",
        "source": "cnes;datasus;dados_abertos_saude",
        "official_name": "CEPAV FLOR DE LIS",
        "addr:street": "Avenida Wr4 Quadra 01 Area Especial Setor Hospit",
        "addr:suburb": "Planaltina",
        "addr:city": "Brasília",
        "addr:state": "DF",
        "addr:country": "BR",
        "addr:postcode": "73310-000",
        "phone": "+55 61 2017-1352",
        "email": "cepav.flordelis@saude.df.gov.br",
        "amenity": "clinic",
        "healthcare": "clinic",
        "name": "Cepav Flor de Lis",
        "comment": "Centro de Especialidades"
      },
      "geometry": {
        "type": "Point",
        "coordinates": [
          -47.6522623,
          -15.6253771
        ]
      }
    },
    {
      "type": "Feature",
      "id": 904716,
      "properties": {
        "operator": "Governo do Estado (DF)",
        "operator:type": "public",
        "ref:CNES": "904716",
        "source": "cnes;datasus;dados_abertos_saude",
        "official_name": "CEPAV FLOR DE LOTUS",
        "addr:street": "Rua Qnm 27 Area Especial 1",
        "addr:housenumber": "1",
        "addr:suburb": "Ceilandia",
        "addr:city": "Brasília",
        "addr:state": "DF",
        "addr:country": "BR",
        "addr:postcode": "72215-170",
        "phone": "+55 61 3449-6147",
        "email": "pavflordelotushrc@gmail.com",
        "amenity": "clinic",
        "healthcare": "clinic",
        "name": "Cepav Flor de Lotus",
        "comment": "Centro de Especialidades"
      },
      "geometry": {
        "type": "Point",
        "coordinates": [
          -48.0969,
          -15.8143248
        ]
      }
    },
    {
      "type": "Feature",
      "id": 874523,
      "properties": {
        "operator": "Governo do Estado (DF)",
        "operator:type": "public",
        "ref:CNES": "874523",
        "source": "cnes;datasus;dados_abertos_saude",
        "official_name": "CEPAV FLORES DA CENTRAL",
        "addr:street": "Rua Smhn Quadra 2",
        "addr:housenumber": "2",
        "addr:suburb": "Asa Norte",
        "addr:city": "Brasília",
        "addr:state": "DF",
        "addr:country": "BR",
        "addr:postcode": "70710-905",
        "phone": "+55 46 3242-3559",
        "email": "nupav.central@saude.df.gov.br",
        "amenity": "clinic",
        "healthcare": "clinic",
        "name": "Cepav Flores da Central",
        "comment": "Centro de Especialidades"
      },
      "geometry": {
        "type": "Point",
        "coordinates": [
          -47.8829026,
          -15.7848822
        ]
      }
    },
    {
      "type": "Feature",
      "id": 877220,
      "properties": {
        "operator": "Governo do Estado (DF)",
        "operator:type": "public",
        "ref:CNES": "877220",
        "source": "cnes;datasus;dados_abertos_saude",
        "official_name": "CEPAV GARDENIA",
        "addr:street": "Rua Eq 48 50 Gama Area Especial Numero 01",
        "addr:housenumber": "01",
        "addr:suburb": "Setor Central",
        "addr:city": "Brasília",
        "addr:state": "DF",
        "addr:country": "BR",
        "addr:postcode": "72405-901",
        "amenity": "clinic",
        "healthcare": "clinic",
        "name": "Cepav Gardenia",
        "comment": "Centro de Especialidades"
      },
      "geometry": {
        "type": "Point",
        "coordinates": [
          -48.0696702,
          -16.0239945
        ]
      }
    },
    {
      "type": "Feature",
      "id": 253804,
      "properties": {
        "operator": "Governo do Estado (DF)",
        "operator:type": "public",
        "ref:CNES": "253804",
        "source": "cnes;datasus;dados_abertos_saude",
        "official_name": "CEPAV GIRASSOL",
        "addr:street": "Rua Setor Hospitalar Quadra 02 Conjunto K",
        "addr:housenumber": "01",
        "addr:suburb": "Paranoa",
        "addr:city": "Brasília",
        "addr:state": "DF",
        "addr:country": "BR",
        "addr:postcode": "71570-903",
        "phone": "+55 61 99175-2409",
        "email": "cepav.girassol@saude.df.gov.br",
        "amenity": "clinic",
        "healthcare": "clinic",
        "name": "Cepav Girassol",
        "comment": "Centro de Especialidades"
      },
      "geometry": {
        "type": "Point",
        "coordinates": [
          -47.9301524,
          -15.7800297
        ]
      }
    },
    {
      "type": "Feature",
      "id": 769045,
      "properties": {
        "operator": "Governo do Estado (DF)",
        "operator:type": "public",
        "ref:CNES": "769045",
        "source": "cnes;datasus;dados_abertos_saude",
        "official_name": "CEPAV ORQUIDEA",
        "addr:street": "Rua Qs 614 Conjunto C",
        "addr:housenumber": "12",
        "addr:suburb": "Samambaia",
        "addr:city": "Brasília",
        "addr:state": "DF",
        "addr:country": "BR",
        "addr:postcode": "72322-583",
        "amenity": "clinic",
        "healthcare": "clinic",
        "name": "Cepav Orquidea",
        "comment": "Centro de Especialidades"
      },
      "geometry": {
        "type": "Point",
        "coordinates": [
          -48.0731919,
          -15.8533488
        ]
      }
    },
    {
      "type": "Feature",
      "id": 659398,
      "properties": {
        "operator": "Governo do Estado (DF)",
        "operator:type": "public",
        "ref:CNES": "659398",
        "source": "cnes;datasus;dados_abertos_saude",
        "official_name": "CEPAV PRIMAVERA",
        "addr:street": "Rua Qi 06 Lote C",
        "addr:suburb": "Guara",
        "addr:city": "Brasília",
        "addr:state": "DF",
        "addr:country": "BR",
        "addr:postcode": "71010-006",
        "phone": "+55 61 3449-5017",
        "email": "nupav.centrosul@gmail.com",
        "amenity": "clinic",
        "healthcare": "clinic",
        "name": "Cepav Primavera",
        "comment": "Centro de Especialidades"
      },
      "geometry": {
        "type": "Point",
        "coordinates": [
          -47.9862991,
          -15.8181571
        ]
      }
    },
    {
      "type": "Feature",
      "id": 658286,
      "properties": {
        "operator": "Governo do Estado (DF)",
        "operator:type": "public",
        "ref:CNES": "658286",
        "source": "cnes;datasus;dados_abertos_saude",
        "official_name": "CEPAV SEMPRE VIVA",
        "addr:street": "Rua Quadra Central Area Especial B Lote 2",
        "addr:housenumber": "2",
        "addr:suburb": "Sobradinho",
        "addr:city": "Brasília",
        "addr:state": "DF",
        "addr:country": "BR",
        "addr:postcode": "73010-600",
        "phone": "+55 61 99253-2414",
        "email": "cepav.sempreviva@saude.df.gov.br",
        "amenity": "clinic",
        "healthcare": "clinic",
        "name": "Cepav Sempre Viva",
        "comment": "Centro de Especialidades"
      },
      "geometry": {
        "type": "Point",
        "coordinates": [
          -47.7939331,
          -15.6502103
        ]
      }
    },
    {
      "type": "Feature",
      "id": 253812,
      "properties": {
        "operator": "Governo do Estado (DF)",
        "operator:type": "public",
        "ref:CNES": "253812",
        "source": "cnes;datasus;dados_abertos_saude",
        "official_name": "CEPAV TULIPA",
        "addr:street": "Rua Centro de Multiplas Atividades",
        "addr:suburb": "São Sebastiao",
        "addr:city": "Brasília",
        "addr:state": "DF",
        "addr:country": "BR",
        "addr:postcode": "71691-081",
        "phone": "+55 61 99264-2694",
        "email": "cepav.tulipa@saude.df.gov.br",
        "amenity": "clinic",
        "healthcare": "clinic",
        "name": "Cepav Tulipa",
        "comment": "Centro de Especialidades"
      },
      "geometry": {
        "type": "Point",
        "coordinates": [
          -47.930088,
          -15.7800297
        ]
      }
    },
    {
      "type": "Feature",
      "id": 7948824,
      "properties": {
        "operator": "Governo do Estado (DF)",
        "operator:type": "public",
        "ref:CNES": "7948824",
        "source": "cnes;datasus;dados_abertos_saude",
        "official_name": "CER II",
        "addr:street": "Rua Area Especial Noroeste W",
        "addr:housenumber": "3",
        "addr:suburb": "Noroeste",
        "addr:city": "Brasília",
        "addr:state": "DF",
        "addr:country": "BR",
        "addr:postcode": "70684-831",
        "phone": "+55 61 3344-4414",
        "amenity": "clinic",
        "healthcare": "rehabilitation",
        "name": "Centro Especializado em Reabilitação (CER)",
        "short_name": "CER",
        "comment": "Reabilitação (CER)"
      },
      "geometry": {
        "type": "Point",
        "coordinates": [
          -47.9157543,
          -15.7583058
        ]
      }
    },
    {
      "type": "Feature",
      "id": 9580816,
      "properties": {
        "operator": "Governo do Estado (DF)",
        "operator:type": "public",
        "ref:CNES": "9580816",
        "source": "cnes;datasus;dados_abertos_saude",
        "official_name": "CESMU",
        "addr:street": "Rua Av W3 Sul Eqs 514 515 Sul",
        "addr:suburb": "Asa Sul",
        "addr:city": "Brasília",
        "addr:state": "DF",
        "addr:country": "BR",
        "addr:postcode": "70380-580",
        "phone": "+55 61 3246-5714",
        "email": "csb1408@gmail.com",
        "amenity": "clinic",
        "healthcare": "clinic",
        "name": "Cesmu",
        "comment": "Centro de Especialidades"
      },
      "geometry": {
        "type": "Point",
        "coordinates": [
          -47.9222345,
          -15.824957
        ]
      }
    },
    {
      "type": "Feature",
      "id": 8060959,
      "properties": {
        "operator": "Governo do Estado (DF)",
        "operator:type": "public",
        "ref:CNES": "8060959",
        "source": "cnes;datasus;dados_abertos_saude",
        "official_name": "CRETEA",
        "addr:street": "Rua Galeria da Estacao 108 Sul do Metro",
        "addr:housenumber": "108",
        "addr:suburb": "Asa Sul",
        "addr:city": "Brasília",
        "addr:state": "DF",
        "addr:country": "BR",
        "addr:postcode": "70347-000",
        "phone": "+55 61 99114-7971",
        "amenity": "clinic",
        "healthcare": "clinic",
        "name": "Cretea",
        "comment": "Centro de Especialidades"
      },
      "geometry": {
        "type": "Point",
        "coordinates": [
          -47.9040265,
          -15.8189362
        ]
      }
    },
    {
      "type": "Feature",
      "id": 4815688,
      "properties": {
        "operator": "Governo do Estado (DF)",
        "operator:type": "public",
        "ref:CNES": "4815688",
        "source": "cnes;datasus;dados_abertos_saude",
        "official_name": "CRISDOWN",
        "addr:street": "Rua Setor Medico e Hospitalar Norte Quadra",
        "addr:housenumber": "2",
        "addr:suburb": "Asa Norte",
        "addr:city": "Brasília",
        "addr:state": "DF",
        "addr:country": "BR",
        "addr:postcode": "70710-100",
        "phone": "+55 61 3449-4647",
        "email": "crisdown.hran@gmail.com",
        "amenity": "clinic",
        "healthcare": "clinic",
        "name": "Crisdown",
        "comment": "Centro de Especialidades"
      },
      "geometry": {
        "type": "Point",
        "coordinates": [
          -47.883482,
          -15.7849441
        ]
      }
    },
    {
      "type": "Feature",
      "id": 4705130,
      "properties": {
        "operator": "Governo do Estado (DF)",
        "operator:type": "public",
        "ref:CNES": "4705130",
        "source": "cnes;datasus;dados_abertos_saude",
        "official_name": "NUCLEO DE ATENDIMENTO AMBULATORIAL DE DIVERSIDADE DE GENERO",
        "addr:street": "Rua Eqs Sul 508 509",
        "addr:housenumber": "1",
        "addr:suburb": "Asa Sul",
        "addr:city": "Brasília",
        "addr:state": "DF",
        "addr:country": "BR",
        "addr:postcode": "70351-580",
        "phone": "+55 61 3449-4776",
        "amenity": "clinic",
        "healthcare": "clinic",
        "name": "Nucleo de Atendimento Ambulatorial de Diversidade de Genero",
        "comment": "Centro de Especialidades"
      },
      "geometry": {
        "type": "Point",
        "coordinates": [
          -47.8958881,
          -15.8082784
        ]
      }
    },
    {
      "type": "Feature",
      "id": 7806434,
      "properties": {
        "operator": "Prefeitura Municipal de Brasília",
        "operator:type": "public",
        "ref:CNES": "7806434",
        "source": "cnes;datasus;dados_abertos_saude",
        "official_name": "ODONTOCLINICA DE AERONAUTICA DE BRASILIA",
        "addr:street": "Rua Esplan dos Minist",
        "addr:housenumber": "1",
        "addr:suburb": "Plano Piloto",
        "addr:city": "Brasília",
        "addr:state": "DF",
        "addr:country": "BR",
        "addr:postcode": "70045-900",
        "phone": "+55 61 2023-2896",
        "email": "spm.oab@fab.mil.br",
        "amenity": "clinic",
        "healthcare": "clinic",
        "name": "Odontoclinica de Aeronautica de Brasilia",
        "comment": "Centro de Especialidades"
      },
      "geometry": {
        "type": "Point",
        "coordinates": [
          -47.8723669,
          -15.7954333
        ]
      }
    },
    {
      "type": "Feature",
      "id": 5772532,
      "properties": {
        "operator": "Prefeitura Municipal de Brasília",
        "operator:type": "public",
        "ref:CNES": "5772532",
        "source": "cnes;datasus;dados_abertos_saude",
        "official_name": "SERVICO MEDICO DE EMERGENCIA DO SENADO FEDERAL SEMEDE",
        "addr:street": "Rua Pc dos Tres Poderes Via N2 Bloco de Apoio Iv",
        "addr:suburb": "Plano Piloto",
        "addr:city": "Brasília",
        "addr:state": "DF",
        "addr:country": "BR",
        "addr:postcode": "70165-900",
        "phone": "+55 61 3303-5050",
        "email": "semede@senado.leg.br",
        "amenity": "clinic",
        "healthcare": "clinic",
        "name": "Serviço Medico de Emergencia do Senado Federal Semede",
        "comment": "Centro de Especialidades"
      },
      "geometry": {
        "type": "Point",
        "coordinates": [
          -47.5153756,
          -15.4761731
        ]
      }
    },
    {
      "type": "Feature",
      "id": 9187723,
      "properties": {
        "operator": "Governo do Estado (DF)",
        "operator:type": "public",
        "ref:CNES": "9187723",
        "source": "cnes;datasus;dados_abertos_saude",
        "official_name": "UNIDADE DESCENTRALIZADA DE ODONTOLOGIA DO 13 BPM",
        "addr:street": "Rua Quadra Central Area Especial",
        "addr:housenumber": "2",
        "addr:suburb": "Sobradinho",
        "addr:city": "Brasília",
        "addr:state": "DF",
        "addr:country": "BR",
        "addr:postcode": "73010-511",
        "amenity": "dentist",
        "healthcare": "dentist",
        "name": "Centro de Especialidades Odontológicas (CEO)",
        "short_name": "CEO",
        "comment": "Odontologia (CEO)"
      },
      "geometry": {
        "type": "Point",
        "coordinates": [
          -47.793091,
          -15.653188
        ]
      }
    },
    {
      "type": "Feature",
      "id": 9187839,
      "properties": {
        "operator": "Governo do Estado (DF)",
        "operator:type": "public",
        "ref:CNES": "9187839",
        "source": "cnes;datasus;dados_abertos_saude",
        "official_name": "UNIDADE DESCENTRALIZADA DE ODONTOLOGIA DO 9 BPM",
        "addr:street": "Rua Area Especial",
        "addr:housenumber": "2",
        "addr:suburb": "Setor Sul",
        "addr:city": "Brasília",
        "addr:state": "DF",
        "addr:country": "BR",
        "addr:postcode": "72415-600",
        "amenity": "dentist",
        "healthcare": "dentist",
        "name": "Centro de Especialidades Odontológicas (CEO)",
        "short_name": "CEO",
        "comment": "Odontologia (CEO)"
      },
      "geometry": {
        "type": "Point",
        "coordinates": [
          -48.057917,
          -16.03439
        ]
      }
    },
    {
      "type": "Feature",
      "id": 3206874,
      "properties": {
        "operator": "Governo do Estado (DF)",
        "operator:type": "public",
        "ref:CNES": "3206874",
        "source": "cnes;datasus;dados_abertos_saude",
        "official_name": "BANCO DE ORGAOS E TECIDOS DO DISTRITO FEDERAL",
        "addr:street": "Rua Smhs Quadra",
        "addr:housenumber": "101",
        "addr:suburb": "Asa Sul",
        "addr:city": "Brasília",
        "addr:state": "DF",
        "addr:country": "BR",
        "addr:postcode": "70335-900",
        "phone": "+55 61 3315-1804",
        "email": "bancodeolhosdf2012@gmail.com",
        "amenity": "clinic",
        "healthcare": "diagnostic_centre",
        "name": "Banco de Orgaos e Tecidos do Distrito Federal",
        "comment": "Diagnóstico por Imagem"
      },
      "geometry": {
        "type": "Point",
        "coordinates": [
          -47.8888464,
          -15.8009564
        ]
      }
    },
    {
      "type": "Feature",
      "id": 11193,
      "properties": {
        "operator": "Governo do Estado (DF)",
        "operator:type": "public",
        "ref:CNES": "11193",
        "source": "cnes;datasus;dados_abertos_saude",
        "official_name": "CENTRAL DE RADIOLOGIA DE TAGUATINGA",
        "addr:street": "Rua Qng 10 Area Especial",
        "addr:housenumber": "2",
        "addr:suburb": "Taguatinga",
        "addr:city": "Brasília",
        "addr:state": "DF",
        "addr:country": "BR",
        "addr:postcode": "72155-000",
        "phone": "+55 46 3449-6685",
        "amenity": "clinic",
        "healthcare": "diagnostic_centre",
        "name": "Central de Radiologia de Taguatinga",
        "comment": "Diagnóstico por Imagem"
      },
      "geometry": {
        "type": "Point",
        "coordinates": [
          -48.0651239,
          -15.8017023
        ]
      }
    },
    {
      "type": "Feature",
      "id": 9620109,
      "properties": {
        "operator": "Governo do Estado (DF)",
        "operator:type": "public",
        "ref:CNES": "9620109",
        "source": "cnes;datasus;dados_abertos_saude",
        "official_name": "LABORATORIO CENTRAL DA REGIAO DE SAUDE SUDOESTE",
        "addr:street": "Rua C 12 Area Especial",
        "addr:housenumber": "01",
        "addr:suburb": "Taguatinga",
        "addr:city": "Brasília",
        "addr:state": "DF",
        "addr:country": "BR",
        "addr:postcode": "72155-000",
        "phone": "+55 46 3351-2261",
        "email": "gsas3.srsso@gmail.com",
        "amenity": "clinic",
        "healthcare": "diagnostic_centre",
        "name": "Laboratorio Central da Regiao de Saude Sudoeste",
        "comment": "Diagnóstico por Imagem"
      },
      "geometry": {
        "type": "Point",
        "coordinates": [
          -48.0596817,
          -15.8352144
        ]
      }
    },
    {
      "type": "Feature",
      "id": 11479,
      "properties": {
        "operator": "Governo do Estado (DF)",
        "operator:type": "public",
        "ref:CNES": "11479",
        "source": "cnes;datasus;dados_abertos_saude",
        "official_name": "LABORATORIO REGIONAL DE CEILANDIA",
        "addr:street": "Rua Eqnp 7 11 Area Especial",
        "addr:housenumber": "1",
        "addr:suburb": "Ceilandia",
        "addr:city": "Brasília",
        "addr:state": "DF",
        "addr:country": "BR",
        "addr:postcode": "72240-540",
        "phone": "+55 61 3585-2622",
        "email": "lrc@saude.df.gov.br",
        "amenity": "clinic",
        "healthcare": "diagnostic_centre",
        "name": "Laboratorio Regional de Ceilandia",
        "comment": "Diagnóstico por Imagem"
      },
      "geometry": {
        "type": "Point",
        "coordinates": [
          -48.129859,
          -15.8185055
        ]
      }
    },
    {
      "type": "Feature",
      "id": 11665,
      "properties": {
        "operator": "Governo do Estado (DF)",
        "operator:type": "public",
        "ref:CNES": "11665",
        "source": "cnes;datasus;dados_abertos_saude",
        "official_name": "LABORATORIO REGIONAL DO GUARA",
        "addr:street": "Rua Qe 23 Area Especial Lt",
        "addr:housenumber": "1",
        "addr:suburb": "Guara II",
        "addr:city": "Brasília",
        "addr:state": "DF",
        "addr:country": "BR",
        "addr:postcode": "71025-000",
        "phone": "+55 61 3449-4939",
        "email": "lrgu.df@gmail.com",
        "amenity": "clinic",
        "healthcare": "diagnostic_centre",
        "name": "Laboratorio Regional do Guara",
        "comment": "Diagnóstico por Imagem"
      },
      "geometry": {
        "type": "Point",
        "coordinates": [
          -47.9734325,
          -15.8328017
        ]
      }
    },
    {
      "type": "Feature",
      "id": 2616726,
      "properties": {
        "operator": "Governo do Estado (DF)",
        "operator:type": "public",
        "ref:CNES": "2616726",
        "source": "cnes;datasus;dados_abertos_saude",
        "official_name": "NTA",
        "addr:street": "Rua Estacao Rodoviaria de Brasilia",
        "addr:housenumber": "01",
        "addr:suburb": "Zona Civico Administ",
        "addr:city": "Brasília",
        "addr:state": "DF",
        "addr:country": "BR",
        "addr:postcode": "70089-000",
        "phone": "+55 46 61325-6708",
        "email": "ctadf61@gmail.com",
        "amenity": "clinic",
        "healthcare": "diagnostic_centre",
        "name": "Nta",
        "comment": "Diagnóstico por Imagem"
      },
      "geometry": {
        "type": "Point",
        "coordinates": [
          -47.8852844,
          -15.7948965
        ]
      }
    },
    {
      "type": "Feature",
      "id": 8207917,
      "properties": {
        "operator": "Governo do Estado (DF)",
        "operator:type": "public",
        "ref:CNES": "8207917",
        "source": "cnes;datasus;dados_abertos_saude",
        "official_name": "UOM DA REGIAO LESTE",
        "addr:street": "Rua Df 250 Km 08 Fazenda Velha Galpao da Associacao",
        "addr:suburb": "Itapoa",
        "addr:city": "Brasília",
        "addr:state": "DF",
        "addr:country": "BR",
        "addr:postcode": "71573-991",
        "email": "gsap2itapoa@gmail.com",
        "amenity": "clinic",
        "healthcare": "clinic",
        "name": "Uom da Regiao Leste",
        "comment": "Outros Serviços de Saúde"
      },
      "geometry": {
        "type": "Point",
        "coordinates": [
          -47.715164,
          -15.7516584
        ]
      }
    },
    {
      "type": "Feature",
      "id": 7366442,
      "properties": {
        "operator": "Governo do Estado (DF)",
        "operator:type": "public",
        "ref:CNES": "7366442",
        "source": "cnes;datasus;dados_abertos_saude",
        "official_name": "UOM DE PLANALTINA",
        "addr:street": "Rua Nucleo Rural São Jose Area Especial",
        "addr:suburb": "Planaltina",
        "addr:city": "Brasília",
        "addr:state": "DF",
        "addr:country": "BR",
        "addr:postcode": "73307-993",
        "phone": "+55 61 99989-0235",
        "email": "gsap5-pla.diraps@saude.df.gov.br",
        "amenity": "clinic",
        "healthcare": "clinic",
        "name": "Uom de Planaltina",
        "comment": "Outros Serviços de Saúde"
      },
      "geometry": {
        "type": "Point",
        "coordinates": [
          -47.373358,
          -15.7042441
        ]
      }
    },
    {
      "type": "Feature",
      "id": 8194963,
      "properties": {
        "operator": "Governo do Estado (DF)",
        "operator:type": "public",
        "ref:CNES": "8194963",
        "source": "cnes;datasus;dados_abertos_saude",
        "official_name": "UOM NORTE",
        "addr:street": "Rua Nr Jardim Morumbi Rod Df 128 Km 3 Gleba F",
        "addr:suburb": "Planaltina",
        "addr:city": "Brasília",
        "addr:state": "DF",
        "addr:country": "BR",
        "addr:postcode": "73307-990",
        "phone": "+55 61 3449-5904",
        "email": "ubs17-pla@saude.df.gov.br",
        "amenity": "clinic",
        "healthcare": "clinic",
        "name": "Uom Norte",
        "comment": "Outros Serviços de Saúde"
      },
      "geometry": {
        "type": "Point",
        "coordinates": [
          -47.618866,
          -15.5232011
        ]
      }
    },
    {
      "type": "Feature",
      "id": 8202397,
      "properties": {
        "operator": "Governo do Estado (DF)",
        "operator:type": "public",
        "ref:CNES": "8202397",
        "source": "cnes;datasus;dados_abertos_saude",
        "official_name": "UOM REGIAO OESTE",
        "addr:street": "Rua Qnm 27 Area Especial 1 Qnm 28",
        "addr:suburb": "Ceilandia",
        "addr:city": "Brasília",
        "addr:state": "DF",
        "addr:country": "BR",
        "addr:postcode": "72215-270",
        "phone": "+55 61 3449-5999",
        "amenity": "clinic",
        "healthcare": "clinic",
        "name": "Uom Regiao Oeste",
        "comment": "Outros Serviços de Saúde"
      },
      "geometry": {
        "type": "Point",
        "coordinates": [
          -48.096556,
          -15.814654
        ]
      }
    },
    {
      "type": "Feature",
      "id": 8219737,
      "properties": {
        "operator": "Governo do Estado (DF)",
        "operator:type": "public",
        "ref:CNES": "8219737",
        "source": "cnes;datasus;dados_abertos_saude",
        "official_name": "UOM REGIAO SUDOESTE",
        "addr:street": "Rua Quadra 804 Conjunto 20b Lote",
        "addr:housenumber": "01",
        "addr:suburb": "Recanto das Emas",
        "addr:city": "Brasília",
        "addr:state": "DF",
        "addr:country": "BR",
        "addr:postcode": "72650-760",
        "phone": "+55 61 98108-6160",
        "email": "gsap5.rec@gmail.com",
        "amenity": "clinic",
        "healthcare": "clinic",
        "name": "Uom Regiao Sudoeste",
        "comment": "Outros Serviços de Saúde"
      },
      "geometry": {
        "type": "Point",
        "coordinates": [
          -48.0560797,
          -15.9240843
        ]
      }
    },
    {
      "type": "Feature",
      "id": 8245193,
      "properties": {
        "operator": "Governo do Estado (DF)",
        "operator:type": "public",
        "ref:CNES": "8245193",
        "source": "cnes;datasus;dados_abertos_saude",
        "official_name": "UOM SUL",
        "addr:street": "Rua Eq 12 16 Area Especial",
        "addr:housenumber": "01",
        "addr:suburb": "Gama",
        "addr:city": "Brasília",
        "addr:state": "DF",
        "addr:country": "BR",
        "addr:postcode": "72425-125",
        "amenity": "clinic",
        "healthcare": "clinic",
        "name": "Uom Sul",
        "comment": "Outros Serviços de Saúde"
      },
      "geometry": {
        "type": "Point",
        "coordinates": [
          -48.0738374,
          -16.0113826
        ]
      }
    },
    {
      "type": "Feature",
      "id": 9891943,
      "properties": {
        "operator": "Governo do Estado (DF)",
        "operator:type": "public",
        "ref:CNES": "9891943",
        "source": "cnes;datasus;dados_abertos_saude",
        "official_name": "SAMU DF AEROMEDICO",
        "addr:street": "Rua Gavop Sain Lote D Modulo e Gavop",
        "addr:suburb": "Asa Norte",
        "addr:city": "Brasília",
        "addr:state": "DF",
        "addr:country": "BR",
        "addr:postcode": "70610-600",
        "phone": "61 3901 8616/8652",
        "emergency": "ambulance_station",
        "emergency_service": "technical_rescue",
        "opening_hours": "24/7",
        "name": "Base SAMU 192",
        "short_name": "SAMU 192",
        "comment": "SAMU 192"
      },
      "geometry": {
        "type": "Point",
        "coordinates": [
          -47.9053125,
          -15.7747306
        ]
      }
    },
    {
      "type": "Feature",
      "id": 7991495,
      "properties": {
        "operator": "Governo do Estado (DF)",
        "operator:type": "public",
        "ref:CNES": "7991495",
        "source": "cnes;datasus;dados_abertos_saude",
        "official_name": "SAMU DF MOTOLANCIA CEILANDIA I",
        "addr:street": "Rua Eqnm 02 04 Area Especial 2",
        "addr:suburb": "Ceilandia Norte",
        "addr:city": "Brasília",
        "addr:state": "DF",
        "addr:country": "BR",
        "addr:postcode": "72210-210",
        "emergency": "ambulance_station",
        "emergency_service": "technical_rescue",
        "opening_hours": "24/7",
        "name": "Base SAMU 192",
        "short_name": "SAMU 192",
        "comment": "SAMU 192"
      },
      "geometry": {
        "type": "Point",
        "coordinates": [
          -48.1090558,
          -15.8162913
        ]
      }
    },
    {
      "type": "Feature",
      "id": 7991525,
      "properties": {
        "operator": "Governo do Estado (DF)",
        "operator:type": "public",
        "ref:CNES": "7991525",
        "source": "cnes;datasus;dados_abertos_saude",
        "official_name": "SAMU DF MOTOLANCIA CEILANDIA II",
        "addr:street": "Rua Eqnm 02 04 Area Especial 2",
        "addr:suburb": "Ceilandia Norte",
        "addr:city": "Brasília",
        "addr:state": "DF",
        "addr:country": "BR",
        "addr:postcode": "72210-510",
        "emergency": "ambulance_station",
        "emergency_service": "technical_rescue",
        "opening_hours": "24/7",
        "name": "Base SAMU 192",
        "short_name": "SAMU 192",
        "comment": "SAMU 192"
      },
      "geometry": {
        "type": "Point",
        "coordinates": [
          -48.1089994,
          -15.81617
        ]
      }
    },
    {
      "type": "Feature",
      "id": 7991401,
      "properties": {
        "operator": "Governo do Estado (DF)",
        "operator:type": "public",
        "ref:CNES": "7991401",
        "source": "cnes;datasus;dados_abertos_saude",
        "official_name": "SAMU DF MOTOLANCIA GAMA I",
        "addr:street": "Rua Setor Oeste Entrequadra 17 20 Area Especial",
        "addr:suburb": "Gama",
        "addr:city": "Brasília",
        "addr:state": "DF",
        "addr:country": "BR",
        "addr:postcode": "72420-175",
        "emergency": "ambulance_station",
        "emergency_service": "technical_rescue",
        "opening_hours": "24/7",
        "name": "Base SAMU 192",
        "short_name": "SAMU 192",
        "comment": "SAMU 192"
      },
      "geometry": {
        "type": "Point",
        "coordinates": [
          -48.075957,
          -16.009806
        ]
      }
    },
    {
      "type": "Feature",
      "id": 7991592,
      "properties": {
        "operator": "Governo do Estado (DF)",
        "operator:type": "public",
        "ref:CNES": "7991592",
        "source": "cnes;datasus;dados_abertos_saude",
        "official_name": "SAMU DF MOTOLANCIA GAMA II",
        "addr:street": "Rua Setor Oeste Entrequadra 17 20 Area Especial",
        "addr:suburb": "Gama",
        "addr:city": "Brasília",
        "addr:state": "DF",
        "addr:country": "BR",
        "addr:postcode": "72420-175",
        "emergency": "ambulance_station",
        "emergency_service": "technical_rescue",
        "opening_hours": "24/7",
        "name": "Base SAMU 192",
        "short_name": "SAMU 192",
        "comment": "SAMU 192"
      },
      "geometry": {
        "type": "Point",
        "coordinates": [
          -48.0759287,
          -16.0097903
        ]
      }
    },
    {
      "type": "Feature",
      "id": 7991320,
      "properties": {
        "operator": "Governo do Estado (DF)",
        "operator:type": "public",
        "ref:CNES": "7991320",
        "source": "cnes;datasus;dados_abertos_saude",
        "official_name": "SAMU DF MOTOLANCIA GUARA I",
        "addr:street": "Rua Riacho Fundo 1 Area Especial 03 Lt 11",
        "addr:housenumber": "11",
        "addr:suburb": "Riacho Fundo I",
        "addr:city": "Brasília",
        "addr:state": "DF",
        "addr:country": "BR",
        "addr:postcode": "70340-906",
        "emergency": "ambulance_station",
        "emergency_service": "technical_rescue",
        "opening_hours": "24/7",
        "name": "Base SAMU 192",
        "short_name": "SAMU 192",
        "comment": "SAMU 192"
      },
      "geometry": {
        "type": "Point",
        "coordinates": [
          -48.0190811,
          -15.8844351
        ]
      }
    },
    {
      "type": "Feature",
      "id": 7991584,
      "properties": {
        "operator": "Governo do Estado (DF)",
        "operator:type": "public",
        "ref:CNES": "7991584",
        "source": "cnes;datasus;dados_abertos_saude",
        "official_name": "SAMU DF MOTOLANCIA GUARA II",
        "addr:street": "Rua Riacho Fundo 1 Area Especial 03 Lt 11",
        "addr:housenumber": "11",
        "addr:suburb": "Riacho Fundo I",
        "addr:city": "Brasília",
        "addr:state": "DF",
        "addr:country": "BR",
        "addr:postcode": "70340-906",
        "emergency": "ambulance_station",
        "emergency_service": "technical_rescue",
        "opening_hours": "24/7",
        "name": "Base SAMU 192",
        "short_name": "SAMU 192",
        "comment": "SAMU 192"
      },
      "geometry": {
        "type": "Point",
        "coordinates": [
          -48.0190998,
          -15.8844093
        ]
      }
    },
    {
      "type": "Feature",
      "id": 7991517,
      "properties": {
        "operator": "Governo do Estado (DF)",
        "operator:type": "public",
        "ref:CNES": "7991517",
        "source": "cnes;datasus;dados_abertos_saude",
        "official_name": "SAMU DF MOTOLANCIA PLANALTINA I",
        "addr:street": "Rua Via W I 04 Ae Setor Hopitalar Hrpl",
        "addr:suburb": "Planaltina",
        "addr:city": "Brasília",
        "addr:state": "DF",
        "addr:country": "BR",
        "addr:postcode": "70340-906",
        "emergency": "ambulance_station",
        "emergency_service": "technical_rescue",
        "opening_hours": "24/7",
        "name": "Base SAMU 192",
        "short_name": "SAMU 192",
        "comment": "SAMU 192"
      },
      "geometry": {
        "type": "Point",
        "coordinates": [
          -47.651835,
          -15.625218
        ]
      }
    },
    {
      "type": "Feature",
      "id": 7991533,
      "properties": {
        "operator": "Governo do Estado (DF)",
        "operator:type": "public",
        "ref:CNES": "7991533",
        "source": "cnes;datasus;dados_abertos_saude",
        "official_name": "SAMU DF MOTOLANCIA PLANALTINA II",
        "addr:street": "Rua Via W I 04 Ae Setor Hopitalar Hrpl",
        "addr:suburb": "Planaltina",
        "addr:city": "Brasília",
        "addr:state": "DF",
        "addr:country": "BR",
        "addr:postcode": "70340-906",
        "emergency": "ambulance_station",
        "emergency_service": "technical_rescue",
        "opening_hours": "24/7",
        "name": "Base SAMU 192",
        "short_name": "SAMU 192",
        "comment": "SAMU 192"
      },
      "geometry": {
        "type": "Point",
        "coordinates": [
          -47.6518067,
          -15.6252023
        ]
      }
    },
    {
      "type": "Feature",
      "id": 7790880,
      "properties": {
        "operator": "Governo do Estado (DF)",
        "operator:type": "public",
        "ref:CNES": "7790880",
        "source": "cnes;datasus;dados_abertos_saude",
        "official_name": "SAMU DF MOTOLANCIA PLANO PILOTO I",
        "addr:street": "Rua Sia Trecho 03 Lote",
        "addr:suburb": "Guara",
        "addr:city": "Brasília",
        "addr:state": "DF",
        "addr:country": "BR",
        "addr:postcode": "71200-033",
        "emergency": "ambulance_station",
        "emergency_service": "technical_rescue",
        "opening_hours": "24/7",
        "name": "Base SAMU 192",
        "short_name": "SAMU 192",
        "comment": "SAMU 192"
      },
      "geometry": {
        "type": "Point",
        "coordinates": [
          -47.970711,
          -15.801995
        ]
      }
    },
    {
      "type": "Feature",
      "id": 7790902,
      "properties": {
        "operator": "Governo do Estado (DF)",
        "operator:type": "public",
        "ref:CNES": "7790902",
        "source": "cnes;datasus;dados_abertos_saude",
        "official_name": "SAMU DF MOTOLANCIA PLANO PILOTO II",
        "addr:street": "Rua Sia Trecho 03 Lote",
        "addr:suburb": "Guara",
        "addr:city": "Brasília",
        "addr:state": "DF",
        "addr:country": "BR",
        "addr:postcode": "71200-033",
        "emergency": "ambulance_station",
        "emergency_service": "technical_rescue",
        "opening_hours": "24/7",
        "name": "Base SAMU 192",
        "short_name": "SAMU 192",
        "comment": "SAMU 192"
      },
      "geometry": {
        "type": "Point",
        "coordinates": [
          -47.9706827,
          -15.8019793
        ]
      }
    },
    {
      "type": "Feature",
      "id": 7991398,
      "properties": {
        "operator": "Governo do Estado (DF)",
        "operator:type": "public",
        "ref:CNES": "7991398",
        "source": "cnes;datasus;dados_abertos_saude",
        "official_name": "SAMU DF MOTOLANCIA RECANTO DAS EMAS I",
        "addr:street": "Rua Qd 101 Comercio Local Lt 19 Av Recanto das Emas",
        "addr:housenumber": "19",
        "addr:suburb": "Recanto das Emas",
        "addr:city": "Brasília",
        "addr:state": "DF",
        "addr:country": "BR",
        "addr:postcode": "72600-125",
        "emergency": "ambulance_station",
        "emergency_service": "technical_rescue",
        "opening_hours": "24/7",
        "name": "Base SAMU 192",
        "short_name": "SAMU 192",
        "comment": "SAMU 192"
      },
      "geometry": {
        "type": "Point",
        "coordinates": [
          -48.0588042,
          -15.9015974
        ]
      }
    },
    {
      "type": "Feature",
      "id": 7991509,
      "properties": {
        "operator": "Governo do Estado (DF)",
        "operator:type": "public",
        "ref:CNES": "7991509",
        "source": "cnes;datasus;dados_abertos_saude",
        "official_name": "SAMU DF MOTOLANCIA RECANTO DAS EMAS II",
        "addr:street": "Rua Qd 101 Comercio Local Lt 19 Av Recanto das Emas",
        "addr:housenumber": "19",
        "addr:suburb": "Recanto das Emas",
        "addr:city": "Brasília",
        "addr:state": "DF",
        "addr:country": "BR",
        "addr:postcode": "72600-125",
        "emergency": "ambulance_station",
        "emergency_service": "technical_rescue",
        "opening_hours": "24/7",
        "name": "Base SAMU 192",
        "short_name": "SAMU 192",
        "comment": "SAMU 192"
      },
      "geometry": {
        "type": "Point",
        "coordinates": [
          -48.0587759,
          -15.9015817
        ]
      }
    },
    {
      "type": "Feature",
      "id": 7991568,
      "properties": {
        "operator": "Governo do Estado (DF)",
        "operator:type": "public",
        "ref:CNES": "7991568",
        "source": "cnes;datasus;dados_abertos_saude",
        "official_name": "SAMU DF MOTOLANCIA SAMAMBAIA I",
        "addr:street": "Rua Qn 309 Conjunto 9 Lote",
        "addr:housenumber": "1",
        "addr:suburb": "Samambaia",
        "addr:city": "Brasília",
        "addr:state": "DF",
        "addr:country": "BR",
        "addr:postcode": "72305-708",
        "emergency": "ambulance_station",
        "emergency_service": "technical_rescue",
        "opening_hours": "24/7",
        "name": "Base SAMU 192",
        "short_name": "SAMU 192",
        "comment": "SAMU 192"
      },
      "geometry": {
        "type": "Point",
        "coordinates": [
          -48.1007034,
          -15.884884
        ]
      }
    },
    {
      "type": "Feature",
      "id": 7991576,
      "properties": {
        "operator": "Governo do Estado (DF)",
        "operator:type": "public",
        "ref:CNES": "7991576",
        "source": "cnes;datasus;dados_abertos_saude",
        "official_name": "SAMU DF MOTOLANCIA SAMAMBAIA II",
        "addr:street": "Rua Qn 309 Conjunto 9 Lote",
        "addr:housenumber": "1",
        "addr:suburb": "Samambaia",
        "addr:city": "Brasília",
        "addr:state": "DF",
        "addr:country": "BR",
        "addr:postcode": "72305-708",
        "emergency": "ambulance_station",
        "emergency_service": "technical_rescue",
        "opening_hours": "24/7",
        "name": "Base SAMU 192",
        "short_name": "SAMU 192",
        "comment": "SAMU 192"
      },
      "geometry": {
        "type": "Point",
        "coordinates": [
          -48.1007087,
          -15.8848762
        ]
      }
    },
    {
      "type": "Feature",
      "id": 7991606,
      "properties": {
        "operator": "Governo do Estado (DF)",
        "operator:type": "public",
        "ref:CNES": "7991606",
        "source": "cnes;datasus;dados_abertos_saude",
        "official_name": "SAMU DF MOTOLANCIA SANTA MARIA I",
        "addr:street": "Rua Qr 307 Conjunto U Lote",
        "addr:housenumber": "01",
        "addr:suburb": "Santa Maria",
        "addr:city": "Brasília",
        "addr:state": "DF",
        "addr:country": "BR",
        "addr:postcode": "72130-080",
        "emergency": "ambulance_station",
        "emergency_service": "technical_rescue",
        "opening_hours": "24/7",
        "name": "Base SAMU 192",
        "short_name": "SAMU 192",
        "comment": "SAMU 192"
      },
      "geometry": {
        "type": "Point",
        "coordinates": [
          -48.0243543,
          -16.0282842
        ]
      }
    },
    {
      "type": "Feature",
      "id": 7991614,
      "properties": {
        "operator": "Governo do Estado (DF)",
        "operator:type": "public",
        "ref:CNES": "7991614",
        "source": "cnes;datasus;dados_abertos_saude",
        "official_name": "SAMU DF MOTOLANCIA SANTA MARIA II",
        "addr:street": "Rua Qr 307 Conjunto U Lote",
        "addr:housenumber": "01",
        "addr:suburb": "Santa Maria",
        "addr:city": "Brasília",
        "addr:state": "DF",
        "addr:country": "BR",
        "addr:postcode": "72130-080",
        "emergency": "ambulance_station",
        "emergency_service": "technical_rescue",
        "opening_hours": "24/7",
        "name": "Base SAMU 192",
        "short_name": "SAMU 192",
        "comment": "SAMU 192"
      },
      "geometry": {
        "type": "Point",
        "coordinates": [
          -48.0231982,
          -16.0289209
        ]
      }
    },
    {
      "type": "Feature",
      "id": 7991347,
      "properties": {
        "operator": "Governo do Estado (DF)",
        "operator:type": "public",
        "ref:CNES": "7991347",
        "source": "cnes;datasus;dados_abertos_saude",
        "official_name": "SAMU DF MOTOLANCIA SOBRADINHO I",
        "addr:street": "Rua Qd Central Area Especial S N Lt B",
        "addr:suburb": "Sobradinho I",
        "addr:city": "Brasília",
        "addr:state": "DF",
        "addr:country": "BR",
        "addr:postcode": "73020-070",
        "emergency": "ambulance_station",
        "emergency_service": "technical_rescue",
        "opening_hours": "24/7",
        "name": "Base SAMU 192",
        "short_name": "SAMU 192",
        "comment": "SAMU 192"
      },
      "geometry": {
        "type": "Point",
        "coordinates": [
          -47.7939767,
          -15.650447
        ]
      }
    },
    {
      "type": "Feature",
      "id": 7991487,
      "properties": {
        "operator": "Governo do Estado (DF)",
        "operator:type": "public",
        "ref:CNES": "7991487",
        "source": "cnes;datasus;dados_abertos_saude",
        "official_name": "SAMU DF MOTOLANCIA SOBRADINHO II",
        "addr:street": "Rua Qd Central Ae S N Lt B",
        "addr:suburb": "Sobradinho I",
        "addr:city": "Brasília",
        "addr:state": "DF",
        "addr:country": "BR",
        "addr:postcode": "73020-070",
        "emergency": "ambulance_station",
        "emergency_service": "technical_rescue",
        "opening_hours": "24/7",
        "name": "Base SAMU 192",
        "short_name": "SAMU 192",
        "comment": "SAMU 192"
      },
      "geometry": {
        "type": "Point",
        "coordinates": [
          -47.7939874,
          -15.6505141
        ]
      }
    },
    {
      "type": "Feature",
      "id": 7991371,
      "properties": {
        "operator": "Governo do Estado (DF)",
        "operator:type": "public",
        "ref:CNES": "7991371",
        "source": "cnes;datasus;dados_abertos_saude",
        "official_name": "SAMU DF MOTOLANCIA TAGUATINGA I",
        "addr:street": "Rua Shvp Rua 04 C Lote 45 Chacara 12 Vicente Pires",
        "addr:housenumber": "45",
        "addr:suburb": "Taguatinga Norte",
        "addr:city": "Brasília",
        "addr:state": "DF",
        "addr:country": "BR",
        "addr:postcode": "72120-000",
        "emergency": "ambulance_station",
        "emergency_service": "technical_rescue",
        "opening_hours": "24/7",
        "name": "Base SAMU 192",
        "short_name": "SAMU 192",
        "comment": "SAMU 192"
      },
      "geometry": {
        "type": "Point",
        "coordinates": [
          -48.0223882,
          -15.8190835
        ]
      }
    },
    {
      "type": "Feature",
      "id": 7991541,
      "properties": {
        "operator": "Governo do Estado (DF)",
        "operator:type": "public",
        "ref:CNES": "7991541",
        "source": "cnes;datasus;dados_abertos_saude",
        "official_name": "SAMU DF MOTOLANCIA TAGUATINGA II",
        "addr:street": "Rua Shvp Rua 04 C Lote 45 Chacara 12 Vicente Pires",
        "addr:housenumber": "45",
        "addr:suburb": "Taguatinga Norte",
        "addr:city": "Brasília",
        "addr:state": "DF",
        "addr:country": "BR",
        "addr:postcode": "72120-000",
        "phone": "+55 46 3213-5200",
        "emergency": "ambulance_station",
        "emergency_service": "technical_rescue",
        "opening_hours": "24/7",
        "name": "Base SAMU 192",
        "short_name": "SAMU 192",
        "comment": "SAMU 192"
      },
      "geometry": {
        "type": "Point",
        "coordinates": [
          -48.0223989,
          -15.8190629
        ]
      }
    },
    {
      "type": "Feature",
      "id": 7990863,
      "properties": {
        "operator": "Governo do Estado (DF)",
        "operator:type": "public",
        "ref:CNES": "7990863",
        "source": "cnes;datasus;dados_abertos_saude",
        "official_name": "SAMU DF USA CEILANDIA",
        "addr:street": "Rua Eqnm 02 04 Area Especial 2",
        "addr:suburb": "Ceilandia",
        "addr:city": "Brasília",
        "addr:state": "DF",
        "addr:country": "BR",
        "addr:postcode": "72210-510",
        "emergency": "ambulance_station",
        "emergency_service": "technical_rescue",
        "opening_hours": "24/7",
        "name": "Base SAMU 192",
        "short_name": "SAMU 192",
        "comment": "SAMU 192"
      },
      "geometry": {
        "type": "Point",
        "coordinates": [
          -48.1089994,
          -15.8162035
        ]
      }
    },
    {
      "type": "Feature",
      "id": 7990820,
      "properties": {
        "operator": "Governo do Estado (DF)",
        "operator:type": "public",
        "ref:CNES": "7990820",
        "source": "cnes;datasus;dados_abertos_saude",
        "official_name": "SAMU DF USA GAMA",
        "addr:street": "Rua Setor Oeste Entrequadra 17 20 Area Especial",
        "addr:suburb": "Gama",
        "addr:city": "Brasília",
        "addr:state": "DF",
        "addr:country": "BR",
        "addr:postcode": "72420-175",
        "emergency": "ambulance_station",
        "emergency_service": "technical_rescue",
        "opening_hours": "24/7",
        "name": "Base SAMU 192",
        "short_name": "SAMU 192",
        "comment": "SAMU 192"
      },
      "geometry": {
        "type": "Point",
        "coordinates": [
          -48.0759287,
          -16.0098217
        ]
      }
    },
    {
      "type": "Feature",
      "id": 7991460,
      "properties": {
        "operator": "Governo do Estado (DF)",
        "operator:type": "public",
        "ref:CNES": "7991460",
        "source": "cnes;datasus;dados_abertos_saude",
        "official_name": "SAMU DF USA NEO",
        "addr:street": "Rua Riacho Fundo I Ae 03 Lt",
        "addr:housenumber": "11",
        "addr:suburb": "Riacho Fundo",
        "addr:city": "Brasília",
        "addr:state": "DF",
        "addr:country": "BR",
        "addr:postcode": "70203-900",
        "emergency": "ambulance_station",
        "emergency_service": "technical_rescue",
        "opening_hours": "24/7",
        "name": "Base SAMU 192",
        "short_name": "SAMU 192",
        "comment": "SAMU 192"
      },
      "geometry": {
        "type": "Point",
        "coordinates": [
          -48.0190918,
          -15.8843783
        ]
      }
    },
    {
      "type": "Feature",
      "id": 7991452,
      "properties": {
        "operator": "Governo do Estado (DF)",
        "operator:type": "public",
        "ref:CNES": "7991452",
        "source": "cnes;datasus;dados_abertos_saude",
        "official_name": "SAMU DF USA PLANO PILOTO",
        "addr:street": "Rua Sia Trecho 02 Lotes",
        "addr:suburb": "Guara",
        "addr:city": "Brasília",
        "addr:state": "DF",
        "addr:country": "BR",
        "addr:postcode": "70334-900",
        "emergency": "ambulance_station",
        "emergency_service": "technical_rescue",
        "opening_hours": "24/7",
        "name": "Base SAMU 192",
        "short_name": "SAMU 192",
        "comment": "SAMU 192"
      },
      "geometry": {
        "type": "Point",
        "coordinates": [
          -47.9708067,
          -15.8016894
        ]
      }
    },
    {
      "type": "Feature",
      "id": 7990847,
      "properties": {
        "operator": "Governo do Estado (DF)",
        "operator:type": "public",
        "ref:CNES": "7990847",
        "source": "cnes;datasus;dados_abertos_saude",
        "official_name": "SAMU DF USA RECANTO DAS EMAS",
        "addr:street": "Rua Av Rec das Emas Quadra 102 Ae 01",
        "addr:suburb": "Recanto das Emas",
        "addr:city": "Brasília",
        "addr:state": "DF",
        "addr:country": "BR",
        "addr:postcode": "72600-100",
        "emergency": "ambulance_station",
        "emergency_service": "technical_rescue",
        "opening_hours": "24/7",
        "name": "Base SAMU 192",
        "short_name": "SAMU 192",
        "comment": "SAMU 192"
      },
      "geometry": {
        "type": "Point",
        "coordinates": [
          -48.1007087,
          -15.8848401
        ]
      }
    },
    {
      "type": "Feature",
      "id": 7990804,
      "properties": {
        "operator": "Governo do Estado (DF)",
        "operator:type": "public",
        "ref:CNES": "7990804",
        "source": "cnes;datasus;dados_abertos_saude",
        "official_name": "SAMU DF USA SOBRADINHO",
        "addr:street": "Rua Qd Central Ae S N Lt B",
        "addr:suburb": "Sobradinho I",
        "addr:city": "Brasília",
        "addr:state": "DF",
        "addr:country": "BR",
        "addr:postcode": "73020-070",
        "phone": "+55 46 9686-9371",
        "emergency": "ambulance_station",
        "emergency_service": "technical_rescue",
        "opening_hours": "24/7",
        "name": "Base SAMU 192",
        "short_name": "SAMU 192",
        "comment": "SAMU 192"
      },
      "geometry": {
        "type": "Point",
        "coordinates": [
          -47.7940089,
          -15.6504832
        ]
      }
    },
    {
      "type": "Feature",
      "id": 7991444,
      "properties": {
        "operator": "Governo do Estado (DF)",
        "operator:type": "public",
        "ref:CNES": "7991444",
        "source": "cnes;datasus;dados_abertos_saude",
        "official_name": "SAMU DF USA TAGUATINGA",
        "addr:street": "Rua Qs 03 Lote 11",
        "addr:suburb": "Aguas Claras",
        "addr:city": "Brasília",
        "addr:state": "DF",
        "addr:country": "BR",
        "addr:postcode": "72130-080",
        "emergency": "ambulance_station",
        "emergency_service": "technical_rescue",
        "opening_hours": "24/7",
        "name": "Base SAMU 192",
        "short_name": "SAMU 192",
        "comment": "SAMU 192"
      },
      "geometry": {
        "type": "Point",
        "coordinates": [
          -48.0433121,
          -15.8442869
        ]
      }
    },
    {
      "type": "Feature",
      "id": 7990901,
      "properties": {
        "operator": "Governo do Estado (DF)",
        "operator:type": "public",
        "ref:CNES": "7990901",
        "source": "cnes;datasus;dados_abertos_saude",
        "official_name": "SAMU DF USB BANDEIRANTE",
        "addr:street": "Rua Qro A Ae 1 Candangolandia",
        "addr:suburb": "Candangolandia",
        "addr:city": "Brasília",
        "addr:state": "DF",
        "addr:country": "BR",
        "addr:postcode": "71725-100",
        "emergency": "ambulance_station",
        "emergency_service": "technical_rescue",
        "opening_hours": "24/7",
        "name": "Base SAMU 192",
        "short_name": "SAMU 192",
        "comment": "SAMU 192"
      },
      "geometry": {
        "type": "Point",
        "coordinates": [
          -47.9499255,
          -15.8539834
        ]
      }
    },
    {
      "type": "Feature",
      "id": 7991231,
      "properties": {
        "operator": "Governo do Estado (DF)",
        "operator:type": "public",
        "ref:CNES": "7991231",
        "source": "cnes;datasus;dados_abertos_saude",
        "official_name": "SAMU DF USB BRAZLANDIA I",
        "addr:street": "Rua Hospital de Brazlandia St Tradicional",
        "addr:suburb": "Brazlandia",
        "addr:city": "Brasília",
        "addr:state": "DF",
        "addr:country": "BR",
        "addr:postcode": "72720-190",
        "emergency": "ambulance_station",
        "emergency_service": "technical_rescue",
        "opening_hours": "24/7",
        "name": "Base SAMU 192",
        "short_name": "SAMU 192",
        "comment": "SAMU 192"
      },
      "geometry": {
        "type": "Point",
        "coordinates": [
          -48.2036841,
          -15.6752401
        ]
      }
    },
    {
      "type": "Feature",
      "id": 7991177,
      "properties": {
        "operator": "Governo do Estado (DF)",
        "operator:type": "public",
        "ref:CNES": "7991177",
        "source": "cnes;datasus;dados_abertos_saude",
        "official_name": "SAMU DF USB CEILANDIA I",
        "addr:street": "Rua Eqnm 02 04 Area Especial 2",
        "addr:suburb": "Ceilandia Norte",
        "addr:city": "Brasília",
        "addr:state": "DF",
        "addr:country": "BR",
        "addr:postcode": "72210-510",
        "emergency": "ambulance_station",
        "emergency_service": "technical_rescue",
        "opening_hours": "24/7",
        "name": "Base SAMU 192",
        "short_name": "SAMU 192",
        "comment": "SAMU 192"
      },
      "geometry": {
        "type": "Point",
        "coordinates": [
          -48.1089672,
          -15.8162035
        ]
      }
    },
    {
      "type": "Feature",
      "id": 7991207,
      "properties": {
        "operator": "Governo do Estado (DF)",
        "operator:type": "public",
        "ref:CNES": "7991207",
        "source": "cnes;datasus;dados_abertos_saude",
        "official_name": "SAMU DF USB CEILANDIA II",
        "addr:street": "Rua Eqnm 02 04 Area Especial 2",
        "addr:suburb": "Ceilandia Norte",
        "addr:city": "Brasília",
        "addr:state": "DF",
        "addr:country": "BR",
        "addr:postcode": "72210-510",
        "emergency": "ambulance_station",
        "emergency_service": "technical_rescue",
        "opening_hours": "24/7",
        "name": "Base SAMU 192",
        "short_name": "SAMU 192",
        "comment": "SAMU 192"
      },
      "geometry": {
        "type": "Point",
        "coordinates": [
          -48.1089592,
          -15.8161261
        ]
      }
    },
    {
      "type": "Feature",
      "id": 7991215,
      "properties": {
        "operator": "Governo do Estado (DF)",
        "operator:type": "public",
        "ref:CNES": "7991215",
        "source": "cnes;datasus;dados_abertos_saude",
        "official_name": "SAMU DF USB CEILANDIA III",
        "addr:street": "Rua Eqnm 02 04 Area Especial 2",
        "addr:suburb": "Ceilandia Norte",
        "addr:city": "Brasília",
        "addr:state": "DF",
        "addr:country": "BR",
        "addr:postcode": "72210-510",
        "emergency": "ambulance_station",
        "emergency_service": "technical_rescue",
        "opening_hours": "24/7",
        "name": "Base SAMU 192",
        "short_name": "SAMU 192",
        "comment": "SAMU 192"
      },
      "geometry": {
        "type": "Point",
        "coordinates": [
          -48.1089565,
          -15.816219
        ]
      }
    },
    {
      "type": "Feature",
      "id": 7991223,
      "properties": {
        "operator": "Governo do Estado (DF)",
        "operator:type": "public",
        "ref:CNES": "7991223",
        "source": "cnes;datasus;dados_abertos_saude",
        "official_name": "SAMU DF USB CEILANDIA IV",
        "addr:street": "Rua UPA Ceilandia Ae D Via P1 Norte",
        "addr:suburb": "Ceilandia Norte",
        "addr:city": "Brasília",
        "addr:state": "DF",
        "addr:country": "BR",
        "addr:postcode": "72240-100",
        "emergency": "ambulance_station",
        "emergency_service": "technical_rescue",
        "opening_hours": "24/7",
        "name": "Base SAMU 192",
        "short_name": "SAMU 192",
        "comment": "SAMU 192"
      },
      "geometry": {
        "type": "Point",
        "coordinates": [
          -48.1209916,
          -15.8250602
        ]
      }
    },
    {
      "type": "Feature",
      "id": 7991096,
      "properties": {
        "operator": "Governo do Estado (DF)",
        "operator:type": "public",
        "ref:CNES": "7991096",
        "source": "cnes;datasus;dados_abertos_saude",
        "official_name": "SAMU DF USB GAMA I",
        "addr:street": "Rua Setor Oeste Entrequadra 17 20 Area Especial",
        "addr:suburb": "Gama",
        "addr:city": "Brasília",
        "addr:state": "DF",
        "addr:country": "BR",
        "addr:postcode": "72420-175",
        "emergency": "ambulance_station",
        "emergency_service": "technical_rescue",
        "opening_hours": "24/7",
        "name": "Base SAMU 192",
        "short_name": "SAMU 192",
        "comment": "SAMU 192"
      },
      "geometry": {
        "type": "Point",
        "coordinates": [
          -48.075957,
          -16.0098374
        ]
      }
    },
    {
      "type": "Feature",
      "id": 7991304,
      "properties": {
        "operator": "Governo do Estado (DF)",
        "operator:type": "public",
        "ref:CNES": "7991304",
        "source": "cnes;datasus;dados_abertos_saude",
        "official_name": "SAMU DF USB GAMA II",
        "addr:street": "Rua Setor Oeste Entrequadra 17 20 Area Especial",
        "addr:suburb": "Gama",
        "addr:city": "Brasília",
        "addr:state": "DF",
        "addr:country": "BR",
        "addr:postcode": "72420-175",
        "emergency": "ambulance_station",
        "emergency_service": "technical_rescue",
        "opening_hours": "24/7",
        "name": "Base SAMU 192",
        "short_name": "SAMU 192",
        "comment": "SAMU 192"
      },
      "geometry": {
        "type": "Point",
        "coordinates": [
          -48.0759853,
          -16.0098217
        ]
      }
    },
    {
      "type": "Feature",
      "id": 9002960,
      "properties": {
        "operator": "Governo do Estado (DF)",
        "operator:type": "public",
        "ref:CNES": "9002960",
        "source": "cnes;datasus;dados_abertos_saude",
        "official_name": "SAMU DF USB GUARA I",
        "addr:street": "Rua Qe 42 44 Guara II",
        "addr:suburb": "Guara",
        "addr:city": "Brasília",
        "addr:state": "DF",
        "addr:country": "BR",
        "addr:postcode": "71025-010",
        "emergency": "ambulance_station",
        "emergency_service": "technical_rescue",
        "opening_hours": "24/7",
        "name": "Base SAMU 192",
        "short_name": "SAMU 192",
        "comment": "SAMU 192"
      },
      "geometry": {
        "type": "Point",
        "coordinates": [
          -47.9655683,
          -15.8489392
        ]
      }
    },
    {
      "type": "Feature",
      "id": 7398611,
      "properties": {
        "operator": "Governo do Estado (DF)",
        "operator:type": "public",
        "ref:CNES": "7398611",
        "source": "cnes;datasus;dados_abertos_saude",
        "official_name": "SAMU DF USB GUARA II",
        "addr:street": "Rua Ae N 05 Setor Central",
        "addr:suburb": "Estrutural",
        "addr:city": "Brasília",
        "addr:state": "DF",
        "addr:country": "BR",
        "addr:postcode": "71255-050",
        "emergency": "ambulance_station",
        "emergency_service": "technical_rescue",
        "opening_hours": "24/7",
        "name": "Base SAMU 192",
        "short_name": "SAMU 192",
        "comment": "SAMU 192"
      },
      "geometry": {
        "type": "Point",
        "coordinates": [
          -47.9970548,
          -15.7823011
        ]
      }
    },
    {
      "type": "Feature",
      "id": 7942524,
      "properties": {
        "operator": "Governo do Estado (DF)",
        "operator:type": "public",
        "ref:CNES": "7942524",
        "source": "cnes;datasus;dados_abertos_saude",
        "official_name": "SAMU DF USB NUSAM",
        "addr:street": "Rua Sia Trecho 02 Lote",
        "addr:suburb": "Guara",
        "addr:city": "Brasília",
        "addr:state": "DF",
        "addr:country": "BR",
        "addr:postcode": "71200-033",
        "emergency": "ambulance_station",
        "emergency_service": "technical_rescue",
        "opening_hours": "24/7",
        "name": "Base SAMU 192",
        "short_name": "SAMU 192",
        "comment": "SAMU 192"
      },
      "geometry": {
        "type": "Point",
        "coordinates": [
          -47.9708147,
          -15.8016171
        ]
      }
    },
    {
      "type": "Feature",
      "id": 7990952,
      "properties": {
        "operator": "Governo do Estado (DF)",
        "operator:type": "public",
        "ref:CNES": "7990952",
        "source": "cnes;datasus;dados_abertos_saude",
        "official_name": "SAMU DF USB PARANOA I",
        "addr:street": "Rua Qd 33 Ae Ao Lado Rodoviaria do Paranoa",
        "addr:suburb": "Paranoa",
        "addr:city": "Brasília",
        "addr:state": "DF",
        "addr:country": "BR",
        "addr:postcode": "71573-300",
        "emergency": "ambulance_station",
        "emergency_service": "technical_rescue",
        "opening_hours": "24/7",
        "name": "Base SAMU 192",
        "short_name": "SAMU 192",
        "comment": "SAMU 192"
      },
      "geometry": {
        "type": "Point",
        "coordinates": [
          -47.7816975,
          -15.7601593
        ]
      }
    },
    {
      "type": "Feature",
      "id": 7990987,
      "properties": {
        "operator": "Governo do Estado (DF)",
        "operator:type": "public",
        "ref:CNES": "7990987",
        "source": "cnes;datasus;dados_abertos_saude",
        "official_name": "SAMU DF USB PLANALTINA I",
        "addr:street": "Rua Via W L 4 Ae Setor Hospitalar Hr de Planaltin",
        "addr:suburb": "Planaltina",
        "addr:city": "Brasília",
        "addr:state": "DF",
        "addr:country": "BR",
        "addr:postcode": "73310-000",
        "emergency": "ambulance_station",
        "emergency_service": "technical_rescue",
        "opening_hours": "24/7",
        "name": "Base SAMU 192",
        "short_name": "SAMU 192",
        "comment": "SAMU 192"
      },
      "geometry": {
        "type": "Point",
        "coordinates": [
          -47.6518571,
          -15.6252531
        ]
      }
    },
    {
      "type": "Feature",
      "id": 7991029,
      "properties": {
        "operator": "Governo do Estado (DF)",
        "operator:type": "public",
        "ref:CNES": "7991029",
        "source": "cnes;datasus;dados_abertos_saude",
        "official_name": "SAMU DF USB PLANALTINA II",
        "addr:street": "Rua Via W L 4 Ae Setor Hospitalar Hr Planaltina",
        "addr:suburb": "Planaltina",
        "addr:city": "Brasília",
        "addr:state": "DF",
        "addr:country": "BR",
        "addr:postcode": "73310-000",
        "emergency": "ambulance_station",
        "emergency_service": "technical_rescue",
        "opening_hours": "24/7",
        "name": "Base SAMU 192",
        "short_name": "SAMU 192",
        "comment": "SAMU 192"
      },
      "geometry": {
        "type": "Point",
        "coordinates": [
          -47.6518732,
          -15.6252144
        ]
      }
    },
    {
      "type": "Feature",
      "id": 7990944,
      "properties": {
        "operator": "Governo do Estado (DF)",
        "operator:type": "public",
        "ref:CNES": "7990944",
        "source": "cnes;datasus;dados_abertos_saude",
        "official_name": "SAMU DF USB PLANO PILOTO I",
        "addr:street": "Avenida W5 Quadra 905 Asa Norte",
        "addr:suburb": "Asa Sul",
        "addr:city": "Brasília",
        "addr:state": "DF",
        "addr:country": "BR",
        "addr:postcode": "70610-640",
        "emergency": "ambulance_station",
        "emergency_service": "technical_rescue",
        "opening_hours": "24/7",
        "name": "Base SAMU 192",
        "short_name": "SAMU 192",
        "comment": "SAMU 192"
      },
      "geometry": {
        "type": "Point",
        "coordinates": [
          -47.8923628,
          -15.7733858
        ]
      }
    },
    {
      "type": "Feature",
      "id": 7990871,
      "properties": {
        "operator": "Governo do Estado (DF)",
        "operator:type": "public",
        "ref:CNES": "7990871",
        "source": "cnes;datasus;dados_abertos_saude",
        "official_name": "SAMU DF USB PLANO PILOTO II",
        "addr:street": "Avenida W5 Quadra 905 Asa Norte",
        "addr:suburb": "Asa Sul",
        "addr:city": "Brasília",
        "addr:state": "DF",
        "addr:country": "BR",
        "addr:postcode": "70610-640",
        "emergency": "ambulance_station",
        "emergency_service": "technical_rescue",
        "opening_hours": "24/7",
        "name": "Base SAMU 192",
        "short_name": "SAMU 192",
        "comment": "SAMU 192"
      },
      "geometry": {
        "type": "Point",
        "coordinates": [
          -47.8923842,
          -15.7734245
        ]
      }
    },
    {
      "type": "Feature",
      "id": 7991290,
      "properties": {
        "operator": "Governo do Estado (DF)",
        "operator:type": "public",
        "ref:CNES": "7991290",
        "source": "cnes;datasus;dados_abertos_saude",
        "official_name": "SAMU DF USB PLANO PILOTO III",
        "addr:street": "Rua Sgo Quadra 04 Ae Lote 11",
        "addr:housenumber": "11",
        "addr:suburb": "Asa Sul",
        "addr:city": "Brasília",
        "addr:state": "DF",
        "addr:country": "BR",
        "addr:postcode": "70610-640",
        "emergency": "ambulance_station",
        "emergency_service": "technical_rescue",
        "opening_hours": "24/7",
        "name": "Base SAMU 192",
        "short_name": "SAMU 192",
        "comment": "SAMU 192"
      },
      "geometry": {
        "type": "Point",
        "coordinates": [
          -47.9111195,
          -15.7762922
        ]
      }
    },
    {
      "type": "Feature",
      "id": 7991363,
      "properties": {
        "operator": "Governo do Estado (DF)",
        "operator:type": "public",
        "ref:CNES": "7991363",
        "source": "cnes;datasus;dados_abertos_saude",
        "official_name": "SAMU DF USB RECANTO DAS EMAS I",
        "addr:street": "Rua Av Rec das Emas Quadra 102 Ae 01",
        "addr:suburb": "Recanto das Emas",
        "addr:city": "Brasília",
        "addr:state": "DF",
        "addr:country": "BR",
        "addr:postcode": "72600-125",
        "emergency": "ambulance_station",
        "emergency_service": "technical_rescue",
        "opening_hours": "24/7",
        "name": "Base SAMU 192",
        "short_name": "SAMU 192",
        "comment": "SAMU 192"
      },
      "geometry": {
        "type": "Point",
        "coordinates": [
          -48.0589172,
          -15.9016467
        ]
      }
    },
    {
      "type": "Feature",
      "id": 7991193,
      "properties": {
        "operator": "Governo do Estado (DF)",
        "operator:type": "public",
        "ref:CNES": "7991193",
        "source": "cnes;datasus;dados_abertos_saude",
        "official_name": "SAMU DF USB RECANTO DAS EMAS II",
        "addr:street": "Rua Av Rec das Emas Quadra 102 Ae 01",
        "addr:suburb": "Recanto das Emas",
        "addr:city": "Brasília",
        "addr:state": "DF",
        "addr:country": "BR",
        "addr:postcode": "72600-125",
        "emergency": "ambulance_station",
        "emergency_service": "technical_rescue",
        "opening_hours": "24/7",
        "name": "Base SAMU 192",
        "short_name": "SAMU 192",
        "comment": "SAMU 192"
      },
      "geometry": {
        "type": "Point",
        "coordinates": [
          -48.0588448,
          -15.9016106
        ]
      }
    },
    {
      "type": "Feature",
      "id": 7991428,
      "properties": {
        "operator": "Governo do Estado (DF)",
        "operator:type": "public",
        "ref:CNES": "7991428",
        "source": "cnes;datasus;dados_abertos_saude",
        "official_name": "SAMU DF USB RIACHO FUNDO",
        "addr:street": "Rua Riacho Fundo I Ae 03 Lt",
        "addr:housenumber": "11",
        "addr:suburb": "Riacho Fundo",
        "addr:city": "Brasília",
        "addr:state": "DF",
        "addr:country": "BR",
        "addr:postcode": "71805-143",
        "emergency": "ambulance_station",
        "emergency_service": "technical_rescue",
        "opening_hours": "24/7",
        "name": "Base SAMU 192",
        "short_name": "SAMU 192",
        "comment": "SAMU 192"
      },
      "geometry": {
        "type": "Point",
        "coordinates": [
          -48.019065,
          -15.8844119
        ]
      }
    },
    {
      "type": "Feature",
      "id": 7991185,
      "properties": {
        "operator": "Governo do Estado (DF)",
        "operator:type": "public",
        "ref:CNES": "7991185",
        "source": "cnes;datasus;dados_abertos_saude",
        "official_name": "SAMU DF USB SAMAMBAIA I",
        "addr:street": "Rua Qn 309 Conjunto 9 Lote",
        "addr:housenumber": "01",
        "addr:suburb": "Samambaia Sul",
        "addr:city": "Brasília",
        "addr:state": "DF",
        "addr:country": "BR",
        "addr:postcode": "72305-708",
        "emergency": "ambulance_station",
        "emergency_service": "technical_rescue",
        "opening_hours": "24/7",
        "name": "Base SAMU 192",
        "short_name": "SAMU 192",
        "comment": "SAMU 192"
      },
      "geometry": {
        "type": "Point",
        "coordinates": [
          -48.1007409,
          -15.8848788
        ]
      }
    },
    {
      "type": "Feature",
      "id": 7991169,
      "properties": {
        "operator": "Governo do Estado (DF)",
        "operator:type": "public",
        "ref:CNES": "7991169",
        "source": "cnes;datasus;dados_abertos_saude",
        "official_name": "SAMU DF USB SAMAMBAIA II",
        "addr:street": "Rua Qn 302 Conjunto 05 Lote",
        "addr:housenumber": "01",
        "addr:suburb": "Samambaia Sul",
        "addr:city": "Brasília",
        "addr:state": "DF",
        "addr:country": "BR",
        "addr:postcode": "72305-708",
        "emergency": "ambulance_station",
        "emergency_service": "technical_rescue",
        "opening_hours": "24/7",
        "name": "Base SAMU 192",
        "short_name": "SAMU 192",
        "comment": "SAMU 192"
      },
      "geometry": {
        "type": "Point",
        "coordinates": [
          -48.0825877,
          -15.8780035
        ]
      }
    },
    {
      "type": "Feature",
      "id": 7991142,
      "properties": {
        "operator": "Governo do Estado (DF)",
        "operator:type": "public",
        "ref:CNES": "7991142",
        "source": "cnes;datasus;dados_abertos_saude",
        "official_name": "SAMU DF USB SANTA MARIA I",
        "addr:street": "Rua Qr 307 Conjunto U Lote",
        "addr:housenumber": "01",
        "addr:suburb": "Santa Maria",
        "addr:city": "Brasília",
        "addr:state": "DF",
        "addr:country": "BR",
        "addr:postcode": "72502-100",
        "emergency": "ambulance_station",
        "emergency_service": "technical_rescue",
        "opening_hours": "24/7",
        "name": "Base SAMU 192",
        "short_name": "SAMU 192",
        "comment": "SAMU 192"
      },
      "geometry": {
        "type": "Point",
        "coordinates": [
          -48.0246359,
          -16.0282636
        ]
      }
    },
    {
      "type": "Feature",
      "id": 7991150,
      "properties": {
        "operator": "Governo do Estado (DF)",
        "operator:type": "public",
        "ref:CNES": "7991150",
        "source": "cnes;datasus;dados_abertos_saude",
        "official_name": "SAMU DF USB SANTA MARIA II",
        "addr:street": "Rua Qr 307 Conjunto U Lote",
        "addr:housenumber": "01",
        "addr:suburb": "Santa Maria",
        "addr:city": "Brasília",
        "addr:state": "DF",
        "addr:country": "BR",
        "addr:postcode": "72502-100",
        "emergency": "ambulance_station",
        "emergency_service": "technical_rescue",
        "opening_hours": "24/7",
        "name": "Base SAMU 192",
        "short_name": "SAMU 192",
        "comment": "SAMU 192"
      },
      "geometry": {
        "type": "Point",
        "coordinates": [
          -48.0243677,
          -16.0283074
        ]
      }
    },
    {
      "type": "Feature",
      "id": 7991339,
      "properties": {
        "operator": "Governo do Estado (DF)",
        "operator:type": "public",
        "ref:CNES": "7991339",
        "source": "cnes;datasus;dados_abertos_saude",
        "official_name": "SAMU DF USB SAO SEBASTIAO I",
        "addr:street": "Rua Residencial Oeste Qd 104 Cj 5 Lt",
        "addr:housenumber": "09",
        "addr:suburb": "São Sebastiao",
        "addr:city": "Brasília",
        "addr:state": "DF",
        "addr:country": "BR",
        "addr:postcode": "71692-325",
        "emergency": "ambulance_station",
        "emergency_service": "technical_rescue",
        "opening_hours": "24/7",
        "name": "Base SAMU 192",
        "short_name": "SAMU 192",
        "comment": "SAMU 192"
      },
      "geometry": {
        "type": "Point",
        "coordinates": [
          -47.782765,
          -15.8947436
        ]
      }
    },
    {
      "type": "Feature",
      "id": 7991053,
      "properties": {
        "operator": "Governo do Estado (DF)",
        "operator:type": "public",
        "ref:CNES": "7991053",
        "source": "cnes;datasus;dados_abertos_saude",
        "official_name": "SAMU DF USB SOBRADINHO I",
        "addr:street": "Rua Qd Central Ae S N Lt B",
        "addr:suburb": "Sobradinho I",
        "addr:city": "Brasília",
        "addr:state": "DF",
        "addr:country": "BR",
        "addr:postcode": "73020-070",
        "emergency": "ambulance_station",
        "emergency_service": "technical_rescue",
        "opening_hours": "24/7",
        "name": "Base SAMU 192",
        "short_name": "SAMU 192",
        "comment": "SAMU 192"
      },
      "geometry": {
        "type": "Point",
        "coordinates": [
          -47.7939713,
          -15.6504522
        ]
      }
    },
    {
      "type": "Feature",
      "id": 7991436,
      "properties": {
        "operator": "Governo do Estado (DF)",
        "operator:type": "public",
        "ref:CNES": "7991436",
        "source": "cnes;datasus;dados_abertos_saude",
        "official_name": "SAMU DF USB SOBRADINHO II",
        "addr:street": "Rua UPA de Sobradinho II 420 em Frente A Ar 13",
        "addr:suburb": "Sodradinho II",
        "addr:city": "Brasília",
        "addr:state": "DF",
        "addr:country": "BR",
        "addr:postcode": "73060-200",
        "emergency": "ambulance_station",
        "emergency_service": "technical_rescue",
        "opening_hours": "24/7",
        "name": "Base SAMU 192",
        "short_name": "SAMU 192",
        "comment": "SAMU 192"
      },
      "geometry": {
        "type": "Point",
        "coordinates": [
          -47.819699,
          -15.639581
        ]
      }
    },
    {
      "type": "Feature",
      "id": 7990960,
      "properties": {
        "operator": "Governo do Estado (DF)",
        "operator:type": "public",
        "ref:CNES": "7990960",
        "source": "cnes;datasus;dados_abertos_saude",
        "official_name": "SAMU DF USB TAGUATINGA NORTE I",
        "addr:street": "Rua Qnj Ae N 02",
        "addr:housenumber": "16",
        "addr:suburb": "Taguatinga Norte",
        "addr:city": "Brasília",
        "addr:state": "DF",
        "addr:country": "BR",
        "addr:postcode": "72130-080",
        "emergency": "ambulance_station",
        "emergency_service": "technical_rescue",
        "opening_hours": "24/7",
        "name": "Base SAMU 192",
        "short_name": "SAMU 192",
        "comment": "SAMU 192"
      },
      "geometry": {
        "type": "Point",
        "coordinates": [
          -48.085565,
          -15.8092924
        ]
      }
    },
    {
      "type": "Feature",
      "id": 7990979,
      "properties": {
        "operator": "Governo do Estado (DF)",
        "operator:type": "public",
        "ref:CNES": "7990979",
        "source": "cnes;datasus;dados_abertos_saude",
        "official_name": "SAMU DF USB TAGUATINGA NORTE II",
        "addr:street": "Rua Qng Ae 18",
        "addr:housenumber": "18",
        "addr:suburb": "Taguatinga Norte",
        "addr:city": "Brasília",
        "addr:state": "DF",
        "addr:country": "BR",
        "addr:postcode": "72130-080",
        "emergency": "ambulance_station",
        "emergency_service": "technical_rescue",
        "opening_hours": "24/7",
        "name": "Base SAMU 192",
        "short_name": "SAMU 192",
        "comment": "SAMU 192"
      },
      "geometry": {
        "type": "Point",
        "coordinates": [
          -48.0596066,
          -15.7954023
        ]
      }
    },
    {
      "type": "Feature",
      "id": 7991312,
      "properties": {
        "operator": "Governo do Estado (DF)",
        "operator:type": "public",
        "ref:CNES": "7991312",
        "source": "cnes;datasus;dados_abertos_saude",
        "official_name": "SAMU DF USB TAGUATINGA SUL I",
        "addr:street": "Rua Qs 03 Lote",
        "addr:housenumber": "11",
        "addr:suburb": "Aguas Claras",
        "addr:city": "Brasília",
        "addr:state": "DF",
        "addr:country": "BR",
        "addr:postcode": "72130-080",
        "emergency": "ambulance_station",
        "emergency_service": "technical_rescue",
        "opening_hours": "24/7",
        "name": "Base SAMU 192",
        "short_name": "SAMU 192",
        "comment": "SAMU 192"
      },
      "geometry": {
        "type": "Point",
        "coordinates": [
          -48.0433336,
          -15.8442895
        ]
      }
    },
    {
      "type": "Feature",
      "id": 7990839,
      "properties": {
        "operator": "Governo do Estado (DF)",
        "operator:type": "public",
        "ref:CNES": "7990839",
        "source": "cnes;datasus;dados_abertos_saude",
        "official_name": "SAMU DF USB TAGUATINGA SUL II",
        "addr:street": "Rua Qs 03 Lt",
        "addr:housenumber": "11",
        "addr:suburb": "Aguas Claras",
        "addr:city": "Brasília",
        "addr:state": "DF",
        "addr:country": "BR",
        "addr:postcode": "72130-080",
        "emergency": "ambulance_station",
        "emergency_service": "technical_rescue",
        "opening_hours": "24/7",
        "name": "Base SAMU 192",
        "short_name": "SAMU 192",
        "comment": "SAMU 192"
      },
      "geometry": {
        "type": "Point",
        "coordinates": [
          -48.0433443,
          -15.8442792
        ]
      }
    },
    {
      "type": "Feature",
      "id": 2816741,
      "properties": {
        "operator": "Governo do Estado (DF)",
        "operator:type": "public",
        "ref:CNES": "2816741",
        "source": "cnes;datasus;dados_abertos_saude",
        "official_name": "FARMACIA DE ALTO CUSTO ASA SUL",
        "addr:street": "Rua Sqs 102 202",
        "addr:suburb": "Asa Sul",
        "addr:city": "Brasília",
        "addr:state": "DF",
        "addr:country": "BR",
        "addr:postcode": "70330-000",
        "phone": "(61)2017-1145 R:8192",
        "email": "sulog.gceaf@saude.df.gov.br",
        "amenity": "pharmacy",
        "healthcare": "pharmacy",
        "dispensing": "yes",
        "name": "Farmácia de Alto Custo Asa Sul",
        "comment": "Farmácia Pública"
      },
      "geometry": {
        "type": "Point",
        "coordinates": [
          -47.8889775,
          -15.8050512
        ]
      }
    },
    {
      "type": "Feature",
      "id": 6926967,
      "properties": {
        "operator": "Governo do Estado (DF)",
        "operator:type": "public",
        "ref:CNES": "6926967",
        "source": "cnes;datasus;dados_abertos_saude",
        "official_name": "FARMACIA DE ALTO CUSTO CEILANDIA",
        "addr:street": "Rua Quadra Eqnm 18 20",
        "addr:suburb": "Ceilandia Centro",
        "addr:city": "Brasília",
        "addr:state": "DF",
        "addr:country": "BR",
        "addr:postcode": "72210-550",
        "phone": "(61)2017-1145 R:8192",
        "email": "sulog.gceaf@saude.df.gov.br",
        "amenity": "pharmacy",
        "healthcare": "pharmacy",
        "dispensing": "yes",
        "name": "Farmácia de Alto Custo Ceilandia",
        "comment": "Farmácia Pública"
      },
      "geometry": {
        "type": "Point",
        "coordinates": [
          -48.1007624,
          -15.8110009
        ]
      }
    },
    {
      "type": "Feature",
      "id": 9317368,
      "properties": {
        "operator": "Governo do Estado (DF)",
        "operator:type": "public",
        "ref:CNES": "9317368",
        "source": "cnes;datasus;dados_abertos_saude",
        "official_name": "FARMACIA DE ALTO CUSTO GAMA",
        "addr:street": "Rua Praca 1 Lote Unico",
        "addr:suburb": "Gama Leste",
        "addr:city": "Brasília",
        "addr:state": "DF",
        "addr:country": "BR",
        "addr:postcode": "72405-025",
        "phone": "(61)2017-1145 R:8192",
        "email": "sulog.gceaf@saude.df.gov.br",
        "amenity": "pharmacy",
        "healthcare": "pharmacy",
        "dispensing": "yes",
        "name": "Farmácia de Alto Custo Gama",
        "comment": "Farmácia Pública"
      },
      "geometry": {
        "type": "Point",
        "coordinates": [
          -48.0591774,
          -16.0173535
        ]
      }
    },
    {
      "type": "Feature",
      "id": 8521549,
      "properties": {
        "operator": "Governo do Estado (DF)",
        "operator:type": "public",
        "ref:CNES": "8521549",
        "source": "cnes;datasus;dados_abertos_saude",
        "official_name": "FARMACIA DO COMP ESPECIALIZADO CENTRO DE TERAPIA ASSISTIDA",
        "addr:street": "Rua Qsc",
        "addr:housenumber": "1",
        "addr:suburb": "Taguatinga",
        "addr:city": "Brasília",
        "addr:state": "DF",
        "addr:country": "BR",
        "addr:postcode": "72016-010",
        "phone": "+55 61 99665-6235",
        "email": "sulog.gceaf@saude.df.gov.br",
        "amenity": "pharmacy",
        "healthcare": "pharmacy",
        "dispensing": "yes",
        "name": "Farmácia do Comp Especializado Centro de Terapia Assistida",
        "comment": "Farmácia Pública"
      },
      "geometry": {
        "type": "Point",
        "coordinates": [
          -48.0597568,
          -15.8361872
        ]
      }
    },
    {
      "type": "Feature",
      "id": 6959709,
      "properties": {
        "operator": "Governo do Estado (DF)",
        "operator:type": "public",
        "ref:CNES": "6959709",
        "source": "cnes;datasus;dados_abertos_saude",
        "official_name": "FARMACIA VIVA",
        "addr:street": "Rua Granja do Riacho Fundo I Area Especial N 3 Epnb",
        "addr:housenumber": "4",
        "addr:suburb": "Riacho Fundo 1",
        "addr:city": "Brasília",
        "addr:state": "DF",
        "addr:country": "BR",
        "addr:postcode": "71825-300",
        "phone": "+55 61 99552-0094",
        "email": "farmaciaviva.df@gmail.com",
        "amenity": "pharmacy",
        "healthcare": "pharmacy",
        "dispensing": "yes",
        "name": "Farmácia Viva",
        "comment": "Farmácia Pública"
      },
      "geometry": {
        "type": "Point",
        "coordinates": [
          -48.01141,
          -15.88619
        ]
      }
    },
    {
      "type": "Feature",
      "id": 7957645,
      "properties": {
        "operator": "Governo do Estado (DF)",
        "operator:type": "public",
        "ref:CNES": "7957645",
        "source": "cnes;datasus;dados_abertos_saude",
        "official_name": "CEREST DA REGIAO SUDOESTE",
        "addr:street": "Rua Qng 10 Area Especial 2",
        "addr:suburb": "Taguatinga",
        "addr:city": "Brasília",
        "addr:state": "DF",
        "addr:country": "BR",
        "addr:postcode": "72130-002",
        "phone": "+55 61 99236-6863",
        "email": "cerestsudoeste@saude.df.gov.br",
        "office": "government",
        "government": "healthcare",
        "name": "Vigilância Sanitária Municipal",
        "short_name": "VISA",
        "comment": "Vigilância Sanitária"
      },
      "geometry": {
        "type": "Point",
        "coordinates": [
          -48.0651546,
          -15.8017183
        ]
      }
    },
    {
      "type": "Feature",
      "id": 7623399,
      "properties": {
        "operator": "Governo do Estado (DF)",
        "operator:type": "public",
        "ref:CNES": "7623399",
        "source": "cnes;datasus;dados_abertos_saude",
        "official_name": "CEREST DA REGIAO SUL",
        "addr:street": "Rodovia Br 040 Km 2 65",
        "addr:suburb": "Santa Maria",
        "addr:city": "Brasília",
        "addr:state": "DF",
        "addr:country": "BR",
        "addr:postcode": "72549-650",
        "phone": "+55 46 99165-8107",
        "email": "cerestsul@saude.df.gov.br",
        "office": "government",
        "government": "healthcare",
        "name": "Vigilância Sanitária Municipal",
        "short_name": "VISA",
        "comment": "Vigilância Sanitária"
      },
      "geometry": {
        "type": "Point",
        "coordinates": [
          -47.9844511,
          -15.9997186
        ]
      }
    },
    {
      "type": "Feature",
      "id": 6387527,
      "properties": {
        "operator": "Governo do Estado (DF)",
        "operator:type": "public",
        "ref:CNES": "6387527",
        "source": "cnes;datasus;dados_abertos_saude",
        "official_name": "CEREST ESTADUAL",
        "addr:street": "Rua Seps 712 912 Bl D",
        "addr:housenumber": "712",
        "addr:suburb": "Plano Piloto",
        "addr:city": "Brasília",
        "addr:state": "DF",
        "addr:country": "BR",
        "addr:postcode": "70390-125",
        "phone": "+55 61 99169-0166",
        "email": "cerest.df@saude.df.gov.br",
        "office": "government",
        "government": "healthcare",
        "name": "Vigilância Sanitária Municipal",
        "short_name": "VISA",
        "comment": "Vigilância Sanitária"
      },
      "geometry": {
        "type": "Point",
        "coordinates": [
          -47.9192948,
          -15.8173803
        ]
      }
    },
    {
      "type": "Feature",
      "id": 9528911,
      "properties": {
        "operator": "Governo do Estado (DF)",
        "operator:type": "public",
        "ref:CNES": "9528911",
        "source": "cnes;datasus;dados_abertos_saude",
        "official_name": "GERENCIA DE VIGILANCIA AMBIENTAL",
        "addr:street": "Rua Aenw 3",
        "addr:housenumber": "04",
        "addr:suburb": "Asa Norte",
        "addr:city": "Brasília",
        "addr:state": "DF",
        "addr:country": "BR",
        "addr:postcode": "70684-831",
        "phone": "+55 46 3449-4427",
        "email": "expediente.dival@gmail.com",
        "office": "government",
        "government": "healthcare",
        "name": "Vigilância Sanitária Municipal",
        "short_name": "VISA",
        "comment": "Vigilância Sanitária"
      },
      "geometry": {
        "type": "Point",
        "coordinates": [
          -47.9151649,
          -15.7584271
        ]
      }
    },
    {
      "type": "Feature",
      "id": 4910931,
      "properties": {
        "operator": "Prefeitura Municipal de Brasília",
        "operator:type": "public",
        "ref:CNES": "4910931",
        "source": "cnes;datasus;dados_abertos_saude",
        "official_name": "INSTITUTO NACIONAL DE CRIMINALISTICA",
        "addr:street": "Rua Setor Policial Sul Lote 7",
        "addr:housenumber": "7",
        "addr:suburb": "Asa Sul",
        "addr:city": "Brasília",
        "addr:state": "DF",
        "addr:country": "BR",
        "addr:postcode": "70610-902",
        "phone": "+55 61 2024-7500",
        "email": "sepmoaf.inc.ditec@pf.gov.br",
        "office": "government",
        "government": "healthcare",
        "name": "Vigilância Sanitária Municipal",
        "short_name": "VISA",
        "comment": "Vigilância Sanitária"
      },
      "geometry": {
        "type": "Point",
        "coordinates": [
          -47.93061,
          -15.8292
        ]
      }
    },
    {
      "type": "Feature",
      "id": 4015517,
      "properties": {
        "operator": "Governo do Estado (DF)",
        "operator:type": "public",
        "ref:CNES": "4015517",
        "source": "cnes;datasus;dados_abertos_saude",
        "official_name": "SVO DF",
        "addr:street": "Rua Qnm 27 Area Especial 01",
        "addr:suburb": "Ceilandia",
        "addr:city": "Brasília",
        "addr:state": "DF",
        "addr:country": "BR",
        "addr:postcode": "72215-270",
        "phone": "+55 61 99249-9367",
        "email": "nsvo.divep@saude.df.gov.br",
        "office": "government",
        "government": "healthcare",
        "name": "Vigilância Sanitária Municipal",
        "short_name": "VISA",
        "comment": "Vigilância Sanitária"
      },
      "geometry": {
        "type": "Point",
        "coordinates": [
          -48.0962028,
          -15.8142972
        ]
      }
    },
    {
      "type": "Feature",
      "id": 9189823,
      "properties": {
        "operator": "Governo do Estado (DF)",
        "operator:type": "public",
        "ref:CNES": "9189823",
        "source": "cnes;datasus;dados_abertos_saude",
        "official_name": "UNIDADE DE VIGILANCIA AMBIENTAL BRASILIA NORTE",
        "addr:street": "Rua Sain Lote",
        "addr:housenumber": "4",
        "addr:suburb": "Asa Norte",
        "addr:city": "Brasília",
        "addr:state": "DF",
        "addr:country": "BR",
        "addr:postcode": "70071-125",
        "phone": "+55 46 3346-8321",
        "email": "expediente.dival@gmail.com",
        "office": "government",
        "government": "healthcare",
        "name": "Vigilância Sanitária Municipal",
        "short_name": "VISA",
        "comment": "Vigilância Sanitária"
      },
      "geometry": {
        "type": "Point",
        "coordinates": [
          -47.9193592,
          -15.7602883
        ]
      }
    },
    {
      "type": "Feature",
      "id": 9189777,
      "properties": {
        "operator": "Governo do Estado (DF)",
        "operator:type": "public",
        "ref:CNES": "9189777",
        "source": "cnes;datasus;dados_abertos_saude",
        "official_name": "UNIDADE DE VIGILANCIA AMBIENTAL BRASILIA SUL",
        "addr:street": "Rua Sais Area Especial",
        "addr:housenumber": "10",
        "addr:suburb": "Asa Sul",
        "addr:city": "Brasília",
        "addr:state": "DF",
        "addr:country": "BR",
        "addr:postcode": "70602-900",
        "phone": "+55 46 3346-8324",
        "email": "expediente.dival@gmail.com",
        "office": "government",
        "government": "healthcare",
        "name": "Vigilância Sanitária Municipal",
        "short_name": "VISA",
        "comment": "Vigilância Sanitária"
      },
      "geometry": {
        "type": "Point",
        "coordinates": [
          -47.9416752,
          -15.8314805
        ]
      }
    },
    {
      "type": "Feature",
      "id": 9189890,
      "properties": {
        "operator": "Governo do Estado (DF)",
        "operator:type": "public",
        "ref:CNES": "9189890",
        "source": "cnes;datasus;dados_abertos_saude",
        "official_name": "UNIDADE DE VIGILANCIA AMBIENTAL BRAZLANDIA",
        "addr:street": "Rua Area Especial 4 Praca Administrativa Lote",
        "addr:housenumber": "9",
        "addr:suburb": "Setor Tradicional",
        "addr:city": "Brasília",
        "addr:state": "DF",
        "addr:country": "BR",
        "addr:postcode": "72720-040",
        "phone": "+55 46 3346-8323",
        "email": "expediente.dival@gmail.com",
        "office": "government",
        "government": "healthcare",
        "name": "Vigilância Sanitária Municipal",
        "short_name": "VISA",
        "comment": "Vigilância Sanitária"
      },
      "geometry": {
        "type": "Point",
        "coordinates": [
          -48.1983948,
          -15.6613873
        ]
      }
    },
    {
      "type": "Feature",
      "id": 9189920,
      "properties": {
        "operator": "Governo do Estado (DF)",
        "operator:type": "public",
        "ref:CNES": "9189920",
        "source": "cnes;datasus;dados_abertos_saude",
        "official_name": "UNIDADE DE VIGILANCIA AMBIENTAL CEILANDIA",
        "addr:street": "Rua Eqnn 05 07",
        "addr:suburb": "Ceilandia Norte",
        "addr:city": "Brasília",
        "addr:state": "DF",
        "addr:country": "BR",
        "addr:postcode": "72225-540",
        "phone": "34494461-4462",
        "email": "expediente.dival@gmail.com",
        "office": "government",
        "government": "healthcare",
        "name": "Vigilância Sanitária Municipal",
        "short_name": "VISA",
        "comment": "Vigilância Sanitária"
      },
      "geometry": {
        "type": "Point",
        "coordinates": [
          -48.1174346,
          -15.8080176
        ]
      }
    },
    {
      "type": "Feature",
      "id": 9189963,
      "properties": {
        "operator": "Governo do Estado (DF)",
        "operator:type": "public",
        "ref:CNES": "9189963",
        "source": "cnes;datasus;dados_abertos_saude",
        "official_name": "UNIDADE DE VIGILANCIA AMBIENTAL GAMA",
        "addr:street": "Rua Area Especial N",
        "addr:housenumber": "7",
        "addr:suburb": "Setor Central",
        "addr:city": "Brasília",
        "addr:state": "DF",
        "addr:country": "BR",
        "addr:postcode": "72410-206",
        "phone": "+55 46 3384-7372",
        "email": "expediente.dival@gmail.com",
        "office": "government",
        "government": "healthcare",
        "name": "Vigilância Sanitária Municipal",
        "short_name": "VISA",
        "comment": "Vigilância Sanitária"
      },
      "geometry": {
        "type": "Point",
        "coordinates": [
          -48.0610657,
          -16.018096
        ]
      }
    },
    {
      "type": "Feature",
      "id": 9190082,
      "properties": {
        "operator": "Governo do Estado (DF)",
        "operator:type": "public",
        "ref:CNES": "9190082",
        "source": "cnes;datasus;dados_abertos_saude",
        "official_name": "UNIDADE DE VIGILANCIA AMBIENTAL GUARA",
        "addr:street": "Rua Area Especial B Qe",
        "addr:housenumber": "12",
        "addr:suburb": "Guara I",
        "addr:city": "Brasília",
        "addr:state": "DF",
        "addr:country": "BR",
        "addr:postcode": "71010-320",
        "phone": "+55 46 3383-4483",
        "email": "expediente.dival@gmail.com",
        "office": "government",
        "government": "healthcare",
        "name": "Vigilância Sanitária Municipal",
        "short_name": "VISA",
        "comment": "Vigilância Sanitária"
      },
      "geometry": {
        "type": "Point",
        "coordinates": [
          -47.9865646,
          -15.8171945
        ]
      }
    },
    {
      "type": "Feature",
      "id": 9190104,
      "properties": {
        "operator": "Governo do Estado (DF)",
        "operator:type": "public",
        "ref:CNES": "9190104",
        "source": "cnes;datasus;dados_abertos_saude",
        "official_name": "UNIDADE DE VIGILANCIA AMBIENTAL NUCLEO BANDEIRANTE",
        "addr:street": "Rua Terceira Avenida Area Especial N",
        "addr:housenumber": "3",
        "addr:suburb": "Nucleo Bandeirante",
        "addr:city": "Brasília",
        "addr:state": "DF",
        "addr:country": "BR",
        "addr:postcode": "71730-000",
        "phone": "+55 46 3352-3441",
        "email": "expediente.dival@gmail.com",
        "office": "government",
        "government": "healthcare",
        "name": "Vigilância Sanitária Municipal",
        "short_name": "VISA",
        "comment": "Vigilância Sanitária"
      },
      "geometry": {
        "type": "Point",
        "coordinates": [
          -47.9649353,
          -15.869544
        ]
      }
    },
    {
      "type": "Feature",
      "id": 9190112,
      "properties": {
        "operator": "Governo do Estado (DF)",
        "operator:type": "public",
        "ref:CNES": "9190112",
        "source": "cnes;datasus;dados_abertos_saude",
        "official_name": "UNIDADE DE VIGILANCIA AMBIENTAL PARANOA",
        "addr:street": "Rua Qse 13 13 Area Especial",
        "addr:housenumber": "2",
        "addr:suburb": "Paranoa",
        "addr:city": "Brasília",
        "addr:state": "DF",
        "addr:country": "BR",
        "addr:postcode": "71570-030",
        "phone": "+55 46 33468-5525",
        "email": "expediente.dival@gmail.com",
        "office": "government",
        "government": "healthcare",
        "name": "Vigilância Sanitária Municipal",
        "short_name": "VISA",
        "comment": "Vigilância Sanitária"
      },
      "geometry": {
        "type": "Point",
        "coordinates": [
          -47.7932739,
          -15.7664835
        ]
      }
    },
    {
      "type": "Feature",
      "id": 9194118,
      "properties": {
        "operator": "Governo do Estado (DF)",
        "operator:type": "public",
        "ref:CNES": "9194118",
        "source": "cnes;datasus;dados_abertos_saude",
        "official_name": "UNIDADE DE VIGILANCIA AMBIENTAL PLANALTINA",
        "addr:street": "Rua Av Independência Bloco J Quadra",
        "addr:housenumber": "2",
        "addr:suburb": "Setor Comercial Cent",
        "addr:city": "Brasília",
        "addr:state": "DF",
        "addr:country": "BR",
        "addr:postcode": "73310-000",
        "phone": "+55 46 3377-5253",
        "email": "expediente.dival@gmail.com",
        "office": "government",
        "government": "healthcare",
        "name": "Vigilância Sanitária Municipal",
        "short_name": "VISA",
        "comment": "Vigilância Sanitária"
      },
      "geometry": {
        "type": "Point",
        "coordinates": [
          -47.6531982,
          -15.6111335
        ]
      }
    },
    {
      "type": "Feature",
      "id": 9190139,
      "properties": {
        "operator": "Governo do Estado (DF)",
        "operator:type": "public",
        "ref:CNES": "9190139",
        "source": "cnes;datasus;dados_abertos_saude",
        "official_name": "UNIDADE DE VIGILANCIA AMBIENTAL RECANTO DAS EMAS",
        "addr:street": "Rua Quadra 105",
        "addr:housenumber": "3",
        "addr:suburb": "Avenida Recanto das",
        "addr:city": "Brasília",
        "addr:state": "DF",
        "addr:country": "BR",
        "addr:postcode": "72630-250",
        "phone": "+55 46 3368-8638",
        "email": "expediente.dival@gmail.com",
        "office": "government",
        "government": "healthcare",
        "name": "Vigilância Sanitária Municipal",
        "short_name": "VISA",
        "comment": "Vigilância Sanitária"
      },
      "geometry": {
        "type": "Point",
        "coordinates": [
          -47.9443085,
          -15.7975742
        ]
      }
    },
    {
      "type": "Feature",
      "id": 9190155,
      "properties": {
        "operator": "Governo do Estado (DF)",
        "operator:type": "public",
        "ref:CNES": "9190155",
        "source": "cnes;datasus;dados_abertos_saude",
        "official_name": "UNIDADE DE VIGILANCIA AMBIENTAL SAMAMBAIA",
        "addr:street": "Rua Administracao Regional Quadra",
        "addr:housenumber": "302",
        "addr:suburb": "Samamabaia Sul",
        "addr:city": "Brasília",
        "addr:state": "DF",
        "addr:country": "BR",
        "addr:postcode": "72322-583",
        "email": "expediente.dival@gmail.com",
        "office": "government",
        "government": "healthcare",
        "name": "Vigilância Sanitária Municipal",
        "short_name": "VISA",
        "comment": "Vigilância Sanitária"
      },
      "geometry": {
        "type": "Point",
        "coordinates": [
          -48.0873299,
          -15.8758184
        ]
      }
    },
    {
      "type": "Feature",
      "id": 9190163,
      "properties": {
        "operator": "Governo do Estado (DF)",
        "operator:type": "public",
        "ref:CNES": "9190163",
        "source": "cnes;datasus;dados_abertos_saude",
        "official_name": "UNIDADE DE VIGILANCIA AMBIENTAL SANTA MARIA",
        "addr:street": "Rua Qr Ac 102 Conjunto Abcd Sala",
        "addr:housenumber": "104",
        "addr:suburb": "Santa Maria",
        "addr:city": "Brasília",
        "addr:state": "DF",
        "addr:country": "BR",
        "addr:postcode": "72502-100",
        "phone": "+55 46 3348-6625",
        "email": "expediente.dival@gmail.com",
        "office": "government",
        "government": "healthcare",
        "name": "Vigilância Sanitária Municipal",
        "short_name": "VISA",
        "comment": "Vigilância Sanitária"
      },
      "geometry": {
        "type": "Point",
        "coordinates": [
          -47.9906845,
          -16.013146
        ]
      }
    },
    {
      "type": "Feature",
      "id": 9190228,
      "properties": {
        "operator": "Governo do Estado (DF)",
        "operator:type": "public",
        "ref:CNES": "9190228",
        "source": "cnes;datasus;dados_abertos_saude",
        "official_name": "UNIDADE DE VIGILANCIA AMBIENTAL SAO SEBASTIAO",
        "addr:street": "Rua 47 A Lote",
        "addr:housenumber": "50",
        "addr:suburb": "São Sebastiao",
        "addr:city": "Brasília",
        "addr:state": "DF",
        "addr:country": "BR",
        "addr:postcode": "71691-101",
        "phone": "+55 46 3346-9382",
        "email": "expediente.dival@gmail.com",
        "office": "government",
        "government": "healthcare",
        "name": "Vigilância Sanitária Municipal",
        "short_name": "VISA",
        "comment": "Vigilância Sanitária"
      },
      "geometry": {
        "type": "Point",
        "coordinates": [
          -47.7836609,
          -15.8939801
        ]
      }
    },
    {
      "type": "Feature",
      "id": 9190473,
      "properties": {
        "operator": "Governo do Estado (DF)",
        "operator:type": "public",
        "ref:CNES": "9190473",
        "source": "cnes;datasus;dados_abertos_saude",
        "official_name": "UNIDADE DE VIGILANCIA AMBIENTAL SOBRADINHO",
        "addr:street": "Rua Setor Tradicional e Cultural Lote D Quadra Central",
        "addr:suburb": "Sobradinho",
        "addr:city": "Brasília",
        "addr:state": "DF",
        "addr:country": "BR",
        "addr:postcode": "73020-412",
        "phone": "+55 46 3387-6991",
        "email": "expediente.dival@gmail.com",
        "office": "government",
        "government": "healthcare",
        "name": "Vigilância Sanitária Municipal",
        "short_name": "VISA",
        "comment": "Vigilância Sanitária"
      },
      "geometry": {
        "type": "Point",
        "coordinates": [
          -47.8042603,
          -15.645519
        ]
      }
    },
    {
      "type": "Feature",
      "id": 9190481,
      "properties": {
        "operator": "Governo do Estado (DF)",
        "operator:type": "public",
        "ref:CNES": "9190481",
        "source": "cnes;datasus;dados_abertos_saude",
        "official_name": "UNIDADE DE VIGILANCIA AMBIENTAL TAGUATINGA",
        "addr:street": "Rua Qse 11 13 Area Especial N",
        "addr:housenumber": "2",
        "addr:suburb": "Taguatinga Sul",
        "addr:city": "Brasília",
        "addr:state": "DF",
        "addr:country": "BR",
        "addr:postcode": "71909-000",
        "phone": "+55 46 3456-2457",
        "office": "government",
        "government": "healthcare",
        "name": "Vigilância Sanitária Municipal",
        "short_name": "VISA",
        "comment": "Vigilância Sanitária"
      },
      "geometry": {
        "type": "Point",
        "coordinates": [
          -48.0424404,
          -15.8597192
        ]
      }
    },
    {
      "type": "Feature",
      "id": 2650355,
      "properties": {
        "operator": "Governo do Estado (DF)",
        "operator:type": "public",
        "ref:CNES": "2650355",
        "source": "cnes;datasus;dados_abertos_saude",
        "official_name": "CASA DE PARTO DE SAO SEBASTIAO",
        "addr:street": "Rua Centro de Multiplas Atividades",
        "addr:suburb": "São Sebastiao",
        "addr:city": "Brasília",
        "addr:state": "DF",
        "addr:country": "BR",
        "addr:postcode": "71691-081",
        "phone": "(61) 20171550 R 6592",
        "email": "casadepartoses.df@gmail.com",
        "amenity": "clinic",
        "healthcare": "clinic",
        "name": "Casa de Parto de São Sebastiao",
        "comment": "Outros Serviços de Saúde"
      },
      "geometry": {
        "type": "Point",
        "coordinates": [
          -47.7725673,
          -15.9024309
        ]
      }
    },
    {
      "type": "Feature",
      "id": 284548,
      "properties": {
        "operator": "Governo do Estado (DF)",
        "operator:type": "public",
        "ref:CNES": "284548",
        "source": "cnes;datasus;dados_abertos_saude",
        "official_name": "REGIAO CENTRO SUL",
        "addr:street": "Rua Qi 06 Area Especial",
        "addr:housenumber": "1",
        "addr:suburb": "Guara",
        "addr:city": "Brasília",
        "addr:state": "DF",
        "addr:country": "BR",
        "addr:postcode": "71010-900",
        "phone": "+55 61 3353-1500",
        "email": "centrosul.sesdf@saude.df.gov.br",
        "office": "government",
        "government": "healthcare",
        "name": "Secretaria Municipal de Saúde de Pato Branco",
        "short_name": "SMS Pato Branco",
        "comment": "Secretaria Municipal de Saúde"
      },
      "geometry": {
        "type": "Point",
        "coordinates": [
          -47.9860885,
          -15.8177548
        ]
      }
    },
    {
      "type": "Feature",
      "id": 5532515,
      "properties": {
        "operator": "Governo do Estado (DF)",
        "operator:type": "public",
        "ref:CNES": "5532515",
        "source": "cnes;datasus;dados_abertos_saude",
        "official_name": "REGIAO DE SAUDE CENTRAL",
        "addr:street": "Rua Smhn Quadra 101 Bloco A Area Especial",
        "addr:housenumber": "101",
        "addr:suburb": "Asa Norte",
        "addr:city": "Brasília",
        "addr:state": "DF",
        "addr:country": "BR",
        "addr:postcode": "70710-905",
        "phone": "+55 61 3449-4650",
        "email": "srsce.ses@saude.df.gov.br",
        "office": "government",
        "government": "healthcare",
        "name": "Secretaria Municipal de Saúde de Pato Branco",
        "short_name": "SMS Pato Branco",
        "comment": "Secretaria Municipal de Saúde"
      },
      "geometry": {
        "type": "Point",
        "coordinates": [
          -47.8889627,
          -15.7907463
        ]
      }
    },
    {
      "type": "Feature",
      "id": 5533317,
      "properties": {
        "operator": "Governo do Estado (DF)",
        "operator:type": "public",
        "ref:CNES": "5533317",
        "source": "cnes;datasus;dados_abertos_saude",
        "official_name": "REGIAO DE SAUDE LESTE",
        "addr:street": "Rua Quadra 02 Conj K",
        "addr:housenumber": "01",
        "addr:suburb": "Paranoa",
        "addr:city": "Brasília",
        "addr:state": "DF",
        "addr:country": "BR",
        "addr:postcode": "71570-903",
        "phone": "+55 61 3349-5225",
        "office": "government",
        "government": "healthcare",
        "name": "Secretaria Municipal de Saúde de Pato Branco",
        "short_name": "SMS Pato Branco",
        "comment": "Secretaria Municipal de Saúde"
      },
      "geometry": {
        "type": "Point",
        "coordinates": [
          -47.7830504,
          -15.769923
        ]
      }
    },
    {
      "type": "Feature",
      "id": 5504279,
      "properties": {
        "operator": "Governo do Estado (DF)",
        "operator:type": "public",
        "ref:CNES": "5504279",
        "source": "cnes;datasus;dados_abertos_saude",
        "official_name": "REGIAO DE SAUDE NORTE",
        "addr:street": "Rua Quadra 12 Area Reservada",
        "addr:housenumber": "01",
        "addr:suburb": "Sobradinho",
        "addr:city": "Brasília",
        "addr:state": "DF",
        "addr:country": "BR",
        "addr:postcode": "73010-901",
        "phone": "+55 61 3487-9200",
        "email": "norte.saude.df@gmail.com",
        "office": "government",
        "government": "healthcare",
        "name": "Secretaria Municipal de Saúde de Pato Branco",
        "short_name": "SMS Pato Branco",
        "comment": "Secretaria Municipal de Saúde"
      },
      "geometry": {
        "type": "Point",
        "coordinates": [
          -47.7935556,
          -15.6475465
        ]
      }
    },
    {
      "type": "Feature",
      "id": 5532175,
      "properties": {
        "operator": "Governo do Estado (DF)",
        "operator:type": "public",
        "ref:CNES": "5532175",
        "source": "cnes;datasus;dados_abertos_saude",
        "official_name": "REGIAO DE SAUDE SUDOESTE",
        "addr:street": "Rua Setor C Norte",
        "addr:housenumber": "24",
        "addr:suburb": "Taguatinga",
        "addr:city": "Brasília",
        "addr:state": "DF",
        "addr:country": "BR",
        "addr:postcode": "72120-970",
        "phone": "+55 61 2017-1700",
        "office": "government",
        "government": "healthcare",
        "name": "Secretaria Municipal de Saúde de Pato Branco",
        "short_name": "SMS Pato Branco",
        "comment": "Secretaria Municipal de Saúde"
      },
      "geometry": {
        "type": "Point",
        "coordinates": [
          -47.8857704,
          -15.7866849
        ]
      }
    },
    {
      "type": "Feature",
      "id": 5546206,
      "properties": {
        "operator": "Governo do Estado (DF)",
        "operator:type": "public",
        "ref:CNES": "5546206",
        "source": "cnes;datasus;dados_abertos_saude",
        "official_name": "REGIAO DE SAUDE SUL",
        "addr:street": "Rua Area Especial",
        "addr:suburb": "Setor Central",
        "addr:city": "Brasília",
        "addr:state": "DF",
        "addr:country": "BR",
        "addr:postcode": "72450-010",
        "phone": "+55 46 3449-7038",
        "email": "ses.srssu@saude.df.gov.br",
        "office": "government",
        "government": "healthcare",
        "name": "Secretaria Municipal de Saúde de Pato Branco",
        "short_name": "SMS Pato Branco",
        "comment": "Secretaria Municipal de Saúde"
      },
      "geometry": {
        "type": "Point",
        "coordinates": [
          -48.0694454,
          -16.023299
        ]
      }
    },
    {
      "type": "Feature",
      "id": 6963447,
      "properties": {
        "operator": "Governo do Estado (DF)",
        "operator:type": "public",
        "ref:CNES": "6963447",
        "source": "cnes;datasus;dados_abertos_saude",
        "official_name": "SECRETARIA DE SAUDE DO DISTRITO FEDERAL",
        "addr:street": "Rua Setor de Radio e Tv Norte",
        "addr:housenumber": "701",
        "addr:suburb": "Asa Norte",
        "addr:city": "Brasília",
        "addr:state": "DF",
        "addr:country": "BR",
        "addr:postcode": "70720-680",
        "phone": "+55 46 3348-6688",
        "email": "gabinete.sesdf@saude.df.gov",
        "office": "government",
        "government": "healthcare",
        "name": "Secretaria Municipal de Saúde de Pato Branco",
        "short_name": "SMS Pato Branco",
        "comment": "Secretaria Municipal de Saúde"
      },
      "geometry": {
        "type": "Point",
        "coordinates": [
          -47.8898549,
          -15.7810209
        ]
      }
    },
    {
      "type": "Feature",
      "id": 5537665,
      "properties": {
        "operator": "Governo do Estado (DF)",
        "operator:type": "public",
        "ref:CNES": "5537665",
        "source": "cnes;datasus;dados_abertos_saude",
        "official_name": "SUPERINTENDENCIA DA REGIAO DE SAUDE OESTE",
        "addr:street": "Rua Qnm 27 Area Especial 1",
        "addr:suburb": "Ceilandia Sul Ceila",
        "addr:city": "Brasília",
        "addr:state": "DF",
        "addr:country": "BR",
        "addr:postcode": "72215-274",
        "phone": "+55 61 3348-6640",
        "email": "dicon@saude.df.gov.br",
        "office": "government",
        "government": "healthcare",
        "name": "Secretaria Municipal de Saúde de Pato Branco",
        "short_name": "SMS Pato Branco",
        "comment": "Secretaria Municipal de Saúde"
      },
      "geometry": {
        "type": "Point",
        "coordinates": [
          -48.0964494,
          -15.8152951
        ]
      }
    },
    {
      "type": "Feature",
      "id": 11339,
      "properties": {
        "operator": "Prefeitura Municipal de Brasília",
        "operator:type": "public",
        "ref:CNES": "11339",
        "source": "cnes;datasus;dados_abertos_saude",
        "official_name": "FUNDACAO HEMOCENTRO",
        "addr:street": "Rua Smhn Quadra 03 Conjunto A Bloco",
        "addr:housenumber": "03",
        "addr:suburb": "Asa Norte",
        "addr:city": "Brasília",
        "addr:state": "DF",
        "addr:country": "BR",
        "addr:postcode": "70710-908",
        "phone": "+55 61 3020-2901",
        "email": "rh@fhb.df.gov.br",
        "amenity": "blood_donation",
        "healthcare": "blood_donation",
        "name": "Hemonúcleo de Pato Branco (HEMEPAR)",
        "short_name": "Hemepar Pato Branco",
        "comment": "Doação de Sangue (HEMEPAR)"
      },
      "geometry": {
        "type": "Point",
        "coordinates": [
          -47.882778,
          -15.793889
        ]
      }
    },
    {
      "type": "Feature",
      "id": 7219695,
      "properties": {
        "operator": "Governo do Estado (DF)",
        "operator:type": "public",
        "ref:CNES": "7219695",
        "source": "cnes;datasus;dados_abertos_saude",
        "official_name": "CAPS AD CANDANGO",
        "addr:street": "Rua Setor Comercial Sul Quadra 5",
        "addr:housenumber": "5",
        "addr:suburb": "Asa Sul",
        "addr:city": "Brasília",
        "addr:state": "DF",
        "addr:country": "BR",
        "addr:postcode": "70305-000",
        "phone": "+55 61 3226-4631",
        "email": "capsad3candango.ses@gmail.com",
        "amenity": "clinic",
        "healthcare": "psychiatry",
        "healthcare:speciality": "psychiatry",
        "name": "Centro de Atenção Psicossocial (CAPS II)",
        "short_name": "CAPS II",
        "comment": "CAPS II"
      },
      "geometry": {
        "type": "Point",
        "coordinates": [
          -47.8895223,
          -15.7958617
        ]
      }
    },
    {
      "type": "Feature",
      "id": 7282494,
      "properties": {
        "operator": "Governo do Estado (DF)",
        "operator:type": "public",
        "ref:CNES": "7282494",
        "source": "cnes;datasus;dados_abertos_saude",
        "official_name": "CAPS AD III SAMAMBAIA",
        "addr:street": "Rua Qs 107 Conjunto 07",
        "addr:housenumber": "07",
        "addr:suburb": "Samambaia Sul",
        "addr:city": "Brasília",
        "addr:state": "DF",
        "addr:country": "BR",
        "addr:postcode": "72301-527",
        "phone": "3449-6901 34496902",
        "email": "capsadsam@gmail.com",
        "amenity": "clinic",
        "healthcare": "psychiatry",
        "healthcare:speciality": "psychiatry",
        "name": "Centro de Atenção Psicossocial (CAPS II)",
        "short_name": "CAPS II",
        "comment": "CAPS II"
      },
      "geometry": {
        "type": "Point",
        "coordinates": [
          -48.09944,
          -15.883545
        ]
      }
    },
    {
      "type": "Feature",
      "id": 7094116,
      "properties": {
        "operator": "Governo do Estado (DF)",
        "operator:type": "public",
        "ref:CNES": "7094116",
        "source": "cnes;datasus;dados_abertos_saude",
        "official_name": "CAPS AD ITAPOA",
        "addr:street": "Rua Qd 378 Cj A Area Especial 04",
        "addr:housenumber": "1",
        "addr:suburb": "Paranoa",
        "addr:city": "Brasília",
        "addr:state": "DF",
        "addr:country": "BR",
        "addr:postcode": "71593-620",
        "phone": "61 20171677 R2252",
        "email": "capsaditapoa@yahoo.com.br",
        "amenity": "clinic",
        "healthcare": "psychiatry",
        "healthcare:speciality": "psychiatry",
        "name": "Centro de Atenção Psicossocial (CAPS II)",
        "short_name": "CAPS II",
        "comment": "CAPS II"
      },
      "geometry": {
        "type": "Point",
        "coordinates": [
          -47.7610016,
          -15.7445104
        ]
      }
    },
    {
      "type": "Feature",
      "id": 7055919,
      "properties": {
        "operator": "Governo do Estado (DF)",
        "operator:type": "public",
        "ref:CNES": "7055919",
        "source": "cnes;datasus;dados_abertos_saude",
        "official_name": "CAPS AD SANTA MARIA",
        "addr:street": "Rua Qr 312 Conjunto H Casa",
        "addr:housenumber": "12",
        "addr:suburb": "Santa Maria Norte",
        "addr:city": "Brasília",
        "addr:state": "DF",
        "addr:country": "BR",
        "addr:postcode": "72542-508",
        "phone": "+55 46 3394-2513",
        "email": "capssantamaria@yahoo.com.br",
        "amenity": "clinic",
        "healthcare": "psychiatry",
        "healthcare:speciality": "psychiatry",
        "name": "Centro de Atenção Psicossocial (CAPS II)",
        "short_name": "CAPS II",
        "comment": "CAPS II"
      },
      "geometry": {
        "type": "Point",
        "coordinates": [
          -48.004632,
          -16.0128882
        ]
      }
    },
    {
      "type": "Feature",
      "id": 5554349,
      "properties": {
        "operator": "Governo do Estado (DF)",
        "operator:type": "public",
        "ref:CNES": "5554349",
        "source": "cnes;datasus;dados_abertos_saude",
        "official_name": "CAPS AD SOBRADINHO",
        "addr:street": "Rua Ar 17 Chacara",
        "addr:housenumber": "14",
        "addr:suburb": "Sobradinho II",
        "addr:city": "Brasília",
        "addr:state": "DF",
        "addr:country": "BR",
        "addr:postcode": "73062-700",
        "amenity": "clinic",
        "healthcare": "psychiatry",
        "healthcare:speciality": "psychiatry",
        "name": "Centro de Atenção Psicossocial (CAPS II)",
        "short_name": "CAPS II",
        "comment": "CAPS II"
      },
      "geometry": {
        "type": "Point",
        "coordinates": [
          -47.9970262,
          -15.8643345
        ]
      }
    },
    {
      "type": "Feature",
      "id": 7379110,
      "properties": {
        "operator": "Governo do Estado (DF)",
        "operator:type": "public",
        "ref:CNES": "7379110",
        "source": "cnes;datasus;dados_abertos_saude",
        "official_name": "CAPS BRASILIA UNIDADE II",
        "addr:street": "Rua Sgan 905 Modulo D",
        "addr:housenumber": "905",
        "addr:suburb": "Asa Norte",
        "addr:city": "Brasília",
        "addr:state": "DF",
        "addr:country": "BR",
        "addr:postcode": "70790-050",
        "phone": "+55 46 3349-2061",
        "email": "caps3.asanorte@saude.df.gov.br",
        "amenity": "clinic",
        "healthcare": "psychiatry",
        "healthcare:speciality": "psychiatry",
        "name": "Centro de Atenção Psicossocial (CAPS II)",
        "short_name": "CAPS II",
        "comment": "CAPS II"
      },
      "geometry": {
        "type": "Point",
        "coordinates": [
          -47.8940392,
          -15.7737523
        ]
      }
    },
    {
      "type": "Feature",
      "id": 3372375,
      "properties": {
        "operator": "Governo do Estado (DF)",
        "operator:type": "public",
        "ref:CNES": "3372375",
        "source": "cnes;datasus;dados_abertos_saude",
        "official_name": "CAPS GUARA",
        "addr:street": "Rua Qe 23 Bl C Guara II",
        "addr:suburb": "Guara",
        "addr:city": "Brasília",
        "addr:state": "DF",
        "addr:country": "BR",
        "addr:postcode": "71025-000",
        "phone": "+55 61 3449-4998",
        "email": "capsadguara@gmail.com",
        "amenity": "clinic",
        "healthcare": "psychiatry",
        "healthcare:speciality": "psychiatry",
        "name": "Centro de Atenção Psicossocial (CAPS II)",
        "short_name": "CAPS II",
        "comment": "CAPS II"
      },
      "geometry": {
        "type": "Point",
        "coordinates": [
          -47.9711044,
          -15.823966
        ]
      }
    },
    {
      "type": "Feature",
      "id": 7698437,
      "properties": {
        "operator": "Governo do Estado (DF)",
        "operator:type": "public",
        "ref:CNES": "7698437",
        "source": "cnes;datasus;dados_abertos_saude",
        "official_name": "CAPS I RECANTO DAS EMAS",
        "addr:street": "Rua Quadra 307 Area Especial",
        "addr:housenumber": "01",
        "addr:suburb": "Recanto das Emas",
        "addr:city": "Brasília",
        "addr:state": "DF",
        "addr:country": "BR",
        "addr:postcode": "72621-400",
        "phone": "3449-6903 3449-6904",
        "email": "capsi.cgsre@gmail.com",
        "amenity": "clinic",
        "healthcare": "psychiatry",
        "healthcare:speciality": "psychiatry",
        "name": "Centro de Atenção Psicossocial (CAPS II)",
        "short_name": "CAPS II",
        "comment": "CAPS II"
      },
      "geometry": {
        "type": "Point",
        "coordinates": [
          -48.1014919,
          -15.9193211
        ]
      }
    },
    {
      "type": "Feature",
      "id": 7552270,
      "properties": {
        "operator": "Governo do Estado (DF)",
        "operator:type": "public",
        "ref:CNES": "7552270",
        "source": "cnes;datasus;dados_abertos_saude",
        "official_name": "CAPS I SOBRADINHO",
        "addr:street": "Rua Quadra 4 Area Especial Lote 1 2",
        "addr:housenumber": "1",
        "addr:suburb": "Sobradinho",
        "addr:city": "Brasília",
        "addr:state": "DF",
        "addr:country": "BR",
        "addr:postcode": "73025-060",
        "amenity": "clinic",
        "healthcare": "psychiatry",
        "healthcare:speciality": "psychiatry",
        "name": "Centro de Atenção Psicossocial (CAPS II)",
        "short_name": "CAPS II",
        "comment": "CAPS II"
      },
      "geometry": {
        "type": "Point",
        "coordinates": [
          -47.797029,
          -15.6537529
        ]
      }
    },
    {
      "type": "Feature",
      "id": 5167892,
      "properties": {
        "operator": "Governo do Estado (DF)",
        "operator:type": "public",
        "ref:CNES": "5167892",
        "source": "cnes;datasus;dados_abertos_saude",
        "official_name": "CAPS II PARANOA",
        "addr:street": "Rua Qd 2 Cj K Ae",
        "addr:housenumber": "01",
        "addr:suburb": "Paranoa",
        "addr:city": "Brasília",
        "addr:state": "DF",
        "addr:country": "BR",
        "addr:postcode": "71570-211",
        "phone": "+55 61 2017-1231",
        "email": "caps2paranoa@yahoo.com.br",
        "amenity": "clinic",
        "healthcare": "psychiatry",
        "healthcare:speciality": "psychiatry",
        "name": "Centro de Atenção Psicossocial (CAPS II)",
        "short_name": "CAPS II",
        "comment": "CAPS II"
      },
      "geometry": {
        "type": "Point",
        "coordinates": [
          -47.7826738,
          -15.7810209
        ]
      }
    },
    {
      "type": "Feature",
      "id": 6666701,
      "properties": {
        "operator": "Governo do Estado (DF)",
        "operator:type": "public",
        "ref:CNES": "6666701",
        "source": "cnes;datasus;dados_abertos_saude",
        "official_name": "CAPS II PLANALTINA",
        "addr:street": "Rua Via W L 04 Setor Hospitalar",
        "addr:suburb": "Planaltina",
        "addr:city": "Brasília",
        "addr:state": "DF",
        "addr:country": "BR",
        "addr:postcode": "73310-100",
        "phone": "+55 46 3388-9650",
        "email": "capsplanaltina@gmail.com",
        "amenity": "clinic",
        "healthcare": "psychiatry",
        "healthcare:speciality": "psychiatry",
        "name": "Centro de Atenção Psicossocial (CAPS II)",
        "short_name": "CAPS II",
        "comment": "CAPS II"
      },
      "geometry": {
        "type": "Point",
        "coordinates": [
          -47.6524043,
          -15.6245867
        ]
      }
    },
    {
      "type": "Feature",
      "id": 5447410,
      "properties": {
        "operator": "Governo do Estado (DF)",
        "operator:type": "public",
        "ref:CNES": "5447410",
        "source": "cnes;datasus;dados_abertos_saude",
        "official_name": "CAPS II TAGUATINGA",
        "addr:street": "Rua Qna 39 Ae",
        "addr:housenumber": "19",
        "addr:suburb": "Taguatinga Norte",
        "addr:city": "Brasília",
        "addr:state": "DF",
        "addr:country": "BR",
        "addr:postcode": "72110-390",
        "phone": "+55 61 3449-6679",
        "email": "capsii.dirase-tag@saude.df.gov.br",
        "amenity": "clinic",
        "healthcare": "psychiatry",
        "healthcare:speciality": "psychiatry",
        "name": "Centro de Atenção Psicossocial (CAPS II)",
        "short_name": "CAPS II",
        "comment": "CAPS II"
      },
      "geometry": {
        "type": "Point",
        "coordinates": [
          -48.0564952,
          -15.8233364
        ]
      }
    },
    {
      "type": "Feature",
      "id": 8479704,
      "properties": {
        "operator": "Governo do Estado (DF)",
        "operator:type": "public",
        "ref:CNES": "8479704",
        "source": "cnes;datasus;dados_abertos_saude",
        "official_name": "CAPS III GAMA",
        "addr:street": "Rua Quadra 2",
        "addr:housenumber": "02",
        "addr:suburb": "Gama Norte",
        "addr:city": "Brasília",
        "addr:state": "DF",
        "addr:country": "BR",
        "addr:postcode": "72427-010",
        "phone": "+55 61 98409-0684",
        "email": "camaratec155@gmail.com",
        "amenity": "clinic",
        "healthcare": "psychiatry",
        "healthcare:speciality": "psychiatry",
        "name": "Centro de Atenção Psicossocial (CAPS II)",
        "short_name": "CAPS II",
        "comment": "CAPS II"
      },
      "geometry": {
        "type": "Point",
        "coordinates": [
          -48.061232,
          -15.9998218
        ]
      }
    },
    {
      "type": "Feature",
      "id": 6665098,
      "properties": {
        "operator": "Governo do Estado (DF)",
        "operator:type": "public",
        "ref:CNES": "6665098",
        "source": "cnes;datasus;dados_abertos_saude",
        "official_name": "CAPS III SAMAMBAIA",
        "addr:street": "Rua Quadra 302 Conjunto",
        "addr:housenumber": "05",
        "addr:suburb": "Sul",
        "addr:city": "Brasília",
        "addr:state": "DF",
        "addr:country": "BR",
        "addr:postcode": "72300-639",
        "phone": "+55 61 3449-6906",
        "email": "srsso.capsii-sam@saude.df.gov.br",
        "amenity": "clinic",
        "healthcare": "psychiatry",
        "healthcare:speciality": "psychiatry",
        "name": "Centro de Atenção Psicossocial (CAPS II)",
        "short_name": "CAPS II",
        "comment": "CAPS II"
      },
      "geometry": {
        "type": "Point",
        "coordinates": [
          -48.0163312,
          -15.8295415
        ]
      }
    },
    {
      "type": "Feature",
      "id": 7238703,
      "properties": {
        "operator": "Governo do Estado (DF)",
        "operator:type": "public",
        "ref:CNES": "7238703",
        "source": "cnes;datasus;dados_abertos_saude",
        "official_name": "CAPS INFANTO JUVENIL TAGUATINGA",
        "addr:street": "Rua Qnf Area Especial",
        "addr:housenumber": "24",
        "addr:suburb": "Taguatinga Norte",
        "addr:city": "Brasília",
        "addr:state": "DF",
        "addr:country": "BR",
        "addr:postcode": "72125-750",
        "phone": "+55 46 3449-6683",
        "email": "capsitaguatinga@gmail.com",
        "amenity": "clinic",
        "healthcare": "psychiatry",
        "healthcare:speciality": "psychiatry",
        "name": "Centro de Atenção Psicossocial Infanto-Juvenil (CAPSi)",
        "short_name": "CAPSi",
        "comment": "CAPSi (Infanto-Juvenil)"
      },
      "geometry": {
        "type": "Point",
        "coordinates": [
          -48.0704856,
          -15.8193622
        ]
      }
    },
    {
      "type": "Feature",
      "id": 2649535,
      "properties": {
        "operator": "Governo do Estado (DF)",
        "operator:type": "public",
        "ref:CNES": "2649535",
        "source": "cnes;datasus;dados_abertos_saude",
        "official_name": "CAPS RIACHO FUNDO",
        "addr:street": "Rua Granja do Riacho Fundo Epnb",
        "addr:housenumber": "4",
        "addr:suburb": "Riacho Fundo",
        "addr:city": "Brasília",
        "addr:state": "DF",
        "addr:country": "BR",
        "addr:postcode": "71825-300",
        "phone": "(61) 3449-5001/ 5002",
        "amenity": "clinic",
        "healthcare": "psychiatry",
        "healthcare:speciality": "psychiatry",
        "name": "Centro de Atenção Psicossocial (CAPS II)",
        "short_name": "CAPS II",
        "comment": "CAPS II"
      },
      "geometry": {
        "type": "Point",
        "coordinates": [
          -48.0352092,
          -15.8911734
        ]
      }
    },
    {
      "type": "Feature",
      "id": 7740794,
      "properties": {
        "operator": "Governo do Estado (DF)",
        "operator:type": "public",
        "ref:CNES": "7740794",
        "source": "cnes;datasus;dados_abertos_saude",
        "official_name": "CAPSI ASA NORTE",
        "addr:street": "Rua Smhn Quadra",
        "addr:housenumber": "3",
        "addr:suburb": "Asa Norte",
        "addr:city": "Brasília",
        "addr:state": "DF",
        "addr:country": "BR",
        "addr:postcode": "70710-100",
        "phone": "+55 61 3901-3081",
        "email": "capsi.compp@yahoo.com.br",
        "amenity": "clinic",
        "healthcare": "psychiatry",
        "healthcare:speciality": "psychiatry",
        "name": "Centro de Atenção Psicossocial Infanto-Juvenil (CAPSi)",
        "short_name": "CAPSi",
        "comment": "CAPSi (Infanto-Juvenil)"
      },
      "geometry": {
        "type": "Point",
        "coordinates": [
          -47.8869581,
          -15.7845931
        ]
      }
    },
    {
      "type": "Feature",
      "id": 6585760,
      "properties": {
        "operator": "Governo do Estado (DF)",
        "operator:type": "public",
        "ref:CNES": "6585760",
        "source": "cnes;datasus;dados_abertos_saude",
        "official_name": "CENTRO DE ATENCAO PSICOSSOCIAL AD III CEILANDIA",
        "addr:street": "Rua Qnn 16 Ceilandia",
        "addr:suburb": "Ceilandia Sul",
        "addr:city": "Brasília",
        "addr:state": "DF",
        "addr:country": "BR",
        "addr:postcode": "72220-161",
        "phone": "+55 61 3373-2179",
        "email": "capsadcei@gmail.com",
        "amenity": "clinic",
        "healthcare": "psychiatry",
        "healthcare:speciality": "psychiatry",
        "name": "Centro de Atenção Psicossocial (CAPS II)",
        "short_name": "CAPS II",
        "comment": "CAPS II"
      },
      "geometry": {
        "type": "Point",
        "coordinates": [
          -48.1038094,
          -15.8366826
        ]
      }
    },
    {
      "type": "Feature",
      "id": 9589724,
      "properties": {
        "operator": "Governo do Estado (DF)",
        "operator:type": "public",
        "ref:CNES": "9589724",
        "source": "cnes;datasus;dados_abertos_saude",
        "official_name": "CENTRO DE ATENCAO PSICOSSOCIAL I BRAZLANDIA",
        "addr:street": "Rua Quadra 01 Area Especial 2 Veredas Brazlandia",
        "addr:housenumber": "2",
        "addr:suburb": "Brazlandia",
        "addr:city": "Brasília",
        "addr:state": "DF",
        "addr:country": "BR",
        "addr:postcode": "72725-116",
        "phone": "+55 61 99243-1006",
        "email": "caps1brazlandia@gmail.com",
        "amenity": "clinic",
        "healthcare": "psychiatry",
        "healthcare:speciality": "psychiatry",
        "name": "Centro de Atenção Psicossocial (CAPS II)",
        "short_name": "CAPS II",
        "comment": "CAPS II"
      },
      "geometry": {
        "type": "Point",
        "coordinates": [
          -48.2015115,
          -15.6727583
        ]
      }
    },
    {
      "type": "Feature",
      "id": 7898215,
      "properties": {
        "operator": "Prefeitura Municipal de Brasília",
        "operator:type": "public",
        "ref:CNES": "7898215",
        "source": "cnes;datasus;dados_abertos_saude",
        "official_name": "CASAI BRASILIA",
        "addr:street": "Rua Df 250 Km 8 5 Chacara Paraiso do Campo",
        "addr:housenumber": "2",
        "addr:suburb": "Sobradinho dos Melos",
        "addr:city": "Brasília",
        "addr:state": "DF",
        "addr:country": "BR",
        "addr:postcode": "71586-000",
        "phone": "+55 61 3315-5839",
        "email": "casaidf@saude.gov.br",
        "amenity": "clinic",
        "healthcare": "clinic",
        "name": "Casai Brasilia",
        "comment": "Outros Serviços de Saúde"
      },
      "geometry": {
        "type": "Point",
        "coordinates": [
          -47.7156615,
          -15.750355
        ]
      }
    },
    {
      "type": "Feature",
      "id": 7465157,
      "properties": {
        "operator": "Governo do Estado (DF)",
        "operator:type": "public",
        "ref:CNES": "7465157",
        "source": "cnes;datasus;dados_abertos_saude",
        "official_name": "UNIDADE DE PRONTO ATENDIMENTO CEILANDIA",
        "addr:street": "Rua Qnn 27 Area Especial D",
        "addr:housenumber": "1",
        "addr:suburb": "Ceilandia",
        "addr:city": "Brasília",
        "addr:state": "DF",
        "addr:country": "BR",
        "addr:postcode": "72225-270",
        "phone": "+55 46 3471-9000",
        "amenity": "clinic",
        "healthcare": "clinic",
        "name": "Unidade de Pronto Atendimento Ceilandia",
        "comment": "Outros Serviços de Saúde"
      },
      "geometry": {
        "type": "Point",
        "coordinates": [
          -48.1210372,
          -15.8253698
        ]
      }
    },
    {
      "type": "Feature",
      "id": 2840499,
      "properties": {
        "operator": "Governo do Estado (DF)",
        "operator:type": "public",
        "ref:CNES": "2840499",
        "source": "cnes;datasus;dados_abertos_saude",
        "official_name": "UNIDADE DE PRONTO ATENDIMENTO UPA BRAZLANDIA",
        "addr:street": "Rua Q Quadra 37",
        "addr:suburb": "Vila São Jose",
        "addr:city": "Brasília",
        "addr:state": "DF",
        "addr:country": "BR",
        "addr:postcode": "72737-000",
        "phone": "+55 61 2017-1145",
        "email": "celia.krawcyk@igesdf.org.br",
        "amenity": "clinic",
        "healthcare": "clinic",
        "emergency": "yes",
        "opening_hours": "24/7",
        "name": "UPA 24 Horas Maria Itália Freddo",
        "short_name": "UPA 24h",
        "comment": "UPA 24h"
      },
      "geometry": {
        "type": "Point",
        "coordinates": [
          -48.0597119,
          -16.0259219
        ]
      }
    },
    {
      "type": "Feature",
      "id": 939145,
      "properties": {
        "operator": "Governo do Estado (DF)",
        "operator:type": "public",
        "ref:CNES": "939145",
        "source": "cnes;datasus;dados_abertos_saude",
        "official_name": "UNIDADE DE PRONTO ATENDIMENTO UPA GAMA",
        "addr:street": "Rua Setor de Industria Qi 7 Area Reservada 2",
        "addr:suburb": "Gama",
        "addr:city": "Brasília",
        "addr:state": "DF",
        "addr:country": "BR",
        "addr:postcode": "72445-070",
        "phone": "+55 61 2017-1145",
        "email": "nupph.igesdf@gmail.com",
        "amenity": "clinic",
        "healthcare": "clinic",
        "emergency": "yes",
        "opening_hours": "24/7",
        "name": "UPA 24 Horas Maria Itália Freddo",
        "short_name": "UPA 24h",
        "comment": "UPA 24h"
      },
      "geometry": {
        "type": "Point",
        "coordinates": [
          -48.054198,
          -16.015086
        ]
      }
    },
    {
      "type": "Feature",
      "id": 924857,
      "properties": {
        "operator": "Governo do Estado (DF)",
        "operator:type": "public",
        "ref:CNES": "924857",
        "source": "cnes;datasus;dados_abertos_saude",
        "official_name": "UNIDADE DE PRONTO ATENDIMENTO UPA II CEILANDIA",
        "addr:street": "Rua Q Qno 21 Aed",
        "addr:suburb": "Ceilandia Norte",
        "addr:city": "Brasília",
        "addr:state": "DF",
        "addr:country": "BR",
        "addr:postcode": "72262-104",
        "phone": "+55 61 2017-1145",
        "email": "nupph.igesdf@gmail.com",
        "amenity": "clinic",
        "healthcare": "clinic",
        "emergency": "yes",
        "opening_hours": "24/7",
        "name": "UPA 24 Horas Maria Itália Freddo",
        "short_name": "UPA 24h",
        "comment": "UPA 24h"
      },
      "geometry": {
        "type": "Point",
        "coordinates": [
          -48.135211,
          -15.790982
        ]
      }
    },
    {
      "type": "Feature",
      "id": 935514,
      "properties": {
        "operator": "Governo do Estado (DF)",
        "operator:type": "public",
        "ref:CNES": "935514",
        "source": "cnes;datasus;dados_abertos_saude",
        "official_name": "UNIDADE DE PRONTO ATENDIMENTO UPA PARANOA",
        "addr:street": "Rua Quadra 1 2 Area Especial 4",
        "addr:suburb": "Paranoa Parque para",
        "addr:city": "Brasília",
        "addr:state": "DF",
        "addr:country": "BR",
        "addr:postcode": "71587-032",
        "phone": "+55 61 2017-1145",
        "email": "juliete.andrade@igesdf.org.br",
        "amenity": "clinic",
        "healthcare": "clinic",
        "emergency": "yes",
        "opening_hours": "24/7",
        "name": "UPA 24 Horas Maria Itália Freddo",
        "short_name": "UPA 24h",
        "comment": "UPA 24h"
      },
      "geometry": {
        "type": "Point",
        "coordinates": [
          -47.791775,
          -15.768074
        ]
      }
    },
    {
      "type": "Feature",
      "id": 969877,
      "properties": {
        "operator": "Governo do Estado (DF)",
        "operator:type": "public",
        "ref:CNES": "969877",
        "source": "cnes;datasus;dados_abertos_saude",
        "official_name": "UNIDADE DE PRONTO ATENDIMENTO UPA PLANALTINA",
        "addr:street": "Rua Quadra 22 Setor Habitacional Mestre Darmas",
        "addr:suburb": "Planaltina",
        "addr:city": "Brasília",
        "addr:state": "DF",
        "addr:country": "BR",
        "addr:postcode": "73403-330",
        "phone": "+55 61 2017-1145",
        "email": "nupph.igesdf@gmail.com",
        "amenity": "clinic",
        "healthcare": "clinic",
        "emergency": "yes",
        "opening_hours": "24/7",
        "name": "UPA 24 Horas Maria Itália Freddo",
        "short_name": "UPA 24h",
        "comment": "UPA 24h"
      },
      "geometry": {
        "type": "Point",
        "coordinates": [
          -47.691034,
          -15.616475
        ]
      }
    },
    {
      "type": "Feature",
      "id": 945595,
      "properties": {
        "operator": "Governo do Estado (DF)",
        "operator:type": "public",
        "ref:CNES": "945595",
        "source": "cnes;datasus;dados_abertos_saude",
        "official_name": "UNIDADE DE PRONTO ATENDIMENTO UPA RIACHO FUNDO",
        "addr:street": "Rua Qn 31 Conjunto 3 Lote 1",
        "addr:suburb": "Riacho Fundo II",
        "addr:city": "Brasília",
        "addr:state": "DF",
        "addr:country": "BR",
        "addr:postcode": "71880-140",
        "phone": "+55 61 2017-1145",
        "email": "nupph.igesdf@gmail.com",
        "amenity": "clinic",
        "healthcare": "clinic",
        "emergency": "yes",
        "opening_hours": "24/7",
        "name": "UPA 24 Horas Maria Itália Freddo",
        "short_name": "UPA 24h",
        "comment": "UPA 24h"
      },
      "geometry": {
        "type": "Point",
        "coordinates": [
          -48.049103,
          -15.899732
        ]
      }
    },
    {
      "type": "Feature",
      "id": 996068,
      "properties": {
        "operator": "Governo do Estado (DF)",
        "operator:type": "public",
        "ref:CNES": "996068",
        "source": "cnes;datasus;dados_abertos_saude",
        "official_name": "UNIDADE DE PRONTO ATENDIMENTO UPA VICENTE PIRES",
        "addr:street": "Rua 10 Quadra 4d Chacara 135",
        "addr:suburb": "Vicente Pires",
        "addr:city": "Brasília",
        "addr:state": "DF",
        "addr:country": "BR",
        "addr:postcode": "72007-240",
        "phone": "+55 61 2017-1145",
        "email": "nupph.igesdf@gmail.com",
        "amenity": "clinic",
        "healthcare": "clinic",
        "emergency": "yes",
        "opening_hours": "24/7",
        "name": "UPA 24 Horas Maria Itália Freddo",
        "short_name": "UPA 24h",
        "comment": "UPA 24h"
      },
      "geometry": {
        "type": "Point",
        "coordinates": [
          -48.0245769,
          -15.7967547
        ]
      }
    },
    {
      "type": "Feature",
      "id": 7111924,
      "properties": {
        "operator": "Governo do Estado (DF)",
        "operator:type": "public",
        "ref:CNES": "7111924",
        "source": "cnes;datasus;dados_abertos_saude",
        "official_name": "UPA NUCLEO BANDEIRANTE",
        "addr:street": "Rua Df 075 Km 180 Placa das Mercedes",
        "addr:housenumber": "180",
        "addr:suburb": "Nucleo Bandeirante",
        "addr:city": "Brasília",
        "addr:state": "DF",
        "addr:country": "BR",
        "addr:postcode": "71732-010",
        "phone": "+55 46 3550-8817",
        "email": "upanb@igesdf.org.br",
        "amenity": "clinic",
        "healthcare": "clinic",
        "emergency": "yes",
        "opening_hours": "24/7",
        "name": "UPA 24 Horas Maria Itália Freddo",
        "short_name": "UPA 24h",
        "comment": "UPA 24h"
      },
      "geometry": {
        "type": "Point",
        "coordinates": [
          -47.98262,
          -15.876004
        ]
      }
    },
    {
      "type": "Feature",
      "id": 7078730,
      "properties": {
        "operator": "Governo do Estado (DF)",
        "operator:type": "public",
        "ref:CNES": "7078730",
        "source": "cnes;datasus;dados_abertos_saude",
        "official_name": "UPA RECANTO DAS EMAS",
        "addr:street": "Rua Eq 400 600 Area Especial Recanto das Emas",
        "addr:suburb": "Recanto das Emas",
        "addr:city": "Brasília",
        "addr:state": "DF",
        "addr:country": "BR",
        "addr:postcode": "72630-250",
        "amenity": "clinic",
        "healthcare": "clinic",
        "emergency": "yes",
        "opening_hours": "24/7",
        "name": "UPA 24 Horas Maria Itália Freddo",
        "short_name": "UPA 24h",
        "comment": "UPA 24h"
      },
      "geometry": {
        "type": "Point",
        "coordinates": [
          -48.0572623,
          -15.9119596
        ]
      }
    },
    {
      "type": "Feature",
      "id": 7592477,
      "properties": {
        "operator": "Governo do Estado (DF)",
        "operator:type": "public",
        "ref:CNES": "7592477",
        "source": "cnes;datasus;dados_abertos_saude",
        "official_name": "UPA SOBRADINHO",
        "addr:street": "Rua UPA Sobradinho II",
        "addr:housenumber": "1",
        "addr:suburb": "Sobradinho II",
        "addr:city": "Brasília",
        "addr:state": "DF",
        "addr:country": "BR",
        "addr:postcode": "73080-050",
        "email": "gerad.upa@gmail.com",
        "amenity": "clinic",
        "healthcare": "clinic",
        "emergency": "yes",
        "opening_hours": "24/7",
        "name": "UPA 24 Horas Maria Itália Freddo",
        "short_name": "UPA 24h",
        "comment": "UPA 24h"
      },
      "geometry": {
        "type": "Point",
        "coordinates": [
          -47.819817,
          -15.639637
        ]
      }
    },
    {
      "type": "Feature",
      "id": 6708714,
      "properties": {
        "operator": "Governo do Estado (DF)",
        "operator:type": "public",
        "ref:CNES": "6708714",
        "source": "cnes;datasus;dados_abertos_saude",
        "official_name": "UPA TIPO III SAMAMBAIA",
        "addr:street": "Rua Qs 107 Conjunto 04 Ae",
        "addr:housenumber": "09",
        "addr:suburb": "Sul",
        "addr:city": "Brasília",
        "addr:state": "DF",
        "addr:country": "BR",
        "addr:postcode": "72301-524",
        "phone": "+55 61 3550-8739",
        "email": "upasamambaia@gmail.com",
        "amenity": "clinic",
        "healthcare": "clinic",
        "emergency": "yes",
        "opening_hours": "24/7",
        "name": "UPA 24 Horas Maria Itália Freddo",
        "short_name": "UPA 24h",
        "comment": "UPA 24h"
      },
      "geometry": {
        "type": "Point",
        "coordinates": [
          -48.1000918,
          -15.8833103
        ]
      }
    },
    {
      "type": "Feature",
      "id": 7116756,
      "properties": {
        "operator": "Governo do Estado (DF)",
        "operator:type": "public",
        "ref:CNES": "7116756",
        "source": "cnes;datasus;dados_abertos_saude",
        "official_name": "UPA UNIDADE DE PRONTO ATENDIMENTO DE SAO SEBASTIAO",
        "addr:street": "Rua Qd 102 Cj 1 Lt 1",
        "addr:housenumber": "1",
        "addr:suburb": "Residencial Oeste",
        "addr:city": "Brasília",
        "addr:state": "DF",
        "addr:country": "BR",
        "addr:postcode": "71692-101",
        "phone": "+55 61 3550-8746",
        "email": "mrts.marcelo@gmail.com",
        "amenity": "clinic",
        "healthcare": "clinic",
        "emergency": "yes",
        "opening_hours": "24/7",
        "name": "UPA 24 Horas Maria Itália Freddo",
        "short_name": "UPA 24h",
        "comment": "UPA 24h"
      },
      "geometry": {
        "type": "Point",
        "coordinates": [
          -47.7699087,
          -15.9003235
        ]
      }
    },
    {
      "type": "Feature",
      "id": 8163936,
      "properties": {
        "operator": "Prefeitura Municipal de Brasília",
        "operator:type": "public",
        "ref:CNES": "8163936",
        "source": "cnes;datasus;dados_abertos_saude",
        "official_name": "NUCLEO DE TELESSAUDE DO HUB",
        "addr:street": "Rua Sgan Quadra 605",
        "addr:suburb": "Asa Norte",
        "addr:city": "Brasília",
        "addr:state": "DF",
        "addr:country": "BR",
        "addr:postcode": "70830-200",
        "amenity": "clinic",
        "healthcare": "clinic",
        "name": "Nucleo de Telessaude do Hub",
        "comment": "Outros Serviços de Saúde"
      },
      "geometry": {
        "type": "Point",
        "coordinates": [
          -47.8740835,
          -15.7720178
        ]
      }
    },
    {
      "type": "Feature",
      "id": 8434107,
      "properties": {
        "operator": "Governo do Estado (DF)",
        "operator:type": "public",
        "ref:CNES": "8434107",
        "source": "cnes;datasus;dados_abertos_saude",
        "official_name": "NUCLEO DE TELESSAUDE SES DF",
        "addr:street": "Rua Smhn 03 Conjunto A Bloco 1",
        "addr:suburb": "Asa Norte",
        "addr:city": "Brasília",
        "addr:state": "DF",
        "addr:country": "BR",
        "addr:postcode": "70710-210",
        "phone": "+55 46 3449-7918",
        "email": "nucleo.telessaude@fepecs.edu.br",
        "amenity": "clinic",
        "healthcare": "clinic",
        "name": "Nucleo de Telessaude Ses Df",
        "comment": "Outros Serviços de Saúde"
      },
      "geometry": {
        "type": "Point",
        "coordinates": [
          -47.885,
          -15.777833
        ]
      }
    },
    {
      "type": "Feature",
      "id": 7765916,
      "properties": {
        "operator": "Governo do Estado (DF)",
        "operator:type": "public",
        "ref:CNES": "7765916",
        "source": "cnes;datasus;dados_abertos_saude",
        "official_name": "CENTRAL DE REGULACAO DO SAMU DISTRITO FEDERAL",
        "addr:street": "Rua Sia Trecho 03 Lotes",
        "addr:suburb": "Guara",
        "addr:city": "Brasília",
        "addr:state": "DF",
        "addr:country": "BR",
        "addr:postcode": "71200-033",
        "phone": "+55 61 2017-1690",
        "email": "df.samu192@gmail.com",
        "emergency": "ambulance_station",
        "emergency_service": "technical_rescue",
        "opening_hours": "24/7",
        "name": "Central de Regulação Médica das Urgências (SAMU 192)",
        "short_name": "Regulação SAMU 192",
        "comment": "SAMU 192"
      },
      "geometry": {
        "type": "Point",
        "coordinates": [
          -47.9707825,
          -15.8017384
        ]
      }
    },
    {
      "type": "Feature",
      "id": 995673,
      "properties": {
        "operator": "Governo do Estado (DF)",
        "operator:type": "public",
        "ref:CNES": "995673",
        "source": "cnes;datasus;dados_abertos_saude",
        "official_name": "ISM CASA DE PASSAGEM",
        "addr:street": "Rua Epnb Quadra 4 A e Av Sucupira",
        "addr:suburb": "Riacho Fundo I",
        "addr:city": "Brasília",
        "addr:state": "DF",
        "addr:country": "BR",
        "addr:postcode": "71825-300",
        "phone": "(61) 3449-5004/ 5005",
        "amenity": "clinic",
        "healthcare": "clinic",
        "name": "Ism Casa de Passagem",
        "comment": "Outros Serviços de Saúde"
      },
      "geometry": {
        "type": "Point",
        "coordinates": [
          -48.0328274,
          -15.8929069
        ]
      }
    },
    {
      "type": "Feature",
      "id": 7382243,
      "properties": {
        "operator": "Governo do Estado (DF)",
        "operator:type": "public",
        "ref:CNES": "7382243",
        "source": "cnes;datasus;dados_abertos_saude",
        "official_name": "NUCLEO DE PRODUCAO DE ORTESESE E PROTESES NUPOP",
        "addr:street": "Rua Sgap Bloco G Lote 06",
        "addr:housenumber": "06",
        "addr:suburb": "Sia",
        "addr:city": "Brasília",
        "addr:state": "DF",
        "addr:country": "BR",
        "addr:postcode": "71215-000",
        "phone": "+55 61 3449-4231",
        "email": "nupop.ses@gmail.com",
        "amenity": "clinic",
        "healthcare": "clinic",
        "name": "Nucleo de Producao de Ortesese e Proteses Nupop",
        "comment": "Outros Serviços de Saúde"
      },
      "geometry": {
        "type": "Point",
        "coordinates": [
          -47.8821945,
          -15.7929143
        ]
      }
    },
    {
      "type": "Feature",
      "id": 11371,
      "properties": {
        "operator": "Governo do Estado (DF)",
        "operator:type": "public",
        "ref:CNES": "11371",
        "source": "cnes;datasus;dados_abertos_saude",
        "official_name": "LACEN DF",
        "addr:street": "Rua Sgan Quadra 601 Lotes O P",
        "addr:housenumber": "000",
        "addr:suburb": "Asa Norte",
        "addr:city": "Brasília",
        "addr:state": "DF",
        "addr:country": "BR",
        "addr:postcode": "70830-010",
        "phone": "+55 61 3449-4537",
        "email": "lacen.df@saude.df.gov.br",
        "amenity": "clinic",
        "healthcare": "clinic",
        "name": "LACEN Df",
        "comment": "Outros Serviços de Saúde"
      },
      "geometry": {
        "type": "Point",
        "coordinates": [
          -47.8711385,
          -15.7845725
        ]
      }
    },
    {
      "type": "Feature",
      "id": 3044432,
      "properties": {
        "operator": "Governo do Estado (DF)",
        "operator:type": "public",
        "ref:CNES": "3044432",
        "source": "cnes;datasus;dados_abertos_saude",
        "official_name": "COMPLEXO REGULADOR EM SAUDE DO DISTRITO FEDERAL CRDF",
        "addr:street": "Rua Sam Conjunto A Bloco D Ed Siosp Anexo Ssp Df",
        "addr:suburb": "Asa Norte",
        "addr:city": "Brasília",
        "addr:state": "DF",
        "addr:country": "BR",
        "addr:postcode": "70620-000",
        "email": "crdf@saude.df.gov.br",
        "office": "government",
        "government": "healthcare",
        "name": "Sistema Municipal de Auditoria e Regulação em Saúde",
        "comment": "Auditoria e Regulação"
      },
      "geometry": {
        "type": "Point",
        "coordinates": [
          -47.9079641,
          -15.7803411
        ]
      }
    },
    {
      "type": "Feature",
      "id": 7049188,
      "properties": {
        "operator": "Governo do Estado (DF)",
        "operator:type": "public",
        "ref:CNES": "7049188",
        "source": "cnes;datasus;dados_abertos_saude",
        "official_name": "TRATAMENTO FORA DE DOMICILIO TFD",
        "addr:street": "Rua Smhs Quadra 301 Edificio Dipac",
        "addr:housenumber": "03",
        "addr:suburb": "Asa Sul",
        "addr:city": "Brasília",
        "addr:state": "DF",
        "addr:country": "BR",
        "addr:postcode": "70335-900",
        "phone": "+55 46 2017-2091",
        "email": "cerac.crdf@saude.df.gov.br",
        "office": "government",
        "government": "healthcare",
        "name": "Sistema Municipal de Auditoria e Regulação em Saúde",
        "comment": "Auditoria e Regulação"
      },
      "geometry": {
        "type": "Point",
        "coordinates": [
          -47.8884387,
          -15.800306
        ]
      }
    },
    {
      "type": "Feature",
      "id": 7905610,
      "properties": {
        "operator": "Governo do Estado (DF)",
        "operator:type": "public",
        "ref:CNES": "7905610",
        "source": "cnes;datasus;dados_abertos_saude",
        "official_name": "CENTRAL ESTADUAL DE TRANSPLANTES DO DISTRITO FEDERAL",
        "addr:street": "Rua Smhs Area Especial 101 Hbdf Mezanino Sala",
        "addr:housenumber": "102",
        "addr:suburb": "Plano Piloto",
        "addr:city": "Brasília",
        "addr:state": "DF",
        "addr:country": "BR",
        "addr:postcode": "70100-000",
        "phone": "+55 61 3315-1633",
        "email": "centraldetransplantedf@gmail.com",
        "amenity": "clinic",
        "healthcare": "clinic",
        "name": "Central Estadual de Transplantes do Distrito Federal",
        "comment": "Outros Serviços de Saúde"
      },
      "geometry": {
        "type": "Point",
        "coordinates": [
          -47.888319,
          -15.800325
        ]
      }
    },
    {
      "type": "Feature",
      "id": 9354514,
      "properties": {
        "operator": "Governo do Estado (DF)",
        "operator:type": "public",
        "ref:CNES": "9354514",
        "source": "cnes;datasus;dados_abertos_saude",
        "official_name": "ORGANIZACAO DE PROCURA DE ORGAOS E TECIDOS",
        "addr:street": "Rua Setor Medico Hospitalar Sul Area Especial 101",
        "addr:housenumber": "102",
        "addr:suburb": "Asa Sul",
        "addr:city": "Brasília",
        "addr:state": "DF",
        "addr:country": "BR",
        "addr:postcode": "70322-000",
        "phone": "+55 61 3315-1677",
        "email": "opodistritofederal@gmail.com",
        "amenity": "clinic",
        "healthcare": "clinic",
        "name": "Organizacao de Procura de Orgaos e Tecidos",
        "comment": "Outros Serviços de Saúde"
      },
      "geometry": {
        "type": "Point",
        "coordinates": [
          -47.8895491,
          -15.7998776
        ]
      }
    },
    {
      "type": "Feature",
      "id": 303755,
      "properties": {
        "operator": "Governo do Estado (DF)",
        "operator:type": "public",
        "ref:CNES": "303755",
        "source": "cnes;datasus;dados_abertos_saude",
        "official_name": "CENTRAL DISTRITAL DE REDE DE FRIO GRF DIVEP",
        "addr:street": "Rua Sgap Lote 6 Bloco G Parque de Apoio Ses Df",
        "addr:suburb": "Sia",
        "addr:city": "Brasília",
        "addr:state": "DF",
        "addr:country": "BR",
        "addr:postcode": "71200-010",
        "phone": "61-2017-1145 R 4190",
        "email": "redefriodf@gmail.com",
        "office": "government",
        "government": "healthcare",
        "name": "Central Distrital de Rede de Frio Grf Divep",
        "comment": "Suprimentos / Logística"
      },
      "geometry": {
        "type": "Point",
        "coordinates": [
          -47.9607081,
          -15.8103608
        ]
      }
    },
    {
      "type": "Feature",
      "id": 484369,
      "properties": {
        "operator": "Governo do Estado (DF)",
        "operator:type": "public",
        "ref:CNES": "484369",
        "source": "cnes;datasus;dados_abertos_saude",
        "official_name": "NUCLEO DE VIGILANCIA EPIDEMIOLOGICA E IMUNIZACAO CENTRO SUL",
        "addr:street": "Rua 3 Avenida Area Especial N",
        "addr:housenumber": "03",
        "addr:suburb": "Nucleo Bandeirante",
        "addr:city": "Brasília",
        "addr:state": "DF",
        "addr:country": "BR",
        "addr:postcode": "71720-585",
        "phone": "+55 61 2017-1267",
        "email": "vediraps.centrosul@gmail.com",
        "office": "government",
        "government": "healthcare",
        "name": "Vigilância Epidemiológica Municipal",
        "comment": "Vigilância Epidemiológica"
      },
      "geometry": {
        "type": "Point",
        "coordinates": [
          -47.9675972,
          -15.8702176
        ]
      }
    },
    {
      "type": "Feature",
      "id": 484032,
      "properties": {
        "operator": "Governo do Estado (DF)",
        "operator:type": "public",
        "ref:CNES": "484032",
        "source": "cnes;datasus;dados_abertos_saude",
        "official_name": "NUCLEO DE VIGILANCIA EPIDEMIOLOGICA E IMUNIZACAO DA SRSLE",
        "addr:street": "Rua Area Especial Hospitalar Quadra 2 Conj K Lote",
        "addr:housenumber": "1",
        "addr:suburb": "Paranoa",
        "addr:city": "Brasília",
        "addr:state": "DF",
        "addr:country": "BR",
        "addr:postcode": "71570-903",
        "phone": "(61) 2017-1550 1586",
        "email": "veimunizacaoleste@gmail.com",
        "office": "government",
        "government": "healthcare",
        "name": "Vigilância Epidemiológica Municipal",
        "comment": "Vigilância Epidemiológica"
      },
      "geometry": {
        "type": "Point",
        "coordinates": [
          -47.7817082,
          -15.7811448
        ]
      }
    },
    {
      "type": "Feature",
      "id": 484105,
      "properties": {
        "operator": "Governo do Estado (DF)",
        "operator:type": "public",
        "ref:CNES": "484105",
        "source": "cnes;datasus;dados_abertos_saude",
        "official_name": "NUCLEO VIGILANCIA EPIDEMIOLOGICA E IMUNIZACAO DA REGIAO SUL",
        "addr:street": "Rua Area Especial",
        "addr:housenumber": "01",
        "addr:suburb": "Gama",
        "addr:city": "Brasília",
        "addr:state": "DF",
        "addr:country": "BR",
        "addr:postcode": "72405-901",
        "phone": "+55 46 2017-1864",
        "office": "government",
        "government": "healthcare",
        "name": "Vigilância Epidemiológica Municipal",
        "comment": "Vigilância Epidemiológica"
      },
      "geometry": {
        "type": "Point",
        "coordinates": [
          -48.0617943,
          -16.0124092
        ]
      }
    },
    {
      "type": "Feature",
      "id": 489018,
      "properties": {
        "operator": "Governo do Estado (DF)",
        "operator:type": "public",
        "ref:CNES": "489018",
        "source": "cnes;datasus;dados_abertos_saude",
        "official_name": "NUCLEO VIGILANCIA EPIDEMIOLOGICA E IMUNIZACAO DA SRSSO",
        "addr:street": "Rua Setor C Norte Area Especial",
        "addr:housenumber": "24",
        "addr:suburb": "Taguatinga",
        "addr:city": "Brasília",
        "addr:state": "DF",
        "addr:country": "BR",
        "addr:postcode": "72120-970",
        "office": "government",
        "government": "healthcare",
        "name": "Vigilância Epidemiológica Municipal",
        "comment": "Vigilância Epidemiológica"
      },
      "geometry": {
        "type": "Point",
        "coordinates": [
          -48.069133,
          -15.822355
        ]
      }
    },
    {
      "type": "Feature",
      "id": 485101,
      "properties": {
        "operator": "Governo do Estado (DF)",
        "operator:type": "public",
        "ref:CNES": "485101",
        "source": "cnes;datasus;dados_abertos_saude",
        "official_name": "NUCLEO VIGILANCIA EPIDEMIOLOGICA E IMUNIZACAO REGIAO CENTRAL",
        "addr:street": "Rua Smhn Qd 01 Hospital Regional da Asa Norte",
        "addr:suburb": "Asa Norte",
        "addr:city": "Brasília",
        "addr:state": "DF",
        "addr:country": "BR",
        "addr:postcode": "70710-905",
        "email": "veregiaocentral@gmail.com",
        "office": "government",
        "government": "healthcare",
        "name": "Vigilância Epidemiológica Municipal",
        "comment": "Vigilância Epidemiológica"
      },
      "geometry": {
        "type": "Point",
        "coordinates": [
          -47.882849,
          -15.7849132
        ]
      }
    },
    {
      "type": "Feature",
      "id": 490733,
      "properties": {
        "operator": "Governo do Estado (DF)",
        "operator:type": "public",
        "ref:CNES": "490733",
        "source": "cnes;datasus;dados_abertos_saude",
        "official_name": "NUCLEO VIGILANCIA EPIDEMIOLOGICA E IMUNIZACAO REGIAO NORTE",
        "addr:street": "Rua Av Wl4 Area Especial Setor Hospitalar Planaltina",
        "addr:housenumber": "00",
        "addr:suburb": "Planaltina",
        "addr:city": "Brasília",
        "addr:state": "DF",
        "addr:country": "BR",
        "addr:postcode": "73310-000",
        "phone": "2017-1200 - 1380",
        "email": "nvepi.norte@saude.df.gov.br",
        "office": "government",
        "government": "healthcare",
        "name": "Vigilância Epidemiológica Municipal",
        "comment": "Vigilância Epidemiológica"
      },
      "geometry": {
        "type": "Point",
        "coordinates": [
          -47.6538322,
          -15.6253527
        ]
      }
    },
    {
      "type": "Feature",
      "id": 485217,
      "properties": {
        "operator": "Governo do Estado (DF)",
        "operator:type": "public",
        "ref:CNES": "485217",
        "source": "cnes;datasus;dados_abertos_saude",
        "official_name": "NUCLEO VIGILANDIA EPIDEMIOLOGICA E IMUNIZACAO REGIAO OESTE",
        "addr:street": "Rua Qnm 27 Area Especial 1 Qnm 28",
        "addr:suburb": "Ceilandia",
        "addr:city": "Brasília",
        "addr:state": "DF",
        "addr:country": "BR",
        "addr:postcode": "72215-270",
        "email": "nuvep.oeste@gmail.com",
        "office": "government",
        "government": "healthcare",
        "name": "Vigilância Epidemiológica Municipal",
        "comment": "Vigilância Epidemiológica"
      },
      "geometry": {
        "type": "Point",
        "coordinates": [
          -48.096556,
          -15.814655
        ]
      }
    },
    {
      "type": "Feature",
      "id": 5732689,
      "properties": {
        "operator": "Prefeitura Municipal de Brasília",
        "operator:type": "public",
        "ref:CNES": "5732689",
        "source": "cnes;datasus;dados_abertos_saude",
        "official_name": "CENTRO DE VACINACAO VIVIANE ROCHA DE LUIZ",
        "addr:street": "Rua Espalanda dos Ministerios Bloco O",
        "addr:suburb": "Eixo Monumental",
        "addr:city": "Brasília",
        "addr:state": "DF",
        "addr:country": "BR",
        "addr:postcode": "70044-900",
        "phone": "+55 61 3315-7860",
        "amenity": "clinic",
        "healthcare": "vaccination",
        "name": "Sala Central de Vacinas de Pato Branco",
        "short_name": "Sala de Vacinas",
        "comment": "Sala de Vacinas"
      },
      "geometry": {
        "type": "Point",
        "coordinates": [
          -47.867544,
          -15.798141
        ]
      }
    },
    {
      "type": "Feature",
      "id": 4621530,
      "properties": {
        "operator": "Governo do Estado (DF)",
        "operator:type": "public",
        "ref:CNES": "4621530",
        "source": "cnes;datasus;dados_abertos_saude",
        "official_name": "CRIE DO DISTRITO FEDERAL",
        "addr:street": "Rua L2 Sul Quadra",
        "addr:housenumber": "608",
        "addr:suburb": "Asa Sul",
        "addr:city": "Brasília",
        "addr:state": "DF",
        "addr:country": "BR",
        "addr:postcode": "70203-900",
        "phone": "+55 46 3449-7755",
        "email": "hmib.crie@saude.df.gov.br",
        "amenity": "clinic",
        "healthcare": "vaccination",
        "name": "Sala Central de Vacinas de Pato Branco",
        "short_name": "Sala de Vacinas",
        "comment": "Sala de Vacinas"
      },
      "geometry": {
        "type": "Point",
        "coordinates": [
          -47.8851557,
          -15.8124874
        ]
      }
    },
    {
      "type": "Feature",
      "id": 2932032,
      "properties": {
        "operator": "Governo do Estado (DF)",
        "operator:type": "public",
        "ref:CNES": "2932032",
        "source": "cnes;datasus;dados_abertos_saude",
        "official_name": "SALA DE VACINA DE AGUAS CLARAS",
        "addr:street": "Rua Administracao Aguas Claras",
        "addr:suburb": "Aguas Claras",
        "addr:city": "Brasília",
        "addr:state": "DF",
        "addr:country": "BR",
        "addr:postcode": "71936-500",
        "email": "gsap01.ac@gmail.com",
        "amenity": "clinic",
        "healthcare": "vaccination",
        "name": "Sala Central de Vacinas de Pato Branco",
        "short_name": "Sala de Vacinas",
        "comment": "Sala de Vacinas"
      },
      "geometry": {
        "type": "Point",
        "coordinates": [
          -48.007678,
          -15.835423
        ]
      }
    }
  ]
}