{"type": "FeatureCollection", "features": [{"type": "Feature", "id": "AC", "properties": {"id": "AC", "sigla": "AC", "name": "Acre", "regiao": "Norte", "pop_total": 830018, "qtd_equipes_esf": 605, "capacidade_pnab": 2308000, "cobertura_pnab_pct": 278.1, "sobrecarga_media": 0.36, "pop_critica": 115528, "pct_pop_critica": 13.92, "n_polos_critica": 13, "hab_por_esf": 1372, "densidade": 5.1}, "geometry": {"type": "Polygon", "coordinates": [[[-73.80098315085058, -7.111457753361378], [-72.58801014972096, -7.550250253770059], [-70.05180614735889, -7.847003754046341], [-68.64662214605016, -9.0490372551659], [-67.51684014499801, -9.560291255642028], [-67.3254941448198, -9.591959755671496], [-66.62441814416684, -9.89873625595726], [-66.635253144177, -9.912934755970468], [-66.62699764416925, -9.935368255991307], [-66.63761114417912, -9.951762756006588], [-66.65707914419727, -9.935942255991904], [-66.67577214421465, -9.967833756021605], [-66.71747314425352, -9.97426775602753], [-66.74108814427552, -9.996465756048224], [-66.76394414429683, -9.999680256051192], [-66.77163614430401, -10.020545756070646], [-66.78999664432104, -10.021834756071826], [-66.80716614433709, -10.048168756096402], [-66.83557714436358, -10.062458756109663], [-66.83807964436585, -10.0830952561289], [-66.87274764439815, -10.080539256126485], [-66.87283214439822, -10.100610756145215], [-66.88316964440787, -10.107821756151907], [-66.88713614441156, -10.099097756143806], [-66.88860914441295, -10.114289256157917], [-66.91785964444011, -10.131053256173573], [-66.91110964443385, -10.147381256188737], [-66.94460914446506, -10.157480756198197], [-66.95372614447353, -10.189211256227736], [-66.97483714449322, -10.185631256224383], [-66.974607144493, -10.196139756234174], [-66.99569514451264, -10.199315756237183], [-66.99935814451601, -10.217205756253861], [-66.98825014450574, -10.220927256257255], [-67.01572314453131, -10.257833756291689], [-67.0792221445904, -10.289422756321073], [-67.09811314460808, -10.282325256314493], [-67.13061414463834, -10.29288875632426], [-67.13894414464608, -10.308607256338973], [-67.12799664463591, -10.315938756345759], [-67.16888914467393, -10.33702925636544], [-67.1870241446909, -10.340286256368472], [-67.19488314469811, -10.3249052563541], [-67.223723144725, -10.3158217563456], [-67.26560914476408, -10.333182756361794], [-67.31544364481044, -10.319324256348864], [-67.32697114482119, -10.334525256363122], [-67.3115511448068, -10.377158256402822], [-67.35066714484321, -10.379010756404455], [-67.35041714484305, -10.391992256416643], [-67.36727714485869, -10.376669756402293], [-67.40716264489583, -10.373864256399656], [-67.42271914491039, -10.393929756418402], [-67.41325014490155, -10.427200256449396], [-67.43033514491742, -10.430765256452673], [-67.435278144922, -10.447904756468688], [-67.50230314498447, -10.470926756490144], [-67.51844514499953, -10.491005756508798], [-67.57924414505612, -10.502795756519731], [-67.64027164511299, -10.59806875660854], [-67.6601071451314, -10.61627125662551], [-67.67630514514656, -10.604838756614868], [-67.7071051451752, -10.71044975671316], [-67.73582914520193, -10.712791756715319], [-67.75877064522331, -10.686141756690517], [-67.86385714532116, -10.64067025664815], [-67.90805364536232, -10.641409256648899], [-67.92891314538178, -10.65598275666241], [-67.9608876454115, -10.650024756656876], [-67.97613114542571, -10.662602256668606], [-68.00194114544979, -10.647962256654978], [-68.03288714547864, -10.654856256661446], [-68.03082614547668, -10.664870256670724], [-68.07535864551812, -10.68365875668826], [-68.10534664554609, -10.716882256719146], [-68.1033291455442, -10.775412756773676], [-68.19634914563085, -10.859066756851576], [-68.23742314566914, -10.95612925694195], [-68.33225714575747, -11.013309756995227], [-68.35382514577748, -11.004210756986708], [-68.38484114580638, -11.017961756999625], [-68.39566814581644, -11.05063275703003], [-68.43168214585, -11.031441257012148], [-68.44480214586224, -11.045930257025589], [-68.48736514590189, -11.05057725703], [-68.5425611459533, -11.11002675708528], [-68.71574964611455, -11.144833257117739], [-68.72086164611937, -11.103555757079334], [-68.74548964614223, -11.09523225707153], [-68.76504614616044, -11.066219257044509], [-68.74789114614453, -11.010575756992694], [-68.76210114615776, -11.019221757000764], [-68.75766114615362, -11.00078925698358], [-68.78096714617527, -10.999494756982358], [-68.78791164618178, -11.015476256997204], [-68.79155014618516, -10.99094225697445], [-68.82843814621958, -11.008193256990467], [-68.82666064621787, -10.997044256980075], [-68.84076814623097, -11.002931256985562], [-68.8476341462374, -10.993346256976679], [-68.8604351462493, -11.017893756999456], [-68.88185314626924, -11.009780756991972], [-68.88121864626874, -11.022285757003601], [-68.89535614628187, -11.006672256989077], [-68.91179664629715, -11.021920257003217], [-68.93424114631807, -11.005336756987845], [-68.94718864633012, -11.012607756994612], [-68.95274314633525, -10.989487756973062], [-68.97333614635443, -10.98923575697279], [-68.98764214636776, -10.99829425698124], [-68.9841681463646, -11.00895675699121], [-69.01296964639141, -11.004904756987457], [-69.01172714639029, -10.991618756975072], [-69.05025414642614, -10.974682756959282], [-69.06138564643652, -10.984319756968262], [-69.07233364644662, -10.965932256951078], [-69.12061414649168, -10.980297756964546], [-69.12469564649541, -10.967066756952136], [-69.14861364651767, -10.971174756955975], [-69.15247414652129, -10.955075256940972], [-69.16355114653163, -10.965228256950468], [-69.18566914655219, -10.948440756934815], [-69.21577414658032, -10.956661256942425], [-69.23188814659522, -10.939874256926828], [-69.24075314660354, -10.951063256937232], [-69.27053114663124, -10.941888756928734], [-69.2739476466345, -10.954332756940289], [-69.32377514668087, -10.936422756923662], [-69.34266614669843, -10.952117756938264], [-69.35602614671086, -10.937154756924315], [-69.37227664672605, -10.93918125692619], [-69.37422214672779, -10.953550756939535], [-69.38755814674028, -10.933838756921205], [-69.39474414674692, -10.943836256930581], [-69.42136764677173, -10.926782256914635], [-69.47992014682632, -10.954569756940487], [-69.50019814684515, -10.936830756923996], [-69.53861214688095, -10.93576475692305], [-69.54605114688786, -10.952177256938285], [-69.60172264693972, -10.941894756928718], [-69.61227964694956, -10.955527256941423], [-69.65897314699305, -10.952004756938095], [-69.6976921470291, -10.971692756956486], [-69.72283114705249, -10.964755756950012], [-69.7365281470652, -10.974450756959072], [-69.7598346470869, -10.93980325692678], [-69.7731686470994, -10.939003256926071], [-69.76902814709547, -10.929722256917444], [-69.85152514717231, -10.924334756912344], [-69.85797214717832, -10.933505756920908], [-69.89983414721735, -10.92009525690844], [-69.92186014723791, -10.93232625691985], [-69.93441814724952, -10.921903256910127], [-70.02786214733658, -10.977233256961654], [-70.03646764734458, -10.970238756955155], [-70.06722214737329, -10.992503756975907], [-70.0804441473856, -10.984021256967935], [-70.10839114741157, -10.994550256977732], [-70.1070031474103, -11.006972756989285], [-70.1586911474584, -11.040957757021033], [-70.19992114749687, -11.053600257032713], [-70.24136414753536, -11.046022257025697], [-70.30672414759624, -11.069831757047837], [-70.43327364771415, -11.039813757019942], [-70.44952514772933, -11.000824256983606], [-70.53033364780458, -10.934651756921994], [-70.62102514788899, -10.999820756982672], [-70.62164764788963, -9.821552255885308], [-70.60877214787763, -9.801287255866441], [-70.5906926478608, -9.802784755867833], [-70.57850614784945, -9.776663255843573], [-70.55969314783192, -9.787509755853648], [-70.54555764781867, -9.777375755844218], [-70.52452464779913, -9.713537755784728], [-70.58064364785139, -9.641192255717328], [-70.59722514786688, -9.606194755684783], [-70.58543614785583, -9.5707342556517], [-70.60125614787057, -9.558117755639955], [-70.58754514785778, -9.546993755629614], [-70.59018814786032, -9.56460775564608], [-70.55589364782838, -9.571204755652161], [-70.57022164784166, -9.530292755614028], [-70.54190214781534, -9.535842755619228], [-70.54471914781789, -9.510950755596014], [-70.53112714780525, -9.513626255598524], [-70.51140664778688, -9.489842255576377], [-70.50471814778064, -9.5035852555892], [-70.52236414779713, -9.457597755546317], [-70.50286114777896, -9.46144275554991], [-70.51027264778588, -9.445982255535569], [-70.49281114776954, -9.426224755517183], [-70.52451964779914, -9.435654755525889], [-70.52442914779908, -9.42635075551732], [-70.53658864781039, -9.435845755526088], [-70.56031514783251, -9.427346755518215], [-70.59380614786369, -9.4406552555306], [-70.59528114786508, -9.457532255546312], [-70.61104714787973, -9.456155255545013], [-70.66281114792787, -9.523720755607997], [-70.71419014797573, -9.544952755627719], [-70.72901764798962, -9.567600255648813], [-70.75035664800942, -9.55895125564075], [-70.75659714801532, -9.60202425568093], [-70.78708314804362, -9.612928755691087], [-70.79864664805439, -9.641355255717485], [-70.83604564808923, -9.641824255717893], [-70.83875614809176, -9.654666255729921], [-70.86743714811848, -9.663212755737845], [-70.92494114817202, -9.74067675581], [-70.96297014820743, -9.747512755816388], [-70.99053314823311, -9.787587255853737], [-70.99531714823763, -9.81672225588079], [-71.04861664828718, -9.816141755880267], [-71.16349764839424, -9.875715255935802], [-71.21133414843882, -9.96678275602062], [-71.25358614847812, -9.963881256017885], [-71.25961214848371, -9.978486256031488], [-71.30844914852923, -9.992390256044473], [-71.34894614856694, -9.973503756026844], [-71.37557914859178, -10.000827756052331], [-72.19894414935857, -10.000150256051711], [-72.17069114933224, -9.96785175602156], [-72.19181464935195, -9.928778255985208], [-72.15442214931704, -9.884356255943771], [-72.18070714934163, -9.82924825589248], [-72.14886914931196, -9.799367255864695], [-72.269165149424, -9.749746755818478], [-72.24519364940159, -9.657208755732313], [-72.25930814941478, -9.64065325571687], [-72.25363814940954, -9.612296255690467], [-72.28800214944147, -9.60091725567986], [-72.2822501494361, -9.542315755625282], [-72.29408414944714, -9.534409255617902], [-72.34870914949806, -9.544293755627109], [-72.3731081495207, -9.520040755604555], [-72.36989714951778, -9.504579755590157], [-72.43621864957959, -9.476332255563761], [-72.54608514968186, -9.491497255577997], [-72.56581314970026, -9.469815255557705], [-72.58813864972103, -9.473756255561398], [-72.60422014973597, -9.456845255545659], [-72.72449014984807, -9.44040225553033], [-72.75044314987213, -9.410267755502332], [-73.21233315030236, -9.411350255503294], [-73.19496315028618, -9.395400755488481], [-73.18808765027973, -9.36059375545608], [-73.15897615025267, -9.352476755448492], [-73.12954765022528, -9.313560755412254], [-73.10211715019966, -9.306226755405419], [-73.11342215021023, -9.27991875538089], [-73.07813915017732, -9.236869255340821], [-73.05848765015912, -9.226447255331095], [-73.04199015014376, -9.237054755340978], [-72.99623215010104, -9.198521255305081], [-73.01797465012135, -9.177317755285344], [-72.95887715006631, -9.13819425524889], [-72.94446665005285, -9.103889755216983], [-72.94134715004998, -9.066312755181912], [-72.95664715006421, -9.015949755135011], [-72.94175315005032, -8.986921255107973], [-72.96701915007384, -8.978828255100439], [-72.98986715009517, -8.920754255046404], [-73.02157315012471, -8.913196755039394], [-73.02213415012523, -8.89293075502053], [-73.03352015013581, -8.916036255041945], [-73.04540615014685, -8.902758755029595], [-73.06374215016399, -8.840132254971309], [-73.08979115018826, -8.817947754950637], [-73.11523915021189, -8.728931754867745], [-73.14992315024426, -8.683900254825858], [-73.20906615029935, -8.68569575482752], [-73.2516261503389, -8.653778754797713], [-73.26292015034949, -8.619614254765906], [-73.28744515037226, -8.619480754765846], [-73.28242165036761, -8.560577754710948], [-73.30550165038915, -8.471966254628455], [-73.38955715046745, -8.468783254625464], [-73.4128651504891, -8.410991254571627], [-73.48249815055397, -8.39214275455413], [-73.5374451506051, -8.345869254510944], [-73.53689615060466, -8.270270254440561], [-73.57986415064465, -8.209322254383778], [-73.59425365065806, -8.205784254380546], [-73.58342015064795, -8.127660754307726], [-73.5944461506582, -8.097791254279969], [-73.63157665069275, -8.061542754246148], [-73.62425215068595, -8.028835254215778], [-73.64997215070991, -8.002916254191632], [-73.67849765073652, -8.004805254193343], [-73.69810465075477, -7.96058375415214], [-73.73175015078607, -7.968394754159476], [-73.77250015082404, -7.902372754097996], [-73.75314315080607, -7.89232225408864], [-73.76164315081394, -7.858027754056707], [-73.74252315079616, -7.873089254070692], [-73.70005115075662, -7.86917975406709], [-73.68416615074182, -7.84464275404423], [-73.68430265074187, -7.776440253980695], [-73.74053215079425, -7.734095253941177], [-73.82216615087032, -7.717883253926175], [-73.84461215089118, -7.676117753887183], [-73.86254715090786, -7.676942253888001], [-73.88560515092934, -7.655679753868185], [-73.88880065093235, -7.631649753845863], [-73.98383315102092, -7.566578753785166], [-73.9881051510248, -7.531650753752729], [-73.95055315098989, -7.527725253749054], [-73.91980815096122, -7.465678253691294], [-73.96394415100235, -7.347637753581353], [-73.94411415098386, -7.36133925359411], [-73.93139015097199, -7.352301753585607], [-73.9100031509521, -7.378074753609667], [-73.87661815092099, -7.379657253611185], [-73.83008465087767, -7.336916253571303], [-73.79345015084357, -7.342307753576392], [-73.76416815081632, -7.332125253566915], [-73.75588215080859, -7.346886253580578], [-73.71778115077313, -7.328280753563263], [-73.70030065075684, -7.304294753540944], [-73.71619315077157, -7.267601753506824], [-73.71335715076896, -7.236622753477945], [-73.75566815080833, -7.198256753442138], [-73.75911815081156, -7.17127375341704], [-73.80098315085058, -7.111457753361378]]]}}, {"type": "Feature", "id": "AL", "properties": {"id": "AL", "sigla": "AL", "name": "Alagoas", "regiao": "Nordeste", "pop_total": 3128790, "qtd_equipes_esf": 2149, "capacidade_pnab": 7921500, "cobertura_pnab_pct": 253.2, "sobrecarga_media": 0.36, "pop_critica": 731392, "pct_pop_critica": 23.38, "n_polos_critica": 56, "hab_por_esf": 1456, "densidade": 112.4}, "geometry": {"type": "Polygon", "coordinates": [[[-38.23723811772925, -9.329372755426903], [-38.20272961769706, -9.296480755396374], [-38.180328117676254, -9.291257255391429], [-38.14355811764199, -9.21778475532301], [-38.09193711759394, -9.172305755280718], [-37.97900311748879, -9.147943755257984], [-37.9045851174194, -9.03981675515729], [-37.880635117397105, -9.03992775515735], [-37.87925011739583, -9.014995755134123], [-37.83875111735813, -8.977962755099725], [-37.82588611734616, -8.93229925505716], [-37.833290117353044, -8.925993755051309], [-37.82093711734149, -8.915169755041234], [-37.82874361734878, -8.893356255020876], [-37.75849611728336, -8.85613425498616], [-37.683672117213746, -8.967986255090409], [-37.701515117230315, -8.991791255112503], [-37.685640117215485, -8.998336755118657], [-37.66130211719292, -8.986830255107975], [-37.663719117195114, -8.999126255119336], [-37.64353811717638, -9.017925255136902], [-37.61498211714968, -9.009480755129061], [-37.61422411714898, -8.988740255109747], [-37.58326311712017, -8.969748255091986], [-37.56207011710046, -8.973536255095496], [-37.54071811708059, -8.957979755081055], [-37.489995117033345, -8.96548775508802], [-37.49341211703654, -9.000272755120477], [-37.46902711701375, -9.027255755145575], [-37.43361911698082, -9.029294755147475], [-37.31517661687053, -9.09385275520765], [-37.281944116839554, -9.148421755258482], [-37.24674061680673, -9.178597755286546], [-37.22844111678978, -9.225115255329797], [-37.23399911679496, -9.239754755343483], [-37.19797311676132, -9.215062255320504], [-37.15860611672474, -9.238680755342443], [-37.16399311672967, -9.27528475537656], [-37.11613411668509, -9.240509755344192], [-37.090331116661105, -9.245941255349294], [-37.05686011662999, -9.281366755382237], [-37.05724511663027, -9.31711875541555], [-37.055001116628205, -9.307026755406127], [-37.02395111659928, -9.315294255413846], [-37.003026116579804, -9.352191755448189], [-36.95209311653241, -9.382121255476022], [-36.93009911651188, -9.369614755464454], [-36.93753911651879, -9.352400255448401], [-36.92193211650431, -9.339339755436185], [-36.91548211649831, -9.298599255398244], [-36.87092211645677, -9.267662755369429], [-36.839373116427396, -9.287792755388182], [-36.796807116387754, -9.292600755392755], [-36.7593456163529, -9.270924255372506], [-36.69350811629158, -9.274911255376196], [-36.60471311620881, -9.341085755437803], [-36.56713511617386, -9.33171275542918], [-36.57150411617795, -9.292160755392274], [-36.50298511611413, -9.270556255372185], [-36.487554616099715, -9.241199755344837], [-36.46218361607612, -9.238830255342577], [-36.436671116052366, -9.211679255317335], [-36.41946811603634, -9.2291472553336], [-36.365372115985906, -9.222206255327137], [-36.348557115970266, -9.214316255319773], [-36.35358411597497, -9.200771755307187], [-36.32731311595046, -9.200347255306838], [-36.309460115933916, -9.171942255280328], [-36.27383911590073, -9.165782755274563], [-36.255657115883764, -9.181558755289302], [-36.222734115853086, -9.170783755279217], [-36.25738811588542, -9.137940255248623], [-36.266512115893875, -9.101960755215146], [-36.23612811586554, -9.103069755216211], [-36.19539411582764, -9.044366255161549], [-36.14070911577676, -9.039264255156809], [-36.11330111575114, -9.01942125513824], [-36.10399911574257, -8.99850975511879], [-36.126481115763454, -8.980856755102423], [-36.12695111576386, -8.955691255078932], [-36.086082115725844, -8.943648255067728], [-36.06360711570494, -8.91491775504096], [-35.96497611561301, -8.902725255029623], [-35.923950115574826, -8.88420875501231], [-35.895874115548736, -8.853848754984028], [-35.844677115500986, -8.872062255001083], [-35.78727111544754, -8.850711754981148], [-35.77565461543668, -8.858039254987943], [-35.782656115443274, -8.897122755024384], [-35.74807411541099, -8.91673275504263], [-35.67088111533917, -8.896214755023493], [-35.65719411532643, -8.880239755008688], [-35.63180511530277, -8.880858755009285], [-35.53485011521241, -8.819037754951637], [-35.49543211517573, -8.827883754959885], [-35.46980511515187, -8.812708254945733], [-35.44915711513261, -8.841582754972706], [-35.41401211509992, -8.835992754967492], [-35.399666115086575, -8.849894254980427], [-35.25246211494948, -8.886815755014823], [-35.17350411487598, -8.890289755017989], [-35.15226311485617, -8.913285755039396], [-35.28258811497756, -9.127817255239279], [-35.29913811499296, -9.18203025528976], [-35.35376411504376, -9.255015755357704], [-35.41539011510122, -9.32070525541883], [-35.48483411516588, -9.370538255465249], [-35.49732711517754, -9.41928825551065], [-35.58651961526061, -9.510254755595383], [-35.5909131152647, -9.528591755612524], [-35.64963511531937, -9.567105255648357], [-35.696877615363405, -9.634771755711427], [-35.69449711536117, -9.664360255738984], [-35.72373311538831, -9.684221255757393], [-35.73064411539485, -9.670571755744731], [-35.755237115417685, -9.67771775575136], [-35.812498115471044, -9.731787255801692], [-36.04599411568847, -10.07523625612157], [-36.083574115723536, -10.090305756135649], [-36.1340471157705, -10.157616756198308], [-36.17048811580446, -10.170824256210608], [-36.27182411589877, -10.274643756307341], [-36.30235261592725, -10.325701756354874], [-36.293386115918906, -10.354488256381615], [-36.39118911600997, -10.500755256517891], [-36.43012211604628, -10.424880756447237], [-36.45620311607058, -10.407022256430537], [-36.50969111612039, -10.432385256454154], [-36.52189211613177, -10.432666756454523], [-36.51242311612293, -10.420373756443041], [-36.545165116153385, -10.429019756451112], [-36.56411011617104, -10.41690975643985], [-36.56574511617259, -10.327706256356691], [-36.62519161622788, -10.255850256289818], [-36.64196011624358, -10.251548756285843], [-36.68219511628104, -10.274457756307129], [-36.7200551163163, -10.264515256297841], [-36.75581711634959, -10.245916756280508], [-36.75583711634954, -10.231308756266912], [-36.836646116424845, -10.20175125623939], [-36.848267116435636, -10.162359756202704], [-36.91054711649372, -10.137517256179649], [-36.95408911653419, -10.070217756116904], [-36.96726361654646, -9.992456256044534], [-36.99168711656921, -9.976778256029888], [-37.04934511662293, -9.986186756038705], [-37.152623116719155, -9.900426755958733], [-37.235199116796025, -9.895611755954292], [-37.28507811684244, -9.830537755893715], [-37.41741411696569, -9.762532255830365], [-37.58147511711854, -9.733553255803372], [-37.711421117239524, -9.630875755707734], [-37.746930117272655, -9.625298255702546], [-37.78488511730802, -9.638152255714544], [-37.817900117338695, -9.592470755672025], [-37.83276211735256, -9.59446425567387], [-37.89379311740936, -9.539105255622303], [-37.916795117430866, -9.548531755631075], [-37.98897961749799, -9.52693725561096], [-38.02180511752863, -9.469568755557475], [-38.067495617571126, -9.458081255546858], [-38.07935761758222, -9.439965755529897], [-38.15459911765231, -9.442995255532765], [-38.20441261769872, -9.418251755509687], [-38.19412411768906, -9.38451425547828], [-38.23723811772925, -9.329372755426903]]]}}, {"type": "Feature", "id": "AM", "properties": {"id": "AM", "sigla": "AM", "name": "Amazonas", "regiao": "Norte", "pop_total": 4043032, "qtd_equipes_esf": 2183, "capacidade_pnab": 8212000, "cobertura_pnab_pct": 203.1, "sobrecarga_media": 0.42, "pop_critica": 1264668, "pct_pop_critica": 31.28, "n_polos_critica": 131, "hab_por_esf": 1852, "densidade": 1.3}, "geometry": {"type": "Polygon", "coordinates": [[[-73.80098315085058, -7.111457753361378], [-73.72620665078091, -7.022157253278237], [-73.75231565080526, -6.932707253194849], [-73.72086965077597, -6.888720753153962], [-73.70662115076266, -6.839285253107846], [-73.66620615072509, -6.806080753076913], [-73.64223115070274, -6.761782753035732], [-73.55920015062543, -6.720587252997348], [-73.51584215058506, -6.676983752956744], [-73.38011815045866, -6.634656752917294], [-73.37864215045727, -6.616920752900796], [-73.35391765043425, -6.59455125287991], [-73.24658365033429, -6.583887752870055], [-73.22148015031087, -6.564401252851894], [-73.21239115030244, -6.577471752864085], [-73.18363915027567, -6.527207752817276], [-73.15878115025248, -6.524343752814616], [-73.13784415023292, -6.497610252789627], [-73.10829315020544, -6.409665752707724], [-73.13294815022846, -6.386997752686625], [-73.16491615025814, -6.273843252581287], [-73.21864515030825, -6.221330752532367], [-73.21995415030949, -6.178168752492184], [-73.24967465033717, -6.144576252460865], [-73.2502236503376, -6.104553252423557], [-73.23120515031997, -6.073207252394354], [-73.23689615032526, -6.031826252355927], [-73.18845015028012, -5.998870752325161], [-73.18727715027899, -5.938423252268876], [-73.15639215025021, -5.869052752204311], [-73.11408565021088, -5.853386752189635], [-73.11647915021308, -5.828235252166223], [-73.05491715015569, -5.788745752129444], [-73.04194815014364, -5.748659252092125], [-73.0200306501232, -5.739150752083333], [-72.98442915009014, -5.69393975204116], [-72.98569565009132, -5.661944252011381], [-72.96120515006851, -5.654214752004236], [-72.9739161500803, -5.623703751975768], [-72.9658101500728, -5.592842751947046], [-72.95047865005847, -5.583974251938798], [-72.9631951500703, -5.497740751858487], [-72.95633765006392, -5.465044751828032], [-72.86372714997765, -5.272914751649068], [-72.86328414997729, -5.216774251596803], [-72.88449714999706, -5.166455251549905], [-72.85569564997024, -5.143186751528219], [-72.81544514993277, -5.138128751523595], [-72.81400764993134, -5.109375751496827], [-72.78219664990172, -5.112162751499341], [-72.75310714987461, -5.082411751471682], [-72.73869564986126, -5.091137751479778], [-72.73372214985659, -5.063753751454328], [-72.70697064983165, -5.052536251443826], [-72.69155214981731, -5.064246751454789], [-72.62894814975903, -5.051661251442965], [-72.61052664974193, -5.036876751429304], [-72.6061061497378, -4.995217751390442], [-72.54711114968279, -4.958144751355917], [-72.52749214966457, -4.957805751355636], [-72.52130614965881, -4.936607751335828], [-72.49755814963669, -4.953572251351716], [-72.49011314962968, -4.936572751335802], [-72.48111064962131, -4.953220251351354], [-72.4761691496168, -4.92906775132883], [-72.45755764959938, -4.925203251325229], [-72.46358514960502, -4.896069251298059], [-72.43264514957616, -4.910977751311975], [-72.41922414956366, -4.897455251299448], [-72.42654514957053, -4.880772751283871], [-72.38512014953199, -4.871915251275595], [-72.37108564951893, -4.807004251215176], [-72.3235551494746, -4.796499751205374], [-72.3201146494714, -4.777496251187699], [-72.27708514943129, -4.783409751193176], [-72.27966614943375, -4.798342751207088], [-72.2710551494257, -4.795559751204564], [-72.2536101494095, -4.765086751176113], [-72.24666714940304, -4.780583251190592], [-72.2308901493883, -4.776483751186788], [-72.20561164936476, -4.750868751162898], [-72.19188914935194, -4.761647251172917], [-72.19234914935237, -4.746295751158641], [-72.16089064932316, -4.736118751149093], [-72.14067014930424, -4.713362251127933], [-72.12657514929117, -4.722985751136889], [-72.06205614923113, -4.653116251071879], [-72.04474914921491, -4.651399751070244], [-72.03876564920938, -4.622880751043681], [-72.00533464917828, -4.64131775106091], [-71.97622214915111, -4.607754251029633], [-71.94489514912198, -4.604545751026649], [-71.94563214912262, -4.575417250999521], [-71.92266214910126, -4.562215250987151], [-71.9264361491048, -4.544774250970931], [-71.90200164908197, -4.543552750969752], [-71.90348914908338, -4.5278602509552], [-71.88486514906606, -4.533461750960441], [-71.88233664906375, -4.515816750943941], [-71.86766414905003, -4.526450750953927], [-71.83834714902275, -4.504950750933858], [-71.77646964896508, -4.487193750917299], [-71.77182914896082, -4.504687250933557], [-71.76066814895034, -4.503233750932282], [-71.74799914893856, -4.472222250903428], [-71.7389721489302, -4.497092750926527], [-71.71438714890724, -4.511899750940302], [-71.68950114888412, -4.501727250930799], [-71.67063814886649, -4.509387750938004], [-71.6543691488514, -4.495202250924763], [-71.65338914885047, -4.507892250936607], [-71.62641914882533, -4.49098025092087], [-71.61883214881834, -4.469888750901191], [-71.61522214881495, -4.486443250916636], [-71.63363814883212, -4.518822750946811], [-71.60371464880416, -4.533319750960231], [-71.55394414875786, -4.480718250911309], [-71.54138914874613, -4.48397275091429], [-71.5370001487421, -4.467014750898556], [-71.49430414870233, -4.487049750917208], [-71.50891214871592, -4.447987250880828], [-71.48877514869719, -4.459607250891622], [-71.48085414868979, -4.442768750875985], [-71.45942114866978, -4.439093250872475], [-71.41727464863061, -4.465872750897461], [-71.38819414860347, -4.427813750862015], [-71.35338814857107, -4.42761675086183], [-71.34491714856313, -4.44439875087744], [-71.3194191485394, -4.444182750877303], [-71.31408214853445, -4.458212250890369], [-71.30269814852386, -4.451353250883926], [-71.3234071485432, -4.421294250855908], [-71.30974714853039, -4.417354750852269], [-71.28549814850783, -4.442633250875815], [-71.26603114848967, -4.428372750862536], [-71.2775491485005, -4.38767925082459], [-71.22835914845462, -4.387377750824385], [-71.22999514845617, -4.407424250843064], [-71.20655514843429, -4.379497250817053], [-71.200859148429, -4.425697750860081], [-71.18427814841357, -4.392336750829031], [-71.16669214839715, -4.390218750826989], [-71.15977914839073, -4.405771750841495], [-71.14980614838146, -4.399541250835682], [-71.1532501483847, -4.382765750820113], [-71.117109148351, -4.410178250845547], [-71.09997314833504, -4.377030250814755], [-71.07916914831571, -4.379463750816967], [-71.07900214831557, -4.395941750832321], [-71.04758164828627, -4.374640750812546], [-71.04272164828171, -4.400639750836717], [-71.02347214826386, -4.384510250821677], [-70.9951381482374, -4.384142250821355], [-70.99624914823846, -4.344848250784707], [-70.97261164821646, -4.375338250813115], [-70.9425001481884, -4.385500250822588], [-70.90827714815657, -4.332878250773547], [-70.87950264812969, -4.322401250763846], [-70.87891214812919, -4.29221975073574], [-70.84933114810167, -4.278293250722754], [-70.86810514811907, -4.250241750696659], [-70.83233014808582, -4.249874750696335], [-70.8197221480741, -4.231906250679572], [-70.82511314807903, -4.202632750652356], [-70.80761214806273, -4.183171250634132], [-70.79094414804729, -4.185758750636637], [-70.75844614801701, -4.159610750612273], [-70.72938614798989, -4.184082750635071], [-70.68047314794433, -4.199430750649299], [-70.67472314793906, -4.144655750598304], [-70.65521914792089, -4.166621250618732], [-70.65293914791869, -4.126833750581682], [-70.6233891478912, -4.131411250585984], [-70.6383291479051, -4.165904750618097], [-70.6243861478921, -4.192433250642807], [-70.56472114783662, -4.168733250620676], [-70.54564114781886, -4.149743250603024], [-70.54877464782169, -4.13682375059102], [-70.5203911477953, -4.142320250596185], [-70.50891714778459, -4.163193750615619], [-70.52099314779582, -4.190525750640973], [-70.502890147779, -4.196774750646796], [-70.48716514776436, -4.161520750614045], [-70.47275114775096, -4.17701325062842], [-70.46013814773914, -4.16249975061487], [-70.44305414772327, -4.164938250617183], [-70.43894364771938, -4.133781750588128], [-70.37525414766014, -4.141464250595391], [-70.3402281476275, -4.18647225063728], [-70.32545114761376, -4.145932750599513], [-70.29178214758235, -4.176158250627623], [-70.2843131475754, -4.233482750680992], [-70.31533514760429, -4.259142750704882], [-70.2890121475798, -4.281953250726133], [-70.29777214758792, -4.290384750734006], [-70.25503514754814, -4.277321750721853], [-70.24973014754323, -4.286747750730683], [-70.27217364756416, -4.300696750743668], [-70.26625314755859, -4.311660750753845], [-70.21597514751181, -4.318731750760435], [-70.19850864749549, -4.366053750804554], [-70.151814147452, -4.335224250775809], [-70.1675611474667, -4.31440175075636], [-70.15767414745744, -4.284084750728198], [-70.1189756474214, -4.28999225073369], [-70.10728464741055, -4.264094750709546], [-70.0970901474011, -4.296255250739478], [-70.07087014737658, -4.296482750739756], [-70.07873014738391, -4.324613250765879], [-70.03220314734062, -4.354804750794074], [-69.98037064729237, -4.327064250768217], [-69.96323314727636, -4.300284750743231], [-69.95066914726465, -4.226711250674725], [-69.93459214724976, -4.216110250664883], [-69.74193114707032, -3.165650249686564], [-69.45275714680099, -1.531104248164297], [-69.45693064680484, -1.493123248128882], [-69.43476314678423, -1.457542748095761], [-69.43392264678346, -1.397934248040201], [-69.39942414675136, -1.370375248014511], [-69.41062414676173, -1.281413747931651], [-69.4306991467804, -1.232694747886285], [-69.4126761467636, -1.157373247816167], [-69.39514414674727, -1.132251247792738], [-69.42450864677471, -1.083276747747163], [-69.42376014677393, -1.049127247715319], [-69.4428401467917, -1.036252747703429], [-69.42109514677145, -1.000083747669692], [-69.44956314679803, -0.997937247667664], [-69.46301014681057, -0.966990747638874], [-69.52298014686642, -0.929386747603871], [-69.5227001468661, -0.885925747563419], [-69.53795314688034, -0.861634747540734], [-69.57315114691312, -0.841866247522375], [-69.5625381469032, -0.811944247494466], [-69.62580914696218, -0.749401247436253], [-69.56373114690427, -0.639459747333831], [-69.60439714694223, -0.59965374729677], [-69.5926461469312, -0.567338247266662], [-69.61412414695121, -0.539993747241169], [-69.61053364694794, -0.513105247216117], [-69.64319964697836, -0.499316247203296], [-69.64442714697952, -0.482671747187851], [-69.73270314706167, -0.445851247153541], [-69.77475664710084, -0.399933247110766], [-69.82297714714582, -0.380664247092795], [-69.84431314716562, -0.345448747060004], [-69.89194714720998, -0.348829247063122], [-69.92258664723852, -0.33116774704672], [-69.99658714730742, -0.23442474695662], [-70.05685764736359, -0.186429746911926], [-70.04108914734888, -0.123805746853577], [-70.04299114735068, 0.559171753782493], [-70.0258796473347, 0.558289753781651], [-70.01540914732493, 0.539600253764206], [-69.99459514730563, 0.548047753772153], [-69.99851314730927, 0.570525253792994], [-69.97078814728343, 0.571219253793743], [-69.94181414725642, 0.554639253778305], [-69.91425414723074, 0.585615753807133], [-69.88675014720513, 0.575273753797433], [-69.83102714715324, 0.590360253811468], [-69.80885714713258, 0.572545753794884], [-69.74966014707752, 0.622421253841367], [-69.72465814705424, 0.617202753836523], [-69.71746214704751, 0.643353253860823], [-69.67923064701188, 0.670915753886561], [-69.60622614694387, 0.629549753847982], [-69.56591614690637, 0.684396753899136], [-69.53349814687613, 0.68392975389861], [-69.52730664687044, 0.707964253921091], [-69.48090914682723, 0.735949753947125], [-69.43701864678633, 0.710055753923029], [-69.43657214678592, 0.69470025390865], [-69.35848214671319, 0.612185253831854], [-69.34001014669593, 0.639635253857364], [-69.32469864668167, 0.633083253851282], [-69.30117414665983, 0.649569753866672], [-69.28700414664661, 0.64678875386403], [-69.29769514665657, 0.60372875382393], [-69.20313064656852, 0.605691753825795], [-69.19265814655876, 0.65186825386877], [-69.1162421464876, 0.635822753853859], [-69.11459714648606, 0.650185253867221], [-69.14398914651338, 0.702844253916282], [-69.18562914655217, 0.733521753944842], [-69.18677214655327, 0.749584753959766], [-69.1518531465207, 0.765633753974726], [-69.1444591465139, 0.783371753991332], [-69.16555014653352, 0.852195754055401], [-69.14168764651129, 0.852656254055773], [-69.13526614650527, 0.877527754078983], [-69.18454714655115, 0.903140754102765], [-69.19007664655635, 0.932927254130618], [-69.16283014653095, 0.946307754143049], [-69.2200001465842, 0.985343254179384], [-69.20530214657049, 1.010427254202796], [-69.26479214662595, 1.064701754253292], [-69.30595714666424, 1.071485754259584], [-69.32101514667829, 1.096036254282467], [-69.37898614673225, 1.095665254282153], [-69.41594314676672, 1.052693754242114], [-69.43483314678429, 1.057898754246935], [-69.43683314678617, 1.080964754268393], [-69.44740464679603, 1.084073254271289], [-69.56590264690635, 1.081088254268593], [-69.60633914694404, 1.105514254291279], [-69.68419214701646, 1.076816754264541], [-69.70566314703649, 1.082504754269848], [-69.71001514704051, 1.126850254311194], [-69.75418114708168, 1.119016754303857], [-69.8116471471352, 1.069491754257797], [-69.84380464716514, 1.085721254272812], [-69.84197364716351, 1.721113254864576], [-69.8212771471442, 1.705402754849956], [-69.78519614711058, 1.705258754849865], [-69.77733414710326, 1.723750254867127], [-69.74112614706951, 1.744764254886604], [-69.6358981469715, 1.737114254879543], [-69.55177714689319, 1.792085254930726], [-69.48699064683285, 1.772610254912593], [-69.48633114683219, 1.762496254903112], [-69.42559614677566, 1.757202254898175], [-69.39267714674497, 1.724411754867674], [-69.1780526465451, 1.73378075487642], [-68.15625914559348, 1.731972754874732], [-68.1590061455961, 1.750355754891871], [-68.17861814561434, 1.753972254895189], [-68.16897914560536, 1.771001754911026], [-68.1871741456223, 1.78499775492412], [-68.23603714566786, 1.772859754912815], [-68.24440014567563, 1.795240754933616], [-68.23312114566511, 1.830251754966298], [-68.26634764569599, 1.827674254963881], [-68.242702145674, 1.927083755056401], [-68.18236464561778, 1.979133255104898], [-68.14014064557853, 1.985118255110478], [-68.08697364552904, 1.901649755032736], [-68.04288814548795, 1.900026755031263], [-67.97302714542286, 1.833087754968915], [-67.94074314539284, 1.831067754966966], [-67.90632064536078, 1.866455255], [-67.91243514536643, 1.898155755029507], [-67.85915614531677, 1.920508255050322], [-67.7684251452323, 2.039653755161225], [-67.69650814516535, 2.023705755146466], [-67.6192821450934, 2.024009755146722], [-67.58580714506229, 2.085827255204322], [-67.55747414503583, 2.106424755223429], [-67.53955764501916, 2.156222755269823], [-67.44763014493356, 2.208437755318528], [-67.43044314491749, 2.241951255349704], [-67.38871264487864, 2.244346255351957], [-67.34293864483607, 2.205816255315995], [-67.3255411448198, 2.03004975515239], [-67.28621414478323, 1.888937255020892], [-67.2434031447433, 1.85852175499258], [-67.1565036446624, 1.849181254983932], [-67.09683614460687, 1.732939254875646], [-67.07178514458349, 1.442942754605497], [-67.0882831445989, 1.325321254495975], [-67.08761514459832, 1.167236754348778], [-66.85638914438289, 1.230545754407785], [-66.31797864388147, 0.75538425396519], [-66.31817414388172, 0.74186275395266], [-66.31382414387758, 0.731208753942724], [-66.31791014388136, 0.755438253965281], [-66.21243314378319, 0.780990253989103], [-66.18760314376004, 0.779022753987192], [-66.15054814372559, 0.744813753955327], [-66.11396414369153, 0.76372025397302], [-66.0879901436673, 0.759402753968971], [-66.0695156436501, 0.805400254011829], [-65.96388814355169, 0.809817254015911], [-65.93279314352276, 0.862876754065269], [-65.93604564352574, 0.882479754083533], [-65.92485364351535, 0.891613754092077], [-65.90060914349283, 0.883953754084928], [-65.88101914347453, 0.901950254101735], [-65.8791821434728, 0.933036254130684], [-65.77360864337447, 0.959416254155258], [-65.73888264334221, 0.999932254192913], [-65.6949921433013, 1.004394754197165], [-65.67804664328548, 0.989135754182939], [-65.65221664326145, 1.012112254204339], [-65.62443714323558, 0.989360254183111], [-65.62665664323765, 1.009602754201978], [-65.5850211431989, 1.009275254201611], [-65.57168464318647, 0.985335254179404], [-65.55724114317297, 0.993660254187148], [-65.55752114317329, 0.97621575417088], [-65.54138314315821, 0.975864754170516], [-65.53585414315307, 0.948394754144942], [-65.50782514312698, 0.915875754114722], [-65.51171714313057, 0.885593754086472], [-65.49311064311325, 0.882443754083511], [-65.50471814312402, 0.86887875407092], [-65.49971814311937, 0.842759254046541], [-65.52721814314498, 0.833614254038025], [-65.53054914314816, 0.805501754011857], [-65.54027014315716, 0.805496254011928], [-65.54804664316441, 0.774939753983404], [-65.57304864318769, 0.764713753973865], [-65.59083014320424, 0.721952753934033], [-65.53999514315694, 0.649132253866242], [-65.52999614314763, 0.668298753884073], [-65.44249314306614, 0.690218253904504], [-65.42305114304804, 0.708307253921362], [-65.413325643039, 0.755495753965306], [-65.39499914302189, 0.758580253968148], [-65.39611014302295, 0.790849753998259], [-65.4124951430382, 0.816058754021697], [-65.39749114302424, 0.821672754026963], [-65.37304564300143, 0.864987254067273], [-65.35138264298132, 0.873314754075068], [-65.35583014298538, 0.884976254085927], [-65.3286051429601, 0.931908754129608], [-65.26943614290496, 0.943611254140478], [-65.26305214289903, 0.919927754118476], [-65.20833264284806, 0.929093254126997], [-65.2069416428468, 0.907215254106632], [-65.18194314282346, 0.922782754121158], [-65.14674314279068, 1.009686754201994], [-65.16893814281138, 1.018801754210585], [-65.15349414279694, 1.056693754245885], [-65.15452314279798, 1.125313254309731], [-65.12196614276763, 1.135460754319183], [-65.10255064274952, 1.156995754339277], [-65.08763114273563, 1.146337254329296], [-65.07071364271985, 1.153763754336183], [-65.0608031427106, 1.112090254297414], [-65.02171514267422, 1.115280754300443], [-64.96026964261705, 1.190008754369956], [-64.96916014262524, 1.217491254395554], [-64.96027414261698, 1.23051875440774], [-64.93471414259318, 1.211637754390154], [-64.89777514255877, 1.252987254428604], [-64.88610514254799, 1.232198754409296], [-64.86804664253111, 1.232210754409266], [-64.85222014251644, 1.26387175443881], [-64.8611051425247, 1.269653254444165], [-64.8099891424771, 1.314722754486183], [-64.78860864245712, 1.286071254459443], [-64.79304964246126, 1.26970025444416], [-64.7461091424176, 1.225784754403321], [-64.72193814239506, 1.238822254415481], [-64.7013821423759, 1.291647754464634], [-64.65971814233706, 1.291676254464619], [-64.63443864231351, 1.320541254491559], [-64.59026814227241, 1.337752754507619], [-64.57555014225875, 1.354402754523107], [-64.58221514226489, 1.375831754543015], [-64.55277514223746, 1.417181254581578], [-64.52999314221631, 1.426331754590024], [-64.52749814221397, 1.444421754606878], [-64.49999314218837, 1.442993254605653], [-64.45304614214467, 1.480557754640586], [-64.43805364213063, 1.472156754632806], [-64.39693714209238, 1.527173754683986], [-64.3508321420494, 1.518611254675989], [-64.34832714204708, 1.502422254660928], [-64.37833114207501, 1.463873254625014], [-64.3994421420947, 1.395210754561049], [-64.35888414205692, 1.390259754556496], [-64.33749214203704, 1.363861754531854], [-64.34221714204136, 1.3846627545513], [-64.32555364202585, 1.402218754567571], [-64.3255551420259, 1.43631875459937], [-64.30166514200369, 1.46862275462945], [-64.23971664194596, 1.511622754669474], [-64.21499214192295, 1.508832754666969], [-64.19443914190379, 1.525215754682222], [-64.1733251418841, 1.571358754725111], [-64.12555114183965, 1.577988754731336], [-64.09471614181086, 1.617443754768033], [-64.06082714177933, 1.701950254846793], [-64.07749814179488, 1.759377754900243], [-64.0547231417737, 1.82578675496211], [-64.07054914178843, 1.852732754987187], [-64.0613856417799, 1.931073255060141], [-64.01860864174, 1.951633755079342], [-63.99499614171805, 1.980233255105986], [-63.97499614169942, 1.991640755116578], [-63.922218141650205, 1.983259755108747], [-63.898051141627775, 1.992771755117587], [-63.853607641586336, 1.978865255104665], [-63.84555014157888, 1.964393755091237], [-63.829160141563534, 1.968563755095033], [-63.82332914155813, 1.991364255116309], [-63.784442141521936, 1.981884755107444], [-63.759714141498876, 2.004422255128475], [-63.739991641480515, 1.999997255124299], [-63.73860914147929, 2.016642755139856], [-63.702773141445846, 2.04660375516778], [-63.69166714143557, 2.023540255146258], [-63.667494141413044, 2.017217755140337], [-63.661666141407636, 2.065799755185594], [-63.63752614138514, 2.069609255189221], [-63.6169346413659, 2.106890255223902], [-63.5613801413142, 2.132693255247887], [-63.5088831412653, 2.113894755230376], [-63.4661101412255, 2.14131975525595], [-63.44361114120454, 2.125495755241218], [-63.420556141183056, 2.13165375524693], [-63.397216141161266, 2.147220755261515], [-63.39472114115904, 2.199965255310531], [-63.3717831411376, 2.212079255321896], [-63.282258141054285, 2.154215755267956], [-63.164935140944976, 2.180647755292625], [-63.140991140922665, 2.172779755285319], [-63.1067156408908, 2.079678755198529], [-63.070339140856845, 2.040320755161929], [-63.02325314081304, 2.015013755138284], [-62.94795914074291, 2.03137575515359], [-62.838308640640776, 2.016803755140018], [-62.81272314061698, 1.992018755116874], [-62.729061640539044, 1.960884755087932], [-62.70550714051706, 1.940058755068549], [-62.70365714051536, 1.874282255007302], [-62.730551140540456, 1.818567754955325], [-62.72321014053364, 1.712735254856852], [-62.795805140601146, 1.631019754780709], [-62.804760140609574, 1.591684254744109], [-62.735827140545325, 1.529966754686598], [-62.72025414053087, 1.488881754648332], [-62.63498414045148, 1.432158254595493], [-62.544719140367306, 1.121102254305811], [-62.52056714034484, 1.08415625427142], [-62.4710996402988, 1.086622254273721], [-62.477210140304464, 1.02828675421938], [-62.4448551402744, 0.97550925417022], [-62.48555314031228, 0.866874754069045], [-62.45721414028583, 0.785538753993251], [-62.49997414032566, 0.748289753958602], [-62.53667014035989, 0.68549025390007], [-62.51777714034222, 0.584159253805751], [-62.53248814035601, 0.509150753735867], [-62.518141140342664, 0.44404375367526], [-62.484725140311525, 0.45442425368492], [-62.445851140275295, 0.379457253615101], [-62.46636914029443, 0.333311253572106], [-62.4579146402865, 0.31383725355397], [-62.4676191402956, 0.2760967535188], [-62.45207514028107, 0.207758753455209], [-62.42791214025863, 0.173879253423593], [-62.423735140254735, 0.091917753347275], [-62.34599464018231, 0.029952753289649], [-62.32209914016005, -0.023898746760551], [-62.32267814016052, -0.061657246795676], [-62.33156114016879, -0.060270246794403], [-62.31909314015718, -0.10217774683349], [-62.26746214010916, -0.163537246890655], [-62.24440914008767, -0.174369746900652], [-62.252464140095185, -0.236314746958328], [-62.237751640081456, -0.252425746973358], [-62.253023140095706, -0.271033246990669], [-62.247746140090726, -0.301586247019145], [-62.235247140079196, -0.316864747033378], [-62.21913814006416, -0.310753747027661], [-62.18775264003489, -0.330472747046088], [-62.201641140047855, -0.392696247104027], [-62.21663914006183, -0.399092247109934], [-62.22663614007115, -0.425478747134548], [-62.273416140114705, -0.453808747160906], [-62.274523140115775, -0.478260747183754], [-62.30868514014753, -0.51381074721678], [-62.3034116401426, -0.534365247235996], [-62.317856140156096, -0.552147247252492], [-62.290356640130426, -0.601865247298861], [-62.301192640140584, -0.618807747314577], [-62.290356640130426, -0.646310747340181], [-62.308688140147524, -0.660483747353396], [-62.32619014016382, -0.656033247349228], [-62.34083114017744, -0.67556174736751], [-62.37027264020492, -0.676397747368242], [-62.35833214019374, -0.706671747396399], [-62.38999314022328, -0.709175747398717], [-62.40638714023851, -0.726949747415347], [-62.42805664025866, -0.692508747383272], [-62.46915914029694, -0.693617247384282], [-62.486106640312755, -0.681118247372638], [-62.50777114033292, -0.713899747403161], [-62.494436140320545, -0.750285247437091], [-62.509717140334715, -0.758619247444813], [-62.480277140307294, -0.794727747478419], [-62.464992140293134, -0.788621247472747], [-62.44777914027702, -0.809723747492399], [-62.44221814027185, -0.801676747484862], [-62.39527714022813, -0.82000824750196], [-62.37554664020979, -0.836118747516934], [-62.37582714021005, -0.86584224754472], [-62.29332814013321, -0.947779247620929], [-62.2716661401131, -0.951670747624576], [-62.258604640100884, -0.975563247646846], [-62.20333414004938, -0.982502247653315], [-62.19944214004579, -1.000002747669669], [-62.12499913997647, -1.036951247703996], [-62.110828139963246, -1.060009247725475], [-62.11415913996632, -1.083054747746928], [-62.09916313995245, -1.096391747759412], [-62.06166113991753, -1.099448247762211], [-62.01694163987588, -1.141391747801322], [-61.94943913981297, -1.296667747945889], [-61.90861113977496, -1.348332247993994], [-61.89610713976333, -1.395001748037544], [-61.81666713968934, -1.399164248041416], [-61.78969513966422, -1.378612748022192], [-61.63499913952012, -1.43361074807342], [-61.60443913949166, -1.447777748086651], [-61.54416613943556, -1.525273248158783], [-61.47413763937027, -1.578612748208457], [-61.47275113936905, -1.527496248160901], [-61.51593863940923, -1.502076748137256], [-61.537749639429535, -1.433051248072957], [-61.573326139462665, -1.42833624806849], [-61.58139013947016, -1.409168748050661], [-61.618605639504835, -1.394444748037017], [-61.58166013947039, -1.353053747998388], [-61.62833413951387, -1.30111474795001], [-61.607220639494244, -1.277778747928323], [-61.60634913949343, -1.244165247897058], [-61.573301139462615, -1.184442247841389], [-61.58162613947036, -1.164168247822545], [-61.56607913945595, -1.13222774779274], [-61.57746663946648, -1.112779747774653], [-61.56579813945564, -1.099450747762262], [-61.576079139465264, -1.078895747743104], [-61.543577139435, -1.061948747727342], [-61.56018513945048, -0.987701247658151], [-61.58301813947173, -0.98222324765311], [-61.584688139473315, -0.936668747610611], [-61.57801713946708, -0.909725247585584], [-61.558301139448645, -0.892784747569749], [-61.557747139448225, -0.863622747542649], [-61.54302713943446, -0.85195074753176], [-61.5524696394433, -0.810564247493176], [-61.541632139433204, -0.763341247449262], [-61.48441713937984, -0.720284247409154], [-61.464134639360964, -0.664448247357086], [-61.43469813933359, -0.658062247351154], [-61.42831113932766, -0.633894247328612], [-61.347939639252786, -0.595172747292622], [-61.32553863923192, -0.597511747294789], [-61.29776063920599, -0.575838747274588], [-61.223594139136935, -0.559172747259026], [-61.21637363913021, -0.499730247203729], [-61.15706113907504, -0.514978247217869], [-61.148317139066876, -0.498897747202932], [-61.0869381390097, -0.499736747203656], [-61.063328138987686, -0.512784247215905], [-61.04554863897113, -0.545567247246368], [-60.97499713890545, -0.562230747261879], [-60.92027213885444, -0.5550147472552], [-60.90777013884281, -0.623624247319071], [-60.88222013881909, -0.648896247342577], [-60.854163138792956, -0.647507747341365], [-60.842774638782316, -0.690283747381159], [-60.79721663873988, -0.700559247390743], [-60.79666213873941, -0.744449247431589], [-60.760554638705685, -0.761119247447141], [-60.77333413871759, -0.790835247474774], [-60.75610863870156, -0.795282247479008], [-60.752213138697925, -0.860833747540028], [-60.675278138626254, -0.873062247551388], [-60.667499638619006, -0.89416724757109], [-60.620000138574824, -0.863061247542078], [-60.59389013855048, -0.871947247550338], [-60.59083013854763, -0.853056747532719], [-60.53055563849148, -0.874726247552985], [-60.504161138467, -0.84889174752891], [-60.51944463848122, -0.833338747514404], [-60.49833213846148, -0.821952747503815], [-60.497497138460744, -0.789173247473286], [-60.47861113844317, -0.770565747455976], [-60.42666213839482, -0.77805924746292], [-60.418606138387304, -0.763896747449735], [-60.38277513835385, -0.75944774744562], [-60.37694363834851, -0.74250524742979], [-60.34555113831925, -0.745561747432703], [-60.30916113828539, -0.724451247412958], [-60.301662638278344, -0.693063247383748], [-60.313050138288986, -0.641117747335329], [-60.3505531383239, -0.621952247317495], [-60.365274138337554, -0.587788247285744], [-60.38277513835385, -0.589725747287503], [-60.39944363836946, -0.509734747212974], [-60.381969138353156, -0.469981747176007], [-60.34418613831792, -0.440262247148326], [-60.34946913832289, -0.406934247117306], [-60.32165913829692, -0.377222247089662], [-60.32110213829651, -0.337230747052331], [-60.3016641382784, -0.327787247043602], [-60.302494138279144, -0.303624247021048], [-60.28943613826698, -0.292789747010943], [-60.304441138280936, -0.264456246984537], [-60.29110113826846, -0.228897746951475], [-60.29888113827576, -0.211391246935136], [-60.275549638254006, -0.202221746926625], [-60.26555213824474, -0.178052246904144], [-60.24888663822924, -0.174722246901069], [-60.22388463820596, -0.142509746871042], [-60.228323138210044, -0.100836246832159], [-60.202766138186234, -0.033246246769295], [-60.184667638169344, -2.46738296e-07], [-60.164987138151105, 0.000550753262246], [-60.138053138126, 0.02911325328887], [-60.13604213812414, 0.065817753323017], [-60.12301013811202, 0.081397753337569], [-60.137432138125405, 0.103038253357681], [-60.11575863810526, 0.133578753386132], [-60.05856863805195, 0.163341753413874], [-60.03745413803233, 0.263889753507442], [-58.89491913696827, 0.263853753507419], [-58.89708513697019, -0.016925246754113], [-58.88603613696, -0.05883824679313], [-58.86333813693875, -0.077684246810691], [-58.86255113693812, -0.160588746887811], [-58.88049313695478, -0.196233246920997], [-58.86484863694022, -0.265202246985268], [-58.87152413694639, -0.342644247057365], [-58.781585136862645, -0.389392247101], [-58.729214636813936, -0.434937747143408], [-58.73483063681908, -0.471168747177103], [-58.70966113679572, -0.538209747239534], [-58.728686136813394, -0.561774747261438], [-58.733501136817836, -0.611280247307604], [-58.70468213679101, -0.678621747370357], [-58.663539136752775, -0.712752247402136], [-58.634394636725574, -0.718556247407491], [-58.56014713665638, -0.804264247487367], [-58.51175013661134, -0.839426247520123], [-58.49147463659244, -0.831439747512604], [-58.48705013658832, -0.859375747538706], [-58.46770563657037, -0.872757247551135], [-58.458546136561836, -0.863642747542599], [-58.435555136540415, -0.883115247560795], [-58.45258013655621, -0.897843747574484], [-58.45033413655415, -0.925731247600424], [-58.41025113651688, -0.980956747651931], [-58.4295851365348, -1.026765247694584], [-58.41119313651768, -1.04388824771047], [-58.392197136500045, -1.039471247706388], [-58.36799713647747, -1.065672247730731], [-58.36083013647078, -1.104746247767139], [-58.343918136455045, -1.108161747770396], [-58.3227911364354, -1.142942247802694], [-58.25427313637158, -1.132238747792826], [-58.24287113636092, -1.156248247815142], [-58.21478113633475, -1.165327247823598], [-58.16214813628574, -1.229303747883137], [-58.11880713624544, -1.186018247842867], [-58.12319313624948, -1.164240747822532], [-58.08147313621066, -1.14715624780672], [-58.08136263621054, -1.126127747787109], [-58.041751136173616, -1.102988747765494], [-58.017048136150606, -1.105796747768181], [-58.00666113614102, -1.145374247804966], [-57.9715301361083, -1.16221574782071], [-57.97849763611475, -1.192719747849083], [-57.963862136101056, -1.222902247877187], [-58.00044213613512, -1.329822247976836], [-57.97038213610722, -1.35875424800372], [-57.97660613611299, -1.374657248018593], [-57.95500113609285, -1.382704248026016], [-57.95985713609741, -1.401219748043331], [-57.92018413606047, -1.402516748044491], [-57.911622136052415, -1.428274748068475], [-57.87937163602237, -1.422910748063487], [-57.82354463597039, -1.439403248078861], [-57.796805635945475, -1.485397748121727], [-57.783372635933006, -1.48773524812384], [-57.783197135932824, -1.507651248142452], [-57.71267113586714, -1.50379224813878], [-57.70636113586124, -1.575599248205663], [-57.67818413583507, -1.593983748222854], [-57.65656413581496, -1.580478248210284], [-57.6109671357724, -1.582532248212146], [-57.602092135764224, -1.569942248200391], [-57.589636135752585, -1.579745748209575], [-57.59289113575562, -1.599339748227749], [-57.5529701357184, -1.604862248232962], [-57.52471113569209, -1.626413248253016], [-57.52829613569543, -1.652364748277137], [-57.50668563567535, -1.640907248266558], [-57.4800841356506, -1.655054248279725], [-57.474713135645516, -1.67764424830068], [-57.43817913561156, -1.66613024828996], [-57.439442135612694, -1.688132748310522], [-57.427080635601214, -1.691441248313595], [-57.402969635578756, -1.675171748298453], [-57.38750013556432, -1.694934248316827], [-57.4005531355765, -1.712253748332955], [-57.39219913556872, -1.722718748342686], [-57.37261263555047, -1.713754748334395], [-57.35157913553087, -1.732812248352047], [-57.34657913552621, -1.713669248334327], [-57.30502113548755, -1.729923248349451], [-57.2971191354801, -1.711098748331892], [-57.263993135449255, -1.716468248336923], [-57.25340363543944, -1.695940248317811], [-57.23025413541791, -1.725564748345391], [-57.20326113539272, -1.710592248331409], [-57.19396763538407, -1.727375248347016], [-57.16440813535655, -1.720515748340631], [-57.16272213535501, -1.768224748385137], [-57.12888513532346, -1.763805748380946], [-57.11533613531083, -1.791425748406709], [-57.09736713529412, -1.774748748391175], [-57.06341513526252, -1.808138748422266], [-57.073081135271536, -1.83131374844379], [-57.03671963523766, -1.91119674851825], [-56.98786213519213, -1.906803248514166], [-56.95228163515901, -1.959873248563554], [-56.89688663510742, -1.975866248578427], [-56.84946913506326, -2.019814248619355], [-56.79272063501037, -2.020636748620177], [-56.766505134986005, -2.008340248608761], [-56.7384801349599, -2.016651748616482], [-56.72089563494353, -2.058815748655661], [-56.768942134988265, -2.14031424873167], [-56.76805163498739, -2.165392748754925], [-56.716532134939484, -2.178666248767286], [-56.678586134904094, -2.212205248798568], [-56.612427134842505, -2.209812248796311], [-56.597306134828386, -2.174596248763578], [-56.56910513480216, -2.174400248763391], [-56.526580134762526, -2.138837248730283], [-56.47740813471671, -2.170017748759278], [-56.4436951346853, -2.15356674874397], [-56.413397634657144, -2.175590748764421], [-56.37457813462095, -2.138419748729802], [-56.343062134591605, -2.149112748739867], [-56.31627713456669, -2.139767248731118], [-56.29697313454869, -2.100448748694475], [-56.255667634510246, -2.087957748682811], [-56.22789313448436, -2.055861748653001], [-56.207157634465034, -2.059622248656524], [-56.18621963444559, -2.042462748640446], [-56.09816763436356, -2.026586748625732], [-56.16894313442947, -2.145149248736175], [-56.219813134476794, -2.195484248783032], [-56.38383113462953, -2.270115748852504], [-56.42034713466364, -2.359832248936073], [-56.465109134705244, -2.42275524899469], [-56.40162213464612, -2.456155749025811], [-58.254756136372066, -6.453736252748854], [-58.285638136400735, -6.489699252782316], [-58.32655613643885, -6.499991752791857], [-58.34938713646011, -6.562018752849667], [-58.421276136527126, -6.610332752894692], [-58.47797013657987, -6.699231752977425], [-58.481255136582945, -6.781039253053677], [-58.43405463653903, -6.90842175317232], [-58.37974863648844, -6.970120253229766], [-58.33492213644672, -6.9859882532445], [-58.28775513640278, -7.061289253314612], [-58.245389136363315, -7.088497253339938], [-58.20902363632945, -7.133877753382194], [-58.16758613629088, -7.230949253472659], [-58.169510136292615, -7.312836753548936], [-58.13650013626193, -7.356022253589117], [-58.21255913633274, -7.458147753684216], [-58.22222313634177, -7.523650753745187], [-58.20166913632261, -7.620467253835386], [-58.27548863639129, -7.699277753908859], [-58.29355413640815, -7.771151753975801], [-58.371187136480444, -7.820821754021949], [-58.38423813649263, -7.843600754043223], [-58.37274213648186, -7.906811254102081], [-58.33100013644298, -7.968374254159471], [-58.32122613643389, -8.02459175421177], [-58.28789013640289, -8.079182254262605], [-58.28666663640172, -8.128154754308184], [-58.32196213643465, -8.169649254346837], [-58.31244263642577, -8.208714754383209], [-58.32758063643985, -8.285437754454733], [-58.314390136427505, -8.322668754489428], [-58.347569136458446, -8.345807254510987], [-58.35319613646368, -8.39242625455438], [-58.416549636522745, -8.491563754646677], [-58.403686136510714, -8.539107254690975], [-58.409965136516576, -8.569999754719674], [-58.38901463649711, -8.594399754742426], [-58.4367971365416, -8.70296025484356], [-58.411451636517995, -8.720216254859679], [-58.35052313646122, -8.701190754841946], [-58.32572113643812, -8.719640254859087], [-58.41537513652156, -8.792450254926848], [-58.49985613660033, -8.802429254936214], [-61.58446613947308, -8.798300254932315], [-61.605506139492604, -8.79432575492865], [-61.62903113951461, -8.752566754889813], [-61.63003313951549, -8.721568754860868], [-61.67305913955556, -8.704628254845147], [-61.70483913958515, -8.70713825484745], [-61.71275213959257, -8.687464254829138], [-61.7413321396192, -8.694804754836014], [-61.73960663961759, -8.709477254849617], [-61.77408313964963, -8.747839754885376], [-61.83597813970732, -8.732333754870865], [-61.84277763971363, -8.779021254914369], [-61.860501139730104, -8.803225754936989], [-61.85952613972927, -8.852696754982958], [-61.90247713976919, -8.862503254992134], [-61.9134506397794, -8.87695175500562], [-61.98469813984582, -8.8782182550068], [-62.00174463986173, -8.832309254964002], [-62.020809139879475, -8.8232092549556], [-62.03053813988845, -8.799321754933317], [-62.124446639975986, -8.801282754935073], [-62.154506140003946, -8.739253754877382], [-62.148277139998186, -8.717921254857515], [-62.17124814001954, -8.694686754835857], [-62.164562140013345, -8.679005754821219], [-62.200005640046356, -8.643905254788592], [-62.17611814002407, -8.636532254781741], [-62.187864140035, -8.59017225473849], [-62.268363140109955, -8.575371754724756], [-62.29275814013272, -8.595603754743593], [-62.28077914012158, -8.638202754783265], [-62.33525114017232, -8.609096754756138], [-62.34147264017804, -8.594456254742454], [-62.325279140162934, -8.563319754713461], [-62.336832640173725, -8.516251754669725], [-62.36552614020047, -8.49317475464818], [-62.36455714019962, -8.390636254552646], [-62.43172214026208, -8.371641754534949], [-62.464949140293015, -8.339354254504883], [-62.525609140349616, -8.382669254545249], [-62.53903114036211, -8.357723754521999], [-62.55100014037316, -8.357808754522125], [-62.56139314038285, -8.283621754453065], [-62.64941914046483, -8.236639754409225], [-62.65936164047412, -8.199249254374422], [-62.68613664049906, -8.17338975435041], [-62.672501640486416, -8.144926254323877], [-62.691761140504354, -8.09251925427509], [-62.743436140552376, -8.04491375423072], [-62.80947014061394, -8.024956254212157], [-62.84452764064656, -7.986148254175987], [-62.86749314066799, -7.975492254166056], [-63.62025714136905, -7.968912254159932], [-63.626087141374455, -8.04080175422689], [-63.66646814141211, -8.081219754264566], [-63.6619161414078, -8.100788254282747], [-63.692889141436694, -8.157965254335977], [-63.746502141486644, -8.19819975437349], [-63.72222914146403, -8.24911475442093], [-63.78106214151876, -8.32885575449518], [-63.86695314159874, -8.288934254458013], [-63.89439314162439, -8.301644754469748], [-63.910302141639136, -8.328140754494484], [-63.94358064167011, -8.33079975449698], [-63.94483914167131, -8.38744175454974], [-63.977361141701635, -8.419749254579756], [-63.95319264167915, -8.427581754587095], [-63.94030414166707, -8.451880254609705], [-63.973968641698434, -8.486854254642253], [-63.943254141669854, -8.526220254678947], [-63.945086141671595, -8.55011325470116], [-63.92194814164998, -8.566992754716921], [-63.94542014167189, -8.609100254756186], [-63.972006141696625, -8.582067754730929], [-63.98567514170941, -8.58524925473398], [-63.9905601417139, -8.617029254763565], [-64.0349471417552, -8.69317275483445], [-64.02733414174816, -8.715281254855086], [-64.06686014178501, -8.710340254850394], [-64.09423164181044, -8.727977754866856], [-64.12405914183819, -8.716328754856022], [-64.14253214185544, -8.742645754880527], [-64.14422664185702, -8.776061754911666], [-64.12892314184273, -8.804777254938358], [-64.15766764186958, -8.842781754973771], [-64.14891564186144, -8.958551255081602], [-64.23266914193937, -8.991921755112685], [-64.31078214201216, -8.996084755116499], [-64.32553514202584, -8.979445755101096], [-64.30903214201055, -8.934105755058795], [-64.32286414202338, -8.928475255053627], [-64.4460366421381, -8.97648475509834], [-64.54958614223449, -8.977886255099634], [-64.61053614229127, -9.016065755135173], [-64.64099964231968, -9.006261255125992], [-64.6708381423474, -9.014410755133667], [-64.68281214235867, -8.993231755113925], [-64.7062201423804, -8.989409755110387], [-64.7606406424311, -9.020197755138952], [-64.78342464245236, -8.988884755109893], [-64.83878514250387, -8.993726255114325], [-64.89355914255486, -9.043316755160504], [-64.91672714257652, -9.042756255160043], [-64.91513964257501, -9.07422925518938], [-64.93938914259752, -9.124180255235842], [-64.91914314257872, -9.219894255325016], [-64.93553714259394, -9.255425255358091], [-64.96233914261893, -9.292391255392545], [-64.99997514265397, -9.30422775540353], [-65.01216614266536, -9.328291255425938], [-65.00530564265898, -9.343142755439771], [-65.03876714269018, -9.359195255454779], [-65.03513914268672, -9.374429755468896], [-65.05300514270334, -9.40175625549432], [-65.09175014273944, -9.4089997555011], [-65.09730814274462, -9.432128755522626], [-65.14233914278657, -9.446426255535926], [-65.1840816428255, -9.426603755517476], [-65.17300214281511, -9.385062255478829], [-65.19561564283617, -9.374876255469303], [-65.18778414282895, -9.344466755440976], [-65.20841364284809, -9.309257755408225], [-65.2074831428472, -9.285247755385853], [-65.24611864288329, -9.257277755359837], [-65.38466814301228, -9.337644755434667], [-65.44647514306985, -9.315990755414532], [-65.45605714307874, -9.400823255493492], [-65.43417214305839, -9.465946255554172], [-65.45611414307882, -9.470133755558095], [-65.46733714308925, -9.458904755547564], [-65.49225814311251, -9.473277755560957], [-65.50600614312532, -9.447311755536816], [-65.59623114320925, -9.41347975550525], [-65.64934014325877, -9.446885755536414], [-65.67889014328625, -9.451007255540276], [-65.68045314328776, -9.500021755585863], [-65.72300314332733, -9.558671255640547], [-65.74978114335227, -9.553237255635395], [-65.75600314335816, -9.568568755649721], [-65.77016914337128, -9.564969755646416], [-65.79097614339071, -9.585259255665278], [-65.8174811434153, -9.561869755643443], [-65.8245306434219, -9.529705755613577], [-65.84770314344348, -9.531938755615556], [-65.84606214344194, -9.516025755600822], [-65.88036214347392, -9.487079755573859], [-65.91208764350347, -9.483364755570392], [-65.96975414355722, -9.412775255504584], [-66.03397864361693, -9.400247755492956], [-66.05919264364047, -9.417833255509322], [-66.11567914369311, -9.408599755500745], [-66.17308514374656, -9.43403375552441], [-66.24286714381151, -9.429002255519777], [-66.26725614383429, -9.409379255501449], [-66.28989114385536, -9.412109755504048], [-66.28363814384954, -9.431778755522373], [-66.30694864387124, -9.436461255526638], [-66.3183681438818, -9.41957925551094], [-66.37422814393392, -9.425981755516887], [-66.40831014396565, -9.406562255498784], [-66.41417314397108, -9.42156525551286], [-66.3895041439481, -9.455245255544128], [-66.39186514395033, -9.500094755585906], [-66.49436614404578, -9.60119825568006], [-66.50006414405107, -9.633178755709878], [-66.58575564413081, -9.673173755747143], [-66.60889814415248, -9.66451425573905], [-66.72483814426039, -9.755686755823945], [-66.7748121443069, -9.752705755821239], [-66.78002464431177, -9.790991755856908], [-66.80970014433944, -9.817660755881661], [-67.3254941448198, -9.591959755671496], [-67.51684014499801, -9.560291255642028], [-68.64662214605016, -9.0490372551659], [-70.05180614735889, -7.847003754046341], [-72.58801014972096, -7.550250253770059], [-73.80098315085058, -7.111457753361378]]]}}, {"type": "Feature", "id": "AP", "properties": {"id": "AP", "sigla": "AP", "name": "Amapá", "regiao": "Norte", "pop_total": 738630, "qtd_equipes_esf": 576, "capacidade_pnab": 2075000, "cobertura_pnab_pct": 280.9, "sobrecarga_media": 0.23, "pop_critica": 146073, "pct_pop_critica": 19.78, "n_polos_critica": 12, "hab_por_esf": 1282, "densidade": 5.1}, "geometry": {"type": "Polygon", "coordinates": [[[-54.871776133221374, 2.434076255528566], [-54.79691913315162, 2.439347255533562], [-54.74355813310194, 2.471815755563739], [-54.68444513304689, 2.447153255540798], [-54.69161313305358, 2.36172575546118], [-54.6617751330258, 2.327317255429193], [-54.60122013296939, 2.337496255438623], [-54.43610663281561, 2.210218255320115], [-54.18860913258516, 2.179159255291211], [-53.98950113239971, 2.237753755345807], [-53.97444213238566, 2.232722755341115], [-53.9418891323553, 2.24272725535036], [-53.935836132349664, 2.297313755401206], [-53.90733863232322, 2.274332255379818], [-53.88874613230587, 2.286566755391277], [-53.883447632300886, 2.316666755419305], [-53.85911313227825, 2.32033125542273], [-53.84160813226197, 2.307986755411207], [-53.814385132236566, 2.317348755419857], [-53.83473413225556, 2.33895325544006], [-53.76675213219221, 2.379252755477523], [-53.74116613216836, 2.375328755473902], [-53.75310813217948, 2.364279255463657], [-53.72299913215147, 2.354399755454438], [-53.748307132175114, 2.313141255415985], [-53.695055632125445, 2.312612755415444], [-53.68569213211674, 2.294916255399016], [-53.663413132096025, 2.305711755409106], [-53.65285813208618, 2.302749755406353], [-53.655828132088914, 2.284851755389695], [-53.600810132037736, 2.286488755391133], [-53.549448131989834, 2.258654255365286], [-53.454529131901495, 2.26460325537073], [-53.46919163191512, 2.289162755393704], [-53.43991463188786, 2.280626755385697], [-53.404613131854944, 2.297860255401702], [-53.36716713182011, 2.320974755423322], [-53.359556131813065, 2.349641755449966], [-53.33771613179272, 2.353929255453977], [-53.30555763176267, 2.315833255418511], [-53.26164613172182, 2.290501755394871], [-53.26160663172175, 2.276670755382042], [-53.234250131696285, 2.275719255381091], [-53.22905113169145, 2.262708755368976], [-53.252856131713656, 2.246851755354214], [-53.259279631719664, 2.253260755360202], [-53.26694713172674, 2.224050255333054], [-53.279334131738324, 2.22366875533271], [-53.27871963173777, 2.186318755297862], [-53.242304131703804, 2.207907755317933], [-53.21502813167842, 2.194121755305105], [-53.09908463157046, 2.214611755324199], [-53.07908513155178, 2.210802255320687], [-53.04005913151548, 2.173737755286197], [-52.98403613146331, 2.157505255271076], [-52.94382963142584, 2.169071255281779], [-52.93600463141854, 2.192507755303609], [-52.90553063139021, 2.185851755297449], [-52.87138613135835, 2.257271255364003], [-52.85353263134175, 2.259586755366058], [-52.85691613134486, 2.277756755383052], [-52.71574713121345, 2.335939255437211], [-52.66116663116259, 2.381765255479877], [-52.64189013114458, 2.436029755530399], [-52.605028131110316, 2.452610755545834], [-52.6101366311151, 2.47538075556713], [-52.58694313109345, 2.473730755565498], [-52.58530113109191, 2.494504755584899], [-52.5543861310631, 2.5153012556043], [-52.56311013107131, 2.54492175563189], [-52.53942213104915, 2.554730755641003], [-52.52714113103775, 2.577148255661882], [-52.5524196310613, 2.606939755689609], [-52.545363631054784, 2.619282755701079], [-52.558134131066595, 2.63431425571514], [-52.549944131058965, 2.648201255728054], [-52.53285863104304, 2.64740325572734], [-52.426638130944184, 2.886649255950147], [-52.39644213091606, 2.893439755956479], [-52.381221630901905, 2.913804755975434], [-52.401060130920314, 2.924609255985501], [-52.36497213088671, 3.022199756076361], [-52.328610130852894, 3.080471256130636], [-52.34700363086995, 3.100958256149738], [-52.34097613086442, 3.124316756171424], [-52.353829130876306, 3.131306756177992], [-52.338748130862314, 3.140052256186095], [-52.33280413085674, 3.172561256216341], [-52.30616663083197, 3.176089256219711], [-52.30997113083549, 3.204649756246226], [-52.290861630817744, 3.235427256274988], [-52.26194613079076, 3.25659325629465], [-52.23574813076641, 3.244922756283813], [-52.191666130725366, 3.30167525633658], [-52.09369713063404, 3.489743756511757], [-51.9958351305429, 3.626668756639333], [-51.971586130520336, 3.719229256725498], [-51.957279130507004, 3.731858256737269], [-51.92785813047965, 3.729239756734842], [-51.923884130475926, 3.783755756785581], [-51.8757171304311, 3.807689256807862], [-51.80194713036235, 3.881634256876737], [-51.75531513031899, 3.988420256976156], [-51.7093806302762, 4.000907756987885], [-51.64608313021722, 4.044855757028813], [-51.59505863016966, 4.191720257165571], [-51.59738963017185, 4.23010275720128], [-51.55369713013113, 4.415047257373544], [-51.51358413009382, 4.437060257394023], [-51.427225130013426, 4.373918757335218], [-51.25155812984974, 4.191734757165591], [-51.20983312981093, 4.123496757101975], [-51.18444612978726, 4.05109775703454], [-51.17855812978178, 3.945159756935936], [-51.12261512972975, 3.910752756903889], [-51.09396712970306, 3.910238756903368], [-51.07516212968551, 3.890933256885432], [-51.09038762969965, 3.680249256689194], [-51.07055712968122, 3.491848756513718], [-51.09013912969942, 3.447144756472085], [-51.0871651296967, 3.392085756420784], [-51.021609129635635, 3.208407256249757], [-51.03536012964844, 3.137457756183721], [-51.006668129621744, 3.094094756143249], [-51.01438512962886, 3.045789756098316], [-50.98846812960471, 3.003659256059109], [-50.980776629597585, 2.937319255997295], [-50.94391712956326, 2.884514255948147], [-50.94180812956131, 2.803698755872801], [-50.92650612954708, 2.80861575587744], [-50.900118129522525, 2.791676755861658], [-50.90283312952499, 2.756671255829019], [-50.88138812950501, 2.741741755815156], [-50.88225012950579, 2.686091255763358], [-50.84058112946707, 2.639051755719493], [-50.84563912947169, 2.594455255677985], [-50.83103312945809, 2.533502755621157], [-50.854496129480026, 2.491049755581685], [-50.81519462944334, 2.509091255598491], [-50.795952629425415, 2.505291255594898], [-50.76438512939603, 2.448394255541984], [-50.77010712940137, 2.412088255508138], [-50.722026629356606, 2.276737255382045], [-50.72181012935641, 2.237532255345513], [-50.69286312932945, 2.208808755318842], [-50.681919129319226, 2.173355255285855], [-50.68319012932045, 2.154732255268414], [-50.702086129338, 2.138537755253424], [-50.521554129169886, 2.208714255318682], [-50.44569412909925, 2.199571255310161], [-50.352000129012026, 2.087144755205486], [-50.3554476290152, 2.065860755185668], [-50.31669312897907, 2.008107755131846], [-50.23769912890555, 1.803515254941317], [-50.169171128841754, 1.814605254951744], [-50.09130612876925, 1.791745254930447], [-50.03336412871522, 1.770923754910996], [-49.914614128604626, 1.695852754841098], [-49.92205512861153, 1.674623754821368], [-49.907756128598294, 1.670498754817459], [-49.896834128588125, 1.631852754781448], [-49.876386628569094, 1.450907254612957], [-49.90994412860027, 1.296864754469539], [-49.89322212858474, 1.193356754373099], [-49.91761562860745, 1.137246254320871], [-49.94539112863333, 1.108589254294202], [-49.94033912862858, 0.993882754187325], [-49.97619112866198, 0.958959754154762], [-50.024285128706765, 0.869308254071257], [-50.05374812873424, 0.855091754058094], [-50.06136112874128, 0.825884254030825], [-50.05308912873363, 0.806505254012791], [-50.06508812874483, 0.808980254015182], [-50.06808612874761, 0.792551753999874], [-50.09263862877049, 0.782523753990517], [-50.09347212877128, 0.7024327539159], [-50.15652962882996, 0.705519753918793], [-50.314279128976864, 0.678328253893483], [-50.34679312900721, 0.667185253883076], [-50.436103129090384, 0.600447753820958], [-50.47576512912724, 0.481841753710455], [-50.555703129201675, 0.307061253547658], [-50.66783512930613, 0.185379253434348], [-50.761594129393416, 0.12132275337467], [-50.933807129553884, 0.070026253326887], [-50.97889012959581, 0.03774875329691], [-51.07556712968585, -0.083385746815907], [-51.215998129816626, -0.118266246848407], [-51.3016551298964, -0.251349246972381], [-51.34733212993899, -0.299266247017044], [-51.36205412995264, -0.367759747080754], [-51.42027363000693, -0.428644747137469], [-51.457337130041424, -0.512884747215935], [-51.59508413016977, -0.650088247343774], [-51.66855213023814, -0.768465247453946], [-51.68775213025606, -0.822854747504607], [-51.69513613026288, -0.924366747599151], [-51.68519363025359, -1.012509747681293], [-51.69997413026738, -1.062857747728117], [-51.808641630368584, -1.156748247815585], [-51.886831130441465, -1.166043747824233], [-51.925501130477414, -1.131962247792558], [-51.95542113050533, -1.16932124782727], [-51.965137130514336, -1.125455247786476], [-51.984879130532704, -1.121092247782371], [-51.99066663053816, -1.171461747829312], [-52.05460913059767, -1.176596247834141], [-52.06347813060597, -1.18941924784599], [-52.04660913059024, -1.218954747873568], [-52.07000313061201, -1.235629747889107], [-52.11053113064975, -1.214645247869498], [-52.1063076306458, -1.18271424783984], [-52.11980613065839, -1.145844747805427], [-52.14627513068308, -1.148437747807861], [-52.17311463070803, -1.129779247790452], [-52.221690130753245, -1.134174747794532], [-52.332530130856526, -1.115538247777181], [-52.35769813087995, -1.062232247727593], [-52.39972113091915, -1.043278247709964], [-52.426581630944156, -1.050442247716546], [-52.41400613093242, -1.008919747677965], [-52.4194701309375, -0.965610747637584], [-52.43903713095574, -0.935195247609272], [-52.404288130923305, -0.912501247588125], [-52.40270013092186, -0.876797247554919], [-52.45505913097065, -0.829915247511167], [-52.51647363102779, -0.858265247537588], [-52.538198131048034, -0.854456247534017], [-52.50939063102123, -0.813101247495524], [-52.52117313103224, -0.784859247469285], [-52.497418131010136, -0.730397747418579], [-52.522719631033624, -0.588725247286561], [-52.534721131044876, -0.573738247272672], [-52.5758671310831, -0.576060247274768], [-52.612530131117296, -0.59454374729205], [-52.639548631142475, -0.584556247282649], [-52.667304131168294, -0.543787247244722], [-52.666831131167896, -0.524763247227042], [-52.6949756311941, -0.49605324720028], [-52.69055813118996, -0.476811247182354], [-52.70222213120087, -0.458883247165659], [-52.67869213117888, -0.423325747132594], [-52.69811113119704, -0.386819247098515], [-52.681389631181446, -0.339616747054606], [-52.688359131187894, -0.303788747021258], [-52.73975313123583, -0.276260246995548], [-52.75797513125269, -0.239335246961218], [-52.83563813132503, -0.185802246911294], [-52.85108213133947, -0.149814246877781], [-52.87636013136296, -0.142409746870953], [-52.90355063138827, -0.154591246882319], [-52.932282131415036, -0.141960746870495], [-52.97060413145073, -0.04276424677812], [-52.976873631456556, 0.024141753284198], [-53.01454713149167, 0.06003725331766], [-53.010708631488114, 0.095390753350557], [-53.02884513150502, 0.105064253359501], [-53.051665131526306, 0.157682753408608], [-53.09383013156548, 0.195650753443942], [-53.105945131576846, 0.232086753477802], [-53.0944176315661, 0.262556253506204], [-53.13388713160282, 0.3005227535416], [-53.13599613160477, 0.326378753565677], [-53.174846631641, 0.382059753617568], [-53.159471131626674, 0.403310753637356], [-53.167281631633955, 0.446070753677191], [-53.15466513162221, 0.48052175370924], [-53.169306131635835, 0.494076753721856], [-53.14792013161593, 0.541999753766504], [-53.146859131614974, 0.600676253821121], [-53.12002713158995, 0.634319753852424], [-53.10583463157673, 0.684323253899038], [-53.12366613159327, 0.697696253911431], [-53.13944063160807, 0.693440753907566], [-53.189808631654955, 0.768724253977666], [-53.41102863186097, 0.929683754127495], [-53.41033813186027, 0.982382254176628], [-53.42636463187523, 0.992764754186283], [-53.42946963187808, 1.020150754211841], [-53.421864131871075, 1.034075754224773], [-53.455358131902244, 1.077710254265412], [-53.45869213190531, 1.134017754317824], [-53.43930813188729, 1.154012254336408], [-53.4208091318701, 1.147698754330577], [-53.39941413185011, 1.158747254340824], [-53.395615131846625, 1.179629754360349], [-53.41697213186649, 1.20311375438223], [-53.42605613187493, 1.243058254419338], [-53.438303631886356, 1.232470754409519], [-53.47327263191892, 1.239669754416241], [-53.53852713197966, 1.212764254391232], [-53.545855131986514, 1.228844754406168], [-53.5228621319651, 1.261675754436737], [-53.556224131996146, 1.285142254458606], [-53.56216713200172, 1.306918754478829], [-53.532919131974495, 1.322765754493616], [-53.53808163197925, 1.341197754510745], [-53.56339213200283, 1.350029754519028], [-53.57022413200923, 1.337639254507508], [-53.594752132032, 1.358490754526883], [-53.65050013208395, 1.33656025450648], [-53.662610632095266, 1.349831754518846], [-53.64305713207705, 1.364222754532193], [-53.64636563208012, 1.407960754572969], [-53.67008413210226, 1.372326254539757], [-53.68702913211803, 1.386134254552644], [-53.710994132140286, 1.384298754550969], [-53.6953361321257, 1.418478254582737], [-53.71672113214561, 1.432098754595472], [-53.71494563214401, 1.405711754570916], [-53.7318591321598, 1.386624754553054], [-53.762004132187826, 1.408728754573644], [-53.77414263219907, 1.397239254563033], [-53.803526132226466, 1.423861254587791], [-53.822306132243966, 1.414169254578724], [-53.80658313222932, 1.392138754558232], [-53.852365132271984, 1.394072254560001], [-53.84383713226407, 1.406643254571691], [-53.88236013229994, 1.401083254566515], [-53.87627413229427, 1.435787754598891], [-53.89553013231216, 1.455461754617204], [-53.91706013233227, 1.457238754618857], [-53.93783463235161, 1.435798754598864], [-53.92829463234273, 1.469514754630268], [-53.95361513236628, 1.468305754629228], [-53.96660763237833, 1.484730754644488], [-53.97566613238678, 1.472613254633188], [-53.9969991324067, 1.476107254636418], [-54.00857963241742, 1.52000025467737], [-54.0271101324347, 1.517174254674728], [-54.024108132431934, 1.500192754658883], [-54.06869013247342, 1.501305254659883], [-54.08599613248953, 1.488633254648107], [-54.08412063248784, 1.526667254683503], [-54.11705613251854, 1.558510254713156], [-54.10153013250408, 1.590965754743365], [-54.11808113251948, 1.581814754734864], [-54.1278871325286, 1.591648254744086], [-54.12261313252361, 1.607735754759005], [-54.14319413254282, 1.640946754789979], [-54.18174813257872, 1.658410254806199], [-54.19063313258698, 1.625244254775339], [-54.229668132623374, 1.67630575482292], [-54.26318813265459, 1.680497254826832], [-54.26633013265746, 1.708400754852732], [-54.291888132681265, 1.709080254853461], [-54.281171132671375, 1.724182254867515], [-54.299971132688825, 1.724149754867426], [-54.30883263269709, 1.741383754883486], [-54.344191132729975, 1.740961754883074], [-54.377250132760764, 1.76402075490455], [-54.386970132769875, 1.745488754887333], [-54.424189132804486, 1.760774254901548], [-54.50808213288269, 1.7486082548902], [-54.5704371329407, 1.784789254923908], [-54.67072213303413, 1.765990754906397], [-54.74430513310267, 1.776134754915915], [-54.75394713311164, 1.798142254936351], [-54.73355113309265, 1.832309754968151], [-54.752721133110526, 1.851318754985869], [-54.77111313312764, 1.940831755069212], [-54.7539671331117, 1.970930755097243], [-54.8033301331576, 2.026154755148696], [-54.812357133166074, 2.0631457551832], [-54.80578013315994, 2.139258755253991], [-54.76741713312413, 2.181242755293169], [-54.76263713311971, 2.202650255313074], [-54.81094613316475, 2.266709255372689], [-54.793775133148756, 2.313063755415897], [-54.80708513316108, 2.342005255442814], [-54.865608133215574, 2.403223255499825], [-54.871776133221374, 2.434076255528566]]]}}, {"type": "Feature", "id": "BA", "properties": {"id": "BA", "sigla": "BA", "name": "Bahia", "regiao": "Nordeste", "pop_total": 14161430, "qtd_equipes_esf": 9643, "capacidade_pnab": 35964500, "cobertura_pnab_pct": 254.0, "sobrecarga_media": 0.38, "pop_critica": 2819590, "pct_pop_critica": 19.91, "n_polos_critica": 236, "hab_por_esf": 1469, "densidade": 25.0}, "geometry": {"type": "Polygon", "coordinates": [[[-46.609208125526266, -11.255499757220832], [-46.471938625398366, -11.190759257160494], [-46.452955125380754, -11.15576625712788], [-46.44713812537532, -11.091895257068472], [-46.39851612533005, -10.993969756977208], [-46.28299712522244, -10.906327756895621], [-46.29694412523543, -10.86683575685879], [-46.279095625218815, -10.824572756819407], [-46.23343812517635, -10.804363256800684], [-46.22689212517025, -10.788776756786092], [-46.2271991251705, -10.766385756765317], [-46.25101012519269, -10.75665325675618], [-46.19214212513782, -10.719296256721464], [-46.18646912513259, -10.686697256691104], [-46.210554125155, -10.649250756656215], [-46.16916712511647, -10.619452756628448], [-46.155944125104156, -10.629519256637764], [-46.06408512501855, -10.602343756612527], [-46.0594641250143, -10.574073756586131], [-46.02594312498309, -10.564145756576977], [-46.01612712497388, -10.536103756550801], [-45.97077012493162, -10.528155756543356], [-45.88722112485391, -10.448764256469417], [-45.82730412479805, -10.435538756457163], [-45.82696712479776, -10.36782175639405], [-45.738023124714914, -10.34202425637011], [-45.69711412467677, -10.263148256296631], [-45.69886412467838, -10.16643575620651], [-45.72246512470042, -10.15490325619578], [-45.684303624664835, -10.152898256193907], [-45.602762124588935, -10.107565256151702], [-45.567042124555655, -10.139104756181041], [-45.56689712455557, -10.201066256238732], [-45.525773124517286, -10.236509256271802], [-45.51555512450773, -10.286765756318573], [-45.42990912442792, -10.359044256385914], [-45.42408312442251, -10.426069756448328], [-45.39602412439638, -10.446477256467347], [-45.44684312444372, -10.507003256523717], [-45.43544312443305, -10.622306756631133], [-45.414038124413196, -10.644695256651971], [-45.38480312438594, -10.65121125665803], [-45.35780612436076, -10.731786256733017], [-45.32196112432746, -10.759842756759213], [-45.26805312427723, -10.775807756774043], [-45.24623762425688, -10.821891756816967], [-45.218811124231365, -10.816954256812323], [-45.215164124227954, -10.829799756824286], [-45.1048861241253, -10.846396756839795], [-45.0728251240954, -10.839999756833777], [-45.01618712404263, -10.88417625687498], [-44.97350812400293, -10.891051256881383], [-44.930808123963175, -10.92833275691612], [-44.86339112390033, -10.884803256875557], [-44.84389012388215, -10.899609256889335], [-44.81073412385126, -10.870002756861822], [-44.78765312382984, -10.8080982568041], [-44.758517123802676, -10.804422756800705], [-44.75080112379544, -10.78170275677951], [-44.71140712375882, -10.760759256760025], [-44.68473912373395, -10.768637756767362], [-44.667276623717726, -10.759634256759], [-44.663802623714446, -10.67942525668434], [-44.62482612367819, -10.673881256679124], [-44.57737312363395, -10.626346756634803], [-44.50410912356574, -10.650317256657218], [-44.47633112353981, -10.63888175664647], [-44.45590512352089, -10.607677256617421], [-44.3984671234673, -10.605877256615827], [-44.3326951234061, -10.54834375656219], [-44.263615123341765, -10.624247256632884], [-44.20824312329023, -10.614900756624138], [-44.16513712325002, -10.642478256649838], [-44.138861123225524, -10.639461756647052], [-44.11021912319893, -10.596773756607263], [-44.07241912316374, -10.580633756592306], [-44.05060812314332, -10.505816756522563], [-44.025441623119946, -10.475048756493948], [-44.03536312312917, -10.444292256465246], [-44.0229251231176, -10.407647756431174], [-43.95910912305817, -10.426268756448508], [-43.917081623019044, -10.42472425644712], [-43.91439212301657, -10.383732756408904], [-43.83789212294528, -10.304205256334853], [-43.83755512294499, -10.251879256286088], [-43.77868862289017, -10.18004775621921], [-43.76563512287794, -10.079637256125693], [-43.692516122809934, -10.076975756123261], [-43.68988312280737, -10.04421575609274], [-43.66908212278804, -10.03033625607975], [-43.66187612278134, -10.003932756055178], [-43.702554122819265, -9.965693756019618], [-43.69005612280762, -9.929080755985524], [-43.70863712282494, -9.912800755970352], [-43.677050122795436, -9.886109255945485], [-43.65284712277298, -9.83863725590129], [-43.69306262281043, -9.804840255869749], [-43.78452312289562, -9.7619677558298], [-43.79616112290637, -9.69823075577051], [-43.84155312294865, -9.637010755713504], [-43.83357912294127, -9.617514255695255], [-43.849293622955884, -9.547635755630267], [-43.769330122881456, -9.441636255531535], [-43.685361122803215, -9.417378755508935], [-43.62418712274621, -9.373251755467777], [-43.572426622698, -9.315830755414368], [-43.525161122654026, -9.299631755399218], [-43.48506212261668, -9.264871755366926], [-43.42742712256302, -9.272171755373734], [-43.36092612250104, -9.363996755459198], [-43.32954712247181, -9.372375755467033], [-43.27837512242422, -9.424159255515178], [-43.21824012236823, -9.400205755492948], [-43.191305122343124, -9.420015755511372], [-43.173535122326484, -9.410807755502788], [-43.158233122312254, -9.376621255470923], [-43.13277012228855, -9.386864755480474], [-43.119226122275904, -9.371482255466162], [-43.08249512224177, -9.3969097554899], [-43.05891712221978, -9.396536255489536], [-43.05669062221773, -9.417409255508915], [-42.9867321221526, -9.40126575549391], [-42.969865122136866, -9.409103755501178], [-42.94585712211449, -9.51799575560267], [-42.906131122077454, -9.525029255609184], [-42.872910122046505, -9.563451255644964], [-42.836748122012864, -9.54995475563237], [-42.820161621997386, -9.618812755696467], [-42.764778121945824, -9.616331755694205], [-42.757359121938975, -9.588862755668629], [-42.71650512190092, -9.555860755637923], [-42.72047212190455, -9.53089375561467], [-42.67345112186081, -9.548450255630996], [-42.621331121812204, -9.540920755623915], [-42.58609412177941, -9.496357255582438], [-42.49270412169244, -9.49448325558069], [-42.48868112168873, -9.461619755550146], [-42.440197121643564, -9.455753755544606], [-42.42259912162717, -9.413276255505139], [-42.36376112157234, -9.381218255475233], [-42.354717621563964, -9.3494572554456], [-42.31801212152982, -9.318346255416714], [-42.26919512148436, -9.309230255408238], [-42.22566912144373, -9.282882755383639], [-42.206050121425505, -9.292365755392439], [-42.14156812136548, -9.287712755388156], [-42.021546121253664, -9.249339755352366], [-41.9995221212331, -9.265555755367473], [-41.971883121207384, -9.248221755351324], [-41.91755112115686, -9.27804975537913], [-41.87013812111263, -9.237014755340965], [-41.837584121082386, -9.241856255345397], [-41.799689121047095, -9.147610755257688], [-41.73480312098661, -9.094284755208037], [-41.72322312097583, -9.013125755132478], [-41.680074120935615, -9.011868255131276], [-41.669024120925314, -8.989666255110592], [-41.62861812088772, -8.984475755105791], [-41.605415120866155, -8.956989755080144], [-41.569678120832805, -8.954614755077955], [-41.564888120828414, -8.969905755092213], [-41.54541712081027, -8.96126225508408], [-41.544474120809355, -8.93754075506206], [-41.50705912077456, -8.892026755019629], [-41.51019012077745, -8.875810755004522], [-41.48746512075627, -8.843489754974485], [-41.47180612074169, -8.842700754973748], [-41.43155912070415, -8.796677254930842], [-41.42388912069703, -8.802142254935916], [-41.38087512065704, -8.706860254847243], [-41.28116162056415, -8.735687254874051], [-41.226603120513346, -8.70428875484481], [-41.11333512040778, -8.703384254843968], [-41.124195120417994, -8.752259754889451], [-41.10138612039668, -8.781551254916735], [-41.03586112033565, -8.785461754920448], [-41.02086712032167, -8.843147254974156], [-40.978721120282444, -8.823003254955324], [-40.946010120252026, -8.844582754975477], [-40.92096612022863, -8.835015754966548], [-40.85122412016369, -8.952083755075591], [-40.82063612013519, -9.079475255194211], [-40.803732120119435, -9.097919755211365], [-40.75641412007542, -9.104561255217618], [-40.756689120075634, -9.119427255231471], [-40.7095191200317, -9.14046475525106], [-40.684724120008696, -9.137194255248005], [-40.66702511999222, -9.15864275526792], [-40.69413012001746, -9.23303775533725], [-40.67971812000394, -9.258793255361184], [-40.686863120010685, -9.277916255379068], [-40.719717120041196, -9.305478755404692], [-40.73907112005929, -9.296171255396075], [-40.755114120074154, -9.313257755411996], [-40.73691512005723, -9.336453255433526], [-40.74230012006228, -9.40029475549295], [-40.76460312008305, -9.412797755504698], [-40.75922412007799, -9.428657255519397], [-40.776378620093965, -9.45403275554304], [-40.721807120043195, -9.445529755535176], [-40.62279511995098, -9.482479255569501], [-40.56481561989699, -9.46359075555199], [-40.5287461198634, -9.413483255505298], [-40.49682811983371, -9.40815375550028], [-40.46738711980629, -9.420148755511491], [-40.420523119762606, -9.352154755448169], [-40.371048119716534, -9.378297755472545], [-40.33467611968263, -9.353483255449419], [-40.33575311968366, -9.326751255424483], [-40.30742011965731, -9.270898255372458], [-40.28544911963684, -9.181396755289143], [-40.28634011963766, -9.116935255229123], [-40.24749811960146, -9.057320755173578], [-40.21307111956935, -9.060564755176642], [-40.164637119524286, -9.106071255219035], [-40.12837311949056, -9.10917975522193], [-40.065198619431726, -9.062648755178543], [-39.957672119331505, -9.04817525516512], [-39.87359711925319, -8.93091525505588], [-39.90257711928018, -8.858328254988237], [-39.89424311927246, -8.83124925496304], [-39.819610119202935, -8.81307275494612], [-39.79230311917752, -8.819476254952065], [-39.74742611913575, -8.793626254927972], [-39.70011811909171, -8.799536754933456], [-39.67427111906761, -8.786742254921592], [-39.69077411908302, -8.661898754805293], [-39.607195119005155, -8.655561754799464], [-39.47575511888272, -8.592380254740533], [-39.415686118826784, -8.54171475469343], [-39.379439118793016, -8.532406754684757], [-39.343299618759374, -8.55813325470865], [-39.292863118712376, -8.560215754710612], [-39.27480711869555, -8.576411254725713], [-39.24129361866437, -8.641338254786206], [-39.245140118667905, -8.68369125482559], [-39.22816911865209, -8.709901254850024], [-39.20042911862629, -8.71057275485066], [-39.168362118596406, -8.691090254832488], [-39.14359611857333, -8.712104254852079], [-39.03319811847052, -8.735897754874259], [-38.95359511839638, -8.803647754937288], [-38.86775711831649, -8.783450254918534], [-38.80372411825681, -8.788764754923477], [-38.70618911816598, -8.861843754991583], [-38.68979161815071, -8.94485975506882], [-38.67040211813264, -8.974772755096751], [-38.640356118104705, -8.98685075510798], [-38.623744118089235, -8.979630255101256], [-38.608885118075364, -8.954703755077958], [-38.60347011807039, -8.880173755008627], [-38.57090161804001, -8.831196754963003], [-38.55148861802195, -8.82221325495459], [-38.508614117982006, -8.832229254963977], [-38.46945511794547, -8.865325754994728], [-38.47896511795443, -8.901326755028322], [-38.51945761799209, -8.94716625507101], [-38.48369011795876, -9.000603755120778], [-38.4150981178949, -9.038151755155695], [-38.355809117839726, -8.99672375511716], [-38.32027811780654, -8.990655255111506], [-38.2893781177778, -9.037951255155576], [-38.325515117811506, -9.077573755192475], [-38.30424211779166, -9.096368255209995], [-38.32105011780732, -9.11646175522867], [-38.31830711780481, -9.140582755251103], [-38.2872431177758, -9.173487755281826], [-38.28716111777578, -9.216710255322027], [-38.23723811772925, -9.329372755426903], [-38.19412411768906, -9.38451425547828], [-38.20441261769872, -9.418251755509687], [-38.15459911765231, -9.442995255532765], [-38.07935761758222, -9.439965755529897], [-38.067495617571126, -9.458081255546858], [-38.02180511752863, -9.469568755557475], [-37.99851611750694, -9.497233755583238], [-38.02150711752836, -9.54058225562369], [-38.01862211752564, -9.56343525564489], [-38.04046111754599, -9.572891255653758], [-38.04015811754573, -9.60216125568104], [-37.98752811749671, -9.646968755722696], [-37.99164811750052, -9.656265755731397], [-38.00666011751446, -9.65130675572675], [-38.024637117531256, -9.682455755755768], [-38.0395521175451, -9.686169755759238], [-38.04230711754769, -9.719567255790366], [-38.027854117534275, -9.775654255842596], [-37.96632311747692, -9.81562775587986], [-37.99730611750579, -9.916289255973538], [-37.9597401174708, -9.969854256023496], [-37.92699011744037, -9.965159256019092], [-37.831416117351296, -10.000545256052078], [-37.82062511734125, -10.05686475610446], [-37.7761181172998, -10.136091756178303], [-37.78258611730587, -10.180214256219415], [-37.7653561172898, -10.195790256233863], [-37.735436117261884, -10.334234756362775], [-37.78363211730675, -10.345793256373554], [-37.83864311735806, -10.378781756404237], [-37.836941117356446, -10.400598756424642], [-37.85303411737141, -10.406078256429737], [-37.85877011737682, -10.426041756448285], [-37.812703117333854, -10.508055256524699], [-37.81917661733985, -10.539008756553471], [-37.84022761735946, -10.549133256562982], [-37.82553611734579, -10.57992125659166], [-37.8135841173347, -10.690617756694678], [-37.999516117507824, -10.763949756763054], [-38.02292411752967, -10.76339175676253], [-38.028666117534954, -10.737780256738688], [-38.05794211756222, -10.708148756711012], [-38.09239311759438, -10.701901756705183], [-38.12495611762472, -10.718381756720532], [-38.179320117675275, -10.702081756705411], [-38.211538117705345, -10.708611256711492], [-38.212673117706345, -10.758588256758003], [-38.245299617736805, -10.822301256817354], [-38.23187311772426, -10.847246256840549], [-38.24140211773317, -10.860294756852682], [-38.229186117721724, -10.915499756904183], [-38.1840521176797, -10.941938256928779], [-38.1884376176838, -10.964114256949415], [-38.175708117672, -10.984841756968763], [-38.13980111763851, -11.011691756993741], [-38.10748611760846, -11.010798756992926], [-38.10549111760656, -11.039452257019548], [-38.079152117582, -11.074267757051985], [-38.095571117597274, -11.101974257077813], [-38.069228117572834, -11.12103975709556], [-38.07254111757584, -11.152098757124463], [-38.04768911755275, -11.176955757147653], [-37.97402711748407, -11.194815757164292], [-37.993287117502064, -11.240190757206506], [-37.985971117495296, -11.269446257233767], [-38.00303211751111, -11.289068257252097], [-37.98786811749699, -11.331176257291304], [-37.99950511750785, -11.340120757299587], [-37.969482117479856, -11.37242775732966], [-37.97753711748737, -11.393211757349036], [-37.95256511746413, -11.395195257350906], [-37.9435221174557, -11.423221257377008], [-37.92884911744204, -11.402987257358177], [-37.91557011742964, -11.403974757359038], [-37.899491117414755, -11.43715425738992], [-37.88307511739936, -11.42518675737881], [-37.86529111738287, -11.428001257381425], [-37.88041011739688, -11.433013257386165], [-37.84834211736711, -11.442824257395273], [-37.864081117381716, -11.464775257415681], [-37.808339117329865, -11.496750257445456], [-37.81343411733451, -11.513828757461397], [-37.73009611725695, -11.537656257483604], [-37.72719011725428, -11.552516757497415], [-37.70306711723174, -11.540207757485973], [-37.68822911721793, -11.56580925750984], [-37.66990011720088, -11.563541257507723], [-37.65132411718355, -11.517863257465137], [-37.63170211716533, -11.518048757465294], [-37.61270611714758, -11.538473257484384], [-37.58539211712218, -11.529245757475792], [-37.57775911711508, -11.551654757496635], [-37.5688791171068, -11.539395757485181], [-37.555896117094676, -11.551424257496365], [-37.51762261705903, -11.547608257492811], [-37.50513811704741, -11.525497257472239], [-37.44392711699038, -11.516049757463406], [-37.37062311692216, -11.451543257403387], [-37.352384116905114, -11.441984257394438], [-37.342930116896355, -11.450351757402245], [-37.41193411696065, -11.542975257488479], [-37.51479811705644, -11.74157375767345], [-37.62212911715642, -11.995314257909854], [-37.78045861730379, -12.249951258147007], [-37.955751117467116, -12.488717758369376], [-38.003697117511706, -12.576893258451491], [-38.03263811753868, -12.594834758468096], [-38.04918911755408, -12.6345052585051], [-38.34672711783128, -12.950286258799224], [-38.395317117876516, -12.956839258805303], [-38.4569231179338, -13.00427975884952], [-38.48864811796341, -13.014188258858667], [-38.582853618051104, -12.999274258844821], [-38.55929111802914, -12.953820758802522], [-38.561800118031556, -12.919512758770566], [-38.61589411808188, -12.930841758781071], [-38.605511118072286, -12.9585932588069], [-38.65495711811832, -13.029027258872475], [-38.71407811817335, -13.059800758901133], [-38.76311411821905, -13.117849258955289], [-38.93215261837645, -13.217421759047966], [-38.964623118406735, -13.28318475910919], [-38.96073611840302, -13.36697025918727], [-38.94279061838631, -13.395178759213536], [-38.917459118362785, -13.372115259192014], [-38.90587611835201, -13.37746425919704], [-38.904771118350936, -13.426032759242275], [-38.887906118335195, -13.448127759262889], [-38.90364211834992, -13.476958259289745], [-38.91581761836119, -13.473838759286764], [-38.91810011836333, -13.484107759296307], [-38.904121118350304, -13.487102759299091], [-38.92692211837152, -13.510146759320605], [-38.93498111837903, -13.559573759366685], [-38.90201311834835, -13.597988259402428], [-38.90565311835178, -13.621256759424114], [-38.889068118336354, -13.62045225942336], [-38.888263118335544, -13.6430982594444], [-38.91350461835907, -13.673320259472575], [-38.93664811838062, -13.655097759455543], [-38.96642461840838, -13.670162759469576], [-38.997536118437324, -13.744070759538431], [-38.99976411843943, -13.783057259574775], [-38.98406911842483, -13.824290759613177], [-38.93621111838024, -13.884740259669456], [-38.92759511837221, -13.938815759719773], [-38.9892031184296, -14.187383259951275], [-38.997138118436965, -14.256420260015602], [-38.98187011842276, -14.295521760051997], [-39.00643211844567, -14.340427760093803], [-39.001488618441044, -14.365917760117554], [-39.06467211849986, -14.636653260369712], [-39.06528011850048, -14.70509976043354], [-39.05317411848921, -14.777759760501112], [-39.03228311846965, -14.784026260506948], [-39.02625661846412, -14.770717760494563], [-39.03611711847327, -14.807828760529105], [-39.02440261846232, -14.805651760527098], [-39.026475118464305, -14.879360760595773], [-38.99781211843754, -14.993615760702141], [-38.99366711843368, -15.29551776098333], [-38.94219311838583, -15.52777476119968], [-38.93650711838052, -15.656414261319469], [-38.85630961830577, -15.860050261509173], [-38.953162118395994, -16.098032761730792], [-38.948674118391864, -16.15582626178457], [-38.97519311841654, -16.212116761837024], [-39.01967611845794, -16.257045761878885], [-39.02343961846145, -16.303120261921777], [-39.0050616184443, -16.331995761948633], [-39.00759011844673, -16.369894761983915], [-39.05822461849391, -16.427059762037175], [-39.107218118539436, -16.709393762300124], [-39.14102111857096, -16.756391762343924], [-39.14202911857194, -16.865337762445392], [-39.111562118543475, -16.895199762473226], [-39.15225911858147, -16.94183776251657], [-39.17307711860087, -17.014147262583947], [-39.16550311859373, -17.06238176262889], [-39.17594461860347, -17.065350762631624], [-39.180656118607885, -17.108481762671772], [-39.21266711863768, -17.16829276272756], [-39.2212451186457, -17.28523426283641], [-39.190944118617494, -17.446473762986557], [-39.194520118620744, -17.579082763110137], [-39.18322411861027, -17.61796676314634], [-39.135412118565796, -17.68773426321127], [-39.25990311868168, -17.83020076334401], [-39.27091111869197, -17.87125226338219], [-39.3558801187711, -17.898434763407522], [-39.442742118851925, -17.944387763450322], [-39.49227661889813, -17.99750076349983], [-39.54950111895141, -18.09528676359082], [-39.55463411895619, -18.08491676358119], [-39.58227811898189, -18.082908763579326], [-39.56080111896188, -18.089796763585696], [-39.56303111896398, -18.108624763603302], [-39.55091511895273, -18.09975226359495], [-39.6359121190319, -18.234617263720565], [-39.6687751190625, -18.34893876382705], [-39.6738501190672, -18.32426726380413], [-40.22197111957769, -17.979941763483453], [-40.2264426195818, -17.95778376346277], [-40.26420661961697, -17.933403763440083], [-40.263167119616014, -17.92154776342909], [-40.21227811956862, -17.895319263404645], [-40.174001119533045, -17.85137576336365], [-40.18603261954422, -17.832053763345698], [-40.20377011956077, -17.82857326334249], [-40.22356411957912, -17.733592763254023], [-40.279982119631654, -17.722312763243508], [-40.29864011964912, -17.674093763198584], [-40.32244411967122, -17.660841263186285], [-40.32144511967033, -17.643234763169858], [-40.347033119694174, -17.612695763141346], [-40.35427811970089, -17.643798763170366], [-40.371582119717004, -17.611984763140754], [-40.396431119740214, -17.625131763152922], [-40.41408811975657, -17.609623263138587], [-40.41030311975305, -17.567754263099573], [-40.44335911978385, -17.578538763109577], [-40.46003311979939, -17.568028763099846], [-40.48868111982608, -17.519317263054404], [-40.482618619820414, -17.488041263025252], [-40.52055911985576, -17.457876762997216], [-40.519292119854526, -17.446340762986438], [-40.57708811990835, -17.413146762955535], [-40.59569211992573, -17.420096762961975], [-40.62309211995125, -17.405508762948443], [-40.59828211992817, -17.389164762933206], [-40.6050961199345, -17.358424262904578], [-40.592345119922584, -17.34500176289214], [-40.608643119937824, -17.326496762874854], [-40.54736911988073, -17.28323476283458], [-40.570872119902674, -17.252486762805916], [-40.55200211988506, -17.19868326275582], [-40.5742271199058, -17.179864762738248], [-40.57877711991, -17.147778262708357], [-40.55640411988918, -17.08913326265383], [-40.571285119902996, -17.065411762631697], [-40.545062119878594, -16.983730762555638], [-40.515945619851436, -16.96310626253637], [-40.49082511982806, -16.884021762462794], [-40.46000511979935, -16.877986762457112], [-40.44855711978869, -16.891895762470085], [-40.405726119748806, -16.89813276247594], [-40.36610611971196, -16.873703762453147], [-40.32676811967531, -16.908849762485943], [-40.3023951196526, -16.891774762469936], [-40.281259119632864, -16.900714762478287], [-40.26564811961839, -16.859845762440273], [-40.2517451196054, -16.85958176244003], [-40.246529119600496, -16.84527126242665], [-40.25657111960993, -16.78795726237331], [-40.28242111963402, -16.803520262387792], [-40.34511511969242, -16.7867987623722], [-40.30978911965951, -16.735748262324705], [-40.301978119652176, -16.707709762298578], [-40.3127771196622, -16.67817626227111], [-40.27535761962736, -16.573556762173666], [-40.24664911960065, -16.57309476217324], [-40.233750619588704, -16.557464762158588], [-40.211646619568114, -16.572655762172758], [-40.15947911951946, -16.579855762179477], [-40.15470811951502, -16.562365762163154], [-40.17448011953343, -16.537421762139957], [-40.170833119530016, -16.523694762127207], [-40.11541811947848, -16.465125762072603], [-40.09829011946249, -16.420743762031293], [-40.096673119461, -16.447579762056307], [-40.08360611944886, -16.463459762071125], [-40.068807619435006, -16.460260262068118], [-40.024842119394066, -16.356895761971828], [-39.98969611936138, -16.31171426192975], [-39.96928711934231, -16.32723376194417], [-39.95186711932615, -16.29738876191641], [-39.91630511929304, -16.283376761903355], [-39.93614761931144, -16.245314761867917], [-39.91226111928927, -16.209840761834926], [-39.88301811926203, -16.1942282618204], [-39.882565119261585, -16.163314761791526], [-39.89658361927468, -16.14113876177089], [-39.88297911926202, -16.144423761773965], [-39.856457119237234, -16.11336076174507], [-39.883556119262494, -16.06552476170043], [-39.93531411931076, -16.023283761661105], [-39.91476711929158, -15.99952126163896], [-39.95342211932757, -15.990976761631032], [-39.963587119337035, -16.004868261643992], [-40.00406411937479, -16.001373761640707], [-40.045400119413216, -15.961893261604018], [-40.06582111943226, -15.959744761601996], [-40.06575911943219, -15.9393007615829], [-40.07845561944407, -15.940459761583952], [-40.065672119432065, -15.909423261555048], [-40.08053411944593, -15.923634261568282], [-40.084623119449816, -15.896657761543224], [-40.10497611946869, -15.911587761557143], [-40.14019811950152, -15.898425261544844], [-40.170340119529556, -15.90706676155287], [-40.16572861952534, -15.86791426151649], [-40.19969911955695, -15.862047261510952], [-40.23073561958586, -15.803385261456356], [-40.336815119684616, -15.823757761475349], [-40.37111711971659, -15.813909761466107], [-40.37648311972157, -15.823060761474721], [-40.424656119766496, -15.805245761458082], [-40.43209261977336, -15.778191761432936], [-40.460246119799535, -15.753299261409666], [-40.48374711982149, -15.775334761430258], [-40.505930119842105, -15.766440261421963], [-40.51790311985326, -15.797049261450411], [-40.56309411989537, -15.802442761455495], [-40.56703811989905, -15.775461761430392], [-40.592721119923, -15.7712847614265], [-40.60622211993552, -15.736294761393879], [-40.62900911995678, -15.715251761374248], [-40.64456711997127, -15.728398261386474], [-40.698128120021124, -15.668546261330789], [-40.731779120052465, -15.674441261336256], [-40.74343312006329, -15.683553761344797], [-40.73715312005743, -15.699861761359898], [-40.767283120085494, -15.713619261372742], [-40.78556712010254, -15.691804261352445], [-40.77995612009738, -15.679737761341244], [-40.816461120131294, -15.647110761310842], [-40.82892962014296, -15.64779976131149], [-40.84165112015478, -15.682763761344063], [-40.88117462019159, -15.694009761354437], [-40.902187120211124, -15.691381761351977], [-40.91394912022213, -15.660516761323265], [-40.96274162026759, -15.64793976131159], [-40.97922412028288, -15.691184761351906], [-41.00567612030761, -15.713377261372557], [-41.07717412037414, -15.71882776137761], [-41.0925101203884, -15.73822076139561], [-41.12825012042174, -15.746308761403156], [-41.14396412043641, -15.771434261426634], [-41.21501112050248, -15.736705761394205], [-41.268176120552084, -15.748243761404979], [-41.29256212057476, -15.738545761395926], [-41.330819120610386, -15.744212761401286], [-41.35603612063392, -15.499827761173606], [-41.80032012104766, -15.100641760801864], [-41.872143121114505, -15.115996760816188], [-41.87987912112169, -15.136894760835617], [-41.93214512117038, -15.174045760870172], [-41.99430012122832, -15.15841926085568], [-42.09122812131852, -15.186149760881449], [-42.17292612139465, -15.08550026078774], [-42.192206121412596, -15.10266426080375], [-42.22703712144505, -15.098812260800173], [-42.26440212147986, -15.124723760824281], [-42.33080612154174, -15.07950726078218], [-42.354510621563804, -15.097749260799219], [-42.37643612158422, -15.069963760773248], [-42.396096121602454, -15.077537760780388], [-42.44254412164571, -15.060866260764783], [-42.436405121640064, -15.022262760728836], [-42.475515621676436, -15.016587260723554], [-42.501786621700944, -14.987196760696179], [-42.56028912175543, -14.96184376067265], [-42.58679312178015, -14.929782260642696], [-42.60214712179436, -14.924224760637571], [-42.625012121815644, -14.944566760656471], [-42.70515062189031, -14.882009260598238], [-42.72296162190696, -14.885161260601194], [-42.75474012193649, -14.845969760564685], [-42.80829312198637, -14.826878760546947], [-42.8716821220454, -14.764244260488567], [-42.905485122076925, -14.760594760485219], [-42.91179912208281, -14.744021260469708], [-42.92665312209658, -14.743690260469407], [-42.938481122107646, -14.707578760435808], [-43.010231122174446, -14.701145260429826], [-43.06598912222637, -14.680108760410235], [-43.08337112224251, -14.697540760426477], [-43.10215412226, -14.674557760405037], [-43.175948122328805, -14.65009376038222], [-43.178779122331434, -14.66052826039197], [-43.19580012234724, -14.649082760381361], [-43.28792212243309, -14.675662760406112], [-43.31082512245439, -14.669297760400127], [-43.3461011224872, -14.695619260424678], [-43.43448512256953, -14.722587760449755], [-43.46086812259409, -14.745778760471353], [-43.462434122595596, -14.765435760489709], [-43.480850122612765, -14.767448260491506], [-43.47153112260412, -14.788861760511509], [-43.5107571226406, -14.79612426051824], [-43.50934562263933, -14.80714926052849], [-43.53098712265944, -14.81484876053571], [-43.536768622664795, -14.78305776050604], [-43.58021112270524, -14.750363760475693], [-43.61459512273734, -14.759442760484148], [-43.68621212280402, -14.7212162604485], [-43.71945612283491, -14.729088760455852], [-43.71182412282781, -14.714535760442232], [-43.725852122840934, -14.697711760426614], [-43.858794122964696, -14.673850260404379], [-43.883100122987344, -14.652782760384753], [-43.8696571229749, -14.612379260347097], [-43.88682312299079, -14.584731260321405], [-43.87347012297846, -14.520135760261269], [-43.83155812293933, -14.442559760188942], [-43.81898162292771, -14.38885776013899], [-43.78278212289399, -14.338787260092317], [-43.82190912293038, -14.322582760077239], [-43.818598122927256, -14.311761260067215], [-43.846820122953545, -14.32129126007601], [-43.8522971229587, -14.307489760063163], [-43.88003762298456, -14.31146176006689], [-43.89154612299524, -14.292840760049558], [-43.94173262304196, -14.304650260060498], [-43.94588162304581, -14.28950776004649], [-43.95573012305499, -14.299270760055492], [-43.98596212308314, -14.267104760025518], [-44.00574512310163, -14.266917760025422], [-44.0342131231281, -14.288581760045531], [-44.0570201231493, -14.27716626003496], [-44.07299012316423, -14.285219260042481], [-44.07404312316521, -14.270193760028405], [-44.08787812317814, -14.277629760035325], [-44.086513123176815, -14.267981760026373], [-44.09898612318841, -14.273015260031116], [-44.11218612320067, -14.258282260017381], [-44.13520812322213, -14.281739760039159], [-44.13685612322365, -14.26370576002239], [-44.15959512324491, -14.257188760016334], [-44.17289212325727, -14.266429760024948], [-44.214923123296444, -14.232734759993605], [-44.217650123298995, -14.244534760004512], [-44.24021012331991, -14.240241760000572], [-44.2470961233264, -14.259672760018702], [-44.26820712334609, -14.246150260006061], [-44.302600123378056, -14.25218376001169], [-44.31607312339065, -14.23990426000023], [-44.36117762343258, -14.272367260030478], [-44.42994512349662, -14.288950760045964], [-44.48676512354962, -14.328073760082361], [-44.503029123564716, -14.321879760076627], [-44.54013212359928, -14.331326260085348], [-44.54470812360353, -14.34261776009589], [-44.56515312362262, -14.33961376009313], [-44.62518212367854, -14.375663760126713], [-44.63318312368597, -14.394020260143748], [-44.65846512370945, -14.395311760144978], [-44.667572123717946, -14.423405260171194], [-44.687940123736894, -14.416234760164457], [-44.70087912374902, -14.449341760195239], [-44.72340512377002, -14.448608760194588], [-44.79391112383564, -14.496144260238907], [-44.81785112385796, -14.48974976023294], [-44.813400623853795, -14.504213760246444], [-44.832822623871834, -14.499381760241931], [-44.82344812386316, -14.515208760256655], [-44.83587812387475, -14.518042260259222], [-44.8344751238734, -14.535477760275512], [-44.823939623863566, -14.538930260278676], [-44.846693123884734, -14.545040260284395], [-44.8583801238957, -14.571075760308645], [-44.84349212388179, -14.565863760303841], [-44.842971123881284, -14.580392260317353], [-44.909794123943584, -14.603103760338513], [-44.91626412394953, -14.619213760353546], [-44.980181124009164, -14.643056760375657], [-44.973523124002895, -14.65165676038373], [-44.98551662401405, -14.661686760393081], [-45.039906124064714, -14.680037760410187], [-45.08237912410425, -14.748327760473785], [-45.163185624179505, -14.731937760458436], [-45.190880124205364, -14.749264760474603], [-45.204576624218134, -14.744492760470166], [-45.24155012425251, -14.78607826050893], [-45.270765124279706, -14.798375760520344], [-45.28832112429609, -14.817661760538272], [-45.28527012429322, -14.832030760551675], [-45.315147124321015, -14.832614760552246], [-45.3176241243234, -14.852122260570468], [-45.352452124355864, -14.863658260581133], [-45.35151962435498, -14.875634760592334], [-45.36355612436614, -14.871247760588176], [-45.370323124372476, -14.893684760609176], [-45.39937612439951, -14.917053760630893], [-45.433175124431045, -14.92116926063477], [-45.454710124451026, -14.953269760664625], [-45.4896301244836, -14.960314760671167], [-45.49807012449139, -14.945933760657795], [-45.56631812455498, -14.944406260656365], [-45.62419612460894, -15.020920760727563], [-45.6431106246265, -15.016251760723321], [-45.646426124629556, -15.030809760736815], [-45.655827124638336, -15.027211760733508], [-45.67438912465559, -15.080094760782686], [-45.716615124694954, -15.093461760795208], [-45.721857124699795, -15.11186676081229], [-45.751240124727246, -15.12173576082148], [-45.81124112478312, -15.112389760812789], [-45.87082212483858, -15.158363260855594], [-45.91830012488276, -15.132922260831947], [-45.95448362491652, -15.140023260838575], [-45.972044124932836, -15.154269260851834], [-45.98408012494406, -15.19551276089021], [-46.029098124986035, -15.201359760895684], [-46.052200125007516, -15.258741260949137], [-46.07665512503024, -15.2642327609542], [-46.118819125069535, -15.191778760886791], [-46.097267125049484, -15.192164760887067], [-46.04735412500304, -15.163287260860216], [-46.04329412499919, -15.117681760817732], [-46.02805112498504, -15.113662760814009], [-46.018072124975674, -15.080853760783384], [-45.97506912493566, -15.038433760743942], [-45.978096124938475, -14.998132760706426], [-45.96565612492691, -14.965198760675776], [-46.00688812496526, -14.925395760638708], [-46.0034551249621, -14.901842760616773], [-46.037148624993506, -14.87420976059093], [-46.03220762498893, -14.856220760574274], [-46.05240212500769, -14.830923760550718], [-46.02291012498017, -14.817571760538272], [-46.00763312496599, -14.792749760515107], [-46.01249212497055, -14.733392260459823], [-46.001465124960305, -14.710816760438775], [-46.02888112498579, -14.68032026041044], [-46.02423812498148, -14.664688760395848], [-45.989327124949, -14.658741760390285], [-45.984408124944366, -14.620365760354616], [-46.00060412495941, -14.601157760336719], [-45.984880124944766, -14.573113260310606], [-45.99587912495508, -14.54105776028075], [-45.976659624937156, -14.538394760278265], [-46.002911124961656, -14.517520260258834], [-45.99324412495264, -14.494947260237723], [-46.01596512497372, -14.469006760213574], [-46.00041012495922, -14.434091760181104], [-46.01715812497491, -14.418538760166598], [-46.0085791249669, -14.405786760154683], [-45.998410124957445, -14.428940260176319], [-45.98038212494066, -14.432825760179867], [-45.93492312489832, -14.414894760163179], [-45.90687712487215, -14.352789760105338], [-45.94438112490707, -14.340684760094064], [-45.96284462492429, -14.285463260042661], [-45.99487562495415, -14.278463760036175], [-45.9956301249548, -14.256781760015997], [-46.021515624978974, -14.259951760018907], [-46.06060262501535, -14.232079759992985], [-46.05217612500746, -14.204394759967158], [-46.063075125017576, -14.19311175995665], [-46.09580012504807, -14.205047259967728], [-46.11571412506669, -14.18738775995132], [-46.11771662506851, -14.15992325992579], [-46.18522012513142, -14.15141475991777], [-46.20176712514683, -14.119184759887844], [-46.26535712520604, -14.097519759867623], [-46.25305812519457, -14.08661275985753], [-46.241563125183916, -14.092269259862746], [-46.2247791251682, -14.069181759841285], [-46.2479916251898, -14.056095759829077], [-46.20958212515404, -14.0124087597884], [-46.22202412516572, -13.970718759749502], [-46.26770912520817, -13.943319259724035], [-46.261743125202656, -13.902175759685747], [-46.23323712517606, -13.84517625963258], [-46.26913912520956, -13.828413759616978], [-46.26215762520303, -13.808138259598081], [-46.2820241252216, -13.796051259586875], [-46.22316312516671, -13.769018759561732], [-46.23674412517937, -13.744388759538765], [-46.2664681252071, -13.739885759534559], [-46.2355471251783, -13.709262759506032], [-46.260334125201325, -13.6867987594851], [-46.241601625183876, -13.65717425945752], [-46.16154212510935, -13.590488759395384], [-46.18390712513019, -13.567131759373638], [-46.235076125177784, -13.562470759369376], [-46.240908125183296, -13.525091259334545], [-46.218165125162045, -13.500070259311201], [-46.229829125172955, -13.480990259293435], [-46.20599312515071, -13.465194259278746], [-46.241852125184096, -13.427836259243918], [-46.21393912515816, -13.40027625921823], [-46.13360312508337, -13.374790259194583], [-46.094660125047085, -13.332047259154706], [-46.048052125003665, -13.308761759133063], [-46.04083712499687, -13.280038259106277], [-46.06344312501801, -13.26085125908844], [-46.17187812511895, -13.31183775913587], [-46.21778312516176, -13.316794259140579], [-46.26513312520581, -13.347521759169126], [-46.27896412521875, -13.34746175916905], [-46.288246125227374, -13.31418075913814], [-46.3154991252527, -13.302736259127414], [-46.29855362523699, -13.281366759107527], [-46.29816612523655, -13.253240759081336], [-46.33071812526691, -13.249100759077464], [-46.300386125238674, -13.19317025902535], [-46.31405312525135, -13.177649759010933], [-46.30938512524699, -13.157542758992236], [-46.291656125230475, -13.147427758982758], [-46.322241125258984, -13.09784775893661], [-46.280274125219876, -13.042996258885523], [-46.272955125213116, -13.014519258858968], [-46.24510412518714, -12.996975758842723], [-46.21596312515999, -13.003976758849149], [-46.15416112510252, -12.976136758823259], [-46.12542062507566, -12.96104325880924], [-46.112793125063945, -12.932957758783004], [-46.11382862506491, -12.917576758768746], [-46.13853812508796, -12.908953758760731], [-46.22009512516388, -12.940125258789749], [-46.26632612520689, -12.931914758782113], [-46.30436612524238, -12.949436758798356], [-46.285775125225086, -12.894779758747518], [-46.29230012523112, -12.858981258714152], [-46.26188612520275, -12.8312387586883], [-46.282830625222346, -12.783104258643448], [-46.264497625205195, -12.716514758581525], [-46.292829125231606, -12.692386758558996], [-46.256421125197676, -12.655647758524765], [-46.28977212522875, -12.631317258502122], [-46.272790125212964, -12.593541758466927], [-46.279520125219165, -12.584466758458461], [-46.25838112519955, -12.547179758423795], [-46.160223625108074, -12.528136758406049], [-46.15346412510178, -12.482922758363884], [-46.159298125107284, -12.474061258355619], [-46.2274351251707, -12.497921758377856], [-46.254378125195785, -12.493877258374141], [-46.24741212518927, -12.438504758322551], [-46.25598012519731, -12.423890758308971], [-46.2645231252053, -12.412232258298104], [-46.3006071252388, -12.415347758300982], [-46.28524512522449, -12.378619758266836], [-46.35197212528669, -12.336973258228], [-46.35111012528591, -12.320359258212534], [-46.32394262526054, -12.301106258194636], [-46.37394812530715, -12.289375758183724], [-46.365711125299526, -12.266222258162088], [-46.38071312531349, -12.24844125814559], [-46.359432125293665, -12.223610258122449], [-46.36821362530179, -12.199370258099862], [-46.39057312532259, -12.193446758094296], [-46.36594912529972, -12.110807758017359], [-46.38519412531764, -12.091994757999828], [-46.379376125312206, -12.061002757970982], [-46.39744212532901, -12.039911757951359], [-46.35577412529028, -11.981045757896482], [-46.322929125259634, -11.957340757874476], [-46.192137625137775, -11.929068757848086], [-46.17083912511805, -11.900568757821588], [-46.18896812513492, -11.8834642578056], [-46.23771362518028, -11.902181257823031], [-46.2845781252239, -11.885510757807538], [-46.317554125254674, -11.898059257819227], [-46.3650591252989, -11.884007757806103], [-46.374158125307304, -11.868174757791394], [-46.37299812530625, -11.836245757761617], [-46.34710312528216, -11.835523757760939], [-46.350495125285306, -11.821808757748158], [-46.337472125273166, -11.816004757742803], [-46.32229812525907, -11.770314257700306], [-46.373052125306344, -11.750698757682017], [-46.32894612526525, -11.73687375766906], [-46.293642125232395, -11.692331757627585], [-46.31451962525182, -11.630310257569818], [-46.25585612519717, -11.62074575756094], [-46.19946362514463, -11.651978757590086], [-46.15358112510194, -11.656551757594343], [-46.08277312503594, -11.635700257574854], [-46.094855125047275, -11.614571757555154], [-46.126641125076844, -11.603850257545218], [-46.20235262514734, -11.602164757543619], [-46.23585962517859, -11.564915257508915], [-46.313031125250404, -11.53906475748488], [-46.41091112534161, -11.541525257487137], [-46.44510912537339, -11.514234757461736], [-46.47889012540486, -11.515965257463336], [-46.519638625442894, -11.483124257432792], [-46.527755125450426, -11.422085257375898], [-46.54847212546974, -11.407965257362775], [-46.54888612547006, -11.38029475733697], [-46.60125512551883, -11.346760757305788], [-46.616673125533225, -11.289025757252034], [-46.599232125517005, -11.264996757229596], [-46.609208125526266, -11.255499757220832]]]}}, {"type": "Feature", "id": "CE", "properties": {"id": "CE", "sigla": "CE", "name": "Ceará", "regiao": "Nordeste", "pop_total": 8795877, "qtd_equipes_esf": 5629, "capacidade_pnab": 20572000, "cobertura_pnab_pct": 233.9, "sobrecarga_media": 0.37, "pop_critica": 1177300, "pct_pop_critica": 13.38, "n_polos_critica": 116, "hab_por_esf": 1563, "densidade": 59.0}, "geometry": {"type": "Polygon", "coordinates": [[[-41.423144120696406, -3.367634249874641], [-41.32211312060224, -3.179421749699372], [-41.31878412059916, -3.14497174966732], [-41.28544812056816, -3.102903749628126], [-41.25627912054097, -3.087644249613845], [-41.261091120545416, -3.053481249582092], [-41.24863412053378, -3.028320249558647], [-41.272059120555696, -2.970322249504648], [-41.29807262057989, -2.968030749502532], [-41.322563120602695, -2.948750249484533], [-41.322309120602426, -2.920950249458656], [-41.25875612054324, -2.883956249424159], [-41.101344120396675, -2.900579249439716], [-41.09597912039169, -2.89148324943119], [-41.008816120310485, -2.891714249431402], [-40.861481120173266, -2.855908749398054], [-40.84313712015614, -2.884420749424635], [-40.75958912007843, -2.849770749392405], [-40.591869119922194, -2.843399749386435], [-40.53331811986766, -2.817696749362426], [-40.5204471198557, -2.79061374933724], [-40.49928911983591, -2.784032249331176], [-40.43553711977654, -2.810897249356117], [-40.1883881195464, -2.81254524935764], [-40.14751211950829, -2.83913924938247], [-40.12768561948985, -2.825136749369449], [-40.06701411943334, -2.841354249384494], [-40.02244811939181, -2.8435597493866], [-40.02465211939386, -2.834094749377755], [-39.975864119348444, -2.854701749396895], [-39.99915111937014, -2.841496249384591], [-39.98734211935914, -2.842120749385231], [-39.88631811926507, -2.884340749424496], [-39.71361311910425, -2.999510249531795], [-39.68753811907993, -2.994291749526951], [-39.653798119048474, -3.023272749553939], [-39.61906811901622, -3.025949249556447], [-39.58935911898857, -3.070277249597666], [-39.55045911895229, -3.079382249606169], [-39.38398711879722, -3.183743749703353], [-39.356448118771596, -3.174568249694858], [-39.297219118716384, -3.215059249732576], [-39.25217711867447, -3.221738249738792], [-39.1695276185975, -3.323261749833364], [-39.139064118569195, -3.345494249854028], [-39.11237611854426, -3.346990249855367], [-39.08318311851713, -3.393176249898488], [-39.039572118476485, -3.410870249914865], [-38.994605118434606, -3.397075249902059], [-38.93809261838203, -3.450822249952125], [-38.910375118356114, -3.503305750001005], [-38.89092611833803, -3.504776250002351], [-38.853240118303006, -3.538572250033894], [-38.81187661826448, -3.540781750035876], [-38.76321811821913, -3.604428750095167], [-38.70431311816424, -3.636602750125121], [-38.666486118129, -3.67427075016019], [-38.49893611797302, -3.724859750207315], [-38.47693511795251, -3.719136750201983], [-38.477326117952884, -3.700806250184883], [-38.36391061784718, -3.881469750353176], [-38.301545117789146, -3.943658750411146], [-38.270913617760584, -3.946183250413469], [-38.11795211761819, -4.145288250598924], [-37.887587117403655, -4.35346025079275], [-37.80700711732857, -4.398111750834346], [-37.76977011729389, -4.400888250836942], [-37.76919511729341, -4.425986750860261], [-37.729053117255944, -4.496807750926223], [-37.63988311717287, -4.586345251009675], [-37.566420117104485, -4.638987751058721], [-37.54011611708006, -4.643873251063269], [-37.49872611704143, -4.625521251046166], [-37.47916311702329, -4.644305251063656], [-37.34161511689513, -4.691996251108094], [-37.280308116838, -4.754156251165909], [-37.25616611681551, -4.837454751243513], [-37.639995117173044, -4.926017751325958], [-37.67727711720772, -5.053697751444929], [-37.72364511725095, -5.069315751459499], [-37.764611117289064, -5.139227751524572], [-37.78796911731081, -5.205993251586733], [-37.782765117305985, -5.294426251669165], [-37.84712511736598, -5.339633251711234], [-37.86339111738107, -5.373700251742889], [-37.86013561737809, -5.406294751773316], [-37.88853211740445, -5.448962751813042], [-37.90123111741627, -5.499399751859983], [-37.932288117445296, -5.50271675186309], [-37.95119761746287, -5.536563251894677], [-37.989690617498695, -5.55540575191219], [-38.03392311753987, -5.636761251987991], [-38.08253111758518, -5.672149252020859], [-38.08799611759025, -5.728526752073435], [-38.046660617551765, -5.729869752074706], [-38.1185161176187, -5.832440752170214], [-38.124589117624396, -5.887217752221204], [-38.163595117660634, -5.92972375226077], [-38.16445911766152, -5.946137752276059], [-38.20568161769984, -5.963952752292698], [-38.24689911773828, -6.002871252328873], [-38.25884911774938, -6.053384752375905], [-38.304465617791834, -6.086573252406879], [-38.34644711783096, -6.066881752388554], [-38.34702811783154, -6.080306252400987], [-38.36490911784813, -6.08806425240823], [-38.3826396178647, -6.051939252374609], [-38.41284911789285, -6.057926252380184], [-38.44697811792457, -6.084881752405295], [-38.440433117918474, -6.096479252416088], [-38.45733211793424, -6.10762425242649], [-38.50098611797489, -6.190550752503668], [-38.526864117999025, -6.192981752505943], [-38.51937211799202, -6.222641252533549], [-38.5286261180006, -6.239474252549257], [-38.57920511804775, -6.279229752586275], [-38.565681618035114, -6.302192252607711], [-38.581202118049646, -6.330648752634147], [-38.56303211803265, -6.355394752657162], [-38.60092911806794, -6.389935252689384], [-38.57294211804185, -6.403367752701911], [-38.529777118001675, -6.392981752692208], [-38.517571117990315, -6.40833375270654], [-38.551608118022045, -6.430364752727087], [-38.575436118044195, -6.477567252770996], [-38.611947118078206, -6.512793252803817], [-38.61577011808174, -6.527746752817734], [-38.60674311807338, -6.529115752819052], [-38.642511118106654, -6.58077925286716], [-38.62881911809393, -6.60418275288896], [-38.654921118118295, -6.63007875291305], [-38.646875118110756, -6.66359375294428], [-38.67280811813487, -6.696820752975214], [-38.65086111811445, -6.759865753033864], [-38.61358611807975, -6.782038253054566], [-38.617071118083004, -6.793577753065279], [-38.64229411810652, -6.789957253061971], [-38.635118118099854, -6.804219753075245], [-38.676309618138134, -6.831772253100894], [-38.67507411813699, -6.861428253128452], [-38.7648696182207, -6.910513253174258], [-38.75489911821137, -6.938722753200523], [-38.76197711821794, -6.95355925321428], [-38.741907118199265, -6.973875753233187], [-38.7646551182205, -6.993493253251472], [-38.66950561813178, -7.047302253301609], [-38.67689911813875, -7.066700253319709], [-38.65681211812, -7.093862753344979], [-38.67753911813929, -7.132269753380683], [-38.687487118148624, -7.189757253434323], [-38.62446061808987, -7.19091825343537], [-38.61502611808112, -7.22978175347157], [-38.594771118062226, -7.246124753486811], [-38.55163261802204, -7.243064253483908], [-38.53424611800585, -7.293387753530737], [-38.59511011806251, -7.412757253641985], [-38.584156118052306, -7.415945253644963], [-38.58495911805312, -7.434408753662183], [-38.605461118072185, -7.444168253671251], [-38.60298611806991, -7.457185753683348], [-38.64457561810866, -7.459613253685575], [-38.63056111809556, -7.486923753711039], [-38.654315118117665, -7.52181475374357], [-38.654982118118255, -7.565136253783862], [-38.71068061817016, -7.586226753803544], [-38.71476911817399, -7.621512253836386], [-38.7352541181931, -7.633718253847746], [-38.74245811819981, -7.6599152538721], [-38.760268118216345, -7.655594253868117], [-38.79040261824446, -7.670742253882281], [-38.819344118271374, -7.664419753876359], [-38.82161711827348, -7.714386753922895], [-38.86939911831803, -7.711134253919795], [-38.88105211832885, -7.747025253953325], [-38.91523011836068, -7.744078753950475], [-38.91576361836121, -7.758129753963658], [-38.93923011838308, -7.758365253963802], [-38.93961811838335, -7.794698253997694], [-38.9645931184067, -7.829420254029969], [-38.961767118404055, -7.843766254043317], [-39.00106111844059, -7.839718254039553], [-39.01769311845612, -7.812258254014068], [-39.02604511846391, -7.824227254025118], [-39.05340511848942, -7.818895754020218], [-39.09094811852435, -7.857773754056439], [-39.10226711853488, -7.7706297539753], [-39.13529111856565, -7.722968253930844], [-39.20798411863336, -7.689072753899268], [-39.25221311867449, -7.704523753913691], [-39.25098311867339, -7.680276753891121], [-39.26996911869105, -7.659489753871753], [-39.306541118725136, -7.664678753876615], [-39.303283118722106, -7.628204753842624], [-39.27763561869824, -7.606592753822497], [-39.31192911873018, -7.56939575378783], [-39.31690261873473, -7.541049753761399], [-39.39631411880873, -7.474867253699813], [-39.47873311888543, -7.445655753672554], [-39.60694561900493, -7.335795753570324], [-39.663013119057155, -7.309742253546005], [-39.915082119291924, -7.337685753572032], [-39.96111811933474, -7.388549753619372], [-40.246082119600146, -7.433307753661097], [-40.271688119623946, -7.391705253622376], [-40.31862211966768, -7.373888253605742], [-40.43306711977425, -7.391252753621984], [-40.54809611988139, -7.392287753622895], [-40.541141119874965, -7.331866253566659], [-40.51180511984762, -7.301397753538254], [-40.48937411982672, -7.118288253367723], [-40.42735211976901, -7.033480253288758], [-40.43713511977808, -7.015073253271567], [-40.405884119748976, -7.004925753262114], [-40.428942619770396, -6.994229253252229], [-40.428154119769715, -6.863853753130797], [-40.37014511971563, -6.802670753073812], [-40.388424619732746, -6.796599253068166], [-40.43180011977313, -6.812577753083019], [-40.476560119814735, -6.732432753008311], [-40.60184011993147, -6.715611752992686], [-40.65093661997719, -6.677786752957445], [-40.7174391200391, -6.671015752951121], [-40.73187712005256, -6.654823252936126], [-40.72163912004305, -6.617280752901138], [-40.74548312006527, -6.565148752852565], [-40.7917531201083, -6.512463752803455], [-40.804785120120414, -6.392735252691978], [-40.78075512009809, -6.323846252627845], [-40.85185512016426, -6.223825752534708], [-40.84653912015938, -6.131699752448867], [-40.87247612018348, -6.056234252378658], [-40.90673612021544, -6.041347252364744], [-40.87322212018421, -5.972660752300726], [-40.87976712019031, -5.918024752249835], [-40.89714912020645, -5.900904752233942], [-40.913171120221364, -5.726355252071357], [-40.93839912024487, -5.672950252021678], [-40.91086312021923, -5.656167752006013], [-40.900683120209806, -5.61551675196813], [-40.914009120222204, -5.567273251923211], [-40.93201212023894, -5.548507251905789], [-40.93268612023962, -5.500328251860878], [-40.91544412022358, -5.46579175182876], [-40.94204012024829, -5.420143751786213], [-40.91118012021957, -5.406987751773954], [-40.93573262024245, -5.36557875173537], [-40.91314412022143, -5.319090751692102], [-40.926538120233886, -5.296579251671119], [-40.9238741202314, -5.274449751650536], [-40.910622120219045, -5.26950525164591], [-40.94186012024818, -5.240087251618547], [-40.92165812022927, -5.226064251605408], [-40.9316286202386, -5.200875751581975], [-40.9249211202324, -5.181710251564141], [-40.96426112026904, -5.149697251534349], [-40.98209162028559, -5.153136251537489], [-41.033630120333555, -5.090678251479403], [-41.05204312035073, -5.103017251490883], [-41.079754120376606, -5.090705751479391], [-41.09663412039231, -5.052762751443993], [-41.13164712042487, -5.048186251439802], [-41.12085362041478, -5.023560751416881], [-41.137080120429914, -4.985028751380923], [-41.15054912044252, -4.99172475138721], [-41.19352862048254, -4.938612251337759], [-41.20341912049173, -4.949363751347732], [-41.22021312050731, -4.93787325133701], [-41.23382412052001, -4.906628751307949], [-41.22773112051436, -4.890602751293045], [-41.249201120534394, -4.869305751273146], [-41.24052612052628, -4.820415251227701], [-41.20764312049562, -4.776384751186697], [-41.24916012053427, -4.755659251167344], [-41.17391612046424, -4.667049751084846], [-41.22895812051547, -4.619712751040765], [-41.22086012050795, -4.578550251002412], [-41.242167120527824, -4.571132250995447], [-41.22170712050877, -4.567276750991937], [-41.19040412047957, -4.515146750943359], [-41.159640120450945, -4.381117250818534], [-41.119800120413856, -4.330186250771135], [-41.135534120428474, -4.233131750680741], [-41.09051462038656, -4.16995275062186], [-41.1174061204116, -4.164998250617259], [-41.14280312043525, -4.123864750578946], [-41.11388412040833, -4.042037750502686], [-41.1714426204619, -4.032099750493444], [-41.18248512047228, -4.017695250480074], [-41.25431412053911, -4.035375750496542], [-41.2384566205244, -4.015026750477546], [-41.2488681205341, -3.98949225045385], [-41.219868120507044, -3.941127750408782], [-41.27648412055976, -3.82524475030084], [-41.300441120582036, -3.825923250301457], [-41.253751120538595, -3.774665750253689], [-41.25699112054167, -3.729525250211736], [-41.238967120524876, -3.71226975019556], [-41.34137512062023, -3.680396750165983], [-41.33094312061053, -3.624309750113753], [-41.34453062062312, -3.588365750080243], [-41.37087312064773, -3.567419250060766], [-41.33649612061561, -3.553518750047715], [-41.32380112060389, -3.502995250000708], [-41.29884112058062, -3.490647249989252], [-41.324797120604785, -3.492578749991026], [-41.329256120608875, -3.465443749965743], [-41.347623120626054, -3.452145249953332], [-41.34440712062303, -3.418945249922444], [-41.38844912066406, -3.412459749916366], [-41.403195120677765, -3.396205749901242], [-41.402328120677, -3.362022249869369], [-41.423144120696406, -3.367634249874641]]]}}, {"type": "Feature", "id": "DF", "properties": {"id": "DF", "sigla": "DF", "name": "Distrito Federal", "regiao": "Centro-Oeste", "pop_total": 2817381, "qtd_equipes_esf": 891, "capacidade_pnab": 3199000, "cobertura_pnab_pct": 113.5, "sobrecarga_media": 1.29, "pop_critica": 1303405, "pct_pop_critica": 46.26, "n_polos_critica": 91, "hab_por_esf": 3162, "densidade": 489.1}, "geometry": {"type": "Polygon", "coordinates": [[[-48.282156, -15.829146], [-48.26746296, -15.80643396], [-48.24154188, -15.79823703], [-48.20646492, -15.74571303], [-48.20573412, -15.72221601], [-48.21768288, -15.70758903], [-48.24090684, -15.70544604], [-48.24223596, -15.68870802], [-48.23254908, -15.63869196], [-48.21853104, -15.62218902], [-48.19988016, -15.62141403], [-48.20010192, -15.49972296], [-47.41691292, -15.49986399], [-47.41729488, -15.54638103], [-47.37379896, -15.57738099], [-47.31654708, -15.58909296], [-47.33269092, -15.62946399], [-47.33110692, -15.68123298], [-47.31180408, -15.69681099], [-47.31371784, -15.74678403], [-47.36688084, -15.83606304], [-47.37789216, -15.88095801], [-47.36034792, -15.93124704], [-47.37207384, -15.93610803], [-47.376459, -15.97794696], [-47.36821104, -16.00148898], [-47.33691012, -16.01155998], [-47.30857092, -16.03563498], [-47.30837508, -16.05008304], [-48.27841308, -16.05110301], [-48.25227492, -15.94230201], [-48.26074896, -15.928533], [-48.27632508, -15.93009504], [-48.282156, -15.829146]]]}}, {"type": "Feature", "id": "ES", "properties": {"id": "ES", "sigla": "ES", "name": "Espírito Santo", "regiao": "Sudeste", "pop_total": 3862386, "qtd_equipes_esf": 2092, "capacidade_pnab": 7888000, "cobertura_pnab_pct": 204.2, "sobrecarga_media": 0.41, "pop_critica": 746700, "pct_pop_critica": 19.33, "n_polos_critica": 54, "hab_por_esf": 1846, "densidade": 83.5}, "geometry": {"type": "MultiPolygon", "coordinates": [[[[-41.87939162112127, -20.75907976607175], [-41.873718121115985, -20.74366876605734], [-41.856153121099624, -20.747198766060592], [-41.862950121105996, -20.71042276602634], [-41.8068951210538, -20.643202765963792], [-41.82079512106668, -20.636643765957615], [-41.81701112106316, -20.62405076594598], [-41.85629112109973, -20.615279265937716], [-41.82640812107195, -20.55503176588161], [-41.804049121051094, -20.54292376587034], [-41.81179712105836, -20.51865376584783], [-41.799034121046475, -20.47679726580884], [-41.80300862105014, -20.422461765758158], [-41.83447412107944, -20.40950326574614], [-41.844656121088974, -20.376876765715792], [-41.85864912110196, -20.37319026571231], [-41.84798912109204, -20.32969676567177], [-41.77958162102834, -20.291806765636466], [-41.75635212100667, -20.2063807655569], [-41.410743120684856, -20.206882765557452], [-41.381717120657754, -20.188326765540182], [-41.307699120588836, -20.012533765376475], [-41.319501620599794, -19.97814426534444], [-41.30752012058872, -19.94785476531615], [-41.29880712058059, -19.936360765305494], [-41.24310212052865, -19.936247265305383], [-41.227797120514424, -19.90455576527586], [-41.18448612047405, -19.888477265260917], [-41.17530212046552, -19.838865765214678], [-41.18590012047537, -19.827181765203818], [-41.16578812045668, -19.810099765187942], [-41.16555412045648, -19.79197376517095], [-41.1906781204799, -19.7453827651276], [-41.17911062046903, -19.73961376512227], [-41.168079120458856, -19.671739265059045], [-41.108208120403106, -19.638982765028572], [-41.090489120386565, -19.595860264988346], [-41.07371712037093, -19.59818026499056], [-41.071524620368905, -19.58392526497721], [-41.03646812033628, -19.56997426496423], [-41.04535812034453, -19.487411764887383], [-41.00898012031064, -19.506782764905438], [-40.97184712027604, -19.504811764903593], [-40.944303120250424, -19.46047676486228], [-40.96758612027213, -19.424859264829138], [-40.956778120262015, -19.398362264804405], [-40.92805312023529, -19.38140176478862], [-40.93807712024466, -19.34558276475525], [-40.90730162021589, -19.30833076472061], [-40.944108120250235, -19.279064764693317], [-40.915790120223846, -19.25845026467414], [-40.93825812024477, -19.248901264665278], [-40.941771620248005, -19.2333312646507], [-40.92228012022986, -19.203611264623078], [-40.92610912023349, -19.18806576460861], [-40.940696120247026, -19.180091764601116], [-40.94361012024979, -19.143523764567135], [-40.96155812026643, -19.14358126456716], [-40.95572612026103, -19.128630764553236], [-40.984370120287736, -19.10023826452675], [-41.008065120309766, -19.09779476452445], [-41.012214120313615, -19.075320764503545], [-41.05344012035209, -19.068055764496762], [-41.07140012036882, -19.023368264455144], [-41.06606412036376, -19.00591076443891], [-41.01763712031868, -18.97303476440834], [-41.04024912033981, -18.980190764414942], [-41.06110412035923, -18.967210264402866], [-41.06447112036233, -18.944561764381774], [-41.10328312039849, -18.933580764371527], [-41.126456120420016, -18.89402676433474], [-41.15256712044436, -18.886129764327393], [-41.16101012045226, -18.856713764300025], [-41.189022120478285, -18.863737764306507], [-41.208033120496, -18.85456776429794], [-41.214392120502, -18.877160764319], [-41.242576120528156, -18.854057764297522], [-41.245085120530575, -18.821480264267166], [-41.232152120518435, -18.796799764244156], [-41.13373912042687, -18.795562764243073], [-41.110115120404885, -18.83845776428302], [-41.097083120392654, -18.8418317642861], [-40.96352412026829, -18.84069176428511], [-40.91638412022439, -18.815064264261196], [-40.93820912024478, -18.771971264221065], [-40.94110812024746, -18.688815764143555], [-41.044029120343225, -18.647801764105452], [-41.05271712035142, -18.628244764087185], [-41.03257512033258, -18.618284764077885], [-41.04159912034106, -18.60492476406546], [-41.02002112032096, -18.45861376392918], [-41.18170212047153, -18.438777763910707], [-41.143864120436206, -18.40476476387903], [-41.16005712045137, -18.402321763876785], [-41.16215012045325, -18.39028676386556], [-41.145788120438056, -18.375563763851915], [-41.158410120449844, -18.308276763789195], [-41.096084120391765, -18.25510326373967], [-41.10235512039765, -18.236491263722314], [-41.091335120387384, -18.22757026371403], [-41.104058120399145, -18.21280126370027], [-41.092345120388245, -18.194925763683614], [-41.056080620354464, -18.178369263668174], [-41.05569612035413, -18.166146263656856], [-41.03494612033478, -18.162320263653328], [-41.03342512033339, -18.17163626366198], [-41.02771612032814, -18.15719776364847], [-40.98908912029208, -18.170173763660614], [-40.98664562028989, -18.146298763638356], [-40.95414912025956, -18.15401876364558], [-40.949616120255314, -18.128810763622027], [-40.931822120238735, -18.136007763628754], [-40.89272162020234, -18.107403263602123], [-40.88862312019853, -18.1235412636172], [-40.87716812018789, -18.11895376361292], [-40.844688620157626, -18.149337763641142], [-40.771113120089126, -18.155447763646862], [-40.772917120090824, -18.107087263601784], [-40.90241812021145, -17.986803263489833], [-40.882330120192705, -17.970076763474253], [-40.862745120174395, -17.987841763490792], [-40.836654120150115, -17.956712763461837], [-40.82458912013897, -17.96321776346781], [-40.80885962012428, -17.95184726345724], [-40.794617120110956, -17.98126476348466], [-40.77081412008886, -17.980586763483984], [-40.77315212009103, -18.001654763503666], [-40.750382120069844, -18.009433763510856], [-40.725384120046556, -18.000741763502788], [-40.70498512002757, -18.023409763523887], [-40.68383812000786, -18.00970076351109], [-40.66139011998689, -18.01243526351368], [-40.6456461199723, -17.993086263495684], [-40.625768119953705, -17.990578763493318], [-40.613064119941896, -17.939256263445486], [-40.58523011991599, -17.93763276344407], [-40.58432761991514, -17.917692263425465], [-40.5266551198614, -17.891469763401005], [-40.463804119802944, -17.9277282634348], [-40.45349011979329, -17.918335763426057], [-40.34514111969236, -17.92330726343073], [-40.22197111957769, -17.979941763483453], [-39.6738501190672, -18.32426726380413], [-39.66889411906254, -18.35015226382825], [-39.72818611911782, -18.499905763967718], [-39.72390611911385, -18.59947376406035], [-39.746591119134905, -18.70568276415929], [-39.74994511913803, -18.84124176428554], [-39.688660119080964, -19.295836264708896], [-39.696146119087985, -19.367183764775405], [-39.729072119118655, -19.46541576486686], [-39.807035119191255, -19.64774976503668], [-39.93015311930594, -19.698681765084075], [-40.04577661941357, -19.801952765180317], [-40.098703119462925, -19.91843826528884], [-40.139284119500644, -19.94867826531697], [-40.13014711949211, -19.968559265335443], [-40.15858711951864, -20.03809576540027], [-40.181595619540076, -20.041352765403303], [-40.19034911954827, -20.05607976541694], [-40.172446119531514, -20.074263265433956], [-40.17097311953023, -20.10988626546714], [-40.197406119554785, -20.21635076556629], [-40.22940711958461, -20.25817726560524], [-40.237097119591795, -20.289008765633866], [-40.2500891196039, -20.294595765639087], [-40.261285119614286, -20.265910265612433], [-40.291650119642554, -20.28526076563037], [-40.291281119642235, -20.30126376564533], [-40.27693511962889, -20.300334265644437], [-40.2917731196427, -20.305355265649155], [-40.27681561962879, -20.310550265654], [-40.28919411964034, -20.32326626566578], [-40.27046161962289, -20.329909765672028], [-40.309469119659184, -20.380978765719533], [-40.35832511970466, -20.51853026584763], [-40.400231119743694, -20.576250765901477], [-40.42325311976515, -20.636501265957577], [-40.449714119789746, -20.637754265958733], [-40.449381619789506, -20.625496265947277], [-40.463741119802876, -20.623671765945573], [-40.46757611980638, -20.659948265979324], [-40.48296211982074, -20.653328765973242], [-40.502801119839205, -20.666889765985843], [-40.52664911986142, -20.655146765974905], [-40.529286119863855, -20.676716765995025], [-40.54431811987786, -20.67308626599163], [-40.52929411986395, -20.677921265996133], [-40.5367581198708, -20.685191266002903], [-40.52231611985735, -20.690926266008205], [-40.5263751198612, -20.666672765985595], [-40.508542119844606, -20.67049526598919], [-40.4908101198281, -20.667300265986228], [-40.52056411985575, -20.73021476604481], [-40.537199119871275, -20.74499076605855], [-40.54944711988264, -20.740570766054475], [-40.57062411990239, -20.765844766077976], [-40.575802119907166, -20.75690676606962], [-40.581002119912, -20.80254476611219], [-40.607345119936554, -20.805308766114763], [-40.62775911995561, -20.841285766148303], [-40.628546119956354, -20.818968266127513], [-40.65573011998163, -20.804295766113796], [-40.64458811997122, -20.786870766097536], [-40.642277119969094, -20.78196176609299], [-40.65918061998491, -20.800528766110347], [-40.6555101199815, -20.810244766119354], [-40.71494112003677, -20.84324926615011], [-40.71965012004114, -20.83660976614385], [-40.727568120048545, -20.836033766143373], [-40.71899012004053, -20.846368766152978], [-40.74412712006392, -20.84805076615453], [-40.758371120077186, -20.863602766169038], [-40.80378712011952, -20.94322776624324], [-40.81031412012567, -20.994508766291005], [-40.800645120116656, -21.00466076630039], [-40.855978120168174, -21.12756576641482], [-40.9076796202163, -21.16728626645181], [-40.953413120258915, -21.23749526651727], [-40.95751262026272, -21.301288766576704], [-40.977598120281414, -21.28055376655732], [-40.995399120297975, -21.285696766562182], [-41.006272120308154, -21.25155676653037], [-41.04099412034043, -21.254680766533284], [-41.09204412038798, -21.218168766499275], [-41.1340081204271, -21.226159766506726], [-41.160577120451876, -21.24552076652469], [-41.182469120472206, -21.23583576651572], [-41.19050712047965, -21.248003766527063], [-41.24654612053189, -21.22070276650163], [-41.27667312055996, -21.239769766519316], [-41.31668212059719, -21.2132717664947], [-41.37711812065345, -21.195258266477936], [-41.44753812071906, -21.213647766495], [-41.4794821207488, -21.193441766476212], [-41.478850120748234, -21.181759766465348], [-41.5069871207744, -21.17497126645901], [-41.517294620784014, -21.186619266469847], [-41.558185120822145, -21.17238126645657], [-41.565318120828806, -21.18224776646582], [-41.586912120848865, -21.149055766434913], [-41.613132120873274, -21.155068766440536], [-41.653710120911114, -21.142485766428763], [-41.662264120919076, -21.124582266412062], [-41.67754212093325, -21.13308276641999], [-41.69301712094773, -21.114844266402997], [-41.718075620971035, -21.123222266410835], [-41.70530212095912, -21.109364766397903], [-41.73513612098691, -21.10204426639109], [-41.72130812097407, -21.073120266364185], [-41.73203412098405, -21.066284766357853], [-41.72881612098104, -21.049868766342456], [-41.71623712096937, -21.046636766339475], [-41.722910120975484, -21.00863176630412], [-41.71043712096389, -20.989239266286063], [-41.73705112098867, -20.92730026622837], [-41.72273912097535, -20.92231276622374], [-41.726729120979144, -20.892362266195846], [-41.71200712096538, -20.871081766175962], [-41.74145762099283, -20.872332766177124], [-41.74052412099195, -20.817799766126427], [-41.75527512100564, -20.807057766116372], [-41.81345612105986, -20.80478426611421], [-41.806653621053556, -20.7971602661072], [-41.82812012107354, -20.79612076610624], [-41.853442121097146, -20.763662266075926], [-41.87939162112127, -20.75907976607175]]], [[[-29.346238109448905, -20.50309776583333], [-29.333148109436706, -20.485904265817226], [-29.299520109405307, -20.51122576584089], [-29.32275910942701, -20.514069765843487], [-29.346238109448905, -20.50309776583333]]], [[[-28.83831910897584, -20.474481765806672], [-28.842398108979637, -20.471039765803425], [-28.83826410897575, -20.471460265803785], [-28.83831910897584, -20.474481765806672]]], [[[-28.83934210897678, -20.462288265795337], [-28.835655608973298, -20.46131876579443], [-28.83888610897634, -20.46452576579736], [-28.83934210897678, -20.462288265795337]]], [[[-28.84411310898122, -20.458222765791447], [-28.841127608978468, -20.45775776579103], [-28.84310510898024, -20.459239265792462], [-28.84411310898122, -20.458222765791447]]], [[[-40.29697311964753, -20.382159765720644], [-40.296167119646725, -20.379465765718123], [-40.29496411964567, -20.38095726571953], [-40.29697311964753, -20.382159765720644]]], [[[-40.382016619726755, -20.614973265937465], [-40.381645119726386, -20.613132765935802], [-40.379499119724414, -20.61311676593573], [-40.382016619726755, -20.614973265937465]]], [[[-40.37552761972074, -20.610511265933383], [-40.373547619718806, -20.60813876593113], [-40.373190119718515, -20.611339765934076], [-40.37552761972074, -20.610511265933383]]], [[[-40.50461311984088, -20.668096765987002], [-40.502801119839205, -20.666889765985843], [-40.50224711983867, -20.666937765985836], [-40.50461311984088, -20.668096765987002]]], [[[-40.391204119735335, -20.598563765922222], [-40.39105711973514, -20.596755765920534], [-40.38974761973395, -20.59730626592102], [-40.391204119735335, -20.598563765922222]]], [[[-40.2707181196231, -20.320990765663737], [-40.27189911962421, -20.32175176566443], [-40.2726396196249, -20.320094765662816], [-40.2707181196231, -20.320990765663737]]], [[[-40.38079811972557, -20.612322765935005], [-40.382084119726755, -20.611206765933957], [-40.380803119725556, -20.61105026593384], [-40.38079811972557, -20.612322765935005]]], [[[-40.37631311972143, -20.612414765935114], [-40.37726711972232, -20.613376765935982], [-40.377714619722724, -20.612913265935617], [-40.37631311972143, -20.612414765935114]]], [[[-40.27140811962374, -20.333072765674956], [-40.27119811962348, -20.331840765673746], [-40.270175119622536, -20.332537265674432], [-40.27140811962374, -20.333072765674956]]], [[[-40.268750119621245, -20.33220326567414], [-40.26906311962159, -20.33092626567293], [-40.26804711962063, -20.331207765673184], [-40.268750119621245, -20.33220326567414]]], [[[-40.27153811962387, -20.33519126567694], [-40.271934119624234, -20.33398276567584], [-40.27090261962326, -20.334213765676054], [-40.27153811962387, -20.33519126567694]]], [[[-40.25321011960682, -20.353696765694167], [-40.25347511960706, -20.35245576569298], [-40.25248511960615, -20.35314726569368], [-40.25321011960682, -20.353696765694167]]], [[[-40.2511271196048, -20.351958265692588], [-40.25150711960521, -20.350734265691358], [-40.250533119604256, -20.35098376569158], [-40.2511271196048, -20.351958265692588]]], [[[-40.26882511962128, -20.32118876566392], [-40.269115119621574, -20.320027265662816], [-40.268153119620706, -20.320251265663046], [-40.26882511962128, -20.32118876566392]]], [[[-40.31122261966084, -20.421500265757345], [-40.31172661966127, -20.420494765756416], [-40.31051411966018, -20.42058676575641], [-40.31122261966084, -20.421500265757345]]], [[[-40.27983211963158, -20.363065765702913], [-40.280091119631834, -20.361972765701807], [-40.279170119630976, -20.362653765702476], [-40.27983211963158, -20.363065765702913]]], [[[-40.28104311963273, -20.35452076569493], [-40.28082961963253, -20.353328765693846], [-40.280243119631905, -20.35402026569443], [-40.28104311963273, -20.35452076569493]]], [[[-40.27776961962968, -20.36390376570364], [-40.278806119630644, -20.36469976570436], [-40.278948619630796, -20.36391826570366], [-40.27776961962968, -20.36390376570364]]], [[[-40.35670511970318, -20.524163265852962], [-40.3576921197041, -20.52368726585246], [-40.3563611197028, -20.523634265852365], [-40.35670511970318, -20.524163265852962]]], [[[-40.37371411971901, -20.61246426593516], [-40.373758119719014, -20.612132765934803], [-40.373174119718556, -20.612131765934805], [-40.37371411971901, -20.61246426593516]]], [[[-40.38782411973216, -20.610021765932856], [-40.38798811973231, -20.610280765933112], [-40.38822411973251, -20.610200765933087], [-40.38782411973216, -20.610021765932856]]], [[[-40.395770119739495, -20.621730765943767], [-40.395780119739584, -20.621420765943526], [-40.39555711973935, -20.621671265943746], [-40.395770119739495, -20.621730765943767]]]]}}, {"type": "Feature", "id": "GO", "properties": {"id": "GO", "sigla": "GO", "name": "Goiás", "regiao": "Centro-Oeste", "pop_total": 7056495, "qtd_equipes_esf": 4058, "capacidade_pnab": 15208500, "cobertura_pnab_pct": 215.5, "sobrecarga_media": 0.32, "pop_critica": 1742293, "pct_pop_critica": 24.69, "n_polos_critica": 159, "hab_por_esf": 1739, "densidade": 20.7}, "geometry": {"type": "Polygon", "coordinates": [[[-53.25072313171165, -17.61863226314688], [-53.23819113169998, -17.589428763119713], [-53.247505131708635, -17.55842776309089], [-53.24108313170268, -17.492436763029446], [-53.22347013168633, -17.457564762996867], [-53.229920131692325, -17.42623726296779], [-53.19700413166163, -17.380911762925507], [-53.218156131681326, -17.298861262849073], [-53.17485963164097, -17.24041176279468], [-53.1569441316243, -17.170198262729286], [-53.12766513159704, -17.154196762714378], [-53.11864013158868, -17.112776262675766], [-53.05553313152984, -17.06992476263588], [-53.063275131537125, -17.045142262612785], [-53.0720611315453, -17.050150762617477], [-53.04944063152425, -16.992392262563726], [-53.05466963152901, -16.962998262536303], [-53.033640131509515, -16.940816762515624], [-53.03913713151462, -16.911512762488314], [-53.01844313149536, -16.898223762475936], [-53.010843131488286, -16.85757226243811], [-52.97166213145181, -16.86922726244893], [-52.953369631434725, -16.860360762440678], [-52.9567496314379, -16.850349762431392], [-52.95011113143164, -16.85996176244032], [-52.95250163143396, -16.841481262423144], [-52.92662813140987, -16.840574762422307], [-52.94394513142595, -16.812714762396354], [-52.93216163141494, -16.802426762386744], [-52.926108631409306, -16.81792576240116], [-52.88180113136809, -16.77566676236188], [-52.83188613132154, -16.77189326235839], [-52.80692163129834, -16.74097726232958], [-52.78549913127836, -16.74074676232931], [-52.788476131281186, -16.720099762310156], [-52.76127313125585, -16.705843262296867], [-52.75472163124971, -16.67181576226517], [-52.77077613126471, -16.668070262261608], [-52.73994613123591, -16.656357762250764], [-52.74638513124194, -16.630266762226483], [-52.724057131221116, -16.646329762241407], [-52.7152206312129, -16.638821762234443], [-52.725609131222654, -16.614186262211433], [-52.74061113123662, -16.608902262206584], [-52.730639131227235, -16.597600762196066], [-52.73983413123585, -16.58997726218888], [-52.704917131203274, -16.59863526219692], [-52.70541213120384, -16.570836762171098], [-52.67022013117105, -16.581575762181046], [-52.673419131174, -16.568620762169076], [-52.65969213116125, -16.569907262170204], [-52.668141131169136, -16.55006576215169], [-52.650776631152894, -16.561041262162007], [-52.65027813115239, -16.548180262150026], [-52.635276131138426, -16.551190762152828], [-52.62567013112948, -16.533005262135816], [-52.637080131140124, -16.50247176210746], [-52.61661113112109, -16.504122762108977], [-52.605024131110326, -16.4857607620919], [-52.612829131117564, -16.46955876207676], [-52.60391513110926, -16.46421576207183], [-52.620256131124506, -16.464413762072013], [-52.615667131120176, -16.44974826205828], [-52.638083131141116, -16.43663976204607], [-52.6429701311456, -16.412298262023455], [-52.676164131176506, -16.41186526202307], [-52.687916131187535, -16.395858762008174], [-52.67756063117781, -16.38124826199453], [-52.69250213119176, -16.36789576198214], [-52.6816721311817, -16.30362426192221], [-52.656581131158305, -16.27972376189996], [-52.62302813112706, -16.28693476190665], [-52.58693013109348, -16.26880576188978], [-52.57594413108325, -16.249509761871877], [-52.56185913107015, -16.264610761885933], [-52.54500113105439, -16.25951776188117], [-52.568819131076566, -16.23028326185397], [-52.54457813105398, -16.222688761846825], [-52.548137131057274, -16.164675761792864], [-52.52661213103727, -16.155772761784533], [-52.525055131035856, -16.14011476176995], [-52.457948130973364, -16.12705476175779], [-52.39930013091873, -16.09381626172683], [-52.37463813089573, -16.097952761730653], [-52.36710563088877, -16.08402776171772], [-52.327608630851955, -16.07016226170481], [-52.310003130835526, -16.006958761645933], [-52.25542313078472, -15.930093761574312], [-52.2521611307817, -15.892220761539079], [-52.19066913072436, -15.881330761528943], [-52.128056130666096, -15.894514761541245], [-52.10924813064855, -15.881641761529181], [-52.010096130556235, -15.885135761532524], [-51.98280713053077, -15.843543261493778], [-51.95366513050362, -15.837222761487851], [-51.94835613049872, -15.809947261462412], [-51.91155513046442, -15.813132261465398], [-51.88977413044415, -15.831554261482552], [-51.879134130434295, -15.824952761476425], [-51.87338213042892, -15.79981676145303], [-51.80330713036369, -15.722857761381306], [-51.75734013032081, -15.635508261299947], [-51.75321513031702, -15.609735761275942], [-51.77707863033925, -15.538559261209684], [-51.76138613032458, -15.531202761202849], [-51.75122163031517, -15.554672761224765], [-51.72719413029279, -15.550101761220503], [-51.73499463029998, -15.510428761183562], [-51.698318130265875, -15.484524261159436], [-51.70794413027488, -15.45603676113285], [-51.69241313026032, -15.432810261111172], [-51.697162130264815, -15.409549761089579], [-51.670913130240365, -15.371289761053959], [-51.68783413025608, -15.308417760995326], [-51.64647013021761, -15.267508760957298], [-51.667553630237194, -15.245907260937201], [-51.65162763022238, -15.179436760875205], [-51.5985271301729, -15.156298760853701], [-51.535494130114216, -15.069250760772661], [-51.5119116300923, -15.054199760758593], [-51.478532130061126, -15.056207760760458], [-51.427295130013476, -15.007895760715542], [-51.37633812996603, -15.012426760719677], [-51.33733112992968, -14.972931760682968], [-51.30146012989621, -14.986092760695215], [-51.29002812988563, -15.03389176073972], [-51.24213812984101, -15.034959760740662], [-51.14975012975492, -14.98258626069196], [-51.13136412973779, -14.940138760652417], [-51.08358112969336, -14.915900760629825], [-51.089360129698775, -14.84072376055974], [-51.044049129656514, -14.794585260516783], [-51.05350012966528, -14.746226260471758], [-51.02674312964041, -14.706358760434682], [-51.0260821296398, -14.66528476039639], [-50.9911311296072, -14.612356760347097], [-50.9969171296126, -14.577760760314845], [-50.96238312958042, -14.526581260267221], [-50.96775812958549, -14.481866760225557], [-50.998610129614235, -14.418797260166798], [-50.98938912960557, -14.362266760114153], [-50.96883112958642, -14.333488760087448], [-50.974794129592055, -14.290390760047217], [-50.91369212953509, -14.170224759935309], [-50.91702612953827, -14.114383259883311], [-50.8679281294925, -14.12471625989292], [-50.83319012946015, -14.089411759860127], [-50.84877512947469, -14.000333259777108], [-50.865124129489914, -13.979783759757993], [-50.84083512946722, -13.926842259708678], [-50.8409451294674, -13.863741259649942], [-50.85627512948167, -13.831113759619484], [-50.85337012947889, -13.765319259558282], [-50.871333129495724, -13.732658759527794], [-50.85599312948136, -13.71541475951176], [-50.82250512945018, -13.71279075950929], [-50.803502129432445, -13.690531759488636], [-50.76802912939945, -13.596613259401124], [-50.762994629394825, -13.52958125933867], [-50.696502129332885, -13.475503759288358], [-50.68369562932094, -13.443731259258698], [-50.6650021293035, -13.441850259256967], [-50.6651951293037, -13.37570625919534], [-50.60674912924924, -13.310426759134543], [-50.5841931292282, -13.22112975905145], [-50.60293512924568, -13.1964427590284], [-50.58983112923352, -13.10920375894716], [-50.611248129253454, -13.063929258904977], [-50.56871912921383, -13.038701258881588], [-50.592551129236085, -13.002428758847714], [-50.55636612920239, -13.00203275884735], [-50.525475129173515, -12.975992258823112], [-50.525662129173725, -12.939479258789106], [-50.50179912915155, -12.882814258736403], [-50.51061012915977, -12.86034125871538], [-50.48438612913526, -12.811534258670008], [-50.49341912914372, -12.785230758645525], [-50.468079129120156, -12.75497175861733], [-50.48555812913639, -12.748143758610922], [-50.46577412911802, -12.73106075859505], [-50.477611129128945, -12.70952375857496], [-50.4321071290866, -12.689569758556331], [-50.42749812908232, -12.652540258521867], [-50.44041612909439, -12.652846258522231], [-50.42691512908175, -12.642036258512121], [-50.41288912906873, -12.649714258519225], [-50.41819562907369, -12.624174758495428], [-50.39196312904926, -12.61151175848363], [-50.39835962905522, -12.601739758474537], [-50.36825462902709, -12.57408975844885], [-50.36452812902371, -12.546622758423268], [-50.33083112899226, -12.535061258412497], [-50.32979112899136, -12.514600758393385], [-50.3136911289763, -12.521114258399507], [-50.324719128986544, -12.508379758387605], [-50.31438962897698, -12.498496258378395], [-50.183553128855124, -12.431026758315625], [-50.19613212886679, -12.412916258298765], [-50.174641128846815, -12.423305758308402], [-50.170952128843396, -12.407637758293845], [-50.142225128816676, -12.395504758282527], [-50.161076128834225, -12.432608758317087], [-50.21549512888487, -12.484388758365299], [-50.22927612889771, -12.531935758409531], [-50.21160712888127, -12.56104425843671], [-50.2030551288733, -12.553157758429279], [-50.19272212886369, -12.563882758439377], [-50.22677612889538, -12.586089758460048], [-50.23775312890564, -12.579162258453607], [-50.236526128904416, -12.623604258494993], [-50.261972128928164, -12.637286758507685], [-50.2663681289323, -12.682025258549402], [-50.299386128962965, -12.681144758548498], [-50.299142128962785, -12.706225258571862], [-50.28378412894847, -12.717754258582659], [-50.30180612896527, -12.745277258608212], [-50.31082912897364, -12.798119758657435], [-50.29219712895633, -12.839489758696004], [-50.23108812889939, -12.85372625870923], [-50.22466812889343, -12.873869758728006], [-50.18297412885454, -12.896342258748973], [-50.10926412878598, -12.910975258762619], [-50.07844312875727, -12.905510258757431], [-50.044007128725184, -12.933062258783139], [-50.017501128700474, -12.928791758779198], [-49.9129221286031, -12.96556375881346], [-49.36908112809658, -13.274189259100808], [-49.33988612806945, -13.253462259081516], [-49.35438412808287, -13.153348758988272], [-49.341501128070945, -13.126775258963562], [-49.35394812808249, -13.102554758940983], [-49.33702212806668, -13.065861758906863], [-49.27841612801217, -12.988583758834807], [-49.23696712797357, -12.883645758737089], [-49.19608012793549, -12.866826758721459], [-49.120282127864925, -12.790902758650759], [-49.10577612785141, -12.835675758692446], [-49.06707812781531, -12.84690575870286], [-49.08741012783423, -12.887993758741118], [-49.07764512782512, -12.903275758755399], [-49.02257712777384, -12.90669475875859], [-48.97518512772979, -12.95676375880521], [-48.86811512763006, -12.815450758673592], [-48.87358212763513, -12.806955758665708], [-48.8463261276097, -12.80937325866796], [-48.84191762760565, -12.843974758700142], [-48.82049912758566, -12.843873758700056], [-48.81410912757974, -12.863696258718505], [-48.73613412750706, -12.920595258771527], [-48.73030512750165, -12.989357758835581], [-48.706961127479985, -13.004264758849445], [-48.67412812744942, -12.994840758840724], [-48.63983162741738, -13.013516758858032], [-48.62728812740579, -13.051724258893614], [-48.60096912738118, -13.060451758901763], [-48.58849312736959, -13.09913925893784], [-48.59619212737675, -13.106438758944591], [-48.585210627366564, -13.1056542589439], [-48.57665912735854, -13.125242758962145], [-48.596324127376874, -13.152196758987202], [-48.577491127359394, -13.187033759019641], [-48.582870127364345, -13.22171625905196], [-48.60013112738045, -13.238196259067308], [-48.58719712736843, -13.254317259082313], [-48.6002971273806, -13.292101759117486], [-48.58596812736721, -13.317181259140852], [-48.553168127336676, -13.301549259126318], [-48.554168127337675, -13.204535259035993], [-48.52994312731505, -13.19212725902446], [-48.52163712730737, -13.140529258976358], [-48.508330127294926, -13.12847625896518], [-48.48758412727568, -13.142346258978023], [-48.47549712726436, -13.134155258970395], [-48.46929962725858, -13.149153758984426], [-48.47483612726376, -13.235299259064618], [-48.456666127246876, -13.248260759076743], [-48.45980112724976, -13.280327759106513], [-48.44127112723254, -13.291935259117395], [-48.429414127221435, -13.27114725909803], [-48.38524212718028, -13.265639759092892], [-48.3606661271574, -13.242662259071494], [-48.33649562713492, -13.24664975907524], [-48.34168812713972, -13.227965759057838], [-48.30666412710718, -13.235010259064325], [-48.287472127089245, -13.203556259035054], [-48.250452127054814, -13.196558759028562], [-48.23144412703709, -13.167736259001686], [-48.19318812700146, -13.172148759005836], [-48.19016412699864, -13.154039258988973], [-48.14621512695771, -13.151579258986658], [-48.16345712697375, -13.183651759016584], [-48.15288912696394, -13.219236759049636], [-48.16820912697824, -13.243184759071937], [-48.15605112696687, -13.24984225907815], [-48.15329812696427, -13.278761759105123], [-48.16496462697512, -13.305356259129894], [-48.08258012689839, -13.28834425911407], [-48.07186112688851, -13.267181759094342], [-48.07869212689479, -13.242518759071345], [-48.06202012687925, -13.234964259064327], [-48.05202612687003, -13.255388259083361], [-48.03268712685201, -13.253543259081653], [-48.02213012684217, -13.279402759105665], [-47.98571512680826, -13.277892759104247], [-47.96588612678977, -13.314824759138673], [-47.93544412676147, -13.290289259115866], [-47.883142126712755, -13.320074759143608], [-47.8235541266572, -13.31143175913553], [-47.67855412652216, -13.467277759280705], [-47.622298126469786, -13.367228259187527], [-47.64969512649532, -13.350814259172239], [-47.661774626506485, -13.303413759128034], [-47.64005212648635, -13.26277275909024], [-47.668463126512734, -13.208969759040087], [-47.6549141265001, -13.177441759010776], [-47.66955512651373, -13.167866759001868], [-47.64407612649006, -13.149424758984651], [-47.650280126495886, -13.132917758969256], [-47.63434912648097, -13.104062758942405], [-47.56091312641263, -13.124239258961211], [-47.56264112641418, -13.183795759016675], [-47.47845362633586, -13.184706759017558], [-47.48541712634233, -13.220241259050567], [-47.435328126295644, -13.226666259056628], [-47.43085412629148, -13.237601259066764], [-47.45466412631367, -13.24894325907735], [-47.42525712628628, -13.289301759114892], [-47.37267012623727, -13.228120759057902], [-47.35199112621808, -13.248399759076847], [-47.32256012619064, -13.257870259085621], [-47.29410612616414, -13.248494759076948], [-47.28171912615255, -13.264475259091796], [-47.228721626103265, -13.194434759026535], [-47.182419126060154, -13.187672259020246], [-47.174804126053004, -13.194702759026768], [-47.18399712606163, -13.204269759035697], [-47.152617126032396, -13.209533759040596], [-47.13547812601644, -13.202974759034532], [-47.132163126013324, -13.178066259011302], [-47.108532125991246, -13.170605259004333], [-47.104939125987926, -13.181261259014263], [-47.09688412598041, -13.171352259005062], [-47.08691762597118, -13.18198675901499], [-47.080415125965146, -13.161526258995877], [-47.018965125907926, -13.145345758980852], [-47.00071412589091, -13.120944258958161], [-46.97844312587017, -13.13114125896766], [-46.89249412579011, -13.052790758894616], [-46.878610125777186, -13.048398758890585], [-46.86841312576769, -13.068082758908872], [-46.85413112575441, -13.066874258907774], [-46.819270125721914, -13.002036258847397], [-46.750182625657544, -12.968720758816403], [-46.454226125381865, -12.97071875881818], [-46.445593125373875, -12.9358077587857], [-46.43236912536156, -12.930284758780545], [-46.41720012534745, -12.823025258680673], [-46.40775512533867, -12.844889258701073], [-46.375853125308936, -12.849819258705566], [-46.36577012529949, -12.864419758719237], [-46.36027412529438, -12.908401258760136], [-46.376501125309574, -12.962958258811], [-46.36344912529739, -12.99078375883687], [-46.194130125139736, -12.956237758804718], [-46.11382862506491, -12.917576758768746], [-46.12542062507566, -12.96104325880924], [-46.21596312515999, -13.003976758849149], [-46.24510412518714, -12.996975758842723], [-46.272955125213116, -13.014519258858968], [-46.280274125219876, -13.042996258885523], [-46.322241125258984, -13.09784775893661], [-46.291656125230475, -13.147427758982758], [-46.30938512524699, -13.157542758992236], [-46.31405312525135, -13.177649759010933], [-46.300386125238674, -13.19317025902535], [-46.33071812526691, -13.249100759077464], [-46.29816612523655, -13.253240759081336], [-46.29855362523699, -13.281366759107527], [-46.3154991252527, -13.302736259127414], [-46.288246125227374, -13.31418075913814], [-46.27896412521875, -13.34746175916905], [-46.06344312501801, -13.26085125908844], [-46.04174012499777, -13.272236759098973], [-46.048052125003665, -13.308761759133063], [-46.094660125047085, -13.332047259154706], [-46.13360312508337, -13.374790259194583], [-46.21393912515816, -13.40027625921823], [-46.241852125184096, -13.427836259243918], [-46.20599312515071, -13.465194259278746], [-46.229829125172955, -13.480990259293435], [-46.218165125162045, -13.500070259311201], [-46.240908125183296, -13.525091259334545], [-46.235076125177784, -13.562470759369376], [-46.18390712513019, -13.567131759373638], [-46.16154212510935, -13.590488759395384], [-46.241601625183876, -13.65717425945752], [-46.260334125201325, -13.6867987594851], [-46.2355471251783, -13.709262759506032], [-46.2664681252071, -13.739885759534559], [-46.23674412517937, -13.744388759538765], [-46.22316312516671, -13.769018759561732], [-46.2820241252216, -13.796051259586875], [-46.26215762520303, -13.808138259598081], [-46.26913912520956, -13.828413759616978], [-46.23323712517606, -13.84517625963258], [-46.261743125202656, -13.902175759685747], [-46.26770912520817, -13.943319259724035], [-46.22202412516572, -13.970718759749502], [-46.20958212515404, -14.0124087597884], [-46.2479916251898, -14.056095759829077], [-46.2247791251682, -14.069181759841285], [-46.241563125183916, -14.092269259862746], [-46.25305812519457, -14.08661275985753], [-46.26535712520604, -14.097519759867623], [-46.20176712514683, -14.119184759887844], [-46.18522012513142, -14.15141475991777], [-46.11771662506851, -14.15992325992579], [-46.11571412506669, -14.18738775995132], [-46.09580012504807, -14.205047259967728], [-46.063075125017576, -14.19311175995665], [-46.05217612500746, -14.204394759967158], [-46.06060262501535, -14.232079759992985], [-46.021515624978974, -14.259951760018907], [-45.9956301249548, -14.256781760015997], [-45.99487562495415, -14.278463760036175], [-45.96284462492429, -14.285463260042661], [-45.94438112490707, -14.340684760094064], [-45.90687712487215, -14.352789760105338], [-45.93492312489832, -14.414894760163179], [-45.98038212494066, -14.432825760179867], [-45.998410124957445, -14.428940260176319], [-46.0085791249669, -14.405786760154683], [-46.01715812497491, -14.418538760166598], [-46.00041012495922, -14.434091760181104], [-46.01596512497372, -14.469006760213574], [-45.99324412495264, -14.494947260237723], [-46.002911124961656, -14.517520260258834], [-45.976659624937156, -14.538394760278265], [-45.99587912495508, -14.54105776028075], [-45.984880124944766, -14.573113260310606], [-46.00060412495941, -14.601157760336719], [-45.984408124944366, -14.620365760354616], [-45.989327124949, -14.658741760390285], [-46.02423812498148, -14.664688760395848], [-46.02888112498579, -14.68032026041044], [-46.001465124960305, -14.710816760438775], [-46.01249212497055, -14.733392260459823], [-46.00763312496599, -14.792749760515107], [-46.02291012498017, -14.817571760538272], [-46.05240212500769, -14.830923760550718], [-46.03220762498893, -14.856220760574274], [-46.037148624993506, -14.87420976059093], [-46.061915125016526, -14.90754426062199], [-46.079097125032604, -14.904548760619264], [-46.08771612504063, -14.935946260648507], [-46.1099671250613, -14.936569260649094], [-46.11987412507051, -14.919612260633244], [-46.14532212509425, -14.926068760639282], [-46.1609941251088, -14.905726760620382], [-46.17512412512201, -14.948979260660622], [-46.21529912515939, -14.94307976065511], [-46.23327512517619, -14.921081760634593], [-46.28643712522569, -14.927699760640849], [-46.29424212523293, -14.908166760622635], [-46.318908125255916, -14.89999326061502], [-46.300045125238285, -14.857632760575598], [-46.32449012526115, -14.847342260565938], [-46.321772125258576, -14.814134760535012], [-46.462711125389774, -14.730730260457335], [-46.46860112539525, -14.707772760436], [-46.50301712542739, -14.703631760432131], [-46.50985312543378, -14.737815760463945], [-46.54376312546526, -14.752567760477746], [-46.542812125464366, -14.768237760492298], [-46.565464125485505, -14.785928760508796], [-46.55837412547896, -14.820631260541063], [-46.533466125455675, -14.82782576054774], [-46.521127125444195, -14.850734260569084], [-46.54610612546753, -14.924998760638232], [-46.540408125462136, -14.951158260662623], [-46.516859125440305, -14.972418760682444], [-46.53038112545289, -15.004833260712644], [-46.50216962542652, -15.051805260756396], [-46.55089562547198, -15.063433760767225], [-46.57487012549427, -15.083179260785641], [-46.64058912555549, -15.087139760789341], [-46.72928112563807, -15.037284760742864], [-46.82943612573138, -15.008819260716336], [-46.85646712575658, -15.009820760717275], [-46.92462712582005, -15.057060260761318], [-46.92560412582088, -15.07311626077626], [-46.887886125785826, -15.112092760812516], [-46.940433125834716, -15.230255260922604], [-46.927221625822426, -15.254648760945315], [-46.89105212578875, -15.234812760926843], [-46.888885125786715, -15.281800260970613], [-46.83552412573704, -15.323102761009068], [-46.86904712576825, -15.361027261044342], [-46.849046125749624, -15.3727172610553], [-46.914691125810805, -15.41438726109402], [-46.929192125824216, -15.441086761118981], [-46.94866312584236, -15.554149261224211], [-46.91909312581481, -15.588365261256058], [-46.85365312575391, -15.62016476128565], [-46.8552691257554, -15.682674761343947], [-46.82671412572881, -15.729522261387501], [-46.812714625715785, -15.78675426144082], [-46.8227881257252, -15.824183261475696], [-46.80506812570866, -15.858944761508042], [-46.808463125711796, -15.882699761530262], [-47.05235612593901, -15.937464761581168], [-47.08865462597282, -15.961272261603426], [-47.12522312600686, -15.943339761586685], [-47.13413412601517, -15.949738761592698], [-47.13107912601231, -15.9338007615778], [-47.14151812602199, -15.926186761570762], [-47.16909812604774, -15.953513261596186], [-47.16982112604842, -15.972753761614058], [-47.20736412608335, -15.987011261627345], [-47.21909162609427, -16.013793761652323], [-47.25364112612647, -16.01874276165688], [-47.27609762614736, -16.00571526164481], [-47.31868562618706, -16.036237761673192], [-47.3754111262399, -15.986171761626565], [-47.372073626236784, -15.936108261579989], [-47.36034812622586, -15.931247261575436], [-47.37789212624216, -15.880957761528634], [-47.364837126229986, -15.829782261480887], [-47.31371762618244, -15.746784261403604], [-47.31180412618062, -15.696810761357142], [-47.33110712619862, -15.681232761342585], [-47.332691126200075, -15.629463761294346], [-47.316547126185014, -15.58909276125678], [-47.373799126238396, -15.577380761245877], [-47.41729512627887, -15.546381261216993], [-47.41691312627847, -15.499863761173629], [-48.20010212700788, -15.49972276117353], [-48.199880127007646, -15.621414261286873], [-48.21853112702502, -15.622189261287645], [-48.23254912703817, -15.638691761302994], [-48.242236127047136, -15.688708261349575], [-48.24090662704589, -15.705446261365182], [-48.217683127024316, -15.707589261367161], [-48.2057341270131, -15.722215761380767], [-48.20646512701387, -15.74571326140267], [-48.2415421270465, -15.798237261451504], [-48.26746312707064, -15.806433761459175], [-48.28665612708846, -15.842689261492978], [-48.27174412707461, -15.881227761528862], [-48.27632512707885, -15.930095261574365], [-48.2607491270644, -15.92853276157291], [-48.252275127056464, -15.942301761585668], [-48.27841312708085, -16.051102761687048], [-47.3077791261768, -16.050083261686154], [-47.30309912617247, -16.059725761695063], [-47.3153211261839, -16.066877261701734], [-47.31090712617981, -16.087681761721115], [-47.33269612620006, -16.085436261718996], [-47.33732462620435, -16.128033261758674], [-47.35229412621834, -16.132380261762705], [-47.331517126198946, -16.171288261798964], [-47.3400731262069, -16.18480626181156], [-47.32952112619705, -16.184498261811314], [-47.33588412620304, -16.201135761826777], [-47.32308612619113, -16.20876876183388], [-47.32202412619017, -16.23086476185449], [-47.3504171262166, -16.274292261894857], [-47.36583512623088, -16.331047261947788], [-47.42673712628766, -16.393709762006097], [-47.42908212628981, -16.44220676205134], [-47.45338512631247, -16.46514076207268], [-47.45937712631803, -16.501528762106545], [-47.44397112630372, -16.540314262142715], [-47.40463412626707, -16.556039762157297], [-47.41243412627432, -16.575406262175306], [-47.39357612625679, -16.573680762173694], [-47.38645912625009, -16.588409262187497], [-47.37608012624048, -16.579780262179383], [-47.37660212624098, -16.598603762196944], [-47.341169126208, -16.592698762191503], [-47.33390462620116, -16.61667676221373], [-47.31810062618649, -16.603106262201095], [-47.31953812618781, -16.617682762214713], [-47.30666162617581, -16.63166076222774], [-47.29424112616425, -16.626111262222594], [-47.27679612614804, -16.659594762253732], [-47.259391126131845, -16.654507762249068], [-47.259378126131764, -16.667336762261016], [-47.24971712612273, -16.66636076226007], [-47.25851512613099, -16.678520762271432], [-47.24616312611943, -16.682013762274664], [-47.25104162612399, -16.705044762296097], [-47.22291412609786, -16.72211976231199], [-47.235550126109615, -16.754930762342497], [-47.2229901260979, -16.76136676234853], [-47.23046512610483, -16.774954762361176], [-47.21679412609217, -16.779611762365562], [-47.218470626093676, -16.809182762393107], [-47.211569126087284, -16.828398762410984], [-47.193087126070054, -16.824751262407517], [-47.20890362608475, -16.865037762445127], [-47.19274112606968, -16.882703762461574], [-47.2025461260788, -16.889938262468263], [-47.197352126074065, -16.909566262486578], [-47.1792171260571, -16.902452762479925], [-47.1593471260386, -16.92204376249822], [-47.17393612605224, -16.932431762507804], [-47.15649012603592, -16.94096376251582], [-47.16615512604494, -16.952180262526213], [-47.15150812603133, -16.954738762528677], [-47.157911126037334, -16.964242762537424], [-47.125692126007266, -16.979047762551318], [-47.15068412603057, -16.996894762567877], [-47.13132212601249, -17.009979262580032], [-47.1464031260266, -17.03079776259949], [-47.161126126040244, -17.02889626259764], [-47.16653412604535, -17.04703576261454], [-47.18401212606159, -17.03550426260381], [-47.18165812605935, -17.06349676262994], [-47.1957671260725, -17.059611762626332], [-47.190599126067696, -17.069168762635172], [-47.20893062608479, -17.067720762633826], [-47.207241126083204, -17.0798992626452], [-47.22335312609823, -17.075235762640887], [-47.23137912610571, -17.089257762653915], [-47.24728862612051, -17.08131226264652], [-47.24773612612091, -17.098099762662173], [-47.25607712612873, -17.09268676265708], [-47.28151712615238, -17.114436762677315], [-47.282270126153094, -17.14364276270453], [-47.29537812616536, -17.138167262699426], [-47.306935126176086, -17.15855676271849], [-47.31060112617945, -17.1458622627066], [-47.32723912619497, -17.1478797627085], [-47.333463626200796, -17.16483676272435], [-47.35154612621761, -17.166042762725397], [-47.33973612620662, -17.18693076274485], [-47.36260412622789, -17.186037262744094], [-47.349792126216016, -17.19604176275334], [-47.362205126227536, -17.222252262777715], [-47.37423712623877, -17.21587376277182], [-47.386721126250336, -17.248888762802608], [-47.406369126268714, -17.24522676279912], [-47.42246462628361, -17.26010826281299], [-47.41740662627899, -17.27000626282222], [-47.434018126294404, -17.275761762827642], [-47.41910212628056, -17.29189776284261], [-47.42893012628963, -17.307581262857184], [-47.421355126282606, -17.320805762869554], [-47.45443612631345, -17.329282262877427], [-47.44112162630108, -17.347926762894758], [-47.4875131263442, -17.349048762895904], [-47.51077412636596, -17.3251242628736], [-47.504155126359706, -17.33683876288444], [-47.521237126375695, -17.35235626289898], [-47.51410112636904, -17.375586262920592], [-47.538384626391576, -17.388343762932436], [-47.523222126377505, -17.412001262954504], [-47.53732262639062, -17.4088457629515], [-47.52098612637542, -17.42341476296508], [-47.54074262639381, -17.453846762993408], [-47.51385612636875, -17.46034826299956], [-47.49518912635142, -17.52592476306063], [-47.4772701263347, -17.510874263046617], [-47.454518126313474, -17.537938263071737], [-47.398083126260985, -17.511734763047343], [-47.32918612619676, -17.524249263059005], [-47.26535162613732, -17.60998476313887], [-47.2809371261518, -17.652787763178708], [-47.26953612614125, -17.673748763198205], [-47.31324312618199, -17.69855926322134], [-47.31740412618581, -17.726176763247054], [-47.34228812620904, -17.74400026326373], [-47.33248612619991, -17.767347263285387], [-47.35403912621996, -17.787080763303834], [-47.35159812621771, -17.81467376332955], [-47.372618126237285, -17.829492263343354], [-47.35327112621917, -17.87047826338153], [-47.3566241262223, -17.89732876340645], [-47.337963126204954, -17.91202576342016], [-47.34015012620705, -17.936946763443416], [-47.313404126182036, -17.962763263467423], [-47.31873512618711, -17.995575763497982], [-47.29640612616629, -18.00893326351047], [-47.30034112616988, -18.026561763526843], [-47.282763126153554, -18.057774763555926], [-47.305103126174345, -18.063236763561008], [-47.30199212617151, -18.073275263570395], [-47.322325126190435, -18.06922876356657], [-47.35735212622308, -18.084560263580897], [-47.35543612622121, -18.104651763599577], [-47.40687912626913, -18.131290763624406], [-47.39643012625936, -18.141402763633778], [-47.428344126289176, -18.13882376363142], [-47.42959812629033, -18.165351763656076], [-47.45079512631003, -18.15870976364988], [-47.484488126341375, -18.19306776368194], [-47.51776212637242, -18.198413763686858], [-47.53329612638686, -18.230244263716486], [-47.53857312639184, -18.193052763681862], [-47.56712512641843, -18.203402763691543], [-47.57051112642159, -18.21986276370683], [-47.58735612643727, -18.225083763711723], [-47.58135512643162, -18.23464426372061], [-47.60670112645528, -18.246279763731422], [-47.60685512645534, -18.263427263747417], [-47.61412612646211, -18.250422263735345], [-47.625342626472616, -18.25896876374327], [-47.61857412646634, -18.271249763754668], [-47.63832412648469, -18.287216763769607], [-47.6108161264591, -18.314928763795365], [-47.62573862647298, -18.333835763813], [-47.647709126493396, -18.340236763819007], [-47.657127126502246, -18.327342763806996], [-47.67026162651439, -18.357012763834632], [-47.68601412652913, -18.356994763834564], [-47.69964612654178, -18.378529763854658], [-47.71640812655744, -18.36162726383884], [-47.74012412657953, -18.3633787638405], [-47.73284612657278, -18.37543676385178], [-47.75643012659464, -18.395200763870207], [-47.747429126586326, -18.411145763884974], [-47.778569126615366, -18.423673263896717], [-47.80867912664337, -18.400408263874965], [-47.829444626662735, -18.41295876388665], [-47.83149112666456, -18.449321263920524], [-47.86000612669113, -18.43972826391166], [-47.8732051267034, -18.45868876392933], [-47.86773412669834, -18.473937263943526], [-47.913825126741244, -18.466116263936215], [-47.9544881267791, -18.499818763967596], [-47.964511126788466, -18.47689576394623], [-47.97876212680171, -18.475502263944918], [-47.980461126803334, -18.442400263914124], [-48.008885126829796, -18.453807763924715], [-48.05537612687306, -18.412781263886586], [-48.07774412689389, -18.43007776390266], [-48.11559212692919, -18.425949263898815], [-48.14734712695872, -18.407746763881846], [-48.16090912697143, -18.371773763848296], [-48.22050712702685, -18.36182576383908], [-48.22636262703236, -18.34526426382365], [-48.25494912705892, -18.343528763822064], [-48.26195712706556, -18.331424763810787], [-48.278623127081005, -18.331073763810423], [-48.314497127114464, -18.363695263840782], [-48.30407412710474, -18.37977676385583], [-48.31318212711324, -18.38437826386007], [-48.35316012715043, -18.365610763842596], [-48.403205127197, -18.370726763847415], [-48.405266127198956, -18.35588326383356], [-48.43612112722769, -18.364845763841913], [-48.44520812723613, -18.354841263832554], [-48.48078212726932, -18.379679263855678], [-48.48435412727258, -18.35317176383103], [-48.51519612730135, -18.365956263842918], [-48.55408862733759, -18.34648976382482], [-48.560961127343944, -18.323425763803357], [-48.59681912737733, -18.334351763813515], [-48.63337112741135, -18.327188763806816], [-48.646716127423815, -18.34343076382197], [-48.69729312747097, -18.34970676382784], [-48.75529112752497, -18.34392226382238], [-48.78376512755142, -18.350672263828642], [-48.81590612758146, -18.37920226385529], [-48.827569127592255, -18.37478976385114], [-48.83162712759599, -18.345675763824033], [-48.93631812769354, -18.305748763786823], [-48.98373912773775, -18.34095426381964], [-48.98104512773523, -18.355915763833536], [-48.995540127748654, -18.37048226384718], [-49.04154412779155, -18.376048763852282], [-49.053305127802446, -18.402117263876562], [-49.07658212782417, -18.41632176388987], [-49.11102012785625, -18.401551763876114], [-49.108349127853785, -18.383387263859163], [-49.127034127871184, -18.382914763858707], [-49.157689127899744, -18.413430263887108], [-49.20521012794393, -18.411334263885237], [-49.2108211279492, -18.423048763896077], [-49.192127127931826, -18.449261763920504], [-49.22796512796515, -18.479394763948562], [-49.24835712798415, -18.522458763988652], [-49.28174412801525, -18.533732263999127], [-49.29213712802493, -18.563547764026907], [-49.32851712805882, -18.563381764026758], [-49.383549128110076, -18.644268764102094], [-49.41627062814052, -18.638091764096316], [-49.43194112815513, -18.6062847640668], [-49.48136912820121, -18.56057226402413], [-49.48530212820481, -18.50897676397608], [-49.50025312821879, -18.49102726395938], [-49.54736212826265, -18.50293876397052], [-49.5419321282576, -18.526966263992904], [-49.55663712827129, -18.546118264010715], [-49.651244128359394, -18.5606577640242], [-49.63965812834863, -18.59976376406064], [-49.68648312839218, -18.589751764051357], [-49.73779712843998, -18.616466764076222], [-49.771736128471616, -18.612807264072785], [-49.783218128482304, -18.640881764098935], [-49.8356886285311, -18.636231764094646], [-49.88351412857571, -18.608572764068867], [-49.93118712862008, -18.62353526408276], [-50.01612212869918, -18.599381764060354], [-50.03655712871819, -18.60941776406969], [-50.049739128730494, -18.64308426410105], [-50.079577128758274, -18.671785764127776], [-50.16382112883673, -18.663894764120414], [-50.30580012896894, -18.69501476414939], [-50.376269129034654, -18.81192426425821], [-50.42302412907816, -18.832195764277117], [-50.441034129094874, -18.890332264331278], [-50.467746129119746, -18.918702764357704], [-50.508645629157854, -18.936834264374625], [-50.49827312914829, -19.03356876446469], [-50.542142129189074, -19.104347764530644], [-50.58455312922854, -19.136925764560942], [-50.67757812931518, -19.137648764561618], [-50.67865112931622, -19.172373264593944], [-50.733004129366805, -19.185348764606033], [-50.746329129379205, -19.234434764651724], [-50.82219012944995, -19.294671764707914], [-50.87409912949829, -19.409551764814864], [-50.86811012949272, -19.433464264837085], [-50.82447012945204, -19.47458076487544], [-50.8417031294681, -19.4986907648979], [-50.93402412955402, -19.467137764868426], [-50.951657129570435, -19.44217526484522], [-50.98482662960134, -19.430924264834744], [-50.98458112960111, -19.409955264815267], [-51.030247129643726, -19.400979764806834], [-51.017523129631854, -19.383418764790463], [-51.050324129662386, -19.33461276474509], [-51.08748812969702, -19.30787376472017], [-51.180023129783194, -19.283077764697055], [-51.20249412980411, -19.260777764676277], [-51.22379812982388, -19.257726764673407], [-51.251739129849966, -19.273618764688194], [-51.307437129901814, -19.2374837646546], [-51.30733512990173, -19.21807276463653], [-51.3689961299591, -19.22023426463852], [-51.37463462996436, -19.19418276461431], [-51.39507362998347, -19.195629264615604], [-51.419996130006666, -19.166081264588115], [-51.457789130041874, -19.16711376458909], [-51.474836130057724, -19.153734264576656], [-51.49344513007509, -19.162538764584838], [-51.500997130082055, -19.147323764570615], [-51.5761911301521, -19.126104264550918], [-51.60871913018241, -19.14042076456417], [-51.63916113021082, -19.12697376455162], [-51.657471130227805, -19.137463764561403], [-51.712692130279265, -19.1023767645288], [-51.72822113029372, -19.107771264533767], [-51.74271613030726, -19.08737826451477], [-51.79085513035204, -19.077676264505726], [-51.817886130377246, -19.05312876448295], [-51.84083413039855, -19.05668626448619], [-51.84227963039996, -19.04184726447238], [-51.8544691304113, -19.051019764480884], [-51.898328130452114, -18.9937297644276], [-51.939855130490855, -18.96751776440317], [-51.95102513050119, -18.980254764415008], [-51.967802130516816, -18.966242764401954], [-51.97771913052611, -18.980355764415094], [-51.99841713054536, -18.967290264403005], [-52.01511513056096, -18.982324764416944], [-52.01816163056378, -18.96304226439895], [-52.04474913058846, -18.95005426438695], [-52.08088263062211, -18.95045226438731], [-52.10390963064356, -18.927606764366033], [-52.11122613065038, -18.898846264339227], [-52.15669413069281, -18.88797876432909], [-52.18099113071537, -18.847461764291324], [-52.25099613078055, -18.839125764283608], [-52.26327813079206, -18.827355764272625], [-52.30855013083419, -18.839262764283717], [-52.333638130857594, -18.827790264273062], [-52.409355630928076, -18.754531264204843], [-52.4486351309647, -18.69051326414524], [-52.552552131061475, -18.65653826411358], [-52.59238313109847, -18.68943976414414], [-52.63319713113651, -18.695104764149505], [-52.680861131180905, -18.678229264133734], [-52.749121131244465, -18.690320764144985], [-52.9162731314002, -18.639844264097974], [-52.913835131397946, -18.619369764078897], [-52.93938363142172, -18.612812764072828], [-52.93396713141669, -18.59866176405967], [-52.96186413144267, -18.54036976400539], [-52.91527263139926, -18.50845326397564], [-52.88047113136679, -18.465041763935233], [-52.874840131361566, -18.42828676390093], [-52.79802713129004, -18.41441226388804], [-52.76141613125594, -18.370860263847476], [-52.75869963125342, -18.349157763827293], [-52.7869776312798, -18.32013526380024], [-52.872720631359584, -18.31438526379486], [-52.93474413141735, -18.296106263777915], [-52.97860563145821, -18.304265763785452], [-53.02927813150541, -18.350822763828774], [-53.0694491315428, -18.34243076382097], [-53.10066513157187, -18.310382763791154], [-53.142752631611074, -18.08138976357793], [-53.12316513159283, -18.058381263556498], [-53.07522513154822, -18.050347763548984], [-53.069558131542976, -17.985464763488608], [-53.09999613157129, -17.936369763442826], [-53.1309571316001, -17.916451763424334], [-53.14252763161085, -17.87121526338217], [-53.1359126316047, -17.836608763349886], [-53.1681361316347, -17.76581726328402], [-53.200338131664694, -17.73029876325097], [-53.23731213169913, -17.71400576323572], [-53.25072313171165, -17.61863226314688]]]}}, {"type": "Feature", "id": "MA", "properties": {"id": "MA", "sigla": "MA", "name": "Maranhão", "regiao": "Nordeste", "pop_total": 6785463, "qtd_equipes_esf": 5109, "capacidade_pnab": 18392000, "cobertura_pnab_pct": 271.1, "sobrecarga_media": 0.37, "pop_critica": 941617, "pct_pop_critica": 13.88, "n_polos_critica": 82, "hab_por_esf": 1328, "densidade": 19.9}, "geometry": {"type": "MultiPolygon", "coordinates": [[[[-48.75471662752443, -5.348781751719685], [-48.43272012722457, -5.097683751485874], [-48.43419312722585, -5.076291751465988], [-48.41861512721141, -5.085329251474377], [-48.39584162719018, -5.069994251460116], [-47.79054012662641, -4.585943751009268], [-47.67954012652308, -4.60823125103002], [-47.61151862645977, -4.55697975098235], [-47.47589112633341, -4.356062250795162], [-47.47431112633194, -4.314666750756601], [-47.37134462623601, -4.24520975069197], [-47.378730126242885, -4.220759750669231], [-47.35984412622531, -4.190995750641491], [-47.36540612623048, -4.180264250631467], [-47.33981312620665, -4.176669750628093], [-47.34940212621564, -4.11630675057188], [-47.31900212618734, -4.04739975050768], [-47.30464012617392, -4.058454750518081], [-47.23850712611238, -3.998256250461964], [-47.22223512609719, -4.000926750464487], [-47.20131912607769, -3.973193750438668], [-47.19694262607368, -3.985028750449601], [-47.18821262606548, -3.979838750444856], [-47.18331212606097, -3.947271250414474], [-47.16883562604744, -3.943064750410599], [-47.172503126050856, -3.923841750392626], [-47.14807712602817, -3.914116250383586], [-47.14829112602831, -3.896531250367275], [-47.13201912601312, -3.899198750369692], [-47.132122126013314, -3.878279750350202], [-47.10620612598916, -3.880568750352381], [-47.10144112598471, -3.860974750334094], [-47.08832512597246, -3.861208750334299], [-47.07900662596376, -3.845770250319902], [-47.0862651259705, -3.824529250300202], [-47.072200125957465, -3.817488750293592], [-47.05571462594207, -3.774070750253145], [-47.064856125950655, -3.758991250239092], [-47.04770712593461, -3.718504750201419], [-47.054108125940616, -3.684633250169895], [-47.03660212592433, -3.667593750153969], [-47.05521412594169, -3.653930750141285], [-47.03965812592719, -3.643734750131784], [-47.05192212593852, -3.635015250123615], [-47.048207125935164, -3.619257250108944], [-47.0270136259154, -3.598440250089652], [-47.04098412592839, -3.59035575008204], [-47.02682112591515, -3.580560750073005], [-47.037176125924816, -3.561443250055163], [-47.018049625907, -3.565168250058605], [-47.003036125893004, -3.533603250029273], [-46.97688812586864, -3.530013250025831], [-46.96984562586215, -3.514551250011436], [-46.98231712587369, -3.495359749993554], [-46.95952212585246, -3.495276249993481], [-46.968975125861334, -3.473191749973012], [-46.94756112584139, -3.476070249975692], [-46.95565262584887, -3.461300249961937], [-46.94160612583585, -3.44657624994818], [-46.956039125849315, -3.425536749928597], [-46.939654125833954, -3.42030074992374], [-46.943816125837884, -3.377457749883774], [-46.9054901258022, -3.367152749874208], [-46.889055125786854, -3.335175749844439], [-46.87538812577418, -3.346201749854686], [-46.868525125767746, -3.326841749836603], [-46.85894112575886, -3.342214749850996], [-46.847787625748424, -3.318930749829292], [-46.81296662571606, -3.309172249820222], [-46.825586125727796, -3.296961749808816], [-46.80959112571293, -3.288957249801342], [-46.81931712572191, -3.270957249784601], [-46.8018211257056, -3.266048749779998], [-46.80577712570937, -3.244109249759617], [-46.784628125689665, -3.246188249761531], [-46.77796012568342, -3.216230249733599], [-46.754383125661434, -3.215349249732867], [-46.77073212567666, -3.202146749720555], [-46.75676912566371, -3.193805749712737], [-46.7714751256774, -3.176852249696935], [-46.75152112565877, -3.188678249708005], [-46.74748512565509, -3.164247249685218], [-46.720281125629754, -3.156586249678071], [-46.72737612563628, -3.129633749652953], [-46.74383712565168, -3.136128249659009], [-46.74741312565493, -3.120510749644495], [-46.73039112563913, -3.123437249647168], [-46.720727125630106, -3.1083687496332], [-46.70837912561865, -3.126897749650425], [-46.70630612561672, -3.09956474962496], [-46.676370125588846, -3.094804749620607], [-46.67646912558894, -3.032687749562683], [-46.65875612557238, -3.010847249542394], [-46.67295212558565, -2.999899749532119], [-46.649418625563726, -2.993813249526511], [-46.6614511255749, -2.972777249506862], [-46.64762012556207, -2.9613302494962], [-46.671255125584025, -2.946754749482693], [-46.6533891255674, -2.930688249467721], [-46.67923312559151, -2.881365249421719], [-46.637173125552295, -2.8828502494232], [-46.640924125555784, -2.863962249405517], [-46.62928312554493, -2.85818574940015], [-46.64048712555541, -2.852440249394817], [-46.61192612552884, -2.85710224939919], [-46.61352412553026, -2.828584749372567], [-46.57539312549477, -2.841021249384198], [-46.60016512551783, -2.812730249357855], [-46.60192562551947, -2.788830249335547], [-46.626977125542794, -2.804061749349785], [-46.63622612555139, -2.793312749339748], [-46.63550012555072, -2.754199749303325], [-46.650449125564705, -2.756588249305537], [-46.65244412556649, -2.72907174927991], [-46.66981112558267, -2.730405749281203], [-46.66353062557687, -2.693832249247066], [-46.646556125561006, -2.688697749242351], [-46.64858512556293, -2.678772749233076], [-46.635582125550854, -2.686057249239866], [-46.62021612553656, -2.665818249221047], [-46.62150512553774, -2.644157749200872], [-46.60555912552286, -2.63876324919579], [-46.59333412551143, -2.665005249220258], [-46.57436112549385, -2.628397749186206], [-46.50459012542888, -2.614551249173246], [-46.50880512543279, -2.589100249149624], [-46.48696412541244, -2.569745749131584], [-46.50144212542591, -2.55563474911844], [-46.493913125418885, -2.536140749100241], [-46.4726611253991, -2.544515249108031], [-46.41911112534922, -2.527848749092527], [-46.43577412536479, -2.512249249077968], [-46.428207625357686, -2.493101749060202], [-46.43935862536807, -2.478207749046305], [-46.43971312536837, -2.412440248985035], [-46.409232125340054, -2.364602248940514], [-46.42550412535513, -2.36049224893668], [-46.45555512538317, -2.383740748958303], [-46.4654981253924, -2.368997248944652], [-46.431252125360515, -2.333252748911264], [-46.41365112534413, -2.275046248857052], [-46.4277981253573, -2.239371248823886], [-46.40651762533753, -2.231876748816944], [-46.37741912531044, -2.253123248836687], [-46.34178812527716, -2.226780248812133], [-46.31187312524935, -2.180391248768956], [-46.27791112521777, -2.162030248751876], [-46.29243362523118, -2.148282248739065], [-46.262553625203395, -2.121090248713699], [-46.26225312520319, -2.05596174865309], [-46.24944312519119, -2.049965248647482], [-46.23889512518133, -2.011116748611244], [-46.247395125189314, -1.992384248593794], [-46.220039125163794, -1.914453748521282], [-46.22716312517048, -1.885946248494747], [-46.24325762518549, -1.879840748489073], [-46.20820812515285, -1.830526248443107], [-46.22891512517208, -1.800240248414866], [-46.2530911251946, -1.793736248408891], [-46.310715125248294, -1.803524248417943], [-46.323566125260186, -1.765185248382295], [-46.30468212524261, -1.727371748347082], [-46.2612921252022, -1.728384248347993], [-46.2423291251846, -1.716903248337303], [-46.21588812515995, -1.726939748346581], [-46.200438125145524, -1.702783748324123], [-46.170065125117276, -1.696023748317884], [-46.15326012510161, -1.67727074830043], [-46.15984912510771, -1.624115748250915], [-46.14427112509327, -1.609217248236973], [-46.149192125097784, -1.587626248216907], [-46.130873125080825, -1.57819524820809], [-46.139286125088574, -1.513952248148257], [-46.16912612511635, -1.469994248107355], [-46.13100412508095, -1.433936748073734], [-46.14677312509559, -1.414931248056064], [-46.094859125047265, -1.326769247973971], [-46.12118912507174, -1.323812747971147], [-46.1186921250694, -1.30448624795315], [-46.13978012508903, -1.29897174794803], [-46.15352112510186, -1.269143247920283], [-46.137003625086436, -1.242527247895509], [-46.145512125094456, -1.226780247880811], [-46.112358125063565, -1.196458247852547], [-46.076671125030316, -1.195887747851998], [-46.07462712502843, -1.160643747819222], [-46.06755962502177, -1.150035247809342], [-46.0660091250204, -1.162114247820568], [-46.055944125011024, -1.131228247791796], [-46.039854124996054, -1.172548747830319], [-46.04565012500143, -1.120787247782118], [-46.01432012497219, -1.085253247749051], [-46.01512112497301, -1.064790747729944], [-45.99906212495796, -1.089252747752766], [-45.98361912494363, -1.044767747711262], [-45.964543124925854, -1.046241247712715], [-45.97886312493915, -1.066619747731693], [-45.97028312493126, -1.06178924772712], [-45.956991124918886, -1.079613747743792], [-45.96723412492838, -1.09399674775716], [-45.97150012493239, -1.084080747747976], [-45.98816412494784, -1.088739747752243], [-45.97051912493146, -1.086975247750615], [-45.98163812494181, -1.122105747783394], [-45.95919912492093, -1.107323247769614], [-45.95239712491457, -1.123139747784307], [-45.989789124949425, -1.137729747797835], [-45.993950124953244, -1.162062247820586], [-45.985582124945495, -1.154627247813664], [-45.98079212494099, -1.166330747824531], [-45.97491312493548, -1.142673247802463], [-45.94183612490474, -1.138185247798333], [-45.95633012491817, -1.23340324788694], [-45.94806812491049, -1.238271247891475], [-45.93739412490061, -1.192460247848885], [-45.87497712484242, -1.09730624776023], [-45.88631312485302, -1.091752247755039], [-45.857611124826235, -1.070384247735205], [-45.87116162483892, -1.060817247726277], [-45.841037124810896, -1.044257247710789], [-45.833621124803926, -1.087568247751165], [-45.85153012482067, -1.125407747786426], [-45.880346124847506, -1.13368774779417], [-45.91365812487845, -1.18150474783863], [-45.90377712486929, -1.178307247835733], [-45.91549812488017, -1.2004202478563], [-45.86968012483749, -1.145454247805105], [-45.862656124831005, -1.156614247815469], [-45.88752812485416, -1.180329247837562], [-45.861888124830216, -1.166651247824802], [-45.86444412483263, -1.200174247856012], [-45.89545212486155, -1.227366247881378], [-45.90432612486984, -1.22255474787687], [-45.89647512486249, -1.238031747891341], [-45.91185512487675, -1.23530474788879], [-45.9030601248686, -1.259616747911423], [-45.88506112485186, -1.22228174787665], [-45.84694112481634, -1.208801747864072], [-45.8706741248385, -1.247517747900133], [-45.84475212481425, -1.220243247874691], [-45.84647312481593, -1.229679247883496], [-45.87983512484698, -1.259742747911559], [-45.856090124824846, -1.261526247913139], [-45.86338562483161, -1.270794747921855], [-45.85978212482826, -1.283607247933787], [-45.83438762480466, -1.198608247854622], [-45.81184412478365, -1.221183747875557], [-45.822990124794046, -1.248606747901135], [-45.810112124781995, -1.221356747875802], [-45.82315912479419, -1.179221247836495], [-45.79127762476446, -1.162614747821067], [-45.80378912477613, -1.20754824786286], [-45.79518362476813, -1.221740247876141], [-45.839727124809656, -1.280763247931077], [-45.821778624792955, -1.311856247960009], [-45.7971161247699, -1.323435747970848], [-45.80076512477331, -1.344077247990072], [-45.79478712476782, -1.322267247969762], [-45.81990512479115, -1.311058747959351], [-45.818421624789835, -1.297155747946363], [-45.83812262480808, -1.28347474793361], [-45.80599412477818, -1.258904747910719], [-45.802971124775354, -1.249992747902411], [-45.78570212475927, -1.249431247901953], [-45.78020762475421, -1.264743747916214], [-45.79677212476963, -1.276293747926957], [-45.8098731247818, -1.271360747922358], [-45.8145191247861, -1.275827247926486], [-45.793919124766944, -1.278623747929146], [-45.78193812475581, -1.269712747920835], [-45.77704412475123, -1.274726747925456], [-45.784381124758056, -1.244080747896987], [-45.76753112474239, -1.19182324784822], [-45.75633062473196, -1.198739747854688], [-45.73976912471653, -1.150800247810025], [-45.72904012470656, -1.148959747808362], [-45.73466762471173, -1.132300747792783], [-45.68099112466177, -1.135996247796243], [-45.67929212466015, -1.148146247807631], [-45.725202124702946, -1.200288747856121], [-45.72524612470295, -1.222498747876784], [-45.74558812472196, -1.236983247890294], [-45.71871712469692, -1.231281247885022], [-45.694382124674235, -1.269228747920351], [-45.6991431246787, -1.308390247956822], [-45.71852412469673, -1.313443747961514], [-45.72962112470702, -1.345868247991689], [-45.72107762469909, -1.350181747995748], [-45.71752912469583, -1.318545247966313], [-45.697620124677314, -1.312839247960937], [-45.69011712467034, -1.336941747983474], [-45.67758212465867, -1.344408247990373], [-45.703173124682394, -1.35435624799959], [-45.71686212469524, -1.366099248010528], [-45.71975112469784, -1.375235248019067], [-45.73016762470763, -1.37526574801916], [-45.73873412471562, -1.381110248024584], [-45.74870612472489, -1.368378248012732], [-45.75393612472976, -1.378280748021893], [-45.73963812471641, -1.383067748026406], [-45.717850124696156, -1.377381748021094], [-45.699999624679435, -1.357857248002915], [-45.702453124681824, -1.389447248032297], [-45.719291124697406, -1.402916248044903], [-45.725310124703014, -1.417003248057995], [-45.703467124682675, -1.394155748036724], [-45.68576012466622, -1.395674248038063], [-45.69431812467417, -1.370724248014881], [-45.66722312464901, -1.367601248011965], [-45.67650512465764, -1.377847748021509], [-45.62745012461187, -1.363732248008318], [-45.61535912460067, -1.340703747986936], [-45.61359412459899, -1.278061247928576], [-45.57976112456754, -1.2569012479089], [-45.58732612457459, -1.29420024794365], [-45.59855012458502, -1.294661747944019], [-45.60845162459418, -1.302634747951515], [-45.58980612457685, -1.300095247949116], [-45.588711124575866, -1.328196747975312], [-45.59480712458151, -1.337880747984286], [-45.602626124588824, -1.335273247981831], [-45.607794624593566, -1.341757747987913], [-45.6029671245891, -1.34438024799033], [-45.587750124574995, -1.332870247979599], [-45.57614312456417, -1.352021247997413], [-45.58776912457495, -1.311858747960059], [-45.58058312456831, -1.295408747944748], [-45.55196762454159, -1.273780747924548], [-45.56191812455086, -1.282534247932745], [-45.55439112454394, -1.318480247966249], [-45.57393312456213, -1.331260247978094], [-45.573576624561724, -1.33976724798606], [-45.55703212454637, -1.327617747974728], [-45.54723712453722, -1.308137247956552], [-45.53502312452588, -1.302534747951427], [-45.5294406245207, -1.316214247964126], [-45.558195624547466, -1.330142247977051], [-45.552273624541954, -1.35126274799677], [-45.56343312455226, -1.359748748004677], [-45.569243124557715, -1.374752748018636], [-45.55006412453986, -1.351214247996722], [-45.5517501245414, -1.333257247979986], [-45.53703912452772, -1.338138747984544], [-45.50097212449418, -1.291668247941288], [-45.52567512451719, -1.349188247994789], [-45.512196624504554, -1.339235247985584], [-45.51143012450382, -1.35171624799716], [-45.52313312451474, -1.36551524801007], [-45.54125762453168, -1.367523748011877], [-45.544213124534394, -1.373087748017042], [-45.52123212451295, -1.367388748011763], [-45.51125612450369, -1.360785748005583], [-45.50736812450009, -1.377603248021273], [-45.52675862451815, -1.404003748045852], [-45.518512124510494, -1.411736248053103], [-45.491557124485325, -1.389171748032027], [-45.46589612446144, -1.349622247995285], [-45.465209124460785, -1.319400747967052], [-45.43773062443529, -1.309474747957893], [-45.44328512444042, -1.295856747945209], [-45.40974962440919, -1.289280747939074], [-45.40788612440747, -1.338668247985083], [-45.417632124416514, -1.351519247996976], [-45.43213212443004, -1.332304247979096], [-45.42753812442572, -1.35100824799656], [-45.44457812444159, -1.365049748009596], [-45.44522762444217, -1.351425747996927], [-45.4672431244627, -1.373093248017085], [-45.47609762447098, -1.4338322480736], [-45.48807612448218, -1.431231248071185], [-45.47289712446798, -1.446414248085375], [-45.48438212447866, -1.475026248112044], [-45.46982812446515, -1.478302248115028], [-45.47322212446829, -1.499468248134804], [-45.45306812444949, -1.497875248133255], [-45.449869124446536, -1.517131748151201], [-45.45651212445273, -1.52971724816291], [-45.47430112446932, -1.523106748156806], [-45.4872571244814, -1.529961248163204], [-45.481739124476235, -1.54333174817566], [-45.472217124467306, -1.526175748159631], [-45.44318712444033, -1.542715248175114], [-45.45414812445051, -1.532910748165932], [-45.44452512444161, -1.508781748143406], [-45.46015512445615, -1.47686424811377], [-45.428607124426776, -1.424736748065129], [-45.41664712441559, -1.415096248056216], [-45.411688124410944, -1.424114248064598], [-45.428304124426404, -1.465034248102711], [-45.40481212440454, -1.486893748123066], [-45.42278312442136, -1.464253248101954], [-45.40842512440793, -1.433726248073526], [-45.405724124405424, -1.45768124809581], [-45.39647112439684, -1.462753748100567], [-45.40188312440182, -1.421754248062371], [-45.39352012439406, -1.414486748055651], [-45.368574124370866, -1.436360248075971], [-45.36001312436281, -1.427760748067954], [-45.39062612439136, -1.41216574805344], [-45.36477612436727, -1.392063248034788], [-45.36316812436576, -1.385942248029096], [-45.36894812437117, -1.378457248022073], [-45.34997112435349, -1.388746748031622], [-45.35649012435954, -1.392540248035175], [-45.3548541243581, -1.400310248042388], [-45.347970124351605, -1.393683248036268], [-45.3506301243541, -1.382012248025376], [-45.36163912436439, -1.376969248020714], [-45.37003412437218, -1.377822748021458], [-45.372577124374516, -1.391196748033963], [-45.37308512437505, -1.37663274802037], [-45.34896312435251, -1.341397747987571], [-45.338935124343266, -1.348634747994311], [-45.354167124357446, -1.356564748001688], [-45.33795812434232, -1.351239247996773], [-45.33072712433557, -1.36404724800866], [-45.32940512433436, -1.360927748005793], [-45.35506312435825, -1.314149247962177], [-45.341425124345506, -1.307339247955838], [-45.31709712432291, -1.317737747965566], [-45.30051612430748, -1.342989247989067], [-45.30485212431154, -1.384647248027818], [-45.30053912430742, -1.396425748038837], [-45.2970921243043, -1.367514248011844], [-45.292555124300065, -1.418202748059116], [-45.295715124303, -1.426125748066511], [-45.304118124310776, -1.405962248047672], [-45.315471124321334, -1.411410748052731], [-45.30345712431017, -1.408989748050544], [-45.300948124307865, -1.419768248060564], [-45.31282862431897, -1.440324248079719], [-45.35408712435731, -1.452818748091318], [-45.38785512438881, -1.481382748117994], [-45.3788921243804, -1.516184248150353], [-45.37243212437443, -1.515636248149804], [-45.384167124385385, -1.484569748120862], [-45.345297124349145, -1.469522748106897], [-45.37254712437448, -1.544634248176862], [-45.383778124385, -1.537070248169812], [-45.39130862439197, -1.541672248174109], [-45.39893612439914, -1.56983924820031], [-45.388170124389035, -1.54206274817443], [-45.36919012437136, -1.54732674817933], [-45.336678624341175, -1.474116248111159], [-45.32690012433204, -1.480841248117486], [-45.33525012433984, -1.503674248138736], [-45.32705012433212, -1.516718748150879], [-45.321824124327236, -1.473240748110356], [-45.29766812430478, -1.494153748129861], [-45.31492712432089, -1.554819248186277], [-45.33956712434383, -1.586226748215608], [-45.34066412434481, -1.624529748251234], [-45.35263212435598, -1.613952748241445], [-45.36582062436821, -1.622385248249202], [-45.35196962435532, -1.616461248243695], [-45.34063712434477, -1.628785748255268], [-45.35472612435797, -1.666884748290727], [-45.389385124390174, -1.679951748302869], [-45.40232012440231, -1.705641248326742], [-45.38784012438873, -1.680887748303689], [-45.36480112436732, -1.675359748298547], [-45.37486012437671, -1.688915748311274], [-45.37298212437497, -1.700517748322], [-45.3853911243865, -1.711526248332234], [-45.37019462437229, -1.700825248322303], [-45.37095812437303, -1.686112248308632], [-45.357150124360146, -1.679254248302186], [-45.36567112436808, -1.710459748331232], [-45.35240162435582, -1.736253248355297], [-45.338409124342775, -1.732419748351731], [-45.30903062431537, -1.600248748228637], [-45.29185712429933, -1.592759748221624], [-45.27815112428664, -1.618763248245841], [-45.24757412425811, -1.622323748249187], [-45.25274462426296, -1.59494674822372], [-45.233790124245274, -1.548548248180509], [-45.19634912421043, -1.513647248148004], [-45.1801481241954, -1.523421748157148], [-45.15079612416798, -1.460583748098543], [-45.13555212415383, -1.482822248119305], [-45.14276462416058, -1.491092248126961], [-45.12730512414612, -1.507397248142183], [-45.145284624162855, -1.522539248156249], [-45.12597612414493, -1.511245748145711], [-45.12952312414825, -1.529316748162614], [-45.12683612414571, -1.543623248175891], [-45.12268112414188, -1.547250248179239], [-45.10712012412728, -1.548435748180395], [-45.12667012414556, -1.539898248172449], [-45.12223512414141, -1.514072748148351], [-45.12970412414836, -1.459056748097169], [-45.10187912412243, -1.406295248047968], [-45.111133124131015, -1.38033074802388], [-45.100838124121424, -1.360041248004904], [-45.09451212411557, -1.456968748095164], [-45.108895124128935, -1.495764248131309], [-45.0936451241148, -1.496692748132205], [-45.096768124117716, -1.513230248147579], [-45.08642812410801, -1.503853248138853], [-45.09988712412064, -1.478864748115598], [-45.07260962409521, -1.477063748113892], [-45.09282512411403, -1.485564248121818], [-45.07793312410013, -1.486954748123139], [-45.068720124091556, -1.476135748113052], [-45.06805512409096, -1.457556248095784], [-45.078597124100725, -1.439526748078947], [-45.07038662409309, -1.423997248064552], [-45.0614881240848, -1.439558248079038], [-45.07207112409469, -1.440072248079446], [-45.063121124086365, -1.465772248103349], [-45.07605512409839, -1.516872748150945], [-45.05370312407763, -1.477895248114692], [-45.03947312406433, -1.499758248135095], [-45.03938512406421, -1.490471248126369], [-45.00423912403153, -1.481352248117901], [-44.95821012398869, -1.514826748149062], [-44.96119712399138, -1.492756248128558], [-44.945367123976666, -1.476357248113231], [-44.93485212396695, -1.486852248123], [-44.94979312398084, -1.491424248127259], [-44.952803123983585, -1.498038248133412], [-44.942583123974146, -1.516961748151061], [-44.94605112397733, -1.492525748128287], [-44.93494212396695, -1.508806748143456], [-44.9264791239591, -1.510759748145347], [-44.942048123973564, -1.495499248131068], [-44.90435412393845, -1.489769248125754], [-44.920458123953495, -1.479386748116099], [-44.8805761239164, -1.443203248082341], [-44.868997123905615, -1.457704748095921], [-44.87328812390956, -1.438182748077679], [-44.861324123898385, -1.446417248085368], [-44.8710421239075, -1.431168248071231], [-44.85773212389506, -1.431637248071638], [-44.85599762389347, -1.427091248067427], [-44.871167123907526, -1.425392248065805], [-44.817108123857224, -1.416869248057878], [-44.81009312385072, -1.428729248068862], [-44.83481612387368, -1.449470748088174], [-44.828158123867524, -1.48834524812446], [-44.84325362388154, -1.483615748119973], [-44.84034112387883, -1.457814748095984], [-44.8461891238843, -1.488513748124547], [-44.871549123907926, -1.479893248116582], [-44.88648412392183, -1.481130748117721], [-44.85176762388949, -1.492143248127945], [-44.86974912390622, -1.494052248129719], [-44.87264512390891, -1.516677248150813], [-44.89153312392659, -1.519360248153362], [-44.875980123912086, -1.523433748157117], [-44.880344123916075, -1.540133248172651], [-44.90661912394057, -1.547678748179692], [-44.89758662393217, -1.613373248240919], [-44.86625512390299, -1.602792248231026], [-44.845470123883615, -1.623927748250708], [-44.82196712386178, -1.574498748204633], [-44.80146912384271, -1.5912352482203], [-44.80320312384424, -1.607104748234974], [-44.7923671238342, -1.61754124824472], [-44.80095712384218, -1.626282748252834], [-44.78953262383152, -1.618687748245861], [-44.79767912383909, -1.597950748226481], [-44.77721312382005, -1.6246162482513], [-44.798655123840035, -1.659645248283937], [-44.77262812381582, -1.633788248259862], [-44.784347123826706, -1.582448248212017], [-44.77388412381697, -1.581662748211329], [-44.76739712381095, -1.576770248206799], [-44.759022123803106, -1.561928248192999], [-44.76971412381306, -1.610919248238588], [-44.75437112379882, -1.614065248241559], [-44.75730812380152, -1.62551774825215], [-44.749503123794284, -1.615848248243196], [-44.76479612380854, -1.608810248236637], [-44.754616123798996, -1.59726674822582], [-44.73774112378328, -1.611713748239367], [-44.7474306237923, -1.587749248217051], [-44.71375212376097, -1.558654248189896], [-44.701366123749494, -1.570001248200469], [-44.6979471237463, -1.552903248184521], [-44.70192212374991, -1.581454748211172], [-44.73271512377869, -1.622455248249366], [-44.702177123750175, -1.590369248219417], [-44.69180412374055, -1.599477248227913], [-44.6814441237309, -1.564675248195499], [-44.64234662369449, -1.62389774825067], [-44.656904123708046, -1.665944248289861], [-44.671113123721284, -1.644338748269661], [-44.697210623745605, -1.652074248276904], [-44.699906123748065, -1.640666748266312], [-44.70329112375123, -1.651921248276722], [-44.737374123782956, -1.655475248280027], [-44.74518062379025, -1.645174748270506], [-44.7528846237974, -1.645496248270774], [-44.74210112378739, -1.658228248282626], [-44.759994623804005, -1.681188248304011], [-44.78386012382623, -1.670565748294166], [-44.79327512383509, -1.684341248306964], [-44.78050012382312, -1.676006248299245], [-44.77228412381544, -1.690423248312641], [-44.804375123845375, -1.70429124832549], [-44.75463612379906, -1.73459974835373], [-44.788145123830304, -1.743363248361902], [-44.78864912383074, -1.749288748367462], [-44.75547812379989, -1.743468248361978], [-44.751480123796114, -1.732005248351356], [-44.77246612381566, -1.710693248331495], [-44.73235562377829, -1.725450248345282], [-44.70106712374911, -1.718946748339135], [-44.69676012374521, -1.7376282483566], [-44.71393012376109, -1.754642748372476], [-44.72267512376925, -1.751210248369262], [-44.73249012377846, -1.75236324837033], [-44.71926962376608, -1.75798074837553], [-44.750633123795296, -1.78626624840183], [-44.81338262385373, -1.802091748416615], [-44.80026962384159, -1.813293248427044], [-44.81561712385587, -1.81420724842792], [-44.845674123883896, -1.82834124844112], [-44.80061512384191, -1.817712748431177], [-44.78421312382659, -1.795419748410382], [-44.71635912376337, -1.7822277483981], [-44.75917812380328, -1.818018248431486], [-44.71427912376146, -1.792695748407823], [-44.71067462375811, -1.803413748417825], [-44.698824123747045, -1.803554248417981], [-44.70873212375625, -1.78885724840427], [-44.6963351237448, -1.772262748388812], [-44.66377712371445, -1.767043748384026], [-44.659602123710556, -1.743375748361927], [-44.65266612370408, -1.765585748382591], [-44.6683531237187, -1.796740248411652], [-44.68262162373196, -1.799434748414114], [-44.6924421237411, -1.807522248421719], [-44.695595123744056, -1.821769248434975], [-44.66409912371478, -1.797146248411991], [-44.64783312369957, -1.76455874838166], [-44.65156512370311, -1.787316248402817], [-44.64760412369935, -1.790666248405955], [-44.64365512369568, -1.767540748384477], [-44.65131012370284, -1.747013248365306], [-44.63805912369048, -1.735311748354434], [-44.65295112370438, -1.719587748339791], [-44.59265412364823, -1.745409748363841], [-44.634075623686726, -1.783838748399603], [-44.632777123685514, -1.828753248441444], [-44.619229123672994, -1.823461248436502], [-44.60728712366188, -1.834322248446597], [-44.639099123691494, -1.85738224846807], [-44.61930612367303, -1.868279248478302], [-44.59725812365252, -1.853798248464727], [-44.581908123638186, -1.860707748471214], [-44.569172123626345, -1.858922248469526], [-44.54669712360544, -1.821715248434884], [-44.52946612358937, -1.837859248449945], [-44.54765912360631, -1.870198248480051], [-44.60073062365575, -1.896454748504539], [-44.604812123659485, -1.905643748513057], [-44.5737911236306, -1.894284248502458], [-44.56923612362641, -1.917932248524494], [-44.561011123618755, -1.922717748528953], [-44.56684812362414, -1.898853248506725], [-44.54615312360488, -1.889658248498222], [-44.54531312360416, -1.903751248511298], [-44.53769412359702, -1.894473248502663], [-44.528214123588214, -1.908636248515904], [-44.52278612358316, -1.881998248491072], [-44.488279123551024, -1.942590748547445], [-44.487478123550204, -1.96661424856984], [-44.50536612356689, -1.959662748563346], [-44.50373412356544, -1.948924748553395], [-44.51466312357559, -1.94696824855157], [-44.52244862358282, -1.957535248561385], [-44.48684112354965, -1.975065248577721], [-44.49640412355859, -1.987542748589362], [-44.484349123547304, -1.981051248583299], [-44.484610123547554, -2.002543248603274], [-44.4964451235586, -2.007464248607903], [-44.476755123540215, -2.022150748621584], [-44.465556123529836, -2.015724748615639], [-44.473950123537634, -2.040356748638487], [-44.4999501235618, -2.053382248650678], [-44.4991981235612, -2.141400748732622], [-44.4494471235148, -2.152117748742626], [-44.42861312349544, -2.178388748767134], [-44.43644612350272, -2.18078474876927], [-44.44397012350976, -2.193238748780914], [-44.43058812349727, -2.183049248771454], [-44.395559123464636, -2.213175748799472], [-44.415699123483364, -2.227941748813237], [-44.392584123461916, -2.222674248808289], [-44.37847412344877, -2.275225248857282], [-44.38994412345937, -2.274041748856121], [-44.392202123461516, -2.283321748864751], [-44.37558812344605, -2.27919074886097], [-44.35544412342733, -2.336770748914546], [-44.3713656234421, -2.360205748936437], [-44.37733712344766, -2.353721248930356], [-44.3978031234667, -2.354385748931008], [-44.377588123447936, -2.356263248932692], [-44.36964412344048, -2.376451748951581], [-44.38564312345545, -2.407829248980761], [-44.411530123479565, -2.413609248986177], [-44.32558912339948, -2.499658249066329], [-44.172699123257075, -2.457963249027443], [-44.128777123216196, -2.424672248996444], [-44.10925812319795, -2.426079748997722], [-44.10245462319165, -2.411670748984307], [-44.080255123171014, -2.425425248997158], [-44.094226123183944, -2.407278748980275], [-44.029755123124005, -2.407719748980639], [-44.022447123117104, -2.397885248971534], [-44.02189012311658, -2.449899749019892], [-44.05297512314553, -2.430385249001802], [-44.04622262313933, -2.443448749013896], [-44.072562123163834, -2.436008249007045], [-44.06525412315705, -2.448819249018925], [-44.094952123184726, -2.454027249023738], [-44.11841712320654, -2.47251224904096], [-44.092585123182516, -2.459142249028559], [-44.05869212315088, -2.460656749029908], [-44.07697562316798, -2.465047749034056], [-44.06185312315381, -2.482758249050562], [-44.05647812314885, -2.465847249034823], [-43.976764123074645, -2.466588749035509], [-43.95843212305749, -2.481894749049729], [-43.99964412309589, -2.578332749139577], [-43.98014462307776, -2.57273724913432], [-43.92457312302599, -2.510504249076348], [-43.88956312299342, -2.430811749002146], [-43.83064112293857, -2.363580748939512], [-43.78492812289596, -2.339856748917441], [-43.747404122860985, -2.372965248948276], [-43.7606721228733, -2.354609748931239], [-43.72815112284309, -2.287593248868802], [-43.61477012273747, -2.218994248804847], [-43.56530112269138, -2.246623248830588], [-43.49239412262352, -2.372781748948114], [-43.452720122586584, -2.336153248914002], [-43.37974512251856, -2.324781748903433], [-43.18477812233698, -2.373147248948499], [-42.79278012197199, -2.5596387491222], [-42.745923121928286, -2.563439249125736], [-42.75072662193281, -2.548963749112204], [-42.760558121941926, -2.557814249120497], [-42.75005712193217, -2.544309749107924], [-42.73519612191831, -2.579709749140875], [-42.697869121883514, -2.590584249150993], [-42.690980121877146, -2.613489249172289], [-42.70389062188917, -2.640420749197347], [-42.69277912187874, -2.650142749206452], [-42.69923212188485, -2.637593249194765], [-42.68525612187182, -2.618955249177361], [-42.6930881218791, -2.586211249146913], [-42.724392121908295, -2.578059249139301], [-42.711227121895945, -2.561735749124068], [-42.74122812192388, -2.55542124911824], [-42.71042612189524, -2.556919749119629], [-42.597723121790295, -2.659631249215295], [-42.545895621742034, -2.686564749240347], [-42.503897121702835, -2.679827249234108], [-42.47889512167956, -2.712067249264123], [-42.48370712168412, -2.692105249245515], [-42.364355121572885, -2.709629249261866], [-42.32379712153511, -2.683490249237479], [-42.27439712148919, -2.694312749247615], [-42.227810121445714, -2.666732249221923], [-42.220311121438726, -2.667189749222302], [-42.22437212144257, -2.688777249242435], [-42.21248012143144, -2.701267249254101], [-42.220644121439136, -2.690286249243854], [-42.2116971214308, -2.683664249237609], [-42.157444121380195, -2.695130249248336], [-42.04992012128014, -2.68880424924248], [-42.05733962128704, -2.703083249255769], [-42.02503212125691, -2.758294749307197], [-42.01556162124814, -2.716333249268132], [-42.003698121236994, -2.714649249266472], [-41.82345112106918, -2.718919749270526], [-41.81373112106007, -2.738941249289155], [-41.848668121092715, -2.773148249321025], [-41.84074012108533, -2.818168249362884], [-41.86118312110432, -2.830983249374867], [-41.864343121107254, -2.876236249417047], [-41.810442621057064, -2.933110749469961], [-41.796472121044076, -2.968335249502729], [-41.823897121069535, -3.024126249554683], [-41.9223681211613, -3.107558749632403], [-41.93867012117653, -3.18699074970641], [-41.964074121200156, -3.17861374969857], [-41.973822121209196, -3.211120749728934], [-42.00992512124287, -3.245943749761295], [-42.11544512134117, -3.261954749776237], [-42.132192621356694, -3.289694249802096], [-42.101934621328496, -3.294332249806416], [-42.099752121326446, -3.311015249821935], [-42.12123712134655, -3.319703249830013], [-42.12408912134913, -3.353096749861152], [-42.14049012136445, -3.358808249866456], [-42.151812121374974, -3.387102249892791], [-42.1939131214142, -3.398544749903408], [-42.203994121423534, -3.435393749937703], [-42.24254312145945, -3.43266224993522], [-42.29841112151155, -3.452565749953692], [-42.33042412154134, -3.433488249935976], [-42.36721412157556, -3.452399249953601], [-42.39227612159891, -3.4472087499488], [-42.40929362161478, -3.474839749974535], [-42.431891121635886, -3.454236249955329], [-42.46006012166208, -3.48523024998417], [-42.484388121684674, -3.474041249973766], [-42.48695012168707, -3.448539749949987], [-42.50408612170304, -3.455810249956812], [-42.50616912170506, -3.478440749977835], [-42.52916712172646, -3.492123249990641], [-42.53299712172998, -3.517549250014213], [-42.57208012176636, -3.569113750062343], [-42.60934562180114, -3.585755750077738], [-42.62098112181195, -3.620673750110313], [-42.67536812186256, -3.675223750161081], [-42.682393121869154, -3.703047250187069], [-42.66907612185673, -3.732284750214262], [-42.68299112186969, -3.763724250243513], [-42.668880121856546, -3.791527250269382], [-42.720781121904906, -3.875021750347173], [-42.725817121909586, -3.909628750379397], [-42.783372121963225, -3.956272250422899], [-42.797530121976365, -3.996232250460025], [-42.82177412199894, -3.991010250455247], [-42.86254612203686, -4.092487250549766], [-42.90305412207465, -4.126890750581765], [-42.88779012206044, -4.155227250608164], [-42.93578812210512, -4.161383750613936], [-42.98880612215453, -4.233673750681191], [-42.979672122145985, -4.304630750747265], [-42.96189112212949, -4.334141750774734], [-42.96292112213041, -4.376033750813804], [-42.95041612211878, -4.386455750823529], [-42.93095112210062, -4.381379250818782], [-42.89025912206273, -4.408273750843819], [-42.87256412204624, -4.427198750861407], [-42.87679112205012, -4.45939475089142], [-42.850053122025315, -4.480976750911509], [-42.87433212204792, -4.535243750962081], [-42.86912312204299, -4.572705750996988], [-42.91826812208876, -4.652618251071431], [-42.951587122119804, -4.683554751100246], [-42.920290122090705, -4.736023251149049], [-42.94808012211661, -4.766478251177432], [-42.94992812211831, -4.789376251198746], [-42.897120122069055, -4.842308751248083], [-42.89589412206794, -4.887521751290137], [-42.85438862202932, -4.936570251335866], [-42.85918912203374, -4.981856251377963], [-42.797559121976406, -5.182830751565234], [-42.8271061220039, -5.233427251612284], [-42.81139312198923, -5.287724251662894], [-42.825926122002784, -5.346559751717677], [-42.883219122056175, -5.390382751758466], [-42.909675122080785, -5.394454251762227], [-42.932286122101914, -5.439317251804027], [-42.96839162213553, -5.451622251815479], [-42.975046122141634, -5.485220751846782], [-43.03562912219809, -5.59184025194611], [-43.0802521222397, -5.599460751953188], [-43.09861012225679, -5.632802251984231], [-43.082375122241615, -5.646593751997102], [-43.07714912223673, -5.73120175207589], [-43.095614122254005, -5.741741752085659], [-43.10114162225909, -5.766011252108342], [-43.09680362225504, -5.826095252164237], [-43.0768596222365, -5.865413252200938], [-43.0990321222572, -5.906189752238902], [-43.08103562224039, -5.961284752290226], [-43.04939712221096, -5.994781252321332], [-43.074612122234385, -6.054316252376793], [-43.04958912221116, -6.099354752418776], [-42.98167112214787, -6.128733752446124], [-42.96819712213528, -6.177859252491885], [-42.8631471220375, -6.237275252547192], [-42.84661512202206, -6.28209975258892], [-42.85980212203435, -6.330149752633702], [-42.836693122012775, -6.324957752628848], [-42.82894512200562, -6.337026752640099], [-42.85197662202711, -6.35871425266032], [-42.87736512205072, -6.417473252715013], [-42.86741512204139, -6.484463252777459], [-42.88630012205908, -6.504710252796258], [-42.871432122045235, -6.51154575280259], [-42.88905512206156, -6.538111252827434], [-42.885225122058046, -6.574247252861028], [-42.904109122075624, -6.598434752883577], [-42.919386122089804, -6.669912752950154], [-43.0084011221727, -6.756400753030675], [-43.03300712219561, -6.762258753036122], [-43.08172212224099, -6.747684253022612], [-43.104721122262504, -6.770350753043658], [-43.14563762230057, -6.782704253055158], [-43.16834212232175, -6.769335753042697], [-43.244303122392466, -6.765955253039579], [-43.2783331224241, -6.796218753067819], [-43.34859212248955, -6.797681253069072], [-43.363697122503595, -6.81891375308885], [-43.387480122525744, -6.817259753087342], [-43.39118912252923, -6.833964753102919], [-43.41964512255572, -6.843437253111688], [-43.48156112261336, -6.834699753103564], [-43.49588912262675, -6.807097753077869], [-43.545885122673326, -6.782685253055206], [-43.56022262268664, -6.749610253024343], [-43.58398112270879, -6.75708825303127], [-43.63711612275824, -6.719165752995991], [-43.714595122830474, -6.698337252976557], [-43.760339122873006, -6.70204075298011], [-43.77444712288616, -6.714539752991641], [-43.7963391229066, -6.702669752980682], [-43.81973012292838, -6.726880753003229], [-43.87952112298399, -6.757386253031655], [-43.91339712301556, -6.752265253026849], [-43.92736412302861, -6.770050253043451], [-43.96081212305978, -6.741502253016847], [-43.987335623084505, -6.756882253031108], [-44.032995123126966, -6.760007753034074], [-44.05297212314554, -6.767911753041403], [-44.06929862316076, -6.820981253090849], [-44.08847512317868, -6.802904753074017], [-44.113931123202406, -6.804659753075612], [-44.09831112318784, -6.839547253108094], [-44.10400212319314, -6.856149753123532], [-44.11949912320756, -6.832392253101489], [-44.17410212325842, -6.893153753158003], [-44.17563612325978, -6.927510753190063], [-44.20102712328344, -6.932117753194348], [-44.207474123289444, -6.966172753226033], [-44.2355016233156, -6.998336753256012], [-44.26158112333985, -6.998325253255985], [-44.27925412335628, -7.041862753296527], [-44.27406112335143, -7.070597253323285], [-44.305800123381005, -7.116771753366265], [-44.33264762340605, -7.108329753358476], [-44.379636123449814, -7.118624753368067], [-44.500438123562276, -7.184332753429203], [-44.52464112358484, -7.220430753462892], [-44.563839623621334, -7.227159253469154], [-44.61682512367065, -7.308245753544611], [-44.66294762371365, -7.331406253566229], [-44.68757412373657, -7.394131753624606], [-44.72948812377558, -7.390639753621372], [-44.74277412378797, -7.361371753594085], [-44.78055212382321, -7.377821253609454], [-44.816328123856465, -7.360804753593584], [-44.86853812390518, -7.421885753650486], [-44.90099112393534, -7.425633753653983], [-44.92403762395679, -7.469889253695214], [-44.98839212401674, -7.481934753706355], [-45.04677712407113, -7.512181253734525], [-45.08471462410648, -7.502097753725138], [-45.13944112415743, -7.52097675374273], [-45.155669124172505, -7.51303725373532], [-45.21735812423003, -7.56754375378614], [-45.23085012424258, -7.548614253768505], [-45.26095812427059, -7.570450753788805], [-45.33935812434356, -7.579844253797546], [-45.37323412437513, -7.618383753833427], [-45.394321124394764, -7.614107253829502], [-45.39862412439879, -7.639642753853309], [-45.432337124430205, -7.661099753873259], [-45.43484512443251, -7.675320753886467], [-45.455589124451876, -7.67026525388178], [-45.44889912444569, -7.68391025389451], [-45.4685016244639, -7.688729753898997], [-45.46816712446355, -7.71369675392225], [-45.48648712448062, -7.728624753936174], [-45.48183212447634, -7.750952253956939], [-45.49608212448959, -7.749897253955965], [-45.48429212447854, -7.76325075396835], [-45.4895341244835, -7.786132253989649], [-45.50023212449344, -7.785241253988829], [-45.52455612451615, -7.856529254055204], [-45.53996412453046, -7.86429525406254], [-45.520434124512235, -7.887674754084287], [-45.54260612453288, -7.897304754093284], [-45.52321912451487, -7.911788254106682], [-45.54346812453366, -7.920559754114947], [-45.55573812454509, -7.953919254145944], [-45.54466862453478, -7.960313754151912], [-45.56667362455528, -7.996724754185834], [-45.549424124539314, -8.014086754202026], [-45.57587612456393, -8.028686754215641], [-45.56102112455005, -8.047496754233066], [-45.58435712457174, -8.099836254281854], [-45.57469612456282, -8.113550254294637], [-45.58105562456876, -8.155638754333836], [-45.61072112459635, -8.18658275436269], [-45.607728124593564, -8.204547754379405], [-45.66114312464333, -8.249615254421315], [-45.68872612466896, -8.358083254522398], [-45.72115612469918, -8.39398425455579], [-45.742117124718675, -8.447551254605742], [-45.73804912471496, -8.500768254655213], [-45.760952124736264, -8.561429754711753], [-45.79336512476641, -8.583992754732776], [-45.765222624740204, -8.60916975475618], [-45.797061124769925, -8.612627254759445], [-45.815132124786714, -8.632818754778214], [-45.82061912479185, -8.64914775479349], [-45.81120212478311, -8.655671754799528], [-45.83953312480946, -8.714870254854645], [-45.86420462483238, -8.715474754855222], [-45.86291212483127, -8.72939775486816], [-45.8889321248555, -8.739248254877339], [-45.89119912485751, -8.762382754898908], [-45.90721012487245, -8.758259754895107], [-45.93459012489802, -8.778695254914055], [-45.960351124922, -8.818471754951133], [-45.94511412490772, -8.839968254971154], [-45.971132124931955, -8.861995754991653], [-45.967200624928296, -8.875482255004272], [-45.993879124953196, -8.926455755051734], [-45.98379312494376, -8.962138755084993], [-45.94304612490589, -9.014904755134125], [-45.92271512488696, -9.089901755203982], [-45.92766112489153, -9.137505755248299], [-45.89666012486259, -9.18610575529351], [-45.9052421248706, -9.190762255297841], [-45.895740124861845, -9.280734255381617], [-45.90664862487199, -9.297602755397406], [-45.89326212485946, -9.341768755438466], [-45.823749124794745, -9.374533255469032], [-45.797426124770254, -9.416840255508419], [-45.78341012475721, -9.479694755566925], [-45.82128812479243, -9.519021755603603], [-45.841008124810855, -9.561888755643508], [-45.836171124806356, -9.601874255680741], [-45.81953762479077, -9.617943755695705], [-45.837604124807626, -9.69604175576842], [-45.81993812479118, -9.739709755809145], [-45.82100462479218, -9.772712255839792], [-45.86586212483394, -9.870302755930766], [-45.841870124811635, -9.941141755996682], [-45.87978012484689, -10.058176756105695], [-45.86952012483732, -10.068875256115689], [-45.87812712484538, -10.109881756153868], [-45.95487812491683, -10.218024756254522], [-45.94597312490862, -10.258085756291848], [-45.9735301249342, -10.247951756282419], [-46.00363412496222, -10.261241256294852], [-46.02786012498484, -10.176452256215839], [-46.09930812505138, -10.212482756249415], [-46.16528012511287, -10.212725756249597], [-46.21045012515492, -10.169317756209239], [-46.2725841252128, -10.181197756220286], [-46.312662125250085, -10.172405756212129], [-46.32710512526353, -10.183276756222199], [-46.36746912530111, -10.168397256208323], [-46.38354912531611, -10.119725756163007], [-46.41702062534728, -10.083155256128975], [-46.444780125373086, -10.07697075612316], [-46.457000125384525, -10.046864756095147], [-46.456664125384236, -10.017602256067903], [-46.47716312540331, -9.987885756040214], [-46.46530312539221, -9.936641755992468], [-46.47819112540424, -9.923453255980235], [-46.47247812539888, -9.877024755936986], [-46.49122412541635, -9.869654755930128], [-46.47991262540586, -9.854839755916373], [-46.49554012542035, -9.844836255907012], [-46.510849125434675, -9.798893755864242], [-46.54196912546365, -9.809897255874489], [-46.576584125495856, -9.804763755869658], [-46.57466462549405, -9.758160755826339], [-46.63180712554731, -9.748463255817228], [-46.646997625561426, -9.729936755800054], [-46.65291412556701, -9.693032255765615], [-46.61263562552949, -9.665395255739895], [-46.59196712551022, -9.586788255666647], [-46.53633362545838, -9.556696755638654], [-46.57526762549469, -9.517136255601827], [-46.56055512548096, -9.483621255570597], [-46.592808625511, -9.482100255569208], [-46.63959712555459, -9.457290755546069], [-46.64750312556191, -9.42673325551766], [-46.63236212554784, -9.411176755503107], [-46.66555412557875, -9.39150725548484], [-46.760683125667356, -9.409752755501813], [-46.76789212567405, -9.365093255460238], [-46.798749125702784, -9.33843225543535], [-46.812858125715934, -9.304351255403617], [-46.83488912573648, -9.307808255406826], [-46.8466401257474, -9.292012255392137], [-46.818523125721185, -9.259647255361983], [-46.827390125729494, -9.193859255300708], [-46.85028212575082, -9.19142925529843], [-46.851997125752405, -9.15404025526368], [-46.88991412578764, -9.140502755251077], [-46.89313512579065, -9.121892255233774], [-46.90631112580297, -9.135079255245955], [-46.93137912582631, -9.127655755239061], [-46.92313512581859, -9.097479755210998], [-46.93111512582607, -9.085479255199857], [-46.911726125807945, -9.082314755196876], [-46.92291512581846, -9.065253755180947], [-47.00692112589661, -9.081783755196398], [-47.00978512589927, -9.069891255185325], [-47.06831112595387, -9.063466255179264], [-47.043062125930305, -9.026139755144527], [-47.06807912595366, -9.011612755131068], [-47.04361212593085, -9.006458255126176], [-47.03527912592301, -8.978534755100213], [-47.02114412590993, -8.988231755109268], [-47.01785912590685, -8.95252675507595], [-46.994257125884815, -8.945117755069077], [-46.9966401258871, -8.932226255057117], [-46.969870125862144, -8.914084255040166], [-46.99316912588381, -8.87983175500824], [-46.977695125869445, -8.86736075499664], [-46.95646712584971, -8.874080755002979], [-46.913028125809205, -8.84741925497815], [-46.90330612580021, -8.78349575491859], [-46.930857625825865, -8.72634525486535], [-46.916834125812784, -8.725704254864695], [-46.91394612581007, -8.708175754848412], [-46.88652712578448, -8.686082754827794], [-46.89527312579264, -8.659333754802901], [-46.91597112581201, -8.64800025479235], [-46.89730512579456, -8.600609754748234], [-46.915975125812, -8.59537275474338], [-46.91339612580953, -8.586172754734775], [-46.8986141257958, -8.590445254738825], [-46.89261312579015, -8.570148254719811], [-46.87833812577685, -8.57211675472172], [-46.875030625773775, -8.55489325470569], [-46.862421125762125, -8.5586812547092], [-46.84675262574751, -8.533826254686005], [-46.85066512575111, -8.475750754631918], [-46.840118125741355, -8.465219754622126], [-46.815111125717976, -8.469951254626608], [-46.796142125700385, -8.446226254604426], [-46.80641312570992, -8.398565754560082], [-46.78659612569152, -8.398693754560213], [-46.782012125687174, -8.367678754531312], [-46.727678125636544, -8.385980254548372], [-46.706390125616736, -8.351126754515917], [-46.63481512555006, -8.31891675448594], [-46.60638962552366, -8.328030254494365], [-46.543725125465244, -8.319206754486117], [-46.50717012543123, -8.27036475444072], [-46.50869112543262, -8.236995254409635], [-46.48714212541256, -8.199505754374627], [-46.51421712543777, -8.166194754343678], [-46.46619912539302, -8.0657917542502], [-46.48989012541517, -7.982839754172915], [-46.549035125470255, -7.949099754141457], [-46.56196812548228, -7.920131254114494], [-46.5957966255138, -7.899847254095562], [-46.650217125564495, -7.908489754103698], [-46.66014512557365, -7.900160254095908], [-46.67281212558544, -7.914032754108803], [-46.75575212566275, -7.921960254116243], [-46.782998125688096, -7.950960754143239], [-46.83952412574081, -7.965116254156442], [-46.85036162575091, -7.956964754148771], [-46.865890125765304, -7.96892375415996], [-46.87233612577131, -7.955160254147131], [-46.89579112579315, -7.986503754176283], [-46.917865125813705, -7.981360254171477], [-46.92097712581665, -7.994931254184166], [-46.95298212584646, -8.006240754194664], [-46.9623981258552, -8.039085254225256], [-46.9888141258798, -8.047468754233137], [-46.997010125887414, -8.066825254251057], [-47.043083125930366, -8.05318575423837], [-47.06352612594935, -8.004168754192733], [-47.08401212596846, -7.988067754177791], [-47.10605912598896, -7.990396254179927], [-47.10159312598478, -7.954136754146134], [-47.11550312599775, -7.952182254144304], [-47.10681112598968, -7.936579754129866], [-47.11608612599832, -7.938500254131554], [-47.12111212600303, -7.921565254115876], [-47.14067312602117, -7.924876254118885], [-47.14236612602281, -7.894432754090531], [-47.17486562605302, -7.870677254068482], [-47.174568626052746, -7.85639675405514], [-47.18672612606406, -7.857379754056069], [-47.18683012606425, -7.842708754042405], [-47.196087126072825, -7.848887254048122], [-47.244585126117954, -7.81510425401666], [-47.23473112610884, -7.803667754006028], [-47.24664062611987, -7.800524254003108], [-47.25461312612731, -7.764746253969747], [-47.24580712611919, -7.758117753963575], [-47.2663361261383, -7.760880753966148], [-47.26083512613309, -7.740755753947383], [-47.2718791261434, -7.744341753950721], [-47.27313512614455, -7.730627253937996], [-47.312282126181, -7.729707753937191], [-47.30549912617471, -7.713033253921594], [-47.31561412618419, -7.701098253910459], [-47.30225512617176, -7.701608753910932], [-47.30211612617154, -7.688653253898906], [-47.33109312619854, -7.684817253895289], [-47.33729712620436, -7.666623753878412], [-47.31378312618244, -7.660224753872399], [-47.35938812622487, -7.615742253831058], [-47.37219312623688, -7.623570753838294], [-47.35298912621897, -7.647280253860345], [-47.38148112624549, -7.653660253866292], [-47.381670126245695, -7.599569253815957], [-47.40374812626624, -7.586735253804022], [-47.397809126260654, -7.571886253790126], [-47.43796212629809, -7.557351253776574], [-47.42722412628814, -7.525365253746827], [-47.461046126319616, -7.518882753740854], [-47.474787126332444, -7.532965753753956], [-47.50428512635983, -7.436235753663823], [-47.56284012641436, -7.449604253676284], [-47.59051262644016, -7.439117253666495], [-47.577063126427674, -7.4156667536447], [-47.48393112634096, -7.362745253595335], [-47.47777712633513, -7.336356253570784], [-47.502514126358165, -7.291044753528581], [-47.54247212639541, -7.264987253504387], [-47.587109126436985, -7.263322253502793], [-47.63181612647861, -7.302411753539218], [-47.649037126494704, -7.302059753538856], [-47.69058362653334, -7.23790175347915], [-47.734646126574376, -7.21850375346105], [-47.75002612658875, -7.189108253433687], [-47.74123312658048, -7.159606253406196], [-47.70709212654879, -7.137125753385249], [-47.65995012650478, -7.150971753398153], [-47.64403112649006, -7.14321625339096], [-47.61800512646573, -7.090765253342056], [-47.557425126409385, -7.030845753286258], [-47.52948612638329, -6.976133253235275], [-47.52914612638301, -6.945617753206875], [-47.50477812636029, -6.893292753158221], [-47.5282021263821, -6.830420253099646], [-47.493906126350225, -6.752106753026737], [-47.49821912635423, -6.670838752950999], [-47.46210912632057, -6.601354252886267], [-47.456073126315005, -6.537882752827159], [-47.41644912627805, -6.484289252777216], [-47.43147512629207, -6.425076752722134], [-47.408972126271124, -6.331667252635157], [-47.37839612624259, -6.270468252578098], [-47.431013126291646, -6.119848752437861], [-47.42813412628891, -6.037563752361166], [-47.44756012630705, -5.992595752319289], [-47.43008212629081, -5.937409752267968], [-47.430639126291226, -5.868822752204096], [-47.49295012634934, -5.730144252074865], [-47.473282126331014, -5.661597752011062], [-47.48283662633992, -5.564512751920688], [-47.49969012635563, -5.525231251884065], [-47.554944626407064, -5.465350751828282], [-47.61819612646593, -5.459342251822704], [-47.74389062658304, -5.379748251748538], [-47.82711912666048, -5.386204751754576], [-47.843338126675576, -5.375825251744914], [-47.86532212669613, -5.345063751716225], [-47.86734312669796, -5.297761751672169], [-47.88515012671462, -5.260317251637389], [-47.933556626759696, -5.240565751618988], [-48.00363062682493, -5.234237251613081], [-48.078836126895, -5.274681251650691], [-48.17811512698745, -5.260392751637369], [-48.234498127039956, -5.227923751607136], [-48.32047412711995, -5.201004751582104], [-48.363479127160076, -5.167997751551411], [-48.53117012731627, -5.199686751580884], [-48.55847812734169, -5.227336751606686], [-48.5681401273506, -5.282549751658053], [-48.605699127385606, -5.336117751707889], [-48.679005127453934, -5.305436751679395], [-48.69877712747234, -5.319739751692737], [-48.711693127484295, -5.352631251723324], [-48.75471662752443, -5.348781751719685]]], [[[-44.94367012397515, -1.389515248032353], [-44.982791124011555, -1.409281248050775], [-45.01196912403873, -1.386932248030007], [-45.01966012404591, -1.357524248002619], [-45.003548124030885, -1.344230247990254], [-44.98322512401194, -1.35520224800041], [-44.97182712400138, -1.386468748029529], [-44.964953123994974, -1.386678748029794], [-44.97908712400806, -1.358841748003783], [-44.9707231240003, -1.344268747990213], [-44.97073862400032, -1.332380747979187], [-44.94014312397178, -1.343176247989277], [-44.949582123980576, -1.354561247999868], [-44.94158912397313, -1.349390747995017], [-44.93994712397159, -1.342652247988781], [-44.96131912399153, -1.324334747971648], [-44.95491212398554, -1.320144247967733], [-44.95794062398841, -1.309209247957597], [-44.957297123987814, -1.320074247967682], [-44.98528112401391, -1.302928247951741], [-44.95532612398597, -1.276143247926825], [-44.93031212396261, -1.285314247935389], [-44.92273412395559, -1.303912747952609], [-44.9076991239416, -1.314759747962739], [-44.901081123935455, -1.312569747960765], [-44.91159912394528, -1.322889247970352], [-44.90970912394346, -1.329054247976046], [-44.888580123923816, -1.335882747982396], [-44.91830012395144, -1.350273747995857], [-44.92428012395703, -1.33923324798559], [-44.924747123957445, -1.350180747995751], [-44.91945212395251, -1.352314747997752], [-44.892843623927774, -1.341667747987799], [-44.88716212392251, -1.345713247991625], [-44.931134123963375, -1.37945174802303], [-44.942944123974485, -1.371708748015749], [-44.94367012397515, -1.389515248032353]]], [[[-45.605346624591334, -1.1752362478328], [-45.63043312461468, -1.209842247865026], [-45.62220812460703, -1.246322747899058], [-45.641088124624616, -1.31463074796261], [-45.63244712461653, -1.348333247993992], [-45.694883124674675, -1.362366748007048], [-45.6727271246541, -1.345447747991329], [-45.68700362466734, -1.33067174797759], [-45.672646124653966, -1.31281824796099], [-45.68353312466411, -1.268621247919782], [-45.65756462463992, -1.253312247905569], [-45.65005862463295, -1.272440747923383], [-45.6429216246263, -1.272515247923366], [-45.65954812464179, -1.291797747941359], [-45.653289624636045, -1.311026247959262], [-45.65748512463995, -1.291806747941337], [-45.63803612462175, -1.274676247925413], [-45.64753712463062, -1.262098747913683], [-45.63544612461942, -1.24520674789801], [-45.63075012461502, -1.146729747806262], [-45.615266124600566, -1.133400747793871], [-45.6287641246131, -1.126815247787704], [-45.6218931246068, -1.116276247777932], [-45.60347612458963, -1.126729747787635], [-45.605346624591334, -1.1752362478328]]], [[[-44.84233012388074, -1.332558747979306], [-44.875464623911625, -1.355289248000531], [-44.86956312390612, -1.326444247973654], [-44.87700362391297, -1.336314747982783], [-44.908205123942025, -1.326512747973652], [-44.8988281239333, -1.311672747959847], [-44.917980123951224, -1.30293624795172], [-44.92564212395837, -1.277858747928349], [-44.858394123895664, -1.297613747946798], [-44.84233012388074, -1.332558747979306]]], [[[-44.82828912386765, -1.540920748173335], [-44.76337112380713, -1.483889248120249], [-44.79198012383381, -1.526061748159577], [-44.8093931238501, -1.531366248164545], [-44.78362312382603, -1.537300748169969], [-44.80352712384456, -1.564698748195497], [-44.82828912386765, -1.540920748173335]]], [[[-44.78546812382774, -1.524770248158347], [-44.761017123805004, -1.488520748124643], [-44.77190312381515, -1.461930248099861], [-44.75302412379756, -1.457750748095918], [-44.73672612378232, -1.51156974814603], [-44.78546812382774, -1.524770248158347]]], [[[-45.66069812464286, -1.244581247897372], [-45.683004124663626, -1.261658747913316], [-45.69726812467695, -1.242212247895168], [-45.68826212466854, -1.200702747856553], [-45.6719466246534, -1.229825747883638], [-45.68002412466092, -1.187339247844079], [-45.657946124640375, -1.22169424787603], [-45.66069812464286, -1.244581247897372]]], [[[-45.52842212451969, -1.205190747860684], [-45.531075124522204, -1.230977747884708], [-45.55686612454622, -1.226505747880537], [-45.592890624579695, -1.246303747898992], [-45.57011912455857, -1.209122247864343], [-45.559097124548316, -1.211511747866552], [-45.57001112455839, -1.189733247846334], [-45.52842212451969, -1.205190747860684]]], [[[-44.59620012365144, -1.824813248437749], [-44.56804212362522, -1.797953248412796], [-44.56740112362468, -1.853312248464363], [-44.59054512364628, -1.853154748464135], [-44.59620012365144, -1.824813248437749]]], [[[-45.02802362405362, -1.338536747984904], [-45.00541912403264, -1.319775247967414], [-44.97160012400116, -1.335436247981988], [-44.978890124007876, -1.354178747999526], [-45.000608124028076, -1.341272747987432], [-45.02802362405362, -1.338536747984904]]], [[[-44.61746112367132, -1.791478748406689], [-44.5931166236486, -1.768394748385276], [-44.57587212363262, -1.779337748395392], [-44.60111412365609, -1.794486748409554], [-44.60438462365914, -1.816943248430448], [-44.61677612367066, -1.818593248431966], [-44.61746112367132, -1.791478748406689]]], [[[-44.75640912380072, -1.57727774820728], [-44.74261712378791, -1.537580748170285], [-44.72225212376884, -1.547120748179168], [-44.728816123775005, -1.562074248193085], [-44.75640912380072, -1.57727774820728]]], [[[-45.816135124787706, -1.148454747807932], [-45.80468712477693, -1.112550247774493], [-45.793104624766215, -1.119025747780483], [-45.803783124776146, -1.150820247810088], [-45.816135124787706, -1.148454747807932]]], [[[-45.79831812477107, -1.195738247851864], [-45.78723112476075, -1.186612247843414], [-45.77636012475057, -1.196172747852302], [-45.785857124759445, -1.227576747881585], [-45.79831812477107, -1.195738247851864]]], [[[-44.63294612368577, -1.853544748464515], [-44.60752112366208, -1.836330248448462], [-44.6029806236578, -1.84101674845283], [-44.59477912365014, -1.841983248453744], [-44.61866312367238, -1.865249248475493], [-44.63294612368577, -1.853544748464515]]], [[[-45.09305312411425, -1.431510248071504], [-45.07811612410035, -1.370187248014417], [-45.06824462409111, -1.36736474801171], [-45.09305312411425, -1.431510248071504]]], [[[-45.09542212411645, -1.471320248108555], [-45.09088212411223, -1.451401248090065], [-45.071526124094135, -1.458243748096379], [-45.07421112409668, -1.475027248112042], [-45.09542212411645, -1.471320248108555]]], [[[-45.559404124548564, -1.283394747933585], [-45.53490312452573, -1.264979747916414], [-45.52662512451798, -1.266667247918008], [-45.53577612452659, -1.288269247938047], [-45.559404124548564, -1.283394747933585]]], [[[-45.03968312406448, -1.398390248040641], [-45.043101124067675, -1.34261274798871], [-45.03276512405807, -1.386423248029473], [-45.03968312406448, -1.398390248040641]]], [[[-44.48188012354501, -2.073303248669163], [-44.44402612350973, -2.057438748654477], [-44.45128112351654, -2.070361748666414], [-44.48188012354501, -2.073303248669163]]], [[[-44.75186212379651, -1.693802748315761], [-44.73484412378059, -1.682136748304856], [-44.725835123772185, -1.691975748314121], [-44.74081562378615, -1.701000748322485], [-44.75186212379651, -1.693802748315761]]], [[[-45.682598124663286, -1.316716247964564], [-45.69059712467072, -1.287977247937761], [-45.67716212465825, -1.31497574796299], [-45.682598124663286, -1.316716247964564]]], [[[-44.48574412354867, -2.111742248705013], [-44.47434212353801, -2.111131748704452], [-44.475977123539565, -2.095586248689983], [-44.46336362352781, -2.100804248694772], [-44.47065712353458, -2.12533824871764], [-44.48574412354867, -2.111742248705013]]], [[[-45.406367124406074, -1.418273248059108], [-45.406154124405816, -1.396357248038726], [-45.397629124397895, -1.395362748037883], [-45.406367124406074, -1.418273248059108]]], [[[-45.486057124480226, -1.359618248004494], [-45.48554712447981, -1.349425747995042], [-45.472085124467185, -1.336550247983041], [-45.47000812446527, -1.349902747995543], [-45.486057124480226, -1.359618248004494]]], [[[-44.737561123783166, -1.669811248293399], [-44.72281312376947, -1.661858248285967], [-44.717526123764515, -1.670423248294014], [-44.724336123770854, -1.677033248300177], [-44.737561123783166, -1.669811248293399]]], [[[-44.45710312352196, -2.029779248628643], [-44.44581812351146, -2.007557248608009], [-44.43845512350458, -2.018406748618077], [-44.45710312352196, -2.029779248628643]]], [[[-44.62272012367623, -1.818363748431807], [-44.630406123683315, -1.788080248403617], [-44.622233123675755, -1.797831248412649], [-44.62272012367623, -1.818363748431807]]], [[[-45.55137612454109, -1.300754747949668], [-45.551188124540886, -1.290701747940375], [-45.544955124535136, -1.288456247938257], [-45.53952962453002, -1.299259747948327], [-45.55137612454109, -1.300754747949668]]], [[[-45.49210612448587, -1.386243248029359], [-45.48550812447968, -1.359855248004806], [-45.47997612447455, -1.358829748003814], [-45.49210612448587, -1.386243248029359]]], [[[-45.082188124104164, -1.441351748080706], [-45.08711612410866, -1.421651748062345], [-45.07910912410125, -1.418938248059817], [-45.082188124104164, -1.441351748080706]]], [[[-44.61604862366994, -1.824980248437896], [-44.60766312366218, -1.820617248433905], [-44.59735562365256, -1.839059248451008], [-44.60138712365631, -1.840382248452329], [-44.61604862366994, -1.824980248437896]]], [[[-45.01639912404289, -1.396359748038776], [-45.000415124027995, -1.402005748043962], [-44.99783762402558, -1.410164248051615], [-45.00410312403142, -1.410875248052321], [-45.01639912404289, -1.396359748038776]]], [[[-45.80172412477418, -1.241660747894684], [-45.79435562476738, -1.23448124788797], [-45.78792312476139, -1.235093247888585], [-45.79081612476409, -1.24809574790072], [-45.80172412477418, -1.241660747894684]]], [[[-45.05202812407606, -1.342007247988136], [-45.04765012407199, -1.327067247974242], [-45.04322012406783, -1.33937474798563], [-45.05202812407606, -1.342007247988136]]], [[[-44.013673123109015, -2.407363248980346], [-43.999978123096184, -2.390499248964602], [-43.99672812309325, -2.399767248973262], [-44.013673123109015, -2.407363248980346]]], [[[-45.631982124616115, -1.321275747968798], [-45.630804124615, -1.313722747961833], [-45.62812512461255, -1.339381747985726], [-45.631982124616115, -1.321275747968798]]], [[[-44.82396012386357, -1.570073248200515], [-44.81978162385974, -1.561554748192634], [-44.816059123856235, -1.569967248200442], [-44.82396012386357, -1.570073248200515]]], [[[-45.561182124550214, -1.270220247921316], [-45.564385124553155, -1.262431747913979], [-45.55662962454596, -1.256645747908692], [-45.561182124550214, -1.270220247921316]]], [[[-45.64578012462903, -1.25031674790273], [-45.64608212462929, -1.242090747895077], [-45.639082124622746, -1.2447837478976], [-45.64578012462903, -1.25031674790273]]], [[[-45.64686812463003, -1.364205748008771], [-45.643069124626436, -1.358341248003399], [-45.638232124621936, -1.361064748005901], [-45.64686812463003, -1.364205748008771]]], [[[-45.63926012462298, -1.308303247956701], [-45.6362796246201, -1.299749247948739], [-45.63591712461982, -1.319821247967525], [-45.63926012462298, -1.308303247956701]]], [[[-44.78333912382584, -1.568549748199075], [-44.7723511238155, -1.562150748193176], [-44.78068312382334, -1.572498248202805], [-44.78333912382584, -1.568549748199075]]], [[[-45.518042124509975, -1.40022724804237], [-45.508585124501224, -1.390035748032915], [-45.51380512450612, -1.400778748042853], [-45.518042124509975, -1.40022724804237]]], [[[-44.69741612374571, -1.588509748217689], [-44.691815123740525, -1.58397474821345], [-44.692554123741274, -1.595025748223748], [-44.69741612374571, -1.588509748217689]]], [[[-44.61666962367053, -1.78485574840056], [-44.61150812366577, -1.776931248393225], [-44.60293212365775, -1.775081748391472], [-44.61666962367053, -1.78485574840056]]], [[[-45.86207312483043, -1.259215247911015], [-45.855605124824365, -1.252583247904909], [-45.855100124823934, -1.259881247911608], [-45.86207312483043, -1.259215247911015]]], [[[-44.45121512351648, -2.133854248725584], [-44.456363123521214, -2.130649248722648], [-44.448671123514146, -2.130692248722653], [-44.45121512351648, -2.133854248725584]]], [[[-44.88146212391712, -1.338489247984853], [-44.87554312391171, -1.339380747985729], [-44.876940623913015, -1.345136247991036], [-44.88146212391712, -1.338489247984853]]], [[[-45.1380321241561, -1.465947248103589], [-45.134376624152765, -1.469372248106765], [-45.13695412415507, -1.476263748113183], [-45.1380321241561, -1.465947248103589]]], [[[-45.135800124154, -1.488612748124638], [-45.1329121241514, -1.485182748121474], [-45.13479212415314, -1.494012748129649], [-45.135800124154, -1.488612748124638]]], [[[-45.812574124784305, -1.255266247907343], [-45.812629124784394, -1.26077124791243], [-45.817822124789245, -1.261659747913313], [-45.812574124784305, -1.255266247907343]]], [[[-45.10905812412909, -1.400857248042939], [-45.104124124124496, -1.402317248044255], [-45.106272124126576, -1.4059962480477], [-45.10905812412909, -1.400857248042939]]], [[[-44.75591312380027, -1.587556748216798], [-44.75425812379865, -1.590191248219298], [-44.75686512380116, -1.592795748221647], [-44.75591312380027, -1.587556748216798]]], [[[-44.74386512378908, -1.681286248304104], [-44.74192812378726, -1.68310174830583], [-44.744169123789334, -1.683141248305787], [-44.74386512378908, -1.681286248304104]]], [[[-45.10742412412765, -1.394323248036812], [-45.11169662413158, -1.391597248034373], [-45.1109766241309, -1.390653248033459], [-45.10742412412765, -1.394323248036812]]], [[[-45.649410624632424, -1.269122247920222], [-45.647650124630786, -1.267218747918491], [-45.64577812462903, -1.270548247921624], [-45.649410624632424, -1.269122247920222]]], [[[-45.95451012491651, -1.103187747765674], [-45.95637362491823, -1.105657247768022], [-45.95751412491927, -1.104712247767111], [-45.95451012491651, -1.103187747765674]]], [[[-44.777791123820634, -1.577103248207095], [-44.7744901238176, -1.575972248206085], [-44.776912123819784, -1.580335248210076], [-44.777791123820634, -1.577103248207095]]], [[[-45.764496124739594, -1.186974747843806], [-45.76180012473708, -1.185532247842389], [-45.76082812473612, -1.189229247845901], [-45.764496124739594, -1.186974747843806]]], [[[-45.11364012413344, -1.385435748028613], [-45.11133912413129, -1.384485248027659], [-45.112533624132425, -1.385970248029025], [-45.11364012413344, -1.385435748028613]]], [[[-45.05099812407502, -1.344493747990441], [-45.050703124074744, -1.347105747992941], [-45.05162012407561, -1.346351247992175], [-45.05099812407502, -1.344493747990441]]], [[[-45.358283124361265, -1.348164747993906], [-45.355969124359035, -1.350235747995839], [-45.358303124361214, -1.350209747995791], [-45.358283124361265, -1.348164747993906]]], [[[-45.82010212479133, -1.15667624781554], [-45.819086124790374, -1.154735247813733], [-45.81954312479081, -1.159011747817658], [-45.82010212479133, -1.15667624781554]]], [[[-45.29891812430594, -1.422666248063251], [-45.30076212430765, -1.423901748064395], [-45.300496124307415, -1.422599248063193], [-45.29891812430594, -1.422666248063251]]], [[[-45.81712912478861, -1.154898747813832], [-45.81680912478828, -1.152761247811895], [-45.816563124788104, -1.155522747814416], [-45.81712912478861, -1.154898747813832]]]]}}, {"type": "Feature", "id": "MG", "properties": {"id": "MG", "sigla": "MG", "name": "Minas Gerais", "regiao": "Sudeste", "pop_total": 20541452, "qtd_equipes_esf": 14132, "capacidade_pnab": 51622500, "cobertura_pnab_pct": 251.3, "sobrecarga_media": 0.32, "pop_critica": 2753349, "pct_pop_critica": 13.4, "n_polos_critica": 270, "hab_por_esf": 1454, "densidade": 35.0}, "geometry": {"type": "Polygon", "coordinates": [[[-50.93402412955402, -19.467137764868426], [-50.8417031294681, -19.4986907648979], [-50.82621712945365, -19.487008764887037], [-50.82447012945204, -19.47458076487544], [-50.87478112949884, -19.420720264825263], [-50.82219012944995, -19.294671764707914], [-50.746329129379205, -19.234434764651724], [-50.733004129366805, -19.185348764606033], [-50.67865112931622, -19.172373264593944], [-50.67757812931518, -19.137648764561618], [-50.58455312922854, -19.136925764560942], [-50.542142129189074, -19.104347764530644], [-50.49827312914829, -19.03356876446469], [-50.508645629157854, -18.936834264374625], [-50.467746129119746, -18.918702764357704], [-50.441034129094874, -18.890332264331278], [-50.42302412907816, -18.832195764277117], [-50.376269129034654, -18.81192426425821], [-50.30580012896894, -18.69501476414939], [-50.16382112883673, -18.663894764120414], [-50.079577128758274, -18.671785764127776], [-50.049739128730494, -18.64308426410105], [-50.03655712871819, -18.60941776406969], [-50.01612212869918, -18.599381764060354], [-49.93118712862008, -18.62353526408276], [-49.88351412857571, -18.608572764068867], [-49.8356886285311, -18.636231764094646], [-49.783218128482304, -18.640881764098935], [-49.771736128471616, -18.612807264072785], [-49.73779712843998, -18.616466764076222], [-49.68648312839218, -18.589751764051357], [-49.63965812834863, -18.59976376406064], [-49.651244128359394, -18.5606577640242], [-49.55663712827129, -18.546118264010715], [-49.5419321282576, -18.526966263992904], [-49.54736212826265, -18.50293876397052], [-49.50025312821879, -18.49102726395938], [-49.48530212820481, -18.50897676397608], [-49.48136912820121, -18.56057226402413], [-49.43194112815513, -18.6062847640668], [-49.41627062814052, -18.638091764096316], [-49.383549128110076, -18.644268764102094], [-49.32851712805882, -18.563381764026758], [-49.29213712802493, -18.563547764026907], [-49.28174412801525, -18.533732263999127], [-49.24835712798415, -18.522458763988652], [-49.22796512796515, -18.479394763948562], [-49.192127127931826, -18.449261763920504], [-49.2108211279492, -18.423048763896077], [-49.20521012794393, -18.411334263885237], [-49.157689127899744, -18.413430263887108], [-49.127034127871184, -18.382914763858707], [-49.108349127853785, -18.383387263859163], [-49.11102012785625, -18.401551763876114], [-49.07658212782417, -18.41632176388987], [-49.053305127802446, -18.402117263876562], [-49.04154412779155, -18.376048763852282], [-48.995540127748654, -18.37048226384718], [-48.98104512773523, -18.355915763833536], [-48.98373912773775, -18.34095426381964], [-48.93631812769354, -18.305748763786823], [-48.83162712759599, -18.345675763824033], [-48.827569127592255, -18.37478976385114], [-48.81590612758146, -18.37920226385529], [-48.78376512755142, -18.350672263828642], [-48.75529112752497, -18.34392226382238], [-48.69729312747097, -18.34970676382784], [-48.646716127423815, -18.34343076382197], [-48.63337112741135, -18.327188763806816], [-48.59681912737733, -18.334351763813515], [-48.560961127343944, -18.323425763803357], [-48.55408862733759, -18.34648976382482], [-48.51519612730135, -18.365956263842918], [-48.48435412727258, -18.35317176383103], [-48.48078212726932, -18.379679263855678], [-48.44520812723613, -18.354841263832554], [-48.43612112722769, -18.364845763841913], [-48.405266127198956, -18.35588326383356], [-48.403205127197, -18.370726763847415], [-48.35316012715043, -18.365610763842596], [-48.31318212711324, -18.38437826386007], [-48.30407412710474, -18.37977676385583], [-48.314497127114464, -18.363695263840782], [-48.278623127081005, -18.331073763810423], [-48.26195712706556, -18.331424763810787], [-48.25494912705892, -18.343528763822064], [-48.22636262703236, -18.34526426382365], [-48.22050712702685, -18.36182576383908], [-48.16090912697143, -18.371773763848296], [-48.14734712695872, -18.407746763881846], [-48.11559212692919, -18.425949263898815], [-48.07774412689389, -18.43007776390266], [-48.05537612687306, -18.412781263886586], [-48.008885126829796, -18.453807763924715], [-47.980461126803334, -18.442400263914124], [-47.97876212680171, -18.475502263944918], [-47.964511126788466, -18.47689576394623], [-47.9544881267791, -18.499818763967596], [-47.913825126741244, -18.466116263936215], [-47.86773412669834, -18.473937263943526], [-47.8732051267034, -18.45868876392933], [-47.86000612669113, -18.43972826391166], [-47.83149112666456, -18.449321263920524], [-47.829444626662735, -18.41295876388665], [-47.80867912664337, -18.400408263874965], [-47.778569126615366, -18.423673263896717], [-47.747429126586326, -18.411145763884974], [-47.75643012659464, -18.395200763870207], [-47.73284612657278, -18.37543676385178], [-47.74012412657953, -18.3633787638405], [-47.71640812655744, -18.36162726383884], [-47.69964612654178, -18.378529763854658], [-47.68601412652913, -18.356994763834564], [-47.67026162651439, -18.357012763834632], [-47.657127126502246, -18.327342763806996], [-47.647709126493396, -18.340236763819007], [-47.62573862647298, -18.333835763813], [-47.6108161264591, -18.314928763795365], [-47.63832412648469, -18.287216763769607], [-47.61857412646634, -18.271249763754668], [-47.625342626472616, -18.25896876374327], [-47.61412612646211, -18.250422263735345], [-47.60685512645534, -18.263427263747417], [-47.60670112645528, -18.246279763731422], [-47.58135512643162, -18.23464426372061], [-47.58735612643727, -18.225083763711723], [-47.57051112642159, -18.21986276370683], [-47.56712512641843, -18.203402763691543], [-47.53857312639184, -18.193052763681862], [-47.53329612638686, -18.230244263716486], [-47.51776212637242, -18.198413763686858], [-47.484488126341375, -18.19306776368194], [-47.45079512631003, -18.15870976364988], [-47.42959812629033, -18.165351763656076], [-47.428344126289176, -18.13882376363142], [-47.39643012625936, -18.141402763633778], [-47.40687912626913, -18.131290763624406], [-47.35543612622121, -18.104651763599577], [-47.35735212622308, -18.084560263580897], [-47.322325126190435, -18.06922876356657], [-47.30199212617151, -18.073275263570395], [-47.305103126174345, -18.063236763561008], [-47.282763126153554, -18.057774763555926], [-47.30034112616988, -18.026561763526843], [-47.29640612616629, -18.00893326351047], [-47.31873512618711, -17.995575763497982], [-47.313404126182036, -17.962763263467423], [-47.34015012620705, -17.936946763443416], [-47.337963126204954, -17.91202576342016], [-47.3566241262223, -17.89732876340645], [-47.35327112621917, -17.87047826338153], [-47.372618126237285, -17.829492263343354], [-47.35159812621771, -17.81467376332955], [-47.35403912621996, -17.787080763303834], [-47.33248612619991, -17.767347263285387], [-47.34228812620904, -17.74400026326373], [-47.31740412618581, -17.726176763247054], [-47.31324312618199, -17.69855926322134], [-47.26953612614125, -17.673748763198205], [-47.2809371261518, -17.652787763178708], [-47.26535162613732, -17.60998476313887], [-47.32918612619676, -17.524249263059005], [-47.398083126260985, -17.511734763047343], [-47.454518126313474, -17.537938263071737], [-47.4772701263347, -17.510874263046617], [-47.49518912635142, -17.52592476306063], [-47.51385612636875, -17.46034826299956], [-47.54074262639381, -17.453846762993408], [-47.52098612637542, -17.42341476296508], [-47.53732262639062, -17.4088457629515], [-47.523222126377505, -17.412001262954504], [-47.538384626391576, -17.388343762932436], [-47.51410112636904, -17.375586262920592], [-47.521237126375695, -17.35235626289898], [-47.504155126359706, -17.33683876288444], [-47.51171312636677, -17.33448576288231], [-47.51077412636596, -17.3251242628736], [-47.4875131263442, -17.349048762895904], [-47.44112162630108, -17.347926762894758], [-47.45443612631345, -17.329282262877427], [-47.421355126282606, -17.320805762869554], [-47.42893012628963, -17.307581262857184], [-47.41910212628056, -17.29189776284261], [-47.434018126294404, -17.275761762827642], [-47.41740662627899, -17.27000626282222], [-47.42246462628361, -17.26010826281299], [-47.406369126268714, -17.24522676279912], [-47.386721126250336, -17.248888762802608], [-47.37423712623877, -17.21587376277182], [-47.362205126227536, -17.222252262777715], [-47.349792126216016, -17.19604176275334], [-47.36260412622789, -17.186037262744094], [-47.33973612620662, -17.18693076274485], [-47.35154612621761, -17.166042762725397], [-47.333463626200796, -17.16483676272435], [-47.32723912619497, -17.1478797627085], [-47.31060112617945, -17.1458622627066], [-47.306935126176086, -17.15855676271849], [-47.29537812616536, -17.138167262699426], [-47.282270126153094, -17.14364276270453], [-47.28151712615238, -17.114436762677315], [-47.25607712612873, -17.09268676265708], [-47.24773612612091, -17.098099762662173], [-47.24728862612051, -17.08131226264652], [-47.23137912610571, -17.089257762653915], [-47.22335312609823, -17.075235762640887], [-47.207241126083204, -17.0798992626452], [-47.20893062608479, -17.067720762633826], [-47.190599126067696, -17.069168762635172], [-47.1957671260725, -17.059611762626332], [-47.18165812605935, -17.06349676262994], [-47.18401212606159, -17.03550426260381], [-47.16653412604535, -17.04703576261454], [-47.161126126040244, -17.02889626259764], [-47.1464031260266, -17.03079776259949], [-47.13132212601249, -17.009979262580032], [-47.15068412603057, -16.996894762567877], [-47.125692126007266, -16.979047762551318], [-47.157911126037334, -16.964242762537424], [-47.15150812603133, -16.954738762528677], [-47.16615512604494, -16.952180262526213], [-47.15649012603592, -16.94096376251582], [-47.17393612605224, -16.932431762507804], [-47.1593471260386, -16.92204376249822], [-47.1792171260571, -16.902452762479925], [-47.197352126074065, -16.909566262486578], [-47.2025461260788, -16.889938262468263], [-47.19274112606968, -16.882703762461574], [-47.20890362608475, -16.865037762445127], [-47.193087126070054, -16.824751262407517], [-47.211569126087284, -16.828398762410984], [-47.218470626093676, -16.809182762393107], [-47.21679412609217, -16.779611762365562], [-47.23046512610483, -16.774954762361176], [-47.2229901260979, -16.76136676234853], [-47.235550126109615, -16.754930762342497], [-47.22291412609786, -16.72211976231199], [-47.25104162612399, -16.705044762296097], [-47.24616312611943, -16.682013762274664], [-47.25851512613099, -16.678520762271432], [-47.24971712612273, -16.66636076226007], [-47.259378126131764, -16.667336762261016], [-47.259391126131845, -16.654507762249068], [-47.27679612614804, -16.659594762253732], [-47.29424112616425, -16.626111262222594], [-47.30666162617581, -16.63166076222774], [-47.31953812618781, -16.617682762214713], [-47.31810062618649, -16.603106262201095], [-47.33390462620116, -16.61667676221373], [-47.341169126208, -16.592698762191503], [-47.37660212624098, -16.598603762196944], [-47.37608012624048, -16.579780262179383], [-47.38645912625009, -16.588409262187497], [-47.39357612625679, -16.573680762173694], [-47.41243412627432, -16.575406262175306], [-47.40463412626707, -16.556039762157297], [-47.44397112630372, -16.540314262142715], [-47.45937712631803, -16.501528762106545], [-47.45338512631247, -16.46514076207268], [-47.42908212628981, -16.44220676205134], [-47.42673712628766, -16.393709762006097], [-47.36583512623088, -16.331047261947788], [-47.3504171262166, -16.274292261894857], [-47.32202412619017, -16.23086476185449], [-47.32308612619113, -16.20876876183388], [-47.33588412620304, -16.201135761826777], [-47.32952112619705, -16.184498261811314], [-47.3400731262069, -16.18480626181156], [-47.331517126198946, -16.171288261798964], [-47.35229412621834, -16.132380261762705], [-47.33732462620435, -16.128033261758674], [-47.33269612620006, -16.085436261718996], [-47.31090712617981, -16.087681761721115], [-47.31068912617957, -16.03269976166996], [-47.30006412616967, -16.016601761654897], [-47.27609762614736, -16.00571526164481], [-47.25364112612647, -16.01874276165688], [-47.21909162609427, -16.013793761652323], [-47.20736412608335, -15.987011261627345], [-47.16982112604842, -15.972753761614058], [-47.16909812604774, -15.953513261596186], [-47.14151812602199, -15.926186761570762], [-47.13413412601517, -15.949738761592698], [-47.12522312600686, -15.943339761586685], [-47.08865462597282, -15.961272261603426], [-47.05235612593901, -15.937464761581168], [-46.808463125711796, -15.882699761530262], [-46.80506812570866, -15.858944761508042], [-46.8227881257252, -15.824183261475696], [-46.812714625715785, -15.78675426144082], [-46.82671412572881, -15.729522261387501], [-46.8552691257554, -15.682674761343947], [-46.85365312575391, -15.62016476128565], [-46.91909312581481, -15.588365261256058], [-46.94866312584236, -15.554149261224211], [-46.929192125824216, -15.441086761118981], [-46.914691125810805, -15.41438726109402], [-46.849046125749624, -15.3727172610553], [-46.86904712576825, -15.361027261044342], [-46.83552412573704, -15.323102761009068], [-46.888885125786715, -15.281800260970613], [-46.89105212578875, -15.234812760926843], [-46.927221625822426, -15.254648760945315], [-46.940433125834716, -15.230255260922604], [-46.887886125785826, -15.112092760812516], [-46.92560412582088, -15.07311626077626], [-46.92462712582005, -15.057060260761318], [-46.85646712575658, -15.009820760717275], [-46.82943612573138, -15.008819260716336], [-46.72928112563807, -15.037284760742864], [-46.64058912555549, -15.087139760789341], [-46.57487012549427, -15.083179260785641], [-46.55089562547198, -15.063433760767225], [-46.50216962542652, -15.051805260756396], [-46.53038112545289, -15.004833260712644], [-46.516859125440305, -14.972418760682444], [-46.540408125462136, -14.951158260662623], [-46.54610612546753, -14.924998760638232], [-46.521127125444195, -14.850734260569084], [-46.533466125455675, -14.82782576054774], [-46.55837412547896, -14.820631260541063], [-46.565464125485505, -14.785928760508796], [-46.542812125464366, -14.768237760492298], [-46.54376312546526, -14.752567760477746], [-46.50985312543378, -14.737815760463945], [-46.50301712542739, -14.703631760432131], [-46.46860112539525, -14.707772760436], [-46.462711125389774, -14.730730260457335], [-46.321772125258576, -14.814134760535012], [-46.32449012526115, -14.847342260565938], [-46.300045125238285, -14.857632760575598], [-46.318908125255916, -14.89999326061502], [-46.29424212523293, -14.908166760622635], [-46.28643712522569, -14.927699760640849], [-46.23327512517619, -14.921081760634593], [-46.22404212516756, -14.941285260653444], [-46.17512412512201, -14.948979260660622], [-46.1609941251088, -14.905726760620382], [-46.14532212509425, -14.926068760639282], [-46.11987412507051, -14.919612260633244], [-46.09877012505092, -14.93837826065078], [-46.08441012503749, -14.931574260644425], [-46.079097125032604, -14.904548760619264], [-46.061915125016526, -14.90754426062199], [-46.037148624993506, -14.87420976059093], [-46.0034551249621, -14.901842760616773], [-46.00688812496526, -14.925395760638708], [-45.96565612492691, -14.965198760675776], [-45.978096124938475, -14.998132760706426], [-45.97506912493566, -15.038433760743942], [-46.018072124975674, -15.080853760783384], [-46.02805112498504, -15.113662760814009], [-46.04329412499919, -15.117681760817732], [-46.04735412500304, -15.163287260860216], [-46.097267125049484, -15.192164760887067], [-46.118819125069535, -15.191778760886791], [-46.09839362505056, -15.216334760909604], [-46.094382125046764, -15.245693760937002], [-46.080824125034155, -15.248068260939135], [-46.07665512503024, -15.2642327609542], [-46.05768662501259, -15.262292760952391], [-46.029098124986035, -15.201359760895684], [-45.98408012494406, -15.19551276089021], [-45.972044124932836, -15.154269260851834], [-45.95448362491652, -15.140023260838575], [-45.91830012488276, -15.132922260831947], [-45.87082212483858, -15.158363260855594], [-45.81124112478312, -15.112389760812789], [-45.7298721247073, -15.116796760816896], [-45.716615124694954, -15.093461760795208], [-45.67438912465559, -15.080094760782686], [-45.655827124638336, -15.027211760733508], [-45.646426124629556, -15.030809760736815], [-45.6431106246265, -15.016251760723321], [-45.62419612460894, -15.020920760727563], [-45.56631812455498, -14.944406260656365], [-45.49807012449139, -14.945933760657795], [-45.4896301244836, -14.960314760671167], [-45.454710124451026, -14.953269760664625], [-45.433175124431045, -14.92116926063477], [-45.39937612439951, -14.917053760630893], [-45.370323124372476, -14.893684760609176], [-45.36355612436614, -14.871247760588176], [-45.35151962435498, -14.875634760592334], [-45.352452124355864, -14.863658260581133], [-45.3176241243234, -14.852122260570468], [-45.315147124321015, -14.832614760552246], [-45.28527012429322, -14.832030760551675], [-45.28832112429609, -14.817661760538272], [-45.270765124279706, -14.798375760520344], [-45.24155012425251, -14.78607826050893], [-45.204576624218134, -14.744492760470166], [-45.190880124205364, -14.749264760474603], [-45.163185624179505, -14.731937760458436], [-45.08237912410425, -14.748327760473785], [-45.039906124064714, -14.680037760410187], [-44.98551662401405, -14.661686760393081], [-44.973523124002895, -14.65165676038373], [-44.980181124009164, -14.643056760375657], [-44.91626412394953, -14.619213760353546], [-44.909794123943584, -14.603103760338513], [-44.842971123881284, -14.580392260317353], [-44.84349212388179, -14.565863760303841], [-44.8583801238957, -14.571075760308645], [-44.846693123884734, -14.545040260284395], [-44.823939623863566, -14.538930260278676], [-44.8344751238734, -14.535477760275512], [-44.83587812387475, -14.518042260259222], [-44.82344812386316, -14.515208760256655], [-44.832822623871834, -14.499381760241931], [-44.813400623853795, -14.504213760246444], [-44.81785112385796, -14.48974976023294], [-44.79391112383564, -14.496144260238907], [-44.72340512377002, -14.448608760194588], [-44.70087912374902, -14.449341760195239], [-44.687940123736894, -14.416234760164457], [-44.667572123717946, -14.423405260171194], [-44.65846512370945, -14.395311760144978], [-44.63318312368597, -14.394020260143748], [-44.62518212367854, -14.375663760126713], [-44.56515312362262, -14.33961376009313], [-44.54470812360353, -14.34261776009589], [-44.54013212359928, -14.331326260085348], [-44.503029123564716, -14.321879760076627], [-44.48676512354962, -14.328073760082361], [-44.42994512349662, -14.288950760045964], [-44.36117762343258, -14.272367260030478], [-44.31607312339065, -14.23990426000023], [-44.302600123378056, -14.25218376001169], [-44.26820712334609, -14.246150260006061], [-44.2470961233264, -14.259672760018702], [-44.24021012331991, -14.240241760000572], [-44.217650123298995, -14.244534760004512], [-44.214923123296444, -14.232734759993605], [-44.17289212325727, -14.266429760024948], [-44.15959512324491, -14.257188760016334], [-44.13685612322365, -14.26370576002239], [-44.13520812322213, -14.281739760039159], [-44.11218612320067, -14.258282260017381], [-44.09898612318841, -14.273015260031116], [-44.086513123176815, -14.267981760026373], [-44.08787812317814, -14.277629760035325], [-44.07404312316521, -14.270193760028405], [-44.07299012316423, -14.285219260042481], [-44.0570201231493, -14.27716626003496], [-44.0342131231281, -14.288581760045531], [-44.00574512310163, -14.266917760025422], [-43.98596212308314, -14.267104760025518], [-43.95573012305499, -14.299270760055492], [-43.94588162304581, -14.28950776004649], [-43.94173262304196, -14.304650260060498], [-43.89154612299524, -14.292840760049558], [-43.88003762298456, -14.31146176006689], [-43.8522971229587, -14.307489760063163], [-43.846820122953545, -14.32129126007601], [-43.818598122927256, -14.311761260067215], [-43.82190912293038, -14.322582760077239], [-43.78278212289399, -14.338787260092317], [-43.81898162292771, -14.38885776013899], [-43.83155812293933, -14.442559760188942], [-43.87347012297846, -14.520135760261269], [-43.88682312299079, -14.584731260321405], [-43.8696571229749, -14.612379260347097], [-43.881347122985744, -14.628990760362626], [-43.87421912297907, -14.636316760369482], [-43.88537912298955, -14.634977260368146], [-43.883100122987344, -14.652782760384753], [-43.858794122964696, -14.673850260404379], [-43.725852122840934, -14.697711760426614], [-43.71182412282781, -14.714535760442232], [-43.71945612283491, -14.729088760455852], [-43.68621212280402, -14.7212162604485], [-43.61459512273734, -14.759442760484148], [-43.58021112270524, -14.750363760475693], [-43.536768622664795, -14.78305776050604], [-43.53098712265944, -14.81484876053571], [-43.50934562263933, -14.80714926052849], [-43.5107571226406, -14.79612426051824], [-43.47153112260412, -14.788861760511509], [-43.480850122612765, -14.767448260491506], [-43.462434122595596, -14.765435760489709], [-43.46086812259409, -14.745778760471353], [-43.43448512256953, -14.722587760449755], [-43.3461011224872, -14.695619260424678], [-43.31082512245439, -14.669297760400127], [-43.28792212243309, -14.675662760406112], [-43.19580012234724, -14.649082760381361], [-43.178779122331434, -14.66052826039197], [-43.175948122328805, -14.65009376038222], [-43.10215412226, -14.674557760405037], [-43.08337112224251, -14.697540760426477], [-43.06598912222637, -14.680108760410235], [-43.010231122174446, -14.701145260429826], [-42.938481122107646, -14.707578760435808], [-42.92665312209658, -14.743690260469407], [-42.91179912208281, -14.744021260469708], [-42.905485122076925, -14.760594760485219], [-42.8716821220454, -14.764244260488567], [-42.80829312198637, -14.826878760546947], [-42.75474012193649, -14.845969760564685], [-42.72296162190696, -14.885161260601194], [-42.70515062189031, -14.882009260598238], [-42.625012121815644, -14.944566760656471], [-42.60214712179436, -14.924224760637571], [-42.58679312178015, -14.929782260642696], [-42.56028912175543, -14.96184376067265], [-42.501786621700944, -14.987196760696179], [-42.475515621676436, -15.016587260723554], [-42.436405121640064, -15.022262760728836], [-42.44254412164571, -15.060866260764783], [-42.396096121602454, -15.077537760780388], [-42.37643612158422, -15.069963760773248], [-42.354510621563804, -15.097749260799219], [-42.33080612154174, -15.07950726078218], [-42.26440212147986, -15.124723760824281], [-42.22703712144505, -15.098812260800173], [-42.192206121412596, -15.10266426080375], [-42.17292612139465, -15.08550026078774], [-42.09122812131852, -15.186149760881449], [-41.99430012122832, -15.15841926085568], [-41.93214512117038, -15.174045760870172], [-41.87987912112169, -15.136894760835617], [-41.872143121114505, -15.115996760816188], [-41.80032012104766, -15.100641760801864], [-41.35603612063392, -15.499827761173606], [-41.330819120610386, -15.744212761401286], [-41.29256212057476, -15.738545761395926], [-41.268176120552084, -15.748243761404979], [-41.21501112050248, -15.736705761394205], [-41.14396412043641, -15.771434261426634], [-41.12825012042174, -15.746308761403156], [-41.0925101203884, -15.73822076139561], [-41.07717412037414, -15.71882776137761], [-41.00567612030761, -15.713377261372557], [-40.97922412028288, -15.691184761351906], [-40.96274162026759, -15.64793976131159], [-40.91394912022213, -15.660516761323265], [-40.902187120211124, -15.691381761351977], [-40.88117462019159, -15.694009761354437], [-40.84165112015478, -15.682763761344063], [-40.82892962014296, -15.64779976131149], [-40.816461120131294, -15.647110761310842], [-40.77995612009738, -15.679737761341244], [-40.78556712010254, -15.691804261352445], [-40.767283120085494, -15.713619261372742], [-40.73715312005743, -15.699861761359898], [-40.74343312006329, -15.683553761344797], [-40.70683012002928, -15.665943761328322], [-40.64456711997127, -15.728398261386474], [-40.62900911995678, -15.715251761374248], [-40.60622211993552, -15.736294761393879], [-40.592721119923, -15.7712847614265], [-40.56703811989905, -15.775461761430392], [-40.56309411989537, -15.802442761455495], [-40.51790311985326, -15.797049261450411], [-40.505930119842105, -15.766440261421963], [-40.48374711982149, -15.775334761430258], [-40.460246119799535, -15.753299261409666], [-40.43209261977336, -15.778191761432936], [-40.424656119766496, -15.805245761458082], [-40.37648311972157, -15.823060761474721], [-40.37111711971659, -15.813909761466107], [-40.336815119684616, -15.823757761475349], [-40.23073561958586, -15.803385261456356], [-40.19969911955695, -15.862047261510952], [-40.16572861952534, -15.86791426151649], [-40.170340119529556, -15.90706676155287], [-40.14019811950152, -15.898425261544844], [-40.10497611946869, -15.911587761557143], [-40.084623119449816, -15.896657761543224], [-40.08053411944593, -15.923634261568282], [-40.065672119432065, -15.909423261555048], [-40.07845561944407, -15.940459761583952], [-40.06575911943219, -15.9393007615829], [-40.06582111943226, -15.959744761601996], [-40.045400119413216, -15.961893261604018], [-40.00406411937479, -16.001373761640707], [-39.963587119337035, -16.004868261643992], [-39.95342211932757, -15.990976761631032], [-39.91476711929158, -15.99952126163896], [-39.93531411931076, -16.023283761661105], [-39.883556119262494, -16.06552476170043], [-39.856457119237234, -16.11336076174507], [-39.88297911926202, -16.144423761773965], [-39.89658361927468, -16.14113876177089], [-39.882565119261585, -16.163314761791526], [-39.88301811926203, -16.1942282618204], [-39.91226111928927, -16.209840761834926], [-39.93614761931144, -16.245314761867917], [-39.91630511929304, -16.283376761903355], [-39.95186711932615, -16.29738876191641], [-39.96928711934231, -16.32723376194417], [-39.98969611936138, -16.31171426192975], [-40.024842119394066, -16.356895761971828], [-40.068807619435006, -16.460260262068118], [-40.08360611944886, -16.463459762071125], [-40.096673119461, -16.447579762056307], [-40.09829011946249, -16.420743762031293], [-40.11541811947848, -16.465125762072603], [-40.170833119530016, -16.523694762127207], [-40.17448011953343, -16.537421762139957], [-40.15470811951502, -16.562365762163154], [-40.15947911951946, -16.579855762179477], [-40.211646619568114, -16.572655762172758], [-40.233750619588704, -16.557464762158588], [-40.24664911960065, -16.57309476217324], [-40.27535761962736, -16.573556762173666], [-40.3127771196622, -16.67817626227111], [-40.301978119652176, -16.707709762298578], [-40.30978911965951, -16.735748262324705], [-40.34511511969242, -16.7867987623722], [-40.28242111963402, -16.803520262387792], [-40.25657111960993, -16.78795726237331], [-40.246529119600496, -16.84527126242665], [-40.2517451196054, -16.85958176244003], [-40.26564811961839, -16.859845762440273], [-40.281259119632864, -16.900714762478287], [-40.3023951196526, -16.891774762469936], [-40.32676811967531, -16.908849762485943], [-40.36610611971196, -16.873703762453147], [-40.41722711975956, -16.89879876247653], [-40.47979211981783, -16.876339762455586], [-40.515945619851436, -16.96310626253637], [-40.545062119878594, -16.983730762555638], [-40.571285119902996, -17.065411762631697], [-40.55640411988918, -17.08913326265383], [-40.57877711991, -17.147778262708357], [-40.5742271199058, -17.179864762738248], [-40.55200211988506, -17.19868326275582], [-40.570872119902674, -17.252486762805916], [-40.54736911988073, -17.28323476283458], [-40.608643119937824, -17.326496762874854], [-40.592345119922584, -17.34500176289214], [-40.6050961199345, -17.358424262904578], [-40.59828211992817, -17.389164762933206], [-40.62309211995125, -17.405508762948443], [-40.59569211992573, -17.420096762961975], [-40.57708811990835, -17.413146762955535], [-40.519292119854526, -17.446340762986438], [-40.52055911985576, -17.457876762997216], [-40.482618619820414, -17.488041263025252], [-40.48868111982608, -17.519317263054404], [-40.46003311979939, -17.568028763099846], [-40.44335911978385, -17.578538763109577], [-40.41030311975305, -17.567754263099573], [-40.41408811975657, -17.609623263138587], [-40.396431119740214, -17.625131763152922], [-40.371582119717004, -17.611984763140754], [-40.35427811970089, -17.643798763170366], [-40.347033119694174, -17.612695763141346], [-40.32144511967033, -17.643234763169858], [-40.32244411967122, -17.660841263186285], [-40.29864011964912, -17.674093763198584], [-40.279982119631654, -17.722312763243508], [-40.22356411957912, -17.733592763254023], [-40.20377011956077, -17.82857326334249], [-40.18603261954422, -17.832053763345698], [-40.174001119533045, -17.85137576336365], [-40.21227811956862, -17.895319263404645], [-40.263167119616014, -17.92154776342909], [-40.26420661961697, -17.933403763440083], [-40.2264426195818, -17.95778376346277], [-40.22197111957769, -17.979941763483453], [-40.34514111969236, -17.92330726343073], [-40.45349011979329, -17.918335763426057], [-40.463804119802944, -17.9277282634348], [-40.5266551198614, -17.891469763401005], [-40.58432761991514, -17.917692263425465], [-40.58523011991599, -17.93763276344407], [-40.613064119941896, -17.939256263445486], [-40.625768119953705, -17.990578763493318], [-40.70498512002757, -18.023409763523887], [-40.725384120046556, -18.000741763502788], [-40.750382120069844, -18.009433763510856], [-40.77315212009103, -18.001654763503666], [-40.77081412008886, -17.980586763483984], [-40.794617120110956, -17.98126476348466], [-40.80885962012428, -17.95184726345724], [-40.82458912013897, -17.96321776346781], [-40.836654120150115, -17.956712763461837], [-40.862745120174395, -17.987841763490792], [-40.882330120192705, -17.970076763474253], [-40.90241812021145, -17.986803263489833], [-40.772917120090824, -18.107087263601784], [-40.771113120089126, -18.155447763646862], [-40.844688620157626, -18.149337763641142], [-40.87716812018789, -18.11895376361292], [-40.88862312019853, -18.1235412636172], [-40.89272162020234, -18.107403263602123], [-40.931822120238735, -18.136007763628754], [-40.949616120255314, -18.128810763622027], [-40.95414912025956, -18.15401876364558], [-40.98664562028989, -18.146298763638356], [-40.98908912029208, -18.170173763660614], [-41.01420112031553, -18.157103763648365], [-41.02771612032814, -18.15719776364847], [-41.03342512033339, -18.17163626366198], [-41.03494612033478, -18.162320263653328], [-41.05569612035413, -18.166146263656856], [-41.056080620354464, -18.178369263668174], [-41.104058120399145, -18.21280126370027], [-41.091335120387384, -18.22757026371403], [-41.10235512039765, -18.236491263722314], [-41.096084120391765, -18.25510326373967], [-41.158410120449844, -18.308276763789195], [-41.145788120438056, -18.375563763851915], [-41.16215012045325, -18.39028676386556], [-41.16005712045137, -18.402321763876785], [-41.143864120436206, -18.40476476387903], [-41.18170212047153, -18.438777763910707], [-41.02002112032096, -18.45861376392918], [-41.04159912034106, -18.60492476406546], [-41.03257512033258, -18.618284764077885], [-41.05271712035142, -18.628244764087185], [-41.044029120343225, -18.647801764105452], [-40.94110812024746, -18.688815764143555], [-40.93820912024478, -18.771971264221065], [-40.91638412022439, -18.815064264261196], [-40.96352412026829, -18.84069176428511], [-41.097083120392654, -18.8418317642861], [-41.110115120404885, -18.83845776428302], [-41.13373912042687, -18.795562764243073], [-41.232152120518435, -18.796799764244156], [-41.245085120530575, -18.821480264267166], [-41.242576120528156, -18.854057764297522], [-41.214392120502, -18.877160764319], [-41.208033120496, -18.85456776429794], [-41.189022120478285, -18.863737764306507], [-41.16101012045226, -18.856713764300025], [-41.15256712044436, -18.886129764327393], [-41.126456120420016, -18.89402676433474], [-41.10328312039849, -18.933580764371527], [-41.06447112036233, -18.944561764381774], [-41.06110412035923, -18.967210264402866], [-41.04024912033981, -18.980190764414942], [-41.01763712031868, -18.97303476440834], [-41.06606412036376, -19.00591076443891], [-41.06516512036296, -19.05085176448074], [-41.05344012035209, -19.068055764496762], [-41.012214120313615, -19.075320764503545], [-41.008065120309766, -19.09779476452445], [-40.984370120287736, -19.10023826452675], [-40.95572612026103, -19.128630764553236], [-40.96155812026643, -19.14358126456716], [-40.94361012024979, -19.143523764567135], [-40.940696120247026, -19.180091764601116], [-40.92228012022986, -19.203611264623078], [-40.941771620248005, -19.2333312646507], [-40.93825812024477, -19.248901264665278], [-40.915790120223846, -19.25845026467414], [-40.944108120250235, -19.279064764693317], [-40.90730162021589, -19.30833076472061], [-40.93807712024466, -19.34558276475525], [-40.92805312023529, -19.38140176478862], [-40.956778120262015, -19.398362264804405], [-40.96758612027213, -19.424859264829138], [-40.944303120250424, -19.46047676486228], [-40.94893812025475, -19.47267376487366], [-40.97184712027604, -19.504811764903593], [-41.00898012031064, -19.506782764905438], [-41.04535812034453, -19.487411764887383], [-41.03646812033628, -19.56997426496423], [-41.071524620368905, -19.58392526497721], [-41.07371712037093, -19.59818026499056], [-41.090489120386565, -19.595860264988346], [-41.108208120403106, -19.638982765028572], [-41.168079120458856, -19.671739265059045], [-41.17911062046903, -19.73961376512227], [-41.1906781204799, -19.7453827651276], [-41.16555412045648, -19.79197376517095], [-41.16578812045668, -19.810099765187942], [-41.18590012047537, -19.827181765203818], [-41.17530212046552, -19.838865765214678], [-41.18448612047405, -19.888477265260917], [-41.227797120514424, -19.90455576527586], [-41.24310212052865, -19.936247265305383], [-41.29880712058059, -19.936360765305494], [-41.30752012058872, -19.94785476531615], [-41.319501620599794, -19.97814426534444], [-41.307699120588836, -20.012533765376475], [-41.381717120657754, -20.188326765540182], [-41.410743120684856, -20.206882765557452], [-41.75635212100667, -20.2063807655569], [-41.77958162102834, -20.291806765636466], [-41.84798912109204, -20.32969676567177], [-41.85864912110196, -20.37319026571231], [-41.844656121088974, -20.376876765715792], [-41.83447412107944, -20.40950326574614], [-41.80300862105014, -20.422461765758158], [-41.799034121046475, -20.47679726580884], [-41.81179712105836, -20.51865376584783], [-41.804049121051094, -20.54292376587034], [-41.82640812107195, -20.55503176588161], [-41.85629112109973, -20.615279265937716], [-41.81701112106316, -20.62405076594598], [-41.82079512106668, -20.636643765957615], [-41.8068951210538, -20.643202765963792], [-41.862950121105996, -20.71042276602634], [-41.856153121099624, -20.747198766060592], [-41.873718121115985, -20.74366876605734], [-41.878401121120305, -20.77823676608955], [-41.90079812114118, -20.7957607661059], [-41.92773512116628, -20.794505266104693], [-41.93499012117309, -20.828077266136006], [-41.92575912116445, -20.837575766144823], [-41.954321121191015, -20.86502376617034], [-41.976263121211446, -20.935022266235592], [-42.022963121254975, -20.92499376622618], [-42.093561121320704, -20.93553876623605], [-42.151269121374526, -20.97389526627171], [-42.07927612130743, -21.035113766328777], [-42.10071012132744, -21.033974766327674], [-42.139697121363724, -21.102553766391566], [-42.163962621386304, -21.100970766390105], [-42.17024112139211, -21.128155266415433], [-42.20808812142741, -21.177727766461544], [-42.1892886214099, -21.249416766528384], [-42.22851612144643, -21.282323266559047], [-42.23781812145512, -21.318199266592387], [-42.223711121441966, -21.33750676661043], [-42.23581512145324, -21.34325426661576], [-42.22945812144735, -21.36608476663696], [-42.25202712146836, -21.38603126665555], [-42.23895962145616, -21.4030107666714], [-42.260406621476136, -21.40959676667751], [-42.26704212148229, -21.39955726666824], [-42.2786561214931, -21.410090766677968], [-42.27507912148974, -21.427862266694547], [-42.29220812150572, -21.459553266724015], [-42.26820612148333, -21.468383766732245], [-42.2525741214688, -21.493211266755452], [-42.28531712149936, -21.527310766787195], [-42.30592862151855, -21.529051766788825], [-42.30885112152123, -21.55028276680855], [-42.33073512154158, -21.560127266817744], [-42.325539121536735, -21.56954126682649], [-42.36870912157701, -21.618963766872525], [-42.35531512156456, -21.625371766878516], [-42.364608121573156, -21.64581076689751], [-42.3467541215565, -21.64269076689459], [-42.33779012154821, -21.661406766912023], [-42.301372121514305, -21.65482276690591], [-42.282957121497134, -21.68046076692974], [-42.27487712148957, -21.67642976692605], [-42.266945121482195, -21.71372476696081], [-42.33541912154601, -21.745764766990646], [-42.37788212158557, -21.748514266993197], [-42.59701112178959, -21.85324726709075], [-42.88209312205515, -21.959625767189777], [-42.90867012207991, -21.990005767218122], [-42.99284462215826, -22.03512026726014], [-43.03902212220123, -22.046117267270347], [-43.03274412219537, -22.065413267288363], [-43.07370962223354, -22.092856767313833], [-43.1063301222639, -22.083550767305155], [-43.13612462229173, -22.109183767329114], [-43.15370412230811, -22.077495767299524], [-43.133672122289454, -22.058524767281938], [-43.13071812228668, -22.02919726725463], [-43.16912712232238, -22.021716767247653], [-43.20162112235266, -22.036619767261527], [-43.20257012235356, -22.025017767250688], [-43.21934912236918, -22.03292326725807], [-43.24612912239411, -22.006549767233537], [-43.29865562244311, -22.019588767245637], [-43.3464361224876, -22.00307126723021], [-43.462049122595204, -22.072163267294627], [-43.507107122637194, -22.074019767296363], [-43.51318612264288, -22.058840767282163], [-43.561979122688285, -22.08731376730873], [-43.58411112270892, -22.070043767292645], [-43.585662122710346, -22.05153876727536], [-43.61277812273556, -22.081849767303652], [-43.65215512277234, -22.06662676728945], [-43.673598122792214, -22.08935176731063], [-43.69143012280881, -22.07042176729294], [-43.732131122846795, -22.09641376731713], [-43.760084122872854, -22.080524267302394], [-43.76557312287787, -22.062435267285537], [-43.84297112294996, -22.09847476731909], [-43.879771122984266, -22.100214767320722], [-43.8801851229847, -22.11316476733282], [-44.00462812310059, -22.161895267378213], [-44.0235156231181, -22.150891767367966], [-44.0721481231634, -22.164474767380625], [-44.087337123177576, -22.184045767398743], [-44.099657123189104, -22.172821267388372], [-44.12268412321055, -22.18778276740227], [-44.12109512320899, -22.20863226742165], [-44.14876612323485, -22.21317776742592], [-44.16371612324872, -22.232050767443525], [-44.17982762326369, -22.227573767439367], [-44.23504912331521, -22.265717267474884], [-44.259864123338275, -22.26787926747693], [-44.26433012334246, -22.243762767454427], [-44.275962123353224, -22.242688767453387], [-44.321575123395746, -22.26067276747017], [-44.35982612343139, -22.252184767462268], [-44.387159123456854, -22.272014767480755], [-44.4140221234818, -22.253664767463647], [-44.456019123520946, -22.256758767466522], [-44.46071312352535, -22.27987626748802], [-44.53278062359243, -22.3299447675347], [-44.58862412364442, -22.31991526752529], [-44.625739123678954, -22.335608767539952], [-44.66026812371115, -22.38003526758132], [-44.72354712377012, -22.359464767562145], [-44.793284123835065, -22.386600767587424], [-44.832914123872, -22.430392267628235], [-44.859165123896446, -22.42255376762091], [-44.88929612392451, -22.43163476762936], [-44.89895212393344, -22.453250267649537], [-44.93963412397136, -22.452180267648487], [-44.96542312399538, -22.47470376766944], [-45.02796712405359, -22.462709267658283], [-45.09068912411203, -22.48260926767682], [-45.14988612416721, -22.50686676769942], [-45.177607124192946, -22.549388267739005], [-45.260479124270205, -22.582869267770207], [-45.26096812427056, -22.606626767792363], [-45.27542612428408, -22.616468767801507], [-45.332523124337285, -22.617150267802117], [-45.399689124399856, -22.653208767835736], [-45.41008112440943, -22.651181767833805], [-45.41205612441138, -22.622514267807105], [-45.47686712447171, -22.58931976777626], [-45.48888612448286, -22.628453267812688], [-45.53946662452995, -22.652090767834693], [-45.58392912457134, -22.651199767833873], [-45.554914124544325, -22.62595326781036], [-45.576078124564106, -22.60121476778727], [-45.617685624602814, -22.63742626782107], [-45.665742124647636, -22.650712767833397], [-45.68063612466142, -22.63584776781954], [-45.658418124640775, -22.597622767783946], [-45.66013212464236, -22.577353267765147], [-45.67827512465931, -22.57280276776089], [-45.69499712467484, -22.58584976777297], [-45.71646712469487, -22.57806426776574], [-45.736986124713894, -22.608051267793712], [-45.69355012467349, -22.65122176783393], [-45.74236412471896, -22.6586777678408], [-45.81120212478311, -22.69822876787771], [-45.81948512479073, -22.722230767899987], [-45.79519012476817, -22.73853326791516], [-45.75602012473166, -22.720552267898483], [-45.72770112470528, -22.723193767900966], [-45.71196612469066, -22.768502267943063], [-45.72954662470704, -22.799355267971805], [-45.71313812469168, -22.814296767985752], [-45.75447412473022, -22.79242426796543], [-45.770501124745124, -22.80543826797748], [-45.766521124741416, -22.841857768011437], [-45.79041012476364, -22.858117268026604], [-45.80935812478128, -22.828897767999365], [-45.836801124806925, -22.83158326800185], [-45.86340812483172, -22.868222268035993], [-45.888470124855075, -22.875327768042553], [-45.89058612485701, -22.844184268013578], [-45.90936112487452, -22.816618267987906], [-46.00799712496632, -22.888735268055143], [-46.09477212504714, -22.893940768059906], [-46.13864712508803, -22.92226726808633], [-46.15354212510192, -22.911912768076718], [-46.136439125085985, -22.890053768056305], [-46.143659125092654, -22.857521268026062], [-46.191750125137446, -22.864742768032784], [-46.23369712517649, -22.881335268048247], [-46.237722625180254, -22.893667768059686], [-46.25808312519928, -22.890086768056335], [-46.266416125207, -22.875199768042535], [-46.29458012523321, -22.897331768063054], [-46.31355212525091, -22.886506768052982], [-46.34475912528001, -22.90398026806929], [-46.3837431253163, -22.869478768037197], [-46.37213012530549, -22.85961026802795], [-46.376362125309356, -22.82733276799786], [-46.361247125295336, -22.788455267961695], [-46.33409312526999, -22.759812767935045], [-46.452273625380144, -22.72709576790453], [-46.45774212538515, -22.706609267885483], [-46.477484125403635, -22.69891076787826], [-46.469526625396156, -22.693489767873302], [-46.48018712540613, -22.677829767858725], [-46.469268125395956, -22.672970767854167], [-46.392610125324495, -22.662487767844368], [-46.395864125327535, -22.645495767828606], [-46.42417112535395, -22.63311276781701], [-46.40430912533543, -22.620408267805146], [-46.422606125352445, -22.598152767784427], [-46.412199125342795, -22.585214767772413], [-46.43330612536249, -22.573389767761455], [-46.40671012533767, -22.540111267730367], [-46.425860125355484, -22.547082767736924], [-46.45293812538068, -22.52194276771354], [-46.490730125415894, -22.50990176770233], [-46.50484012542904, -22.51656176770848], [-46.54169762546337, -22.493870767687326], [-46.53021912545273, -22.470368267665435], [-46.54941612547054, -22.469063267664296], [-46.554365125475215, -22.446164767642927], [-46.57220512549179, -22.452654767648937], [-46.665950125579116, -22.414760767613643], [-46.660474125573955, -22.365556767567796], [-46.6747986255873, -22.368927767570995], [-46.70074912561154, -22.321008767526337], [-46.72281012563201, -22.30613976751249], [-46.70483412561532, -22.29533976750247], [-46.71044212562049, -22.263463767472786], [-46.677718125590104, -22.22355976743563], [-46.67385212558645, -22.175821767391085], [-46.6455181255601, -22.179934767395025], [-46.64000912555491, -22.157236767373774], [-46.59808212551593, -22.13590676735396], [-46.651095125565234, -22.09082776731202], [-46.71838812562794, -22.08819676730957], [-46.721714125631024, -22.07449526729681], [-46.657635125571346, -22.05951476728285], [-46.6759171255884, -22.054956267278612], [-46.68497612559679, -22.036822767261697], [-46.67477112558731, -22.02175176724768], [-46.639896125554856, -22.008401767235227], [-46.61281412552967, -22.014479767240914], [-46.6668541255799, -21.932078267164115], [-46.672014125584724, -21.90868726714234], [-46.64708762556154, -21.879979267115573], [-46.66628312557941, -21.848571767086355], [-46.690521625601946, -21.836482267075098], [-46.65354312556758, -21.7787652670213], [-46.62558312554154, -21.76574476700921], [-46.62114812553739, -21.675061766924728], [-46.56542812548548, -21.678843766928253], [-46.565468125485495, -21.658240766909103], [-46.54782212546911, -21.649386766900875], [-46.552532125473476, -21.637593766889836], [-46.51778212544116, -21.612340766866396], [-46.52154812544461, -21.584027766839995], [-46.49960312542419, -21.554051266812053], [-46.52372712544661, -21.521377766781598], [-46.50880712543278, -21.46941876673327], [-46.51860712544192, -21.44847326671379], [-46.56096812548128, -21.441330766707097], [-46.57606812549534, -21.42647726669327], [-46.614811125531446, -21.440988766706823], [-46.61797612553437, -21.420827766688035], [-46.64828412556267, -21.39124226666047], [-46.64675312556119, -21.363714766634757], [-46.665085125578344, -21.36067926663202], [-46.70551512561599, -21.4043652666727], [-46.753376125660566, -21.381166766651063], [-46.76425812567061, -21.359584766630974], [-46.79131412569586, -21.373203766643655], [-46.83229212573406, -21.367321766638156], [-46.84163612574275, -21.388629766658028], [-46.920327125816016, -21.42665276669345], [-47.01079312590025, -21.421764766688852], [-47.01571812590487, -21.396024766664937], [-46.99779212588817, -21.3503002666223], [-47.03473312592257, -21.310543766585283], [-47.02934612591753, -21.299001266574578], [-47.05183412593851, -21.246040766525198], [-47.07684012596178, -21.23974626651932], [-47.062489125948446, -21.209343266491032], [-47.098237125981655, -21.21299876649448], [-47.11833912600048, -21.185274766468638], [-47.11685612599899, -21.153219266438782], [-47.13305612601414, -21.132979266419966], [-47.11270262599521, -21.104444766393385], [-47.14183562602227, -21.08775426637783], [-47.15658112603603, -21.018347766313127], [-47.14329012602366, -20.981909766279273], [-47.23959362611333, -20.884805766188833], [-47.214035126089584, -20.82674426613471], [-47.224305126099125, -20.79962376610945], [-47.188369126065595, -20.770148766082002], [-47.17474412605293, -20.738787266052782], [-47.18580962606325, -20.730659266045222], [-47.16476312604368, -20.70115576601779], [-47.11485312599723, -20.706730266022987], [-47.09693412598051, -20.64385626596436], [-47.112234125994746, -20.63761026595853], [-47.10828712599107, -20.62033026594247], [-47.122874126004604, -20.61224826593491], [-47.15406912603373, -20.519082765848225], [-47.2110401260868, -20.501822765832117], [-47.29167212616187, -20.448566765782516], [-47.28500712615562, -20.405266765742226], [-47.297759126167534, -20.347963265688804], [-47.230626126104994, -20.218679765568368], [-47.25541912612812, -20.190299265541967], [-47.256597126129236, -20.16573126551907], [-47.3741221262386, -20.08319226544222], [-47.40551212626792, -20.080845765440017], [-47.43868212629877, -20.04919476541056], [-47.44344712630323, -20.029290265391978], [-47.42523412628623, -20.01215426537601], [-47.46593712632409, -19.963747765330936], [-47.58065012643101, -19.995390765360412], [-47.59429812644373, -20.025421265388445], [-47.63539512648197, -20.048000265409428], [-47.703785126545654, -19.97943376534556], [-47.852109126683786, -19.989356265354786], [-47.874943126705034, -20.019962765383298], [-47.859855626691, -20.052928765414094], [-47.89887412672738, -20.12519676548129], [-47.933650126759744, -20.107384265464702], [-47.94802862677318, -20.05528776541621], [-47.975516126798766, -20.034902765397305], [-47.9895361268118, -20.043060265404847], [-47.9901031268123, -20.074499765434098], [-48.01940012683963, -20.11968626547616], [-48.03774012685665, -20.11652826547322], [-48.0699876268867, -20.146147265500872], [-48.11162812692555, -20.143425765498364], [-48.17815112698747, -20.09571126545393], [-48.213575127020476, -20.03493776539733], [-48.24042712704545, -20.028815765391528], [-48.2529691270571, -20.077451765436876], [-48.21822312702477, -20.125900765482015], [-48.24593612705053, -20.140485265495613], [-48.280451127082756, -20.13905526549422], [-48.31590812711579, -20.11325776547028], [-48.368157627164464, -20.1222782654786], [-48.40532012719905, -20.11304176547003], [-48.49065812727849, -20.137655765492923], [-48.581760127363395, -20.131740765487393], [-48.64576412742292, -20.16647476551975], [-48.72907412750055, -20.149827265504314], [-48.831993127596434, -20.16448726551789], [-48.8549316276177, -20.179675765532124], [-48.85541712761824, -20.222822765572232], [-48.88544612764622, -20.27217676561827], [-48.866577627628544, -20.397880765735295], [-48.87813712763932, -20.42918476576449], [-48.898913127658716, -20.440703765775197], [-48.96843612772341, -20.393271765731015], [-48.96132412771681, -20.262832765609573], [-48.991789127745164, -20.164915765518344], [-49.028134127779026, -20.150678765505063], [-49.06701662781529, -20.154275765508373], [-49.133549127877245, -20.284000265629288], [-49.183098627923414, -20.31419176565737], [-49.22820412796534, -20.30289026564685], [-49.29878212803112, -20.166609765519866], [-49.30807512803972, -20.10342676546111], [-49.29679312802932, -20.017051265380587], [-49.24787512798366, -19.999170765363942], [-49.24858262798432, -19.972055765338723], [-49.29707412802952, -19.96008026532752], [-49.35602212808442, -19.986252265351936], [-49.43407512815713, -19.981919765347925], [-49.49232062821136, -19.94995626531818], [-49.50298812822132, -19.919464765289717], [-49.55101862826598, -19.90537576527663], [-49.633939128343286, -19.931468265300964], [-49.78198912848109, -19.923999265294015], [-49.88786912857972, -19.944840765313415], [-49.961686128648466, -19.91976026529005], [-50.011718128695065, -19.926255765296105], [-50.04677012872776, -19.914926265285544], [-50.10406412878115, -19.86945026524313], [-50.24468462891207, -19.876294765249554], [-50.352287129012325, -19.864140265238234], [-50.412347129068166, -19.804217265182388], [-50.47144612912325, -19.779193765159107], [-50.577476129221964, -19.815912765193275], [-50.65763112929665, -19.90668576527787], [-50.783127129413515, -19.93676776530583], [-50.87239812949667, -19.989134765354606], [-50.90765912952952, -19.993795765358982], [-50.94657812956575, -20.030790765393476], [-50.96535912958325, -20.033128765395645], [-50.999998129615506, -20.08492276544382], [-51.01741112963168, -20.047930765409433], [-51.00432962961952, -19.998755765363626], [-51.020672129634704, -19.963566765330825], [-50.998995129614514, -19.90591476527709], [-51.01883012963299, -19.8699902652437], [-51.02221712963615, -19.807036265185047], [-51.03946312965229, -19.776657765156756], [-51.027425129641074, -19.756114765137568], [-51.04546812965782, -19.72859026511196], [-50.98707812960345, -19.58904776498207], [-50.927523129548035, -19.58733976498047], [-50.923693129544404, -19.55815826495325], [-50.962470629580594, -19.500119764899182], [-50.96199362958009, -19.484415764884602], [-50.93402412955402, -19.467137764868426]]]}}, {"type": "Feature", "id": "MS", "properties": {"id": "MS", "sigla": "MS", "name": "Mato Grosso do Sul", "regiao": "Centro-Oeste", "pop_total": 2758194, "qtd_equipes_esf": 1712, "capacidade_pnab": 6417000, "cobertura_pnab_pct": 232.7, "sobrecarga_media": 0.38, "pop_critica": 451329, "pct_pop_critica": 16.36, "n_polos_critica": 47, "hab_por_esf": 1611, "densidade": 7.5}, "geometry": {"type": "Polygon", "coordinates": [[[-57.9127681360535, -21.59625776685141], [-57.958435136096, -21.563452766820774], [-57.96635313610341, -21.525090266785128], [-57.930936136070386, -21.479889766742986], [-57.903876136045255, -21.399958766668533], [-57.85404813599882, -21.338332766611188], [-57.85281913599772, -21.316514266590843], [-57.89579613603769, -21.305741266580867], [-57.92124613606143, -21.28064476655743], [-57.849682135994726, -21.219397266500437], [-57.86193813600619, -21.139397766425873], [-57.84468313599007, -21.09803226638735], [-57.867435136011295, -21.040950766334163], [-57.81669813596409, -20.979510266276975], [-57.81896013596611, -20.942192766242215], [-57.833435135979585, -20.935539766236047], [-57.86132013600559, -20.94771576624737], [-57.89285363603494, -20.904568266207207], [-57.92801013606777, -20.897749766200832], [-57.86451913600854, -20.84786876615442], [-57.85923613600369, -20.82649126613444], [-57.894041136036094, -20.790574266100975], [-57.94746413608584, -20.80001426610977], [-57.960593136098055, -20.78885976609945], [-57.932878136072304, -20.74554526605914], [-57.86273463600696, -20.741343266055196], [-57.92065113606088, -20.663120765982285], [-57.954125636092044, -20.70316676601965], [-57.98498813612082, -20.70131126601791], [-57.970296136107095, -20.642988765963537], [-58.012458636146334, -20.6125892659353], [-57.99715813613216, -20.572831765898286], [-58.01840113615185, -20.51345326584294], [-57.99496413613008, -20.440268765774817], [-58.02057213615387, -20.402097265739258], [-58.062986136193445, -20.39254076573036], [-58.08387613621289, -20.372256765711427], [-58.10171163622954, -20.324220265666668], [-58.09429113622252, -20.255144265602326], [-58.11815463624475, -20.2495642655972], [-58.144265136269155, -20.27234576561841], [-58.16107313628481, -20.262041765608842], [-58.16145863628515, -20.223678765573027], [-58.121907136248296, -20.19474376554615], [-58.167042636290375, -20.171404765524358], [-58.15212963627641, -20.152428265506728], [-58.11482413624174, -20.143303765498217], [-58.08840963621708, -20.10735076546473], [-58.04853913618001, -20.104705765462313], [-58.032672636165216, -20.064681765425007], [-57.98572863612151, -20.058029765418837], [-57.958737136096374, -20.021810265385056], [-57.934683136073886, -20.019853765383232], [-57.901820136043284, -20.04167176540352], [-57.86190113600617, -19.985203765351002], [-57.858990636003455, -19.96991626533668], [-58.131292136257, -19.758057265139428], [-57.783737635933335, -19.033072764464237], [-57.7096806358644, -19.03215476446337], [-57.69385313584962, -19.01051976444319], [-57.71879313587283, -18.97661076441159], [-57.719315635873386, -18.898626764339042], [-57.766153135916966, -18.89884676433917], [-57.55731513572243, -18.23991176372556], [-57.453401135625654, -18.230758263717007], [-57.482597135652895, -18.196758763685352], [-57.504623135673455, -18.199905263688265], [-57.574346135738324, -18.13145226362451], [-57.59959413576189, -18.04593226354484], [-57.72015013587418, -17.827425763341353], [-57.6826496358392, -17.827702763341676], [-57.68270763583928, -17.807568263322878], [-57.71961613587359, -17.771284763289145], [-57.70912413586382, -17.72944976325016], [-57.730448635883704, -17.718338763239785], [-57.76005113591134, -17.663428763188676], [-57.775172135925345, -17.656584263182253], [-57.7827851359325, -17.63882376316576], [-57.7713971359218, -17.612496763141166], [-57.78350713593318, -17.60698776313609], [-57.77351013592386, -17.597539763127315], [-57.78676413593621, -17.59239626312251], [-57.777233135927304, -17.584027763114705], [-57.790289635939416, -17.5862322631167], [-57.78036913593019, -17.575867763107112], [-57.79515213594402, -17.559574263091918], [-57.75177713590358, -17.564029763096073], [-57.727540135880986, -17.529315263063722], [-57.71162813586625, -17.54269376307616], [-57.689393135845535, -17.639877763166737], [-57.668320135825866, -17.671472763196107], [-57.684093635840554, -17.716048263237667], [-57.6630371358209, -17.729420263250063], [-57.63978613579934, -17.716925763238464], [-57.600433135762614, -17.774855763292408], [-57.61206613577349, -17.778976763296214], [-57.60536613576721, -17.801904763317566], [-57.575814635739675, -17.800093763315886], [-57.57093113573512, -17.81495976332974], [-57.530511135697566, -17.838678763351822], [-57.53425913570095, -17.853199263365354], [-57.510815135679195, -17.863463763374966], [-57.47707013564775, -17.858617763370376], [-57.477152635647826, -17.878445763388868], [-57.451952635624366, -17.90220776341107], [-57.44620913561903, -17.874069263384854], [-57.39800513557407, -17.83893226335215], [-57.385170135562134, -17.8438382633567], [-57.376932635554454, -17.825749763339786], [-57.352940135532094, -17.83742376335067], [-57.30756813548987, -17.81037176332552], [-57.282815135466876, -17.82225876333655], [-57.283258135467236, -17.81247676332748], [-57.232118635419624, -17.811948763326996], [-57.25150863543763, -17.7930207633093], [-57.15542613534819, -17.777976263295272], [-57.14623013533958, -17.76706976328512], [-57.11509413531064, -17.780650763297785], [-57.073398635271815, -17.735028263255344], [-57.04440213524481, -17.72988476325054], [-57.032864135234036, -17.694305763217358], [-56.987705635192015, -17.658854763184422], [-56.95748213516379, -17.6076017631367], [-56.98089913518561, -17.610579763139413], [-56.98184313518652, -17.57979776311072], [-56.909065135118794, -17.532110763066385], [-56.87545613508746, -17.53253726306673], [-56.86145363507444, -17.483471763021043], [-56.849728135063515, -17.486345763023678], [-56.8473121350612, -17.463571263002564], [-56.82490213504036, -17.45845726299774], [-56.84039913505478, -17.441574262982044], [-56.81909063503497, -17.429761762970998], [-56.84150713505585, -17.41775376295982], [-56.8282011350434, -17.3895262629336], [-56.7854781350037, -17.387091762931277], [-56.786238135004396, -17.37007026291542], [-56.76236613498213, -17.360204262906223], [-56.76836413498768, -17.34042326288784], [-56.73334513495513, -17.309424762858953], [-56.69142313491602, -17.31767476286666], [-56.6953986349198, -17.32650276287484], [-56.682672134907875, -17.316131262865156], [-56.66306013488963, -17.33839076288598], [-56.6562021348833, -17.32100676286973], [-56.64495363487276, -17.338912762886366], [-56.646929134874654, -17.31655176286563], [-56.629930134858796, -17.333765762881626], [-56.62450813485373, -17.321650762870377], [-56.59538313482665, -17.332108762880125], [-56.576060134808586, -17.330619762878655], [-56.56712813480033, -17.31447626286365], [-56.525449134761516, -17.320068762868914], [-56.50126113473891, -17.285889762837087], [-56.49770213473562, -17.298276262848617], [-56.47261713471232, -17.30957576285914], [-56.46701013470704, -17.301843762851945], [-56.46345413470374, -17.315232262864356], [-56.45186613469298, -17.309739762859294], [-56.44361713468527, -17.33117676287918], [-56.40758763465169, -17.315666762864794], [-56.356173134603864, -17.266614262819076], [-56.33536613458443, -17.289511762840448], [-56.31303363456368, -17.268992762821313], [-56.29734213454901, -17.27615176282802], [-56.279614134532494, -17.25872676281176], [-56.284895634537406, -17.24698176280083], [-56.25604163451055, -17.243355762797478], [-56.26189413451607, -17.230797762785755], [-56.251784634506635, -17.233728262788418], [-56.25083913450578, -17.218587762774405], [-56.20826013446606, -17.226834262782063], [-56.212508634470055, -17.21017876276653], [-56.18864313444783, -17.2099332627663], [-56.18492613444437, -17.18879676274662], [-56.13936513440194, -17.19075576274838], [-56.13964413440215, -17.17906776273753], [-56.11344913437779, -17.16619476272558], [-56.08395663435033, -17.17722776273581], [-56.0603291343283, -17.171561762730562], [-56.050479134319176, -17.18651176274443], [-56.04361463431269, -17.170958762730038], [-56.00500713427675, -17.20375976276057], [-56.020450134291195, -17.21556526277152], [-56.00812263427963, -17.213753762769898], [-56.01028113428174, -17.23860726279304], [-55.988232134261125, -17.24108026279532], [-55.98522913425836, -17.257964262811015], [-55.98031013425373, -17.246264262800082], [-55.95142013422685, -17.24976176280336], [-55.94081013421703, -17.277446762829186], [-55.925835634203054, -17.257422762810506], [-55.88603363416598, -17.263463262816117], [-55.899375634178455, -17.276597762828374], [-55.89037113416998, -17.271896262824043], [-55.88605813416598, -17.284327762835574], [-55.874306634155005, -17.268198262820533], [-55.85091913413328, -17.27883776283045], [-55.84141563412447, -17.300795262850897], [-55.82581813410991, -17.288389762839415], [-55.82753613411148, -17.306166762855923], [-55.80600513409149, -17.29757326284789], [-55.78391813407086, -17.329608762877797], [-55.76070313404921, -17.323094762871733], [-55.72236513401356, -17.34877976289556], [-55.70859363400075, -17.337177762884835], [-55.70084413399354, -17.353691762900212], [-55.69272613398596, -17.339452762886935], [-55.66760213396253, -17.35025026289702], [-55.656065133951756, -17.33782476288536], [-55.64569763394218, -17.358966762905084], [-55.63952763393638, -17.339280262886746], [-55.625837133923596, -17.363591762909437], [-55.585107133885685, -17.373178762918315], [-55.58656013388702, -17.421269262963165], [-55.574837133876144, -17.418360762960447], [-55.57437113387573, -17.434227762975183], [-55.523587133828414, -17.48073776301851], [-55.4721401337805, -17.480917763018624], [-55.443236133753544, -17.511336763046984], [-55.38183513369643, -17.525036763059802], [-55.37661213369154, -17.51460376304999], [-55.35325913366978, -17.531179263065496], [-55.35017213366689, -17.548117763081223], [-55.29216713361291, -17.5421097630757], [-55.28906113360995, -17.559872763092244], [-55.26870063359104, -17.5563347630889], [-55.263640133586364, -17.57748226310855], [-55.242033133566224, -17.60168426313112], [-55.2314181335563, -17.595140263125018], [-55.21763963354351, -17.607076763136206], [-55.22099913354657, -17.616660263145036], [-55.183394633511625, -17.619365763147584], [-55.17011413349917, -17.640394263167195], [-55.14150313347261, -17.638846763165702], [-55.1267561334588, -17.652282263178222], [-55.10825763344167, -17.628219763155812], [-55.06331613339978, -17.64201976316872], [-55.01025413335037, -17.628900263156538], [-54.99133463333271, -17.637958763164875], [-54.97377713331639, -17.616607263145056], [-54.94292613328764, -17.608588263137563], [-54.860365133210735, -17.62341276315135], [-54.758288133115684, -17.56525676309718], [-54.749868633107894, -17.522997263057846], [-54.718308133078494, -17.51792376305309], [-54.69922563306068, -17.496939763033538], [-54.68081513304355, -17.50640926304243], [-54.65450013301904, -17.489718763026872], [-54.6168396329839, -17.489982763027115], [-54.58116713295067, -17.467566263006233], [-54.553693132925105, -17.48822776302552], [-54.535837132908455, -17.477143763015192], [-54.480813632857235, -17.48722376302453], [-54.46642013284384, -17.528632763063115], [-54.420585632801135, -17.53731076307122], [-54.40322013278501, -17.564101263096177], [-54.382447132765606, -17.57109076310269], [-54.38410863276715, -17.600921763130486], [-54.373922132757684, -17.608136263137112], [-54.38730363277023, -17.631494763158912], [-54.33509063272152, -17.661281263186652], [-54.269367632660305, -17.651642263177678], [-54.17834013257561, -17.602408763131848], [-54.13369413253395, -17.618283763146565], [-54.08419613248793, -17.61858976314693], [-54.05114063245708, -17.562328263094514], [-54.045416132451805, -17.536786263070667], [-54.05758463246309, -17.512686763048237], [-54.037145632444094, -17.486007263023453], [-53.951756132364494, -17.45889476299817], [-53.87794813229584, -17.37475576291979], [-53.83083313225188, -17.354577762901044], [-53.819583132241405, -17.294173762844707], [-53.785224132209464, -17.28707276283808], [-53.758589132184625, -17.2427012627968], [-53.69797913212824, -17.230213762785183], [-53.67958613211101, -17.25312776280657], [-53.70339513213321, -17.660900763186305], [-53.80583813222859, -17.671928263196605], [-53.85541763227479, -17.702273763224866], [-53.95394463236653, -17.868171763379337], [-53.94842213236143, -17.922978763430365], [-53.898059632314585, -17.908358263416744], [-53.8696681322881, -17.926954263434027], [-53.859564132278706, -17.920715263428292], [-53.7926981322164, -17.974215763478128], [-53.78597113221019, -17.993679263496233], [-53.71880513214762, -17.997624763499857], [-53.691697132122385, -18.013230763514457], [-53.66075513209353, -17.977066763480707], [-53.61563963205151, -17.975743263479558], [-53.589055132026715, -18.01216626351345], [-53.556747131996644, -18.005209263506913], [-53.55600063199597, -18.01598476351694], [-53.517386631959994, -18.0202022635209], [-53.485582131930414, -18.0399537635393], [-53.467361131913435, -18.03444676353422], [-53.45680513190359, -17.99925276350143], [-53.43852813188653, -17.983481263486738], [-53.380289631832284, -18.008306763509836], [-53.29868613175631, -17.995035763497526], [-53.2372781316991, -18.006996763508596], [-53.173198131639424, -18.041600763540828], [-53.07150113154478, -18.039021263538416], [-53.0813531315539, -18.054313763552727], [-53.12316513159283, -18.058381263556498], [-53.142752631611074, -18.08138976357793], [-53.10066513157187, -18.310382763791154], [-53.0694491315428, -18.34243076382097], [-53.02433463150078, -18.350155763828184], [-53.01345113149068, -18.32569076380537], [-52.97860563145821, -18.304265763785452], [-52.93474413141735, -18.296106263777915], [-52.872720631359584, -18.31438526379486], [-52.7869776312798, -18.32013526380024], [-52.75869963125342, -18.349157763827293], [-52.76141613125594, -18.370860263847476], [-52.79802713129004, -18.41441226388804], [-52.874840131361566, -18.42828676390093], [-52.88047113136679, -18.465041763935233], [-52.91527263139926, -18.50845326397564], [-52.96186413144267, -18.54036976400539], [-52.93396713141669, -18.59866176405967], [-52.93938363142172, -18.612812764072828], [-52.913835131397946, -18.619369764078897], [-52.9162731314002, -18.639844264097974], [-52.749121131244465, -18.690320764144985], [-52.680861131180905, -18.678229264133734], [-52.63319713113651, -18.695104764149505], [-52.59238313109847, -18.68943976414414], [-52.552552131061475, -18.65653826411358], [-52.4486351309647, -18.69051326414524], [-52.409355630928076, -18.754531264204843], [-52.36930813089077, -18.79879576424605], [-52.353553130876094, -18.799752764246932], [-52.34390513086714, -18.821970764267576], [-52.30855013083419, -18.839262764283717], [-52.26327813079206, -18.827355764272625], [-52.25099613078055, -18.839125764283608], [-52.18099113071537, -18.847461764291324], [-52.15669413069281, -18.88797876432909], [-52.11122613065038, -18.898846264339227], [-52.09266113063313, -18.94164826437907], [-52.01816163056378, -18.96304226439895], [-52.01511513056096, -18.982324764416944], [-51.99841713054536, -18.967290264403005], [-51.97771913052611, -18.980355764415094], [-51.967802130516816, -18.966242764401954], [-51.95102513050119, -18.980254764415008], [-51.939855130490855, -18.96751776440317], [-51.898328130452114, -18.9937297644276], [-51.8544691304113, -19.051019764480884], [-51.84227963039996, -19.04184726447238], [-51.84083413039855, -19.05668626448619], [-51.817886130377246, -19.05312876448295], [-51.79085513035204, -19.077676264505726], [-51.74271613030726, -19.08737826451477], [-51.72822113029372, -19.107771264533767], [-51.712692130279265, -19.1023767645288], [-51.657471130227805, -19.137463764561403], [-51.63916113021082, -19.12697376455162], [-51.60871913018241, -19.14042076456417], [-51.5761911301521, -19.126104264550918], [-51.500997130082055, -19.147323764570615], [-51.49344513007509, -19.162538764584838], [-51.474836130057724, -19.153734264576656], [-51.457789130041874, -19.16711376458909], [-51.419996130006666, -19.166081264588115], [-51.39507362998347, -19.195629264615604], [-51.37463462996436, -19.19418276461431], [-51.3689961299591, -19.22023426463852], [-51.30733512990173, -19.21807276463653], [-51.307437129901814, -19.2374837646546], [-51.251739129849966, -19.273618764688194], [-51.22379812982388, -19.257726764673407], [-51.20249412980411, -19.260777764676277], [-51.180023129783194, -19.283077764697055], [-51.08748812969702, -19.30787376472017], [-51.050324129662386, -19.33461276474509], [-51.017523129631854, -19.383418764790463], [-51.030247129643726, -19.400979764806834], [-50.98458112960111, -19.409955264815267], [-50.98482662960134, -19.430924264834744], [-50.951657129570435, -19.44217526484522], [-50.93402412955402, -19.467137764868426], [-50.96199362958009, -19.484415764884602], [-50.962470629580594, -19.500119764899182], [-50.923693129544404, -19.55815826495325], [-50.927523129548035, -19.58733976498047], [-50.98707812960345, -19.58904776498207], [-51.04546812965782, -19.72859026511196], [-51.027425129641074, -19.756114765137568], [-51.03946312965229, -19.776657765156756], [-51.02221712963615, -19.807036265185047], [-51.01883012963299, -19.8699902652437], [-50.998995129614514, -19.90591476527709], [-51.020672129634704, -19.963566765330825], [-51.00432962961952, -19.998755765363626], [-51.01741112963168, -20.047930765409433], [-50.999998129615506, -20.08492276544382], [-51.05800212966949, -20.23306276558185], [-51.140747129746615, -20.298081765642337], [-51.29520012989042, -20.328019265670264], [-51.341854129933836, -20.354294765694704], [-51.40878012999622, -20.459084265792285], [-51.46330113004694, -20.500990765831375], [-51.49973963008097, -20.567753765893485], [-51.59366513016835, -20.6433847659639], [-51.63441413020632, -20.754385766067344], [-51.62191463019474, -20.776408766087798], [-51.63249313020458, -20.821094766129477], [-51.612993130186396, -20.88961476619329], [-51.61848213019152, -20.931870766232578], [-51.66450613023437, -20.969849766268], [-51.72248613028842, -20.97697376627457], [-51.770772130333285, -21.042196766335337], [-51.78918513035046, -21.101655766390763], [-51.82310213038204, -21.12637576641373], [-51.87537513043071, -21.135683766422403], [-51.879233130434386, -21.19745326648001], [-51.84802563040523, -21.266173766543943], [-51.86057413041692, -21.336206266609224], [-51.90509413045845, -21.383538266653318], [-51.92819313047994, -21.455351766720128], [-51.96741413051643, -21.501296766762948], [-51.99768413054471, -21.515156766775817], [-52.065963130608225, -21.50412676676558], [-52.09547163063576, -21.541598766800462], [-52.10167413064153, -21.56934876682635], [-52.06838613061052, -21.59764176685269], [-52.04903013059254, -21.64262376689453], [-52.07600213061755, -21.714415266961396], [-52.1023746306422, -21.744826266989776], [-52.1607711306965, -21.77030776701349], [-52.190070130723825, -21.84567926708371], [-52.30831913083398, -21.951453767182215], [-52.34494113086805, -22.06150926728469], [-52.37672413089763, -22.106212267326327], [-52.48625313099967, -22.214705267427348], [-52.578690631085806, -22.251486767461643], [-52.64530413114778, -22.297815767504744], [-52.74533613124095, -22.342847267546745], [-52.79783313128985, -22.377806767579273], [-52.85426163134241, -22.438645767635876], [-52.9980791314764, -22.49271526768632], [-53.01386213149101, -22.520199767711915], [-53.077484131550364, -22.55287226774226], [-53.10841413157914, -22.597850767784166], [-53.10468613157559, -22.621463767806176], [-53.188388131653596, -22.72148076789938], [-53.35403013180792, -22.776892767950926], [-53.37702813182932, -22.80276776797507], [-53.54632113198693, -22.889629768055897], [-53.57026513200924, -22.928024768091632], [-53.60691713204335, -22.95086776811297], [-53.63361813206825, -22.99802926815687], [-53.636082132070555, -23.124564768274695], [-53.69304713212364, -23.220925268364454], [-53.72715113215531, -23.313247268450482], [-53.77058363219578, -23.371643768504782], [-53.98237513239303, -23.459601768586708], [-54.05316713245895, -23.727517768836265], [-54.0751971324795, -23.764017768870303], [-54.087593132491065, -23.84406276894481], [-54.07939313248346, -23.88851076898618], [-54.099343132501986, -23.9460002690397], [-54.129195132529844, -23.981641269072952], [-54.24478863263744, -24.053506269139916], [-54.28881613267845, -24.067904269153246], [-54.32111613270854, -24.02407626911247], [-54.31928813270679, -24.008241769097708], [-54.35598113274102, -24.005733269095344], [-54.41403513279511, -23.959664769052438], [-54.437060132816555, -23.90619426900264], [-54.483116132859436, -23.894544768991864], [-54.500366132875456, -23.875908268974513], [-54.517037132891005, -23.885676768983558], [-54.54686963291874, -23.86967376896871], [-54.5694861329398, -23.874482768973166], [-54.56619613293674, -23.855130768955064], [-54.584727632954014, -23.836894768938123], [-54.60978513297732, -23.85112576895142], [-54.61709313298422, -23.83369826893511], [-54.64714263301221, -23.832367268933922], [-54.67095513303434, -23.811751768914746], [-54.70522713306627, -23.862914768962355], [-54.74441963310278, -23.86706026896627], [-54.75881713311617, -23.855738268955633], [-54.81353463316714, -23.888276768985975], [-54.83619663318825, -23.882106768980293], [-54.84878313319996, -23.905801769002323], [-54.88339913323216, -23.89554076899276], [-54.924648633270635, -23.92240126901777], [-54.92429113327023, -23.95907826905193], [-54.997587133338584, -23.95550426904856], [-55.06000413339666, -23.992322269082933], [-55.0720106334079, -23.97976576907115], [-55.08975363342438, -23.982593269073845], [-55.10659713344012, -23.96083126905353], [-55.14066813347176, -23.98657576907749], [-55.24348413356756, -24.00122076909122], [-55.31773413363669, -23.96052776905333], [-55.34318013366044, -23.995505769085867], [-55.41879113373079, -23.959014269051863], [-55.427288133738784, -23.926698769021755], [-55.44348213375383, -23.91756476901321], [-55.434404133745375, -23.87309776897189], [-55.44887413375886, -23.81972226892219], [-55.43014413374135, -23.79077376889518], [-55.445171133755366, -23.74310526885074], [-55.434375133745334, -23.71734876882681], [-55.46097663377009, -23.712695768822414], [-55.46031513376954, -23.684833768796466], [-55.47373463378199, -23.675923768788266], [-55.48156313378934, -23.64069576875545], [-55.508645133814525, -23.623714768739546], [-55.53695463384088, -23.62534276874112], [-55.52387013382872, -23.56733526868709], [-55.56162113386381, -23.482446268607987], [-55.54642913384964, -23.47676476860272], [-55.54608963384942, -23.44853976857644], [-55.5052616338113, -23.37703376850982], [-55.55598563385854, -23.318742768455536], [-55.554121133856825, -23.277702768417385], [-55.52289663382783, -23.258537768399492], [-55.53756913384143, -23.250168768391745], [-55.54614513384945, -23.219281768362976], [-55.52345463382835, -23.19659076834182], [-55.542701633846264, -23.17982026832624], [-55.5420911338457, -23.155432768303513], [-55.56664913386851, -23.143389268292253], [-55.5969561338967, -23.1522127683005], [-55.59507213389497, -23.119272768269752], [-55.61634363391477, -23.081707768234764], [-55.61065113390953, -23.04858976820401], [-55.63854013393552, -23.02614076818304], [-55.63350513393084, -22.992800268151996], [-55.621757633919856, -22.98533676814509], [-55.646785133943126, -22.95065526811277], [-55.648037133944285, -22.89858576806421], [-55.665731133960776, -22.851693768020596], [-55.65256213394855, -22.79234676796534], [-55.61689613391536, -22.767686767942337], [-55.625042133922875, -22.75851226793384], [-55.612534133911254, -22.73864226791534], [-55.61320213391184, -22.656940267839218], [-55.62435513392222, -22.628567767812797], [-55.72142213401264, -22.551532767741037], [-55.75139713404053, -22.47605726767074], [-55.73509313402542, -22.45815626765409], [-55.73981063402982, -22.394628767594895], [-55.78836913407497, -22.387851767588586], [-55.852951134135196, -22.279903767488122], [-55.92917963420621, -22.27814176748643], [-55.94870213422439, -22.292062267499432], [-55.98253113425585, -22.278453267486725], [-56.00984513428125, -22.29356576750081], [-56.0562041343245, -22.27616726748454], [-56.087819134353936, -22.285964767493738], [-56.1166191343807, -22.270318267479183], [-56.16562263442631, -22.288087767495654], [-56.19198713445087, -22.27224476748097], [-56.21026213446794, -22.27679876748516], [-56.23884113449458, -22.235356767446547], [-56.276153134529295, -22.236004767447184], [-56.30106513455246, -22.215107767427753], [-56.31549063456589, -22.21763026743008], [-56.36304613461027, -22.16998776738569], [-56.392431634637546, -22.074398767296657], [-56.43037163467295, -22.085827767307364], [-56.470842134710665, -22.080330767302257], [-56.47465313471412, -22.093261267314233], [-56.506011634743345, -22.096303767317067], [-56.52401313476014, -22.121584767340664], [-56.518129134754645, -22.139582267357355], [-56.555736634789696, -22.169077767384806], [-56.55604513479, -22.195866767409825], [-56.597789634828814, -22.211812767424703], [-56.62600713485517, -22.245607767456136], [-56.64043513486854, -22.244029267454607], [-56.63510363486364, -22.262488767471837], [-56.67726113490289, -22.245323267455888], [-56.681120634906506, -22.221840767433946], [-56.70298513492685, -22.217771767430236], [-56.69294513491752, -22.227325767439083], [-56.720234634942926, -22.26304626747242], [-56.74526613496619, -22.23501176744628], [-56.77443513499338, -22.259422767469005], [-56.793595135011174, -22.24211276745291], [-56.80082463501799, -22.28272976749065], [-56.841707135056026, -22.302096267508773], [-56.87851013509032, -22.27724826748556], [-56.88448613509581, -22.246464767456928], [-56.90579163511575, -22.267007767476116], [-56.92499013513361, -22.251315767461392], [-56.94572963515293, -22.256728267466542], [-56.957512135163824, -22.239180767450193], [-56.98384863518845, -22.243544767454182], [-56.99632113519999, -22.222826767434867], [-57.04454463524496, -22.241996767452747], [-57.058902135258336, -22.229430267441103], [-57.06107313526036, -22.24360776745425], [-57.08024513527812, -22.25022126746046], [-57.11182113530754, -22.239804767450778], [-57.10476213530103, -22.226362267438162], [-57.18304163537391, -22.23532526744657], [-57.20093313539053, -22.21012176742306], [-57.21671063540532, -22.239200767450143], [-57.240629135427525, -22.24937876745969], [-57.29170763547506, -22.217902267430304], [-57.3202661355017, -22.244563767455134], [-57.3355106355159, -22.228637267440376], [-57.37554213555313, -22.231502767442976], [-57.385908135562886, -22.2042022674176], [-57.42523813559944, -22.203972767417326], [-57.44715213561983, -22.18660076740116], [-57.48794213565782, -22.189505267403888], [-57.522710135690204, -22.16833576738418], [-57.546617135712495, -22.181445767396326], [-57.5777996357416, -22.17613326739138], [-57.587737135750785, -22.1637942673799], [-57.58292963574638, -22.14136876735904], [-57.61168813577308, -22.123827767342732], [-57.61260013577396, -22.09456976731542], [-57.66298863582085, -22.105986267326102], [-57.70618613586112, -22.08975376731098], [-57.71620813587049, -22.112585767332234], [-57.73615813588901, -22.10154576732191], [-57.73668563588956, -22.133274267351567], [-57.778708135928696, -22.125634767344422], [-57.80318813595147, -22.15044176736751], [-57.827877135974404, -22.119614767338817], [-57.858905136003386, -22.136441267354485], [-57.92829413606796, -22.121470767340497], [-57.920765136060936, -22.108335267328243], [-57.93981963607871, -22.083788767305464], [-57.99154513612689, -22.090388267311596], [-57.984740136120536, -22.061766767284894], [-58.00758013614177, -22.037949767262717], [-57.967718136104736, -22.00922876723598], [-57.93601763607512, -21.921796767154547], [-57.948126136086444, -21.901276767135414], [-57.912323136053146, -21.87915476711487], [-57.969990136106844, -21.845952767083872], [-57.93223713607165, -21.826380767065643], [-57.91337513605413, -21.791469767033163], [-57.90874513604979, -21.768978767012186], [-57.945601136084065, -21.742473766987587], [-57.88204463602494, -21.688037766936873], [-57.93306813607239, -21.65104976690236], [-57.94138163608022, -21.62412976687733], [-57.9127681360535, -21.59625776685141]]]}}, {"type": "Feature", "id": "MT", "properties": {"id": "MT", "sigla": "MT", "name": "Mato Grosso", "regiao": "Centro-Oeste", "pop_total": 3658985, "qtd_equipes_esf": 2731, "capacidade_pnab": 10116500, "cobertura_pnab_pct": 276.5, "sobrecarga_media": 0.29, "pop_critica": 647379, "pct_pop_critica": 17.69, "n_polos_critica": 69, "hab_por_esf": 1340, "densidade": 4.0}, "geometry": {"type": "Polygon", "coordinates": [[[-61.58446613947308, -8.798300254932315], [-58.49985613660033, -8.802429254936214], [-58.41537513652156, -8.792450254926848], [-58.32572113643812, -8.719640254859087], [-58.35052313646122, -8.701190754841946], [-58.411451636517995, -8.720216254859679], [-58.4367971365416, -8.70296025484356], [-58.38901463649711, -8.594399754742426], [-58.409965136516576, -8.569999754719674], [-58.403686136510714, -8.539107254690975], [-58.416549636522745, -8.491563754646677], [-58.35319613646368, -8.39242625455438], [-58.347569136458446, -8.345807254510987], [-58.314390136427505, -8.322668754489428], [-58.32758063643985, -8.285437754454733], [-58.31244263642577, -8.208714754383209], [-58.32196213643465, -8.169649254346837], [-58.28666663640172, -8.128154754308184], [-58.28789013640289, -8.079182254262605], [-58.32122613643389, -8.02459175421177], [-58.33100013644298, -7.968374254159471], [-58.37274213648186, -7.906811254102081], [-58.38423813649263, -7.843600754043223], [-58.371187136480444, -7.820821754021949], [-58.29355413640815, -7.771151753975801], [-58.27548863639129, -7.699277753908859], [-58.20166913632261, -7.620467253835386], [-58.22222313634177, -7.523650753745187], [-58.21255913633274, -7.458147753684216], [-58.13794013626318, -7.348647753582213], [-58.06086213619142, -7.394804753625294], [-58.034606136166985, -7.453752253680136], [-57.972082136108725, -7.534200753755044], [-57.94460763608322, -7.601776253818002], [-57.93905913607796, -7.652746753865472], [-57.898451136040194, -7.671501753882922], [-57.87333813601674, -7.800804754003366], [-57.8345241359807, -7.881019254078069], [-57.82833513597484, -7.972505754163308], [-57.776030135926135, -8.051785254237075], [-57.72794163588139, -8.093825254276226], [-57.71463963586905, -8.157556754335587], [-57.666749135824375, -8.176076754352835], [-57.64147713580087, -8.216159254390163], [-57.67936713583617, -8.318591754485624], [-57.66752713582514, -8.366482754530239], [-57.68644613584274, -8.415861254576157], [-57.650921135809654, -8.470646754627182], [-57.65855613581675, -8.499994254654553], [-57.632807135792746, -8.522274754675323], [-57.65000513580878, -8.55297825470393], [-57.64814363580706, -8.575982254725318], [-57.62174813578247, -8.590795254739078], [-57.6242461357848, -8.638448254783498], [-57.59311613575585, -8.707024754847339], [-57.5953661357579, -8.75058575488788], [-57.56186713572674, -8.760858254897471], [-57.52988763569692, -8.747780254885356], [-57.46303413563464, -8.78434725491934], [-57.42708313560115, -8.782845254917902], [-57.41563713559049, -8.795484754929703], [-57.41669913559156, -8.85738525498732], [-57.380255135557604, -8.880730255009098], [-57.31455863549638, -8.886617255014585], [-57.29908913548195, -8.913601755039736], [-57.245027135431656, -8.90567075503236], [-57.19450763538464, -8.927117755052336], [-57.1377791353317, -8.994215755114851], [-57.09411013529109, -9.016714755135808], [-57.08953413528684, -9.037821755155392], [-57.059109135258495, -9.063881255179695], [-57.06275163526186, -9.07817925519305], [-57.03874713523953, -9.09789275521132], [-57.05994713525922, -9.136734255247575], [-57.056672135256235, -9.185531255292972], [-56.99505513519887, -9.233444755337587], [-56.95175463515852, -9.22268625532763], [-56.819615135035406, -9.245942755349233], [-56.77867313499735, -9.316799755415218], [-56.77183013499098, -9.39056125548393], [-56.760615134980526, -9.404601255497028], [-56.71080913493415, -9.373888755468442], [-56.671390134897365, -9.36699925546202], [-53.13291713160197, -9.644902255720808], [-50.224357128893075, -9.84074375590319], [-50.26383112892984, -9.908087255965938], [-50.302194628965594, -10.034999756084062], [-50.35422212901403, -10.076758256122957], [-50.39169712904902, -10.13362025617596], [-50.39758312905451, -10.168037756208037], [-50.38190312903987, -10.221334256257705], [-50.4242821290793, -10.334195256362818], [-50.418677129074126, -10.356965756383943], [-50.473273129125005, -10.404493256428282], [-50.48216762913319, -10.489625256507566], [-50.5163361291651, -10.50513225652196], [-50.51927712916779, -10.56206525657501], [-50.536778129184086, -10.603995256613985], [-50.5627151292083, -10.610907256620521], [-50.60293862924573, -10.659591756665804], [-50.570135129215146, -10.752089256752015], [-50.62155312926302, -10.839003256832939], [-50.61858962926033, -10.863678756855847], [-50.59895112924198, -10.884048256874848], [-50.63249212927326, -10.935527256922796], [-50.60900412925139, -11.067029257045306], [-50.658647129297606, -11.130370257104232], [-50.65558312929477, -11.239819257206136], [-50.66965312930779, -11.284166757247476], [-50.706644129342294, -11.327748257288135], [-50.738804129372284, -11.434967257387939], [-50.738480129371965, -11.54409275748958], [-50.71553112935055, -11.578534257521596], [-50.66963212930784, -11.581166757524102], [-50.657127629296156, -11.59602275753798], [-50.66324712930191, -11.677107757613499], [-50.72158562935624, -11.7392787576714], [-50.68758912932458, -11.82462025775078], [-50.685849129322946, -11.858574757782435], [-50.63883312927919, -11.884146257806265], [-50.640116129280386, -11.902268757823094], [-50.66744012930576, -11.927346257846466], [-50.65637812929549, -11.966427757882911], [-50.68178212931912, -11.990465757905326], [-50.68614112932323, -12.04471075795584], [-50.66682212930516, -12.080746757989345], [-50.68641512932345, -12.201731258102086], [-50.67822112931583, -12.21842675811763], [-50.643254129283264, -12.222541758121451], [-50.64947712928904, -12.24872625814578], [-50.62908312927004, -12.280546758175433], [-50.648459129288085, -12.298665758192328], [-50.637360129277795, -12.324862758216682], [-50.64384712928381, -12.347244758237593], [-50.62641612926757, -12.38360775827141], [-50.632219129272926, -12.41667975830228], [-50.61779912925954, -12.428567758313307], [-50.62311662926447, -12.454859758337761], [-50.65258262929194, -12.459650258342208], [-50.64556262928545, -12.481686758362798], [-50.68602212932308, -12.568778758443841], [-50.667525129305886, -12.59558375846882], [-50.69397112933052, -12.592250258465697], [-50.70568812934141, -12.613094758485204], [-50.69923112933543, -12.647349758517066], [-50.64647312928628, -12.650696258520156], [-50.65430912929355, -12.67875375854635], [-50.64466512928459, -12.701814258567765], [-50.629668629270554, -12.704104758569883], [-50.63675312927717, -12.719356258584071], [-50.62250462926397, -12.734213258597947], [-50.63553662927609, -12.771434758632608], [-50.61130862925347, -12.775471258636344], [-50.6222751292637, -12.819309258677208], [-50.60285712924565, -12.800035758659305], [-50.58146012922566, -12.79895325865823], [-50.60083012924372, -12.822546758680232], [-50.56649762921177, -12.842997258699256], [-50.519885129168415, -12.835968258692674], [-50.50179912915155, -12.882814258736403], [-50.525662129173725, -12.939479258789106], [-50.525475129173515, -12.975992258823112], [-50.55636612920239, -13.00203275884735], [-50.592551129236085, -13.002428758847714], [-50.56871912921383, -13.038701258881588], [-50.611248129253454, -13.063929258904977], [-50.58983112923352, -13.10920375894716], [-50.60293512924568, -13.1964427590284], [-50.5841931292282, -13.22112975905145], [-50.60674912924924, -13.310426759134543], [-50.6651951293037, -13.37570625919534], [-50.6650021293035, -13.441850259256967], [-50.68369562932094, -13.443731259258698], [-50.696502129332885, -13.475503759288358], [-50.762994629394825, -13.52958125933867], [-50.76802912939945, -13.596613259401124], [-50.803502129432445, -13.690531759488636], [-50.82250512945018, -13.71279075950929], [-50.85599312948136, -13.71541475951176], [-50.871333129495724, -13.732658759527794], [-50.85337012947889, -13.765319259558282], [-50.85627512948167, -13.831113759619484], [-50.8409451294674, -13.863741259649942], [-50.84083512946722, -13.926842259708678], [-50.865124129489914, -13.979783759757993], [-50.84877512947469, -14.000333259777108], [-50.83319012946015, -14.089411759860127], [-50.8679281294925, -14.12471625989292], [-50.91702612953827, -14.114383259883311], [-50.91369212953509, -14.170224759935309], [-50.974794129592055, -14.290390760047217], [-50.96883112958642, -14.333488760087448], [-50.98938912960557, -14.362266760114153], [-50.998610129614235, -14.418797260166798], [-50.96775812958549, -14.481866760225557], [-50.96238312958042, -14.526581260267221], [-50.9969171296126, -14.577760760314845], [-50.9911311296072, -14.612356760347097], [-51.0260821296398, -14.66528476039639], [-51.02674312964041, -14.706358760434682], [-51.05350012966528, -14.746226260471758], [-51.044049129656514, -14.794585260516783], [-51.089360129698775, -14.84072376055974], [-51.08358112969336, -14.915900760629825], [-51.13136412973779, -14.940138760652417], [-51.14975012975492, -14.98258626069196], [-51.24213812984101, -15.034959760740662], [-51.29002812988563, -15.03389176073972], [-51.30146012989621, -14.986092760695215], [-51.33733112992968, -14.972931760682968], [-51.37633812996603, -15.012426760719677], [-51.427295130013476, -15.007895760715542], [-51.478532130061126, -15.056207760760458], [-51.5119116300923, -15.054199760758593], [-51.535494130114216, -15.069250760772661], [-51.5985271301729, -15.156298760853701], [-51.65162763022238, -15.179436760875205], [-51.667553630237194, -15.245907260937201], [-51.64647013021761, -15.267508760957298], [-51.68783413025608, -15.308417760995326], [-51.670913130240365, -15.371289761053959], [-51.697162130264815, -15.409549761089579], [-51.69241313026032, -15.432810261111172], [-51.70794413027488, -15.45603676113285], [-51.698318130265875, -15.484524261159436], [-51.73499463029998, -15.510428761183562], [-51.72719413029279, -15.550101761220503], [-51.75122163031517, -15.554672761224765], [-51.76138613032458, -15.531202761202849], [-51.77707863033925, -15.538559261209684], [-51.75321513031702, -15.609735761275942], [-51.75734013032081, -15.635508261299947], [-51.80330713036369, -15.722857761381306], [-51.87338213042892, -15.79981676145303], [-51.879134130434295, -15.824952761476425], [-51.88977413044415, -15.831554261482552], [-51.91155513046442, -15.813132261465398], [-51.94835613049872, -15.809947261462412], [-51.95366513050362, -15.837222761487851], [-51.98280713053077, -15.843543261493778], [-52.010096130556235, -15.885135761532524], [-52.10924813064855, -15.881641761529181], [-52.128056130666096, -15.894514761541245], [-52.19066913072436, -15.881330761528943], [-52.2521611307817, -15.892220761539079], [-52.25542313078472, -15.930093761574312], [-52.310003130835526, -16.006958761645933], [-52.327608630851955, -16.07016226170481], [-52.36710563088877, -16.08402776171772], [-52.37463813089573, -16.097952761730653], [-52.39930013091873, -16.09381626172683], [-52.457948130973364, -16.12705476175779], [-52.525055131035856, -16.14011476176995], [-52.52661213103727, -16.155772761784533], [-52.548137131057274, -16.164675761792864], [-52.54457813105398, -16.222688761846825], [-52.568819131076566, -16.23028326185397], [-52.54500113105439, -16.25951776188117], [-52.56185913107015, -16.264610761885933], [-52.57594413108325, -16.249509761871877], [-52.58693013109348, -16.26880576188978], [-52.62302813112706, -16.28693476190665], [-52.656581131158305, -16.27972376189996], [-52.6816721311817, -16.30362426192221], [-52.69250213119176, -16.36789576198214], [-52.67756063117781, -16.38124826199453], [-52.687916131187535, -16.395858762008174], [-52.676164131176506, -16.41186526202307], [-52.6429701311456, -16.412298262023455], [-52.638083131141116, -16.43663976204607], [-52.615667131120176, -16.44974826205828], [-52.620256131124506, -16.464413762072013], [-52.60391513110926, -16.46421576207183], [-52.61211263111693, -16.501681762106728], [-52.637080131140124, -16.50247176210746], [-52.62567013112948, -16.533005262135816], [-52.635276131138426, -16.551190762152828], [-52.64653013114901, -16.545472762147483], [-52.650776631152894, -16.561041262162007], [-52.668141131169136, -16.55006576215169], [-52.65969213116125, -16.569907262170204], [-52.673419131174, -16.568620762169076], [-52.675026131175514, -16.584550262183825], [-52.70541213120384, -16.570836762171098], [-52.704917131203274, -16.59863526219692], [-52.73983413123585, -16.58997726218888], [-52.730639131227235, -16.597600762196066], [-52.74061113123662, -16.608902262206584], [-52.725609131222654, -16.614186262211433], [-52.7152206312129, -16.638821762234443], [-52.724057131221116, -16.646329762241407], [-52.74638513124194, -16.630266762226483], [-52.73994613123591, -16.656357762250764], [-52.77077613126471, -16.668070262261608], [-52.75472163124971, -16.67181576226517], [-52.76127313125585, -16.705843262296867], [-52.788476131281186, -16.720099762310156], [-52.78549913127836, -16.74074676232931], [-52.80692163129834, -16.74097726232958], [-52.83188613132154, -16.77189326235839], [-52.88180113136809, -16.77566676236188], [-52.926108631409306, -16.81792576240116], [-52.93216163141494, -16.802426762386744], [-52.94394513142595, -16.812714762396354], [-52.92662813140987, -16.840574762422307], [-52.95250163143396, -16.841481262423144], [-52.94416513142619, -16.85581276243647], [-52.95011113143164, -16.85996176244032], [-52.9567496314379, -16.850349762431392], [-52.953369631434725, -16.860360762440678], [-52.97166213145181, -16.86922726244893], [-53.010843131488286, -16.85757226243811], [-53.01844313149536, -16.898223762475936], [-53.03913713151462, -16.911512762488314], [-53.033640131509515, -16.940816762515624], [-53.05466963152901, -16.962998262536303], [-53.04944063152425, -16.992392262563726], [-53.0720611315453, -17.050150762617477], [-53.063275131537125, -17.045142262612785], [-53.05553313152984, -17.06992476263588], [-53.11864013158868, -17.112776262675766], [-53.12766513159704, -17.154196762714378], [-53.1569441316243, -17.170198262729286], [-53.17485963164097, -17.24041176279468], [-53.218156131681326, -17.298861262849073], [-53.20835913167218, -17.314124262863288], [-53.21713413168038, -17.326512762874813], [-53.20072163166503, -17.343954762891144], [-53.206274631670226, -17.360755762906706], [-53.19514163165991, -17.361108762907065], [-53.206472131670466, -17.369836262915214], [-53.19700413166163, -17.380911762925507], [-53.209108131672906, -17.385180262929453], [-53.206080631670034, -17.40143176294464], [-53.229920131692325, -17.42623726296779], [-53.22347013168633, -17.457564762996867], [-53.24108313170268, -17.492436763029446], [-53.24639163170764, -17.690238763213642], [-53.23731213169913, -17.71400576323572], [-53.200338131664694, -17.73029876325097], [-53.1681361316347, -17.76581726328402], [-53.1359126316047, -17.836608763349886], [-53.14252763161085, -17.87121526338217], [-53.1309571316001, -17.916451763424334], [-53.09999613157129, -17.936369763442826], [-53.069558131542976, -17.985464763488608], [-53.07150113154478, -18.039021263538416], [-53.173198131639424, -18.041600763540828], [-53.2372781316991, -18.006996763508596], [-53.29868613175631, -17.995035763497526], [-53.380289631832284, -18.008306763509836], [-53.43852813188653, -17.983481263486738], [-53.45680513190359, -17.99925276350143], [-53.467361131913435, -18.03444676353422], [-53.485582131930414, -18.0399537635393], [-53.517386631959994, -18.0202022635209], [-53.55600063199597, -18.01598476351694], [-53.556747131996644, -18.005209263506913], [-53.589055132026715, -18.01216626351345], [-53.61563963205151, -17.975743263479558], [-53.66075513209353, -17.977066763480707], [-53.691697132122385, -18.013230763514457], [-53.71880513214762, -17.997624763499857], [-53.78597113221019, -17.993679263496233], [-53.7926981322164, -17.974215763478128], [-53.859564132278706, -17.920715263428292], [-53.8696681322881, -17.926954263434027], [-53.898059632314585, -17.908358263416744], [-53.94842213236143, -17.922978763430365], [-53.95394463236653, -17.868171763379337], [-53.85541763227479, -17.702273763224866], [-53.80583813222859, -17.671928263196605], [-53.70339513213321, -17.660900763186305], [-53.67958613211101, -17.25312776280657], [-53.708167132137646, -17.227725262782883], [-53.758589132184625, -17.2427012627968], [-53.785224132209464, -17.28707276283808], [-53.819583132241405, -17.294173762844707], [-53.83083313225188, -17.354577762901044], [-53.87794813229584, -17.37475576291979], [-53.951756132364494, -17.45889476299817], [-54.037145632444094, -17.486007263023453], [-54.05758463246309, -17.512686763048237], [-54.045416132451805, -17.536786263070667], [-54.05114063245708, -17.562328263094514], [-54.08419613248793, -17.61858976314693], [-54.13369413253395, -17.618283763146565], [-54.17834013257561, -17.602408763131848], [-54.269367632660305, -17.651642263177678], [-54.33509063272152, -17.661281263186652], [-54.38730363277023, -17.631494763158912], [-54.373922132757684, -17.608136263137112], [-54.38410863276715, -17.600921763130486], [-54.382447132765606, -17.57109076310269], [-54.40322013278501, -17.564101263096177], [-54.420585632801135, -17.53731076307122], [-54.46642013284384, -17.528632763063115], [-54.480813632857235, -17.48722376302453], [-54.535837132908455, -17.477143763015192], [-54.553693132925105, -17.48822776302552], [-54.58116713295067, -17.467566263006233], [-54.6168396329839, -17.489982763027115], [-54.65450013301904, -17.489718763026872], [-54.68081513304355, -17.50640926304243], [-54.69922563306068, -17.496939763033538], [-54.718308133078494, -17.51792376305309], [-54.749868633107894, -17.522997263057846], [-54.758288133115684, -17.56525676309718], [-54.860365133210735, -17.62341276315135], [-54.94292613328764, -17.608588263137563], [-54.97377713331639, -17.616607263145056], [-54.99133463333271, -17.637958763164875], [-55.01025413335037, -17.628900263156538], [-55.06331613339978, -17.64201976316872], [-55.10825763344167, -17.628219763155812], [-55.1267561334588, -17.652282263178222], [-55.14150313347261, -17.638846763165702], [-55.17011413349917, -17.640394263167195], [-55.183394633511625, -17.619365763147584], [-55.22099913354657, -17.616660263145036], [-55.21763963354351, -17.607076763136206], [-55.2314181335563, -17.595140263125018], [-55.242033133566224, -17.60168426313112], [-55.263640133586364, -17.57748226310855], [-55.26870063359104, -17.5563347630889], [-55.28906113360995, -17.559872763092244], [-55.29216713361291, -17.5421097630757], [-55.35017213366689, -17.548117763081223], [-55.35325913366978, -17.531179263065496], [-55.37661213369154, -17.51460376304999], [-55.38183513369643, -17.525036763059802], [-55.443236133753544, -17.511336763046984], [-55.4721401337805, -17.480917763018624], [-55.523587133828414, -17.48073776301851], [-55.57437113387573, -17.434227762975183], [-55.574837133876144, -17.418360762960447], [-55.58656013388702, -17.421269262963165], [-55.585107133885685, -17.373178762918315], [-55.625837133923596, -17.363591762909437], [-55.63952763393638, -17.339280262886746], [-55.64569763394218, -17.358966762905084], [-55.656065133951756, -17.33782476288536], [-55.66760213396253, -17.35025026289702], [-55.69272613398596, -17.339452762886935], [-55.70084413399354, -17.353691762900212], [-55.70859363400075, -17.337177762884835], [-55.72236513401356, -17.34877976289556], [-55.76070313404921, -17.323094762871733], [-55.78391813407086, -17.329608762877797], [-55.80600513409149, -17.29757326284789], [-55.82753613411148, -17.306166762855923], [-55.82581813410991, -17.288389762839415], [-55.84141563412447, -17.300795262850897], [-55.85091913413328, -17.27883776283045], [-55.874306634155005, -17.268198262820533], [-55.88605813416598, -17.284327762835574], [-55.89037113416998, -17.271896262824043], [-55.899375634178455, -17.276597762828374], [-55.88603363416598, -17.263463262816117], [-55.925835634203054, -17.257422762810506], [-55.94081013421703, -17.277446762829186], [-55.95142013422685, -17.24976176280336], [-55.98031013425373, -17.246264262800082], [-55.98522913425836, -17.257964262811015], [-55.988232134261125, -17.24108026279532], [-56.01028113428174, -17.23860726279304], [-56.00812263427963, -17.213753762769898], [-56.020450134291195, -17.21556526277152], [-56.00500713427675, -17.20375976276057], [-56.04361463431269, -17.170958762730038], [-56.050479134319176, -17.18651176274443], [-56.0603291343283, -17.171561762730562], [-56.08395663435033, -17.17722776273581], [-56.11344913437779, -17.16619476272558], [-56.13964413440215, -17.17906776273753], [-56.13936513440194, -17.19075576274838], [-56.18492613444437, -17.18879676274662], [-56.18864313444783, -17.2099332627663], [-56.212508634470055, -17.21017876276653], [-56.20826013446606, -17.226834262782063], [-56.25083913450578, -17.218587762774405], [-56.251784634506635, -17.233728262788418], [-56.26189413451607, -17.230797762785755], [-56.25604163451055, -17.243355762797478], [-56.284895634537406, -17.24698176280083], [-56.279614134532494, -17.25872676281176], [-56.29734213454901, -17.27615176282802], [-56.31303363456368, -17.268992762821313], [-56.33536613458443, -17.289511762840448], [-56.356173134603864, -17.266614262819076], [-56.40758763465169, -17.315666762864794], [-56.44361713468527, -17.33117676287918], [-56.45186613469298, -17.309739762859294], [-56.46345413470374, -17.315232262864356], [-56.46701013470704, -17.301843762851945], [-56.47261713471232, -17.30957576285914], [-56.49770213473562, -17.298276262848617], [-56.50126113473891, -17.285889762837087], [-56.525449134761516, -17.320068762868914], [-56.56712813480033, -17.31447626286365], [-56.576060134808586, -17.330619762878655], [-56.59538313482665, -17.332108762880125], [-56.62450813485373, -17.321650762870377], [-56.629930134858796, -17.333765762881626], [-56.646929134874654, -17.31655176286563], [-56.64495363487276, -17.338912762886366], [-56.6562021348833, -17.32100676286973], [-56.66306013488963, -17.33839076288598], [-56.682672134907875, -17.316131262865156], [-56.6953986349198, -17.32650276287484], [-56.69142313491602, -17.31767476286666], [-56.73334513495513, -17.309424762858953], [-56.76836413498768, -17.34042326288784], [-56.76236613498213, -17.360204262906223], [-56.786238135004396, -17.37007026291542], [-56.7854781350037, -17.387091762931277], [-56.8282011350434, -17.3895262629336], [-56.84150713505585, -17.41775376295982], [-56.81909063503497, -17.429761762970998], [-56.84039913505478, -17.441574262982044], [-56.82490213504036, -17.45845726299774], [-56.8473121350612, -17.463571263002564], [-56.849728135063515, -17.486345763023678], [-56.86145363507444, -17.483471763021043], [-56.87545613508746, -17.53253726306673], [-56.909065135118794, -17.532110763066385], [-56.98184313518652, -17.57979776311072], [-56.98089913518561, -17.610579763139413], [-56.95748213516379, -17.6076017631367], [-56.987705635192015, -17.658854763184422], [-57.032864135234036, -17.694305763217358], [-57.04440213524481, -17.72988476325054], [-57.073398635271815, -17.735028263255344], [-57.11509413531064, -17.780650763297785], [-57.14623013533958, -17.76706976328512], [-57.15542613534819, -17.777976263295272], [-57.25150863543763, -17.7930207633093], [-57.232118635419624, -17.811948763326996], [-57.283258135467236, -17.81247676332748], [-57.282815135466876, -17.82225876333655], [-57.30756813548987, -17.81037176332552], [-57.352940135532094, -17.83742376335067], [-57.376932635554454, -17.825749763339786], [-57.385170135562134, -17.8438382633567], [-57.39800513557407, -17.83893226335215], [-57.44620913561903, -17.874069263384854], [-57.451952635624366, -17.90220776341107], [-57.477152635647826, -17.878445763388868], [-57.47707013564775, -17.858617763370376], [-57.510815135679195, -17.863463763374966], [-57.53425913570095, -17.853199263365354], [-57.530511135697566, -17.838678763351822], [-57.57093113573512, -17.81495976332974], [-57.575814635739675, -17.800093763315886], [-57.60536613576721, -17.801904763317566], [-57.61206613577349, -17.778976763296214], [-57.600433135762614, -17.774855763292408], [-57.63978613579934, -17.716925763238464], [-57.6630371358209, -17.729420263250063], [-57.684093635840554, -17.716048263237667], [-57.668320135825866, -17.671472763196107], [-57.689393135845535, -17.639877763166737], [-57.71162813586625, -17.54269376307616], [-57.727540135880986, -17.529315263063722], [-57.75177713590358, -17.564029763096073], [-57.882924136025736, -17.449109762988996], [-57.99584813613092, -17.515170763050605], [-58.00973163614378, -17.499344263035823], [-58.042867136174664, -17.492236263029213], [-58.059625136190334, -17.45028976299011], [-58.08876213621738, -17.460703762999856], [-58.12021013624667, -17.44720826298726], [-58.122350136248656, -17.41425176295661], [-58.14495813626979, -17.41323676295565], [-58.151062136275414, -17.38421876292864], [-58.18487613630691, -17.39105376293503], [-58.19987463632094, -17.38258826292713], [-58.20168113632258, -17.356602762902867], [-58.254176136371484, -17.352115762898734], [-58.276037636391834, -17.32330676287188], [-58.27596313639174, -17.30014926285037], [-58.297712136411974, -17.29839426284866], [-58.29129013640602, -17.28804676283903], [-58.30295413641693, -17.26983976282213], [-58.31715313643008, -17.267614762820017], [-58.364123136473836, -17.199363762756434], [-58.39648113650401, -17.18112076273951], [-58.38572913649398, -17.110926762674126], [-58.4248706365305, -17.111608762674678], [-58.43531613654022, -17.078381762643744], [-58.42148613652728, -17.05219926261941], [-58.433840136538834, -17.0394002626075], [-58.41629113652243, -17.034247762602718], [-58.43445313653933, -17.026813762595793], [-58.42251263652827, -16.98885276256044], [-58.459065636562286, -16.966551762539666], [-58.45623063655967, -16.9395282625145], [-58.47389763657611, -16.934528762509785], [-58.45973163656288, -16.899612262477262], [-58.461377136564465, -16.84065426242239], [-58.47689713657894, -16.818603262401894], [-58.47145463657387, -16.79101376237611], [-58.45814613656148, -16.78555076237103], [-58.47292313657522, -16.744741762333092], [-58.47006363657249, -16.702594762293757], [-58.43556813654038, -16.591930762190714], [-58.343339136454574, -16.517298762121186], [-58.333232136445076, -16.489587762095425], [-58.35573263646609, -16.427619762037693], [-58.3436991364548, -16.388863262001564], [-58.306623136420285, -16.36976326198385], [-58.30259163641654, -16.30726026192565], [-58.320564636433346, -16.264323761885635], [-58.36520413647486, -16.272914261893675], [-58.38818313649631, -16.260576261882193], [-58.39364913650138, -16.296351261915447], [-58.429952136535235, -16.3208687619383], [-59.46956913750341, -16.27911876189944], [-60.171224138156845, -16.265185261886472], [-60.238071138219084, -15.473431761149072], [-60.56448313852309, -15.108266760808988], [-60.50048413846355, -15.095804260797308], [-60.24378863822449, -15.096389260797878], [-60.271618138250346, -14.619877760354143], [-60.29251413826978, -14.624856760358739], [-60.32059463829603, -14.608457760343526], [-60.342900138316736, -14.532681760272908], [-60.337644138311816, -14.511472260253186], [-60.3663686383386, -14.486848260230204], [-60.36153713833414, -14.470122760214622], [-60.37839663834984, -14.463304760208302], [-60.40625813837573, -14.412815760161266], [-60.394951138365286, -14.363895760115724], [-60.40886813837824, -14.368267760119807], [-60.405675638375214, -14.355858760108276], [-60.422318138390665, -14.353056760105574], [-60.45262463841891, -14.313932760069179], [-60.46470263843014, -14.263998260022731], [-60.4488141384154, -14.240985260001253], [-60.46437313842989, -14.233628759994417], [-60.47114613843621, -14.192317759955927], [-60.491897138455556, -14.187813259951781], [-60.47339513843826, -14.15087925991736], [-60.47939913844391, -14.09735425986753], [-60.42676013839491, -14.062299259834845], [-60.405507138375015, -14.029932759804637], [-60.40270313837243, -13.999390259776192], [-60.38156313835282, -13.987043759764788], [-60.41459413838356, -13.980166259758334], [-60.42600663839414, -13.961384759740895], [-60.4089271383782, -13.949768759729977], [-60.418482638387104, -13.937149759718295], [-60.45040113841685, -13.937149759718295], [-60.45084663841726, -13.882919259667801], [-60.47547813844028, -13.885148759669846], [-60.45628413842235, -13.853465759640358], [-60.4922551384559, -13.855890759642648], [-60.468566138433744, -13.832859759621101], [-60.48951063845334, -13.823106259612018], [-60.46776263843299, -13.820889759610054], [-60.478283638442804, -13.803968759594227], [-60.46675863843211, -13.795318759586166], [-60.52797913848917, -13.79143625958261], [-60.52245213848403, -13.76849425956118], [-60.54764613850739, -13.769915259562481], [-60.549620138509226, -13.781267759573097], [-60.578345138536065, -13.755245259548815], [-60.574229138532246, -13.747024759541205], [-60.606144138561945, -13.745871759540137], [-60.622984138577635, -13.719123759515242], [-60.65578413860817, -13.73793125953273], [-60.68950813863955, -13.698977259496473], [-60.69662113864615, -13.714553759510977], [-60.7162811386645, -13.681805259480484], [-60.69648513864604, -13.666089759465876], [-60.68550363863585, -13.624818259427343], [-60.64064763859403, -13.596129759400696], [-60.63167413858571, -13.571289759377578], [-60.57711913853484, -13.564817259371466], [-60.50070213846368, -13.498071259309313], [-60.43147713839926, -13.488024759299947], [-60.41100513838023, -13.461246759275014], [-60.387395138358215, -13.454285259268545], [-60.371342138343266, -13.408455759225944], [-60.37906213835038, -13.374824259194611], [-60.36339813833581, -13.297481259122492], [-60.32511513830025, -13.252852759080952], [-60.327926138302814, -13.229876759059607], [-60.303860138280356, -13.178978759012125], [-60.267984138247016, -13.144561258980161], [-60.28009413825828, -13.135209258971372], [-60.282470138260464, -13.080142758920147], [-60.21477113819742, -13.026571258870263], [-60.18875713817317, -12.970734258818197], [-60.11664513810604, -12.959145758807495], [-60.07859313807057, -12.88073325873438], [-60.07411713806641, -12.772947758634018], [-60.09017013808136, -12.736245758599807], [-60.077562638069594, -12.664142258532706], [-60.06253413805564, -12.641423258511509], [-60.0682166380609, -12.615589758487431], [-60.034037138029134, -12.594565758467866], [-60.02612313802172, -12.561220758436889], [-60.000422137997816, -12.535818258413201], [-59.97288713797218, -12.52995825840776], [-59.934707137936584, -12.486675758367369], [-59.89674313790124, -12.470781758352587], [-59.86796913787441, -12.481956758363026], [-59.84745713785537, -12.471643758353366], [-59.832032137841, -12.400991258287604], [-59.79242413780412, -12.345374758235835], [-59.77383563778676, -12.34054775823131], [-59.891813137896634, -12.245047258142336], [-59.90905713791267, -12.180951758082642], [-59.89928613790357, -12.116816758022992], [-59.97883613797774, -12.029144257941311], [-59.96606113796577, -12.00675675792047], [-59.97906413797796, -11.990880757905643], [-59.9708401379703, -11.969540257885797], [-59.98647363798477, -11.959685257876572], [-59.98528013798375, -11.911674757831861], [-60.011559138008124, -11.892635257814163], [-60.06000513805327, -11.894600757815965], [-60.07611213806831, -11.8848852578069], [-60.08280513807449, -11.858084257782025], [-60.095731138086535, -11.858445757782306], [-60.10061513809114, -11.835003757760546], [-60.10825263809818, -11.839175257764396], [-60.095308138086125, -11.799386257727292], [-60.10797813809802, -11.792714257721173], [-60.10056513809104, -11.780216757709468], [-60.12114513811025, -11.711699757645647], [-60.11362113810321, -11.587088757529614], [-60.09392313808485, -11.585478757528108], [-60.10109213809153, -11.576957257520121], [-60.086697638078135, -11.5677242575116], [-60.09026313808147, -11.554476257499232], [-60.056948138050416, -11.541693757487337], [-60.02745063802297, -11.507498257455495], [-60.030721138026024, -11.492768757441809], [-60.017451638013654, -11.495631757444471], [-59.98489113798337, -11.468939257419606], [-59.97572513797479, -11.438819257391515], [-59.95183513795257, -11.43601925738892], [-59.924701137927286, -11.413482257367946], [-59.916677137919805, -11.3380317572977], [-59.9272581379297, -11.310032757271529], [-59.95895163795922, -11.294331257257], [-59.97917313797802, -11.239127257205496], [-59.98061313797939, -11.203360257172221], [-59.96350563796341, -11.188713757158553], [-59.9972551379949, -11.150957757123479], [-59.979426137978294, -11.13940075711264], [-59.98633413798473, -11.114116257089108], [-59.99483013799261, -11.124773257099037], [-60.015228638011536, -11.115879257090796], [-60.025726138021355, -11.130332257104214], [-60.03692313803174, -11.116952257091725], [-60.06619713805901, -11.125106757099388], [-60.08373013807534, -11.096442757072623], [-60.095674138086565, -11.110386757085621], [-60.15877213814531, -11.095255757071527], [-60.198477138182284, -11.113693257088698], [-60.23833413821933, -11.094541257070887], [-60.27047613824925, -11.098293257074374], [-60.28183313825991, -11.063615257042102], [-60.300726638277524, -11.056751257035671], [-60.334026138308445, -11.082489257059706], [-60.347913638321415, -11.07364225705146], [-60.347447138320945, -11.108636257084072], [-60.39103413836153, -11.093391757069867], [-60.413865638382845, -11.06706975704526], [-60.41359113838257, -11.043084757022939], [-60.44607663841282, -11.041752757021754], [-60.43741813840484, -11.016285256998003], [-60.459531138425405, -10.989456256972971], [-61.54973313944072, -10.985696256969504], [-61.52956313942195, -10.978621256962924], [-61.51898313941206, -10.949300256935658], [-61.51378113940723, -10.906989256896168], [-61.52633363941891, -10.885295756875962], [-61.50289713939708, -10.808047756804058], [-61.51056013940422, -10.794418256791346], [-61.49498013938967, -10.78210975677996], [-61.485504639380906, -10.800214256796835], [-61.473309139369576, -10.797114756793917], [-61.48786263938314, -10.736080256737068], [-61.47186963936815, -10.714575756717068], [-61.498293139392786, -10.69954175670307], [-61.479920139375736, -10.65897975666519], [-61.489058139384156, -10.62940675663765], [-61.46578513936254, -10.540816256555217], [-61.47853313937435, -10.529477256544624], [-61.480279139375966, -10.487351756505404], [-61.46125813935828, -10.419509756442267], [-61.475647139371745, -10.418037256440812], [-61.47097863936733, -10.404746256428439], [-61.49653113939121, -10.389185256413953], [-61.51564113940901, -10.334041256362639], [-61.53321313942536, -10.331487756360275], [-61.55281113944352, -10.30661025633708], [-61.54356313943492, -10.30059875633151], [-61.571396639460886, -10.258851756292643], [-61.57708613946613, -10.226184256262172], [-61.57348113946284, -10.208564256245722], [-61.55119513944203, -10.197380756235361], [-61.561941139452074, -10.171502256211284], [-61.59628113948406, -10.161981756202408], [-61.60070013948814, -10.149696756190906], [-61.578173639467195, -10.078850756125007], [-61.58383863947245, -10.059216256106652], [-61.555337139445896, -10.03855775608747], [-61.53066613942292, -9.989457256041646], [-61.527449639419956, -9.970037256023602], [-61.53889213943057, -9.963705756017703], [-61.52280713941559, -9.948093256003176], [-61.52444613941714, -9.906182755964096], [-61.50866413940241, -9.891201755950192], [-61.51772213941092, -9.822628755886285], [-61.531592139423765, -9.819365255883326], [-61.52438963941711, -9.795337255860886], [-61.546833139438036, -9.787148255853253], [-61.530979139423266, -9.739519255808887], [-61.574114139463404, -9.717399755788279], [-61.53189513942414, -9.711384255782718], [-61.50474913939877, -9.690989255763725], [-61.50636013940027, -9.661562755736327], [-61.49353713938842, -9.658988755733958], [-61.476585639372615, -9.625888755703158], [-61.50249813939672, -9.614953755692909], [-61.49427913938905, -9.582074255662292], [-61.509836139403546, -9.564699755646075], [-61.51292013940645, -9.528138755612076], [-61.52658963941917, -9.53287475561649], [-61.5490311394401, -9.514825255599703], [-61.525279139417876, -9.501406255587199], [-61.578119639467104, -9.471220255559047], [-61.58119613946997, -9.45873525554748], [-61.550074139440994, -9.417357755508874], [-61.56083813945099, -9.397036755489921], [-61.55216913944298, -9.387030755480623], [-61.61172513949839, -9.355544255451377], [-61.625393139511175, -9.362620755457897], [-61.61147013949824, -9.280311255381207], [-61.626884139512526, -9.283107755383867], [-61.63195213951724, -9.263900755365967], [-61.57453413946382, -9.23675575534071], [-61.52433063941703, -9.24246525534602], [-61.519097639412166, -9.194807755301667], [-61.55484713944543, -9.131106755242286], [-61.55522113944585, -9.09201325520587], [-61.49250413938739, -8.942159755066314], [-61.467972639364575, -8.91697875504292], [-61.510970639404604, -8.863252254992858], [-61.520306139413265, -8.821196254953634], [-61.58446613947308, -8.798300254932315]]]}}, {"type": "Feature", "id": "PA", "properties": {"id": "PA", "sigla": "PA", "name": "Pará", "regiao": "Norte", "pop_total": 8717711, "qtd_equipes_esf": 5193, "capacidade_pnab": 18940500, "cobertura_pnab_pct": 217.3, "sobrecarga_media": 0.46, "pop_critica": 1919339, "pct_pop_critica": 22.02, "n_polos_critica": 164, "hab_por_esf": 1679, "densidade": 6.3}, "geometry": {"type": "MultiPolygon", "coordinates": [[[[-58.89708513697019, -0.016925246754113], [-58.8949981369683, 1.229120254406439], [-58.870554636945485, 1.218014254396053], [-58.85389313692997, 1.183845754364256], [-58.82638713690437, 1.187479754367587], [-58.82083313689918, 1.171387754352622], [-58.79110913687157, 1.190849254370733], [-58.76944713685134, 1.186883754367045], [-58.750831136833995, 1.208870254387534], [-58.73916363682315, 1.200287754379588], [-58.71471913680034, 1.23801275441474], [-58.709998136796, 1.290286754463409], [-58.69416863678123, 1.297710754470245], [-58.66361213675282, 1.279735254453499], [-58.628336136719895, 1.28889275446204], [-58.58499863667953, 1.262512754437466], [-58.56416513666022, 1.294991754467787], [-58.539719636637415, 1.288314754461567], [-58.53777213663557, 1.268055754442685], [-58.52249713662138, 1.258298754433554], [-58.51249463661202, 1.278020754451973], [-58.49582913659651, 1.268352754442958], [-58.494664136595475, 1.295306754468015], [-58.47571913657782, 1.308884254480745], [-58.473884636576145, 1.348769754517889], [-58.457476136560786, 1.37184275453933], [-58.50471863660482, 1.403556254568912], [-58.497664136598246, 1.430513254593961], [-58.508331636608204, 1.463336754624493], [-58.44386213654809, 1.456867754618543], [-58.421471136527316, 1.471354254632047], [-58.38519313649351, 1.470381254631093], [-58.37135913648058, 1.481965254641864], [-58.38991713649784, 1.496698254655598], [-58.38318813649164, 1.51126375466913], [-58.394328636501996, 1.526903754683758], [-58.36269213647256, 1.538409754694499], [-58.35999813647004, 1.560572754715054], [-58.32197113643463, 1.597408254749439], [-58.31674413642975, 1.568831254722795], [-58.26186013637869, 1.571126254724959], [-58.23560713635413, 1.547081754702504], [-58.1926386363142, 1.572614254726318], [-58.160247636284, 1.560509754715099], [-58.14915963627368, 1.510405254668399], [-58.12902913625487, 1.499290254658035], [-58.09719213622532, 1.51432275467198], [-58.069053136199045, 1.507733754665878], [-58.060531136191116, 1.525737754682609], [-58.003831136138274, 1.503422754661869], [-57.989466136124975, 1.567745254721785], [-57.978162136114406, 1.573176754726887], [-57.97991413611601, 1.633604254783108], [-58.002218136136776, 1.646075754794765], [-57.98969713612519, 1.658836754806657], [-57.92636013606614, 1.645208254793943], [-57.87672213601991, 1.680692254827022], [-57.851659135996556, 1.668219254815313], [-57.84377413598929, 1.689299754835019], [-57.79939213594798, 1.6856107548316], [-57.79185963594091, 1.727045254870177], [-57.77997313592982, 1.719632754863255], [-57.773909635924156, 1.730129254872963], [-57.717999135872105, 1.71585725485977], [-57.70469213585977, 1.731332754874188], [-57.69764113585313, 1.714146254858179], [-57.67199613582932, 1.7112617548554], [-57.650022135808854, 1.682771254828936], [-57.6289431357892, 1.698882254843966], [-57.60436113576634, 1.693370754838725], [-57.581334135744896, 1.706496254851004], [-57.57669513574058, 1.690756254836401], [-57.552828635718356, 1.692843254838294], [-57.53377913570057, 1.708589754852937], [-57.54089213570717, 1.720800754864285], [-57.513827135681936, 1.723431754866738], [-57.5141066356822, 1.74767775488931], [-57.49688713566616, 1.767222754907607], [-57.501470635670444, 1.786492754925462], [-57.456690635628775, 1.80242825494031], [-57.43736013561079, 1.82721975496338], [-57.433029135606716, 1.90638175503716], [-57.36449813554293, 1.926480755055877], [-57.3566391355356, 1.947563755075521], [-57.368719135546826, 1.95678825508412], [-57.34521813552499, 1.980677755106399], [-57.31280013549474, 1.977606755103466], [-57.306717135489066, 1.997060255121596], [-57.26841013545345, 1.984039255109451], [-57.25502363544092, 1.950748255078452], [-57.22882813541651, 1.937995255066653], [-57.22872213541643, 1.953918755081418], [-57.19949513538927, 1.979073755104878], [-57.16355413535575, 1.99518125511986], [-57.14705713534045, 1.989483255114578], [-57.11122563530705, 2.029925755152249], [-57.09588713529274, 2.018257255141407], [-57.08627613528381, 2.026852255149379], [-57.06353013526257, 1.956375755083741], [-57.0315531352328, 1.947329755075316], [-57.0003021352037, 1.907703755038369], [-56.97569613518078, 1.90335975503433], [-56.95877213516508, 1.924802255054374], [-56.91930713512829, 1.930771755059823], [-56.893079635103845, 1.899737755030969], [-56.79844813501575, 1.872951255006001], [-56.797528135014886, 1.853769754988207], [-56.7205531349432, 1.926227755055606], [-56.68194613490721, 1.912739255043107], [-56.678748634904196, 1.921334255051079], [-56.65064013487802, 1.917529255047498], [-56.64874713487632, 1.931552255060637], [-56.621049634850465, 1.946292255074354], [-56.597999134829024, 1.936878255065608], [-56.57935713481163, 1.906293755037041], [-56.49516663473332, 1.938387755066969], [-56.48244713472138, 1.954485755081919], [-56.450855134692006, 1.956558755083847], [-56.396584134641444, 1.923699755053235], [-56.35780713460531, 1.941868755070232], [-56.334529134583704, 1.937517255066155], [-56.243638134499065, 1.878497255011212], [-56.23405463449012, 1.899027755030261], [-56.170494134430896, 1.900898255032075], [-56.11721613438124, 1.851389754985917], [-56.03624513430589, 1.850624254985178], [-55.998555634270815, 1.831697754967649], [-55.982805634256124, 1.835938754971608], [-55.90344813418221, 1.888445755020484], [-55.90152813418035, 1.908164755038797], [-55.929137134206144, 1.939660255068134], [-55.92207813419952, 1.950783255078477], [-55.93594413421249, 1.986884255112159], [-55.93472363421131, 1.996922755121432], [-55.91333313419136, 1.990937755115965], [-55.90269663418144, 2.041496755163053], [-55.93241463420918, 2.058159755178508], [-55.92869013420568, 2.079053255198005], [-55.96641113424084, 2.088846755207101], [-55.99527913426766, 2.161594755274791], [-56.05464113432299, 2.18505975529672], [-56.03574713430544, 2.213907255323534], [-56.042475134311644, 2.228202755336838], [-56.13846913440102, 2.266164755372188], [-56.11299313437735, 2.311469755414464], [-56.09335713435905, 2.321589755423815], [-56.08971813435562, 2.372697755471449], [-56.07347113434059, 2.371238755470131], [-56.050197134318864, 2.335400755436694], [-56.02140913429207, 2.342889755443707], [-56.039559634308944, 2.366693255465862], [-55.98661013425965, 2.420747755516231], [-55.98533463425849, 2.434314755528817], [-56.01110663428244, 2.453240755546517], [-55.977081634250794, 2.490030755580733], [-55.992471634265144, 2.504969255594688], [-55.97783113425146, 2.527750755615898], [-55.923752134201095, 2.530963755618814], [-55.92402213420132, 2.519024255607746], [-55.90118963418013, 2.517648255606446], [-55.83841413412165, 2.46259775555518], [-55.76622313405437, 2.455658755548711], [-55.7465556340361, 2.410867755506956], [-55.717475134008964, 2.402429255499101], [-55.69793763399082, 2.421965755517363], [-55.63119113392861, 2.41732875551304], [-55.57422213387554, 2.438174755532486], [-55.570195133871835, 2.423940255519142], [-55.49930513380582, 2.443661255537563], [-55.42897113374033, 2.439296255533463], [-55.384920133699325, 2.418784255514424], [-55.34516463366231, 2.448412255541939], [-55.35574813367214, 2.475982755567657], [-55.31977713363858, 2.515793255604763], [-55.23432913355907, 2.503805255593534], [-55.17238913350138, 2.559768255645622], [-55.12299563345539, 2.568049255653364], [-55.102610133436315, 2.526065255614299], [-55.003330133343866, 2.591355755675067], [-54.95383113329774, 2.584020755668234], [-54.934946133280164, 2.518914755607625], [-54.871776133221374, 2.434076255528566], [-54.874221133223614, 2.415654755511468], [-54.793775133148756, 2.313063755415897], [-54.81094613316475, 2.266709255372689], [-54.76237313311947, 2.192772755303849], [-54.80578013315994, 2.139258755253991], [-54.81086163316468, 2.03976875516139], [-54.76855113312524, 1.996535755121158], [-54.77167013312817, 1.978745255104513], [-54.7539671331117, 1.970930755097243], [-54.77111313312764, 1.940831755069212], [-54.752721133110526, 1.851318754985869], [-54.73355113309265, 1.832309754968151], [-54.75394713311164, 1.798142254936351], [-54.74430513310267, 1.776134754915915], [-54.67072213303413, 1.765990754906397], [-54.5704371329407, 1.784789254923908], [-54.50808213288269, 1.7486082548902], [-54.424189132804486, 1.760774254901548], [-54.386970132769875, 1.745488754887333], [-54.377250132760764, 1.76402075490455], [-54.344191132729975, 1.740961754883074], [-54.30883263269709, 1.741383754883486], [-54.299971132688825, 1.724149754867426], [-54.281171132671375, 1.724182254867515], [-54.291888132681265, 1.709080254853461], [-54.26633013265746, 1.708400754852732], [-54.26318813265459, 1.680497254826832], [-54.229668132623374, 1.67630575482292], [-54.19063313258698, 1.625244254775339], [-54.18174813257872, 1.658410254806199], [-54.14319413254282, 1.640946754789979], [-54.12261313252361, 1.607735754759005], [-54.1278871325286, 1.591648254744086], [-54.11808113251948, 1.581814754734864], [-54.10153013250408, 1.590965754743365], [-54.11705613251854, 1.558510254713156], [-54.08412063248784, 1.526667254683503], [-54.08599613248953, 1.488633254648107], [-54.06869013247342, 1.501305254659883], [-54.024108132431934, 1.500192754658883], [-54.0271101324347, 1.517174254674728], [-54.00857963241742, 1.52000025467737], [-53.9969991324067, 1.476107254636418], [-53.97566613238678, 1.472613254633188], [-53.96660763237833, 1.484730754644488], [-53.95361513236628, 1.468305754629228], [-53.92829463234273, 1.469514754630268], [-53.93783463235161, 1.435798754598864], [-53.91706013233227, 1.457238754618857], [-53.89553013231216, 1.455461754617204], [-53.87627413229427, 1.435787754598891], [-53.88236013229994, 1.401083254566515], [-53.84383713226407, 1.406643254571691], [-53.852365132271984, 1.394072254560001], [-53.80658313222932, 1.392138754558232], [-53.822306132243966, 1.414169254578724], [-53.803526132226466, 1.423861254587791], [-53.77414263219907, 1.397239254563033], [-53.762004132187826, 1.408728754573644], [-53.7318591321598, 1.386624754553054], [-53.71494563214401, 1.405711754570916], [-53.71672113214561, 1.432098754595472], [-53.6953361321257, 1.418478254582737], [-53.710994132140286, 1.384298754550969], [-53.68702913211803, 1.386134254552644], [-53.67008413210226, 1.372326254539757], [-53.64636563208012, 1.407960754572969], [-53.64305713207705, 1.364222754532193], [-53.662610632095266, 1.349831754518846], [-53.65050013208395, 1.33656025450648], [-53.594752132032, 1.358490754526883], [-53.57022413200923, 1.337639254507508], [-53.56339213200283, 1.350029754519028], [-53.53808163197925, 1.341197754510745], [-53.532919131974495, 1.322765754493616], [-53.56216713200172, 1.306918754478829], [-53.556224131996146, 1.285142254458606], [-53.5228621319651, 1.261675754436737], [-53.545855131986514, 1.228844754406168], [-53.53852713197966, 1.212764254391232], [-53.47327263191892, 1.239669754416241], [-53.438303631886356, 1.232470754409519], [-53.42605613187493, 1.243058254419338], [-53.41697213186649, 1.20311375438223], [-53.395615131846625, 1.179629754360349], [-53.39941413185011, 1.158747254340824], [-53.4208091318701, 1.147698754330577], [-53.43930813188729, 1.154012254336408], [-53.45869213190531, 1.134017754317824], [-53.455358131902244, 1.077710254265412], [-53.421864131871075, 1.034075754224773], [-53.42946963187808, 1.020150754211841], [-53.42636463187523, 0.992764754186283], [-53.41033813186027, 0.982382254176628], [-53.41102863186097, 0.929683754127495], [-53.189808631654955, 0.768724253977666], [-53.13944063160807, 0.693440753907566], [-53.12366613159327, 0.697696253911431], [-53.10583463157673, 0.684323253899038], [-53.12002713158995, 0.634319753852424], [-53.146859131614974, 0.600676253821121], [-53.14792013161593, 0.541999753766504], [-53.169306131635835, 0.494076753721856], [-53.15466513162221, 0.48052175370924], [-53.167281631633955, 0.446070753677191], [-53.159471131626674, 0.403310753637356], [-53.174846631641, 0.382059753617568], [-53.13599613160477, 0.326378753565677], [-53.13388713160282, 0.3005227535416], [-53.0944176315661, 0.262556253506204], [-53.105945131576846, 0.232086753477802], [-53.09383013156548, 0.195650753443942], [-53.051665131526306, 0.157682753408608], [-53.02884513150502, 0.105064253359501], [-53.010708631488114, 0.095390753350557], [-53.01454713149167, 0.06003725331766], [-52.976873631456556, 0.024141753284198], [-52.97060413145073, -0.04276424677812], [-52.932282131415036, -0.141960746870495], [-52.90355063138827, -0.154591246882319], [-52.87636013136296, -0.142409746870953], [-52.85108213133947, -0.149814246877781], [-52.83563813132503, -0.185802246911294], [-52.75797513125269, -0.239335246961218], [-52.73975313123583, -0.276260246995548], [-52.688359131187894, -0.303788747021258], [-52.681389631181446, -0.339616747054606], [-52.69811113119704, -0.386819247098515], [-52.67869213117888, -0.423325747132594], [-52.70222213120087, -0.458883247165659], [-52.69055813118996, -0.476811247182354], [-52.6949756311941, -0.49605324720028], [-52.666831131167896, -0.524763247227042], [-52.667304131168294, -0.543787247244722], [-52.639548631142475, -0.584556247282649], [-52.612530131117296, -0.59454374729205], [-52.5758671310831, -0.576060247274768], [-52.534721131044876, -0.573738247272672], [-52.522719631033624, -0.588725247286561], [-52.497418131010136, -0.730397747418579], [-52.52117313103224, -0.784859247469285], [-52.50939063102123, -0.813101247495524], [-52.538198131048034, -0.854456247534017], [-52.51647363102779, -0.858265247537588], [-52.45505913097065, -0.829915247511167], [-52.40270013092186, -0.876797247554919], [-52.404288130923305, -0.912501247588125], [-52.43903713095574, -0.935195247609272], [-52.4194701309375, -0.965610747637584], [-52.41400613093242, -1.008919747677965], [-52.426581630944156, -1.050442247716546], [-52.39972113091915, -1.043278247709964], [-52.35769813087995, -1.062232247727593], [-52.332530130856526, -1.115538247777181], [-52.221690130753245, -1.134174747794532], [-52.17311463070803, -1.129779247790452], [-52.14627513068308, -1.148437747807861], [-52.11980613065839, -1.145844747805427], [-52.10161713064144, -1.22561374787972], [-52.054192130597244, -1.233865747887421], [-52.04660913059024, -1.218954747873568], [-52.061586130604155, -1.182666747839789], [-52.02930513057413, -1.167774247825832], [-51.99066663053816, -1.171461747829312], [-51.984879130532704, -1.121092247782371], [-51.965137130514336, -1.125455247786476], [-51.95542113050533, -1.16932124782727], [-51.925501130477414, -1.131962247792558], [-51.886831130441465, -1.166043747824233], [-51.808641630368584, -1.156748247815585], [-51.69997413026738, -1.062857747728117], [-51.68519363025359, -1.012509747681293], [-51.69513613026288, -0.924366747599151], [-51.68775213025606, -0.822854747504607], [-51.66855213023814, -0.768465247453946], [-51.59508413016977, -0.650088247343774], [-51.457337130041424, -0.512884747215935], [-51.42027363000693, -0.428644747137469], [-51.36205412995264, -0.367759747080754], [-51.34733212993899, -0.299266247017044], [-51.3016551298964, -0.251349246972381], [-51.215998129816626, -0.118266246848407], [-51.07556712968585, -0.083385746815907], [-50.97889012959581, 0.03774875329691], [-50.933807129553884, 0.070026253326887], [-50.761594129393416, 0.12132275337467], [-50.66783512930613, 0.185379253434348], [-50.555703129201675, 0.307061253547658], [-50.47576512912724, 0.481841753710455], [-50.436103129090384, 0.600447753820958], [-50.34679312900721, 0.667185253883076], [-50.15652962882996, 0.705519753918793], [-50.09347212877128, 0.7024327539159], [-50.0916121287695, 0.647522253864736], [-50.059007128739154, 0.616759253836108], [-50.04036212872177, 0.57387875379618], [-50.03511212871683, 0.509200253735912], [-50.06081112874085, 0.338774253577185], [-49.97227012865835, 0.319318253559118], [-49.95766812864474, 0.33161925357058], [-49.90296612859379, 0.31134875355167], [-49.84115812853622, 0.340199253578589], [-49.82768012852364, 0.326718753565956], [-49.762788128463285, 0.349415253587154], [-49.738612128440764, 0.322893753562425], [-49.74178812844366, 0.3498632535875], [-49.67726012838364, 0.366317253602915], [-49.66003712836755, 0.352746753590282], [-49.666614628373736, 0.3451497535832], [-49.641984128350714, 0.342252753580397], [-49.61534412832589, 0.313397253553603], [-49.601150128312725, 0.266994753510403], [-49.48184012820161, 0.087455753343193], [-49.45764012817904, 0.065297753322511], [-49.43494712815789, 0.068101253325153], [-49.39067112811665, 0.046214253304697], [-49.38305412810962, 0.033009253292448], [-49.39658312812219, 0.016099253276707], [-49.007818127760174, -0.160056746887335], [-48.99965412775248, -0.181577746907351], [-48.930317127688, -0.225576246948435], [-48.792450127559505, -0.21965424694281], [-48.77481612754309, -0.240012746961838], [-48.70244712747569, -0.256770746977395], [-48.63741812741523, -0.231604246954021], [-48.508079127294764, -0.244076246965619], [-48.4723031272614, -0.231483746953927], [-48.411852127205066, -0.256888746977552], [-48.383776127178976, -0.301007747018616], [-48.39008112718477, -0.362925247076305], [-48.43341112722521, -0.402992247113616], [-48.472193127261335, -0.498717747202818], [-48.000007126821515, -0.663938247356668], [-47.99656112681828, -0.704418247394301], [-47.97695612680002, -0.691665247382502], [-47.96181412678595, -0.636334247330979], [-47.92614712675277, -0.621362747316994], [-47.919122126746174, -0.629000247324143], [-47.91184212673943, -0.600302747297405], [-47.90214662673043, -0.602251247299137], [-47.897178626725804, -0.552455247252851], [-47.864286126695106, -0.55631424725641], [-47.855090126686605, -0.585196247283307], [-47.841677126674085, -0.586296247284281], [-47.84192312667426, -0.622209747317811], [-47.87078512670121, -0.677096247368922], [-47.84833812668023, -0.666945247359422], [-47.84055912667304, -0.679863747371428], [-47.82361112665728, -0.666141247358723], [-47.82459512665821, -0.613404247309518], [-47.80808712664282, -0.593164747290757], [-47.81451012664877, -0.56073874726053], [-47.79037012662627, -0.553511747253765], [-47.79878612663413, -0.588809747286632], [-47.76769812660518, -0.584937747283107], [-47.766064126603624, -0.637899247332371], [-47.74903712658784, -0.593645247291192], [-47.76331712660112, -0.565116247264655], [-47.73794912657752, -0.563840247263443], [-47.71881512655966, -0.536760247238135], [-47.70350012654535, -0.534900747236406], [-47.68974912653255, -0.572822247271802], [-47.698334126540544, -0.592742747290345], [-47.6861731265293, -0.597888747295087], [-47.66230712650702, -0.580161747278567], [-47.63609312648259, -0.603360247300202], [-47.62678612647392, -0.625826747321184], [-47.639669126485956, -0.688888747379906], [-47.6260351264732, -0.701054247391198], [-47.608808126457234, -0.697017747387463], [-47.58007212643042, -0.637796747332345], [-47.57902712642942, -0.581004247279452], [-47.55947162641121, -0.587183247285111], [-47.52989212638374, -0.622599247318135], [-47.5370201263903, -0.643235247337316], [-47.4850021263419, -0.735325247423134], [-47.48770712634439, -0.764645247450403], [-47.46875012632677, -0.765357247451107], [-47.47033562632828, -0.631925247326876], [-47.48161512633874, -0.621111747316718], [-47.474333126332, -0.59613224729344], [-47.4187746262802, -0.591680747289388], [-47.42875212628951, -0.652473247345938], [-47.41991762628129, -0.64178174733604], [-47.40652812626877, -0.65709974735023], [-47.366280126231345, -0.625631247320939], [-47.379865126244, -0.608103247304598], [-47.32208312619014, -0.593820247291319], [-47.28245012615321, -0.606662247303348], [-47.28586012615642, -0.616806247312752], [-47.29294112616299, -0.607367747303897], [-47.29280312616288, -0.645451247339452], [-47.25900812613145, -0.651369747344916], [-47.26167312613393, -0.626063247321326], [-47.212115126087724, -0.637190247331773], [-47.19903312607562, -0.664615747357288], [-47.2141416260896, -0.685500247376694], [-47.24083512611446, -0.684081747375444], [-47.24332812611681, -0.706899747396619], [-47.213641126089215, -0.690212747381111], [-47.19458312607139, -0.699166747389427], [-47.18431012606186, -0.664443247357099], [-47.15833912603773, -0.669643247361932], [-47.17736762605534, -0.743565747430807], [-47.169698126048274, -0.776160247461121], [-47.16522012604412, -0.760295747446321], [-47.156952126036344, -0.768884247454366], [-47.16650412604531, -0.744285747431491], [-47.14956112602954, -0.714419247403612], [-47.139893126020525, -0.727722247416068], [-47.140895126021405, -0.687389247378519], [-47.08827912597246, -0.662290247355145], [-47.06825612595378, -0.704171747394071], [-47.08750412597169, -0.713637247402971], [-47.069196625954646, -0.730199747418396], [-47.08925612597329, -0.748908247435793], [-47.0728931259581, -0.744615747431794], [-47.07608912596106, -0.758465247444633], [-47.06628412595194, -0.776153747461194], [-47.05911812594525, -0.704714247394577], [-47.049507125936316, -0.711171247400671], [-47.057315125943546, -0.805908747488843], [-47.0505091259372, -0.793302247477072], [-47.02800612591625, -0.802502247485677], [-47.048870125935764, -0.778602747463424], [-47.04070412592807, -0.728962247417144], [-47.02984212591798, -0.740436247427851], [-47.00039812589057, -0.714015247403267], [-46.96275912585554, -0.707460247397194], [-46.949262125843006, -0.738729247426249], [-46.9562811258495, -0.731190747419305], [-46.96989812586219, -0.754812247441237], [-46.96011612585312, -0.759328247445524], [-46.97917812587082, -0.78224924746678], [-46.9492591258429, -0.789594247473701], [-46.95489212584823, -0.805545747488509], [-46.932171625827095, -0.845976747526151], [-46.95548112584879, -0.860813247540023], [-46.935037125829695, -0.876228247554309], [-46.92003812581572, -0.87813824755608], [-46.91945312581515, -0.859335247538638], [-46.90581812580251, -0.857765747537201], [-46.9115591258078, -0.817901247500004], [-46.88028812577875, -0.812424747494902], [-46.883949125782124, -0.769299247454796], [-46.87236662577129, -0.757631747443838], [-46.857651625757626, -0.769032247454561], [-46.85929512575922, -0.753436747439991], [-46.84662212574733, -0.746398747433432], [-46.86176112576152, -0.744879747432037], [-46.85737412575736, -0.735909247423706], [-46.82920812573116, -0.748793747435684], [-46.83123662573303, -0.792192747476065], [-46.85659612575671, -0.79326074747712], [-46.837590625738926, -0.795962747479621], [-46.836461125737856, -0.815074247497364], [-46.85723312575726, -0.834280247515267], [-46.83378912573539, -0.827220747508704], [-46.85173812575215, -0.847544247527594], [-46.85026112575076, -0.863936247542938], [-46.81632362571918, -0.828428247509805], [-46.82028812572287, -0.902536247578837], [-46.801365125705274, -0.861885247540954], [-46.788490125693215, -0.900023247576542], [-46.78187712568706, -0.882442747560162], [-46.79395862569834, -0.844707747525035], [-46.783181125688316, -0.833661747514725], [-46.76540612567169, -0.851126247530942], [-46.765963125672215, -0.81712974749928], [-46.74662762565424, -0.828246747509638], [-46.733046125641636, -0.89397374757084], [-46.74229112565024, -0.920611747595672], [-46.7214891256308, -0.895719747572457], [-46.7212071256306, -0.826728247508299], [-46.70326812561382, -0.821286747503223], [-46.67365562558632, -0.861266747540412], [-46.66407412557737, -0.849335247529325], [-46.67843212559069, -0.843515247523897], [-46.68531812559718, -0.806479247489392], [-46.66223412557565, -0.813103247495519], [-46.67190412558466, -0.797109247480648], [-46.66382912557708, -0.786590247470826], [-46.63771312555275, -0.787916747472082], [-46.64454512555915, -0.804872747487934], [-46.62215912553836, -0.814788247497177], [-46.608553125525646, -0.841751247522211], [-46.61772012553422, -0.85395674753363], [-46.62910562554475, -0.847152747527275], [-46.62591412554184, -0.871750747550209], [-46.644803125559406, -0.868478247547159], [-46.631552125547046, -0.887528747564829], [-46.65194212556605, -0.893274247570275], [-46.63232712554782, -0.912924747588477], [-46.63429812554966, -0.928238247602735], [-46.68332712559527, -0.951888747624821], [-46.67493912558746, -0.975875247647195], [-46.60138812551895, -0.950978747623935], [-46.584770125503496, -0.97626074764753], [-46.55063912547166, -0.903591247579811], [-46.53677312545881, -0.977275747648491], [-46.53572312545782, -0.947959247621156], [-46.517861125441186, -0.945024247618448], [-46.531304125453744, -0.930462247604851], [-46.50702962543107, -0.896408247573163], [-46.510613125434475, -0.883907247561524], [-46.48419662540982, -0.872789247551168], [-46.46641812539326, -0.894800747571594], [-46.44114412536976, -0.86991374754848], [-46.44931612537732, -0.862129747541189], [-46.42661612535619, -0.85755774753693], [-46.422892125352746, -0.891135247568172], [-46.439285125367974, -0.905127247581277], [-46.45633812538392, -0.899317747575878], [-46.483448125409154, -0.930666747605073], [-46.46524912539223, -0.942506247616052], [-46.48039412540629, -0.943328747616874], [-46.47391612540025, -0.955857747628556], [-46.49989512542447, -0.973016247644523], [-46.463981125391, -0.975724247647008], [-46.46414412539116, -0.999422247669031], [-46.486278125411786, -0.999982747669605], [-46.47156412539812, -1.022616747690677], [-46.482668125408395, -1.037357247704449], [-46.46828462539497, -1.05296924771892], [-46.46503512539198, -1.029156247696733], [-46.451391125379246, -1.027905247695571], [-46.46084012538813, -1.01716724768562], [-46.412511625343086, -1.019430247687751], [-46.41220412534278, -1.039474747706436], [-46.42986912535923, -1.052830747718872], [-46.4283661253578, -1.065038247730172], [-46.420393125350415, -1.051893747717941], [-46.408368125339166, -1.061547247726935], [-46.40622812533718, -1.043710247710351], [-46.409957125340725, -1.017442747685891], [-46.423754125353526, -1.006007247675257], [-46.39006512532217, -0.986790747657324], [-46.392421125324404, -1.016783247685225], [-46.37498012530807, -1.051945247717981], [-46.37720712531018, -1.018692247687], [-46.37228712530566, -1.025027247692947], [-46.357483125291765, -0.998181247667958], [-46.34428912527949, -0.996243247666143], [-46.33340412526934, -1.036774747703817], [-46.34853512528343, -1.072279747736957], [-46.31946512525644, -1.071438247736182], [-46.30514412524303, -1.083994247747796], [-46.31268612525014, -1.069817247734591], [-46.332930125268945, -1.061468247726907], [-46.316928125254094, -1.013987747682677], [-46.29821112523666, -1.026752247694503], [-46.30064162523888, -1.054827747720651], [-46.283395125222796, -1.047563247713924], [-46.30690312524473, -1.009071247678094], [-46.29677162523524, -0.993369747663451], [-46.26731112520781, -0.995802247665665], [-46.26615512520675, -0.982428247653274], [-46.28670962522585, -0.982314247653107], [-46.26782612520833, -0.942675247616194], [-46.260878125201884, -0.936396747610388], [-46.25349612519494, -0.94735074762059], [-46.25768812519891, -0.932966247607169], [-46.24302912518522, -0.928146747602682], [-46.269330625209705, -0.928717247603231], [-46.2647101252054, -0.917469747592804], [-46.19586112514128, -0.888959747566219], [-46.18669412513282, -0.932916747607123], [-46.20972512515425, -0.929814247604213], [-46.22017212516391, -0.951674247624624], [-46.20230412514729, -0.950157247623224], [-46.20339612514829, -0.968275747640064], [-46.22938812517248, -0.967610747639469], [-46.224618125168035, -0.987144247657625], [-46.25203412519363, -0.997344247667115], [-46.233672125176554, -0.996002247665842], [-46.21464512515877, -0.979324247650311], [-46.22233712516595, -1.020797247688961], [-46.21044362515488, -1.019521747687804], [-46.20864312515323, -1.058300247723878], [-46.261387125202305, -1.122728247783925], [-46.27241512521255, -1.171629747829456], [-46.229564125172715, -1.094841247757927], [-46.19363612513928, -1.066032247731073], [-46.171176125118336, -0.992484247662674], [-46.155260125103496, -1.003158247672559], [-46.155699125103865, -1.04934974771561], [-46.20497512514976, -1.131211747791781], [-46.18375412513001, -1.127698247788544], [-46.17230512511935, -1.155101247814059], [-46.1816741251281, -1.119492747780896], [-46.16536262511295, -1.083101247746981], [-46.15353012510184, -1.089366247752878], [-46.148451125097154, -1.13486774779517], [-46.139332125088686, -1.121475747782711], [-46.147173625096, -1.067301747732245], [-46.07252612502646, -1.018209747686569], [-46.10031012505226, -1.070604747735388], [-46.07233412502626, -1.107348247769551], [-46.09775812504995, -1.195704247851836], [-46.14079212509, -1.216286247871039], [-46.137003625086436, -1.242527247895509], [-46.15352112510186, -1.269143247920283], [-46.13978012508903, -1.29897174794803], [-46.1186921250694, -1.30448624795315], [-46.12118912507174, -1.323812747971147], [-46.094859125047265, -1.326769247973971], [-46.14677312509559, -1.414931248056064], [-46.13100412508095, -1.433936748073734], [-46.16912612511635, -1.469994248107355], [-46.139286125088574, -1.513952248148257], [-46.130873125080825, -1.57819524820809], [-46.149192125097784, -1.587626248216907], [-46.14427112509327, -1.609217248236973], [-46.15984912510771, -1.624115748250915], [-46.15326012510161, -1.67727074830043], [-46.170065125117276, -1.696023748317884], [-46.200438125145524, -1.702783748324123], [-46.21588812515995, -1.726939748346581], [-46.2423291251846, -1.716903248337303], [-46.2612921252022, -1.728384248347993], [-46.30468212524261, -1.727371748347082], [-46.323566125260186, -1.765185248382295], [-46.310715125248294, -1.803524248417943], [-46.2530911251946, -1.793736248408891], [-46.22891512517208, -1.800240248414866], [-46.20820812515285, -1.830526248443107], [-46.24325762518549, -1.879840748489073], [-46.22716312517048, -1.885946248494747], [-46.220039125163794, -1.914453748521282], [-46.247395125189314, -1.992384248593794], [-46.23889512518133, -2.011116748611244], [-46.24944312519119, -2.049965248647482], [-46.26225312520319, -2.05596174865309], [-46.262553625203395, -2.121090248713699], [-46.29243362523118, -2.148282248739065], [-46.27791112521777, -2.162030248751876], [-46.31187312524935, -2.180391248768956], [-46.34178812527716, -2.226780248812133], [-46.37741912531044, -2.253123248836687], [-46.40651762533753, -2.231876748816944], [-46.4277981253573, -2.239371248823886], [-46.41365112534413, -2.275046248857052], [-46.431252125360515, -2.333252748911264], [-46.4654981253924, -2.368997248944652], [-46.45555512538317, -2.383740748958303], [-46.42550412535513, -2.36049224893668], [-46.409232125340054, -2.364602248940514], [-46.43971312536837, -2.412440248985035], [-46.43935862536807, -2.478207749046305], [-46.428207625357686, -2.493101749060202], [-46.43577412536479, -2.512249249077968], [-46.41911112534922, -2.527848749092527], [-46.4726611253991, -2.544515249108031], [-46.493913125418885, -2.536140749100241], [-46.50144212542591, -2.55563474911844], [-46.48696412541244, -2.569745749131584], [-46.50880512543279, -2.589100249149624], [-46.50459012542888, -2.614551249173246], [-46.57436112549385, -2.628397749186206], [-46.59333412551143, -2.665005249220258], [-46.60555912552286, -2.63876324919579], [-46.62150512553774, -2.644157749200872], [-46.62021612553656, -2.665818249221047], [-46.635582125550854, -2.686057249239866], [-46.64858512556293, -2.678772749233076], [-46.646556125561006, -2.688697749242351], [-46.66353062557687, -2.693832249247066], [-46.66981112558267, -2.730405749281203], [-46.65244412556649, -2.72907174927991], [-46.650449125564705, -2.756588249305537], [-46.63550012555072, -2.754199749303325], [-46.63622612555139, -2.793312749339748], [-46.626977125542794, -2.804061749349785], [-46.60192562551947, -2.788830249335547], [-46.60016512551783, -2.812730249357855], [-46.57539312549477, -2.841021249384198], [-46.61352412553026, -2.828584749372567], [-46.61192612552884, -2.85710224939919], [-46.64048712555541, -2.852440249394817], [-46.62928312554493, -2.85818574940015], [-46.640924125555784, -2.863962249405517], [-46.637173125552295, -2.8828502494232], [-46.67923312559151, -2.881365249421719], [-46.6533891255674, -2.930688249467721], [-46.671255125584025, -2.946754749482693], [-46.64762012556207, -2.9613302494962], [-46.6614511255749, -2.972777249506862], [-46.649418625563726, -2.993813249526511], [-46.67295212558565, -2.999899749532119], [-46.65875612557238, -3.010847249542394], [-46.67646912558894, -3.032687749562683], [-46.676370125588846, -3.094804749620607], [-46.70630612561672, -3.09956474962496], [-46.70837912561865, -3.126897749650425], [-46.720727125630106, -3.1083687496332], [-46.73039112563913, -3.123437249647168], [-46.74741312565493, -3.120510749644495], [-46.74383712565168, -3.136128249659009], [-46.72737612563628, -3.129633749652953], [-46.720281125629754, -3.156586249678071], [-46.74748512565509, -3.164247249685218], [-46.75152112565877, -3.188678249708005], [-46.7714751256774, -3.176852249696935], [-46.75676912566371, -3.193805749712737], [-46.77073212567666, -3.202146749720555], [-46.754383125661434, -3.215349249732867], [-46.77796012568342, -3.216230249733599], [-46.784628125689665, -3.246188249761531], [-46.80577712570937, -3.244109249759617], [-46.8018211257056, -3.266048749779998], [-46.81931712572191, -3.270957249784601], [-46.80959112571293, -3.288957249801342], [-46.825586125727796, -3.296961749808816], [-46.81296662571606, -3.309172249820222], [-46.847787625748424, -3.318930749829292], [-46.85894112575886, -3.342214749850996], [-46.868525125767746, -3.326841749836603], [-46.87538812577418, -3.346201749854686], [-46.889055125786854, -3.335175749844439], [-46.9054901258022, -3.367152749874208], [-46.943816125837884, -3.377457749883774], [-46.939654125833954, -3.42030074992374], [-46.956039125849315, -3.425536749928597], [-46.94160612583585, -3.44657624994818], [-46.95565262584887, -3.461300249961937], [-46.94756112584139, -3.476070249975692], [-46.968975125861334, -3.473191749973012], [-46.95952212585246, -3.495276249993481], [-46.98231712587369, -3.495359749993554], [-46.96984562586215, -3.514551250011436], [-46.97688812586864, -3.530013250025831], [-47.003036125893004, -3.533603250029273], [-47.018049625907, -3.565168250058605], [-47.037176125924816, -3.561443250055163], [-47.02682112591515, -3.580560750073005], [-47.04098412592839, -3.59035575008204], [-47.0270136259154, -3.598440250089652], [-47.048207125935164, -3.619257250108944], [-47.05192212593852, -3.635015250123615], [-47.03965812592719, -3.643734750131784], [-47.05521412594169, -3.653930750141285], [-47.03660212592433, -3.667593750153969], [-47.054108125940616, -3.684633250169895], [-47.04770712593461, -3.718504750201419], [-47.064856125950655, -3.758991250239092], [-47.05571462594207, -3.774070750253145], [-47.072200125957465, -3.817488750293592], [-47.0862651259705, -3.824529250300202], [-47.07900662596376, -3.845770250319902], [-47.08832512597246, -3.861208750334299], [-47.10144112598471, -3.860974750334094], [-47.10620612598916, -3.880568750352381], [-47.132122126013314, -3.878279750350202], [-47.13201912601312, -3.899198750369692], [-47.14829112602831, -3.896531250367275], [-47.14807712602817, -3.914116250383586], [-47.172503126050856, -3.923841750392626], [-47.16883562604744, -3.943064750410599], [-47.18331212606097, -3.947271250414474], [-47.18821262606548, -3.979838750444856], [-47.19694262607368, -3.985028750449601], [-47.20131912607769, -3.973193750438668], [-47.22223512609719, -4.000926750464487], [-47.23850712611238, -3.998256250461964], [-47.30464012617392, -4.058454750518081], [-47.31900212618734, -4.04739975050768], [-47.34940212621564, -4.11630675057188], [-47.33981312620665, -4.176669750628093], [-47.36540612623048, -4.180264250631467], [-47.35984412622531, -4.190995750641491], [-47.378730126242885, -4.220759750669231], [-47.37134462623601, -4.24520975069197], [-47.47431112633194, -4.314666750756601], [-47.47589112633341, -4.356062250795162], [-47.61151862645977, -4.55697975098235], [-47.67954012652308, -4.60823125103002], [-47.79054012662641, -4.585943751009268], [-48.39584162719018, -5.069994251460116], [-48.41861512721141, -5.085329251474377], [-48.43419312722585, -5.076291751465988], [-48.43272012722457, -5.097683751485874], [-48.75471662752443, -5.348781751719685], [-48.7422361275128, -5.370514251740019], [-48.65005512742698, -5.38453525175305], [-48.62869112740702, -5.409674751776492], [-48.59092562737192, -5.421360751787347], [-48.557103627340325, -5.416326751782663], [-48.51115412729757, -5.429033751794464], [-48.38928212718406, -5.393315751761179], [-48.34811462714572, -5.433288251798444], [-48.327657627126655, -5.496247751857027], [-48.30027612710114, -5.522622251881671], [-48.261083127064694, -5.54768625190502], [-48.21217112701913, -5.553854751910762], [-48.13772312694982, -5.602304751955899], [-48.13911312695109, -5.647168751997583], [-48.17316512698278, -5.709558752055727], [-48.22474712703081, -5.727515252072408], [-48.272112127074934, -5.725105252070193], [-48.29411912709543, -5.756291252099231], [-48.28846412709015, -5.842550752179591], [-48.23233862703796, -5.916690752248655], [-48.2311991270368, -5.945750752275671], [-48.3066511271071, -5.974452752302454], [-48.33428512713283, -6.003887252329832], [-48.33382912713239, -6.035645752359414], [-48.30155312710235, -6.046918252369892], [-48.2857871270877, -6.069393752390852], [-48.29169212709314, -6.103679252422808], [-48.331436127130246, -6.134959752451891], [-48.407838627201386, -6.153013752468723], [-48.43150512722343, -6.176906252490994], [-48.41669112720956, -6.298197252603927], [-48.380163627175534, -6.330018752633578], [-48.38088812717626, -6.375234752675738], [-48.44727512723807, -6.350788752652875], [-48.505562127292364, -6.352723752654697], [-48.54014312732454, -6.400451752699155], [-48.612721127392206, -6.453339252748492], [-48.66350412743952, -6.562249252849824], [-48.65152612742827, -6.63956025292191], [-48.664422127440275, -6.662370752943161], [-48.73644512750741, -6.692389252971111], [-48.774876127543166, -6.734212253010014], [-48.82096912758607, -6.75353875302801], [-48.91341712767223, -6.756976753031267], [-48.9632761277187, -6.779067253051835], [-49.01844712777006, -6.783818253056211], [-49.11483312785981, -6.869556753136067], [-49.171503127912615, -6.892541753157502], [-49.20909012794755, -6.925028253187747], [-49.21700612795496, -6.961076253221336], [-49.1930871279327, -7.04030775329511], [-49.18484612792497, -7.23477675347624], [-49.226781127964045, -7.317716253553499], [-49.37752812810447, -7.496630253720127], [-49.38351512811005, -7.545762753765871], [-49.327638628058025, -7.677396753888388], [-49.148005127890656, -7.806915754009083], [-49.16447412790603, -7.832472254032837], [-49.16387812790549, -7.926507754120394], [-49.18158912792194, -7.976564254167101], [-49.17627912791704, -8.06111075424576], [-49.1989191279381, -8.087167754270013], [-49.21541412795352, -8.193810754369338], [-49.24822012798404, -8.254974754426371], [-49.28288312801635, -8.379154754542014], [-49.3489681280779, -8.417973754578156], [-49.376571628103534, -8.454882754612527], [-49.40943612813419, -8.579573754728699], [-49.453584128175294, -8.61498825476167], [-49.48935812820855, -8.691633754832992], [-49.59196812830419, -8.839087254970309], [-49.6839151283898, -8.856070254986207], [-49.74464412844634, -8.905759255032422], [-49.793219128491614, -8.979029255100613], [-49.84214412853714, -9.026919755145286], [-49.86688612856017, -9.096686255210216], [-49.909608128599984, -9.15311625526283], [-49.90725012859775, -9.17341725528172], [-49.9657021286522, -9.230457755334783], [-49.99361312867825, -9.23369025533782], [-50.00455912868847, -9.268352755370074], [-50.03733912871894, -9.28899975538934], [-50.05502112873546, -9.334292255431478], [-50.05238612873302, -9.372266255466911], [-50.1048901287819, -9.475002755562627], [-50.10750212878429, -9.508221755593468], [-50.089114128767164, -9.545284755628018], [-50.106921628783766, -9.593872255673318], [-50.13855662881326, -9.627050755704204], [-50.1505571288244, -9.695198755767706], [-50.19744812886802, -9.758424755826582], [-50.224357128893075, -9.84074375590319], [-53.13291713160197, -9.644902255720808], [-56.671390134897365, -9.36699925546202], [-56.71080913493415, -9.373888755468442], [-56.75377713497414, -9.4059657554983], [-56.77183013499098, -9.39056125548393], [-56.77867313499735, -9.316799755415218], [-56.819615135035406, -9.245942755349233], [-56.95175463515852, -9.22268625532763], [-56.99505513519887, -9.233444755337587], [-57.056672135256235, -9.185531255292972], [-57.05994713525922, -9.136734255247575], [-57.03874713523953, -9.09789275521132], [-57.06275163526186, -9.07817925519305], [-57.059109135258495, -9.063881255179695], [-57.08953413528684, -9.037821755155392], [-57.09411013529109, -9.016714755135808], [-57.1377791353317, -8.994215755114851], [-57.19450763538464, -8.927117755052336], [-57.245027135431656, -8.90567075503236], [-57.29908913548195, -8.913601755039736], [-57.31455863549638, -8.886617255014585], [-57.380255135557604, -8.880730255009098], [-57.41669913559156, -8.85738525498732], [-57.41563713559049, -8.795484754929703], [-57.42708313560115, -8.782845254917902], [-57.46303413563464, -8.78434725491934], [-57.52988763569692, -8.747780254885356], [-57.56186713572674, -8.760858254897471], [-57.590560135753435, -8.756377254893323], [-57.604805135766696, -8.66243975480586], [-57.6242461357848, -8.638448254783498], [-57.62174813578247, -8.590795254739078], [-57.64814363580706, -8.575982254725318], [-57.65000513580878, -8.55297825470393], [-57.632807135792746, -8.522274754675323], [-57.65855613581675, -8.499994254654553], [-57.650921135809654, -8.470646754627182], [-57.68644613584274, -8.415861254576157], [-57.66752713582514, -8.366482754530239], [-57.67936713583617, -8.318591754485624], [-57.64147713580087, -8.216159254390163], [-57.666749135824375, -8.176076754352835], [-57.71463963586905, -8.157556754335587], [-57.72794163588139, -8.093825254276226], [-57.776030135926135, -8.051785254237075], [-57.82833513597484, -7.972505754163308], [-57.8345241359807, -7.881019254078069], [-57.87333813601674, -7.800804754003366], [-57.898451136040194, -7.671501753882922], [-57.93905913607796, -7.652746753865472], [-57.94460763608322, -7.601776253818002], [-57.972082136108725, -7.534200753755044], [-58.034606136166985, -7.453752253680136], [-58.06086213619142, -7.394804753625294], [-58.11953013624611, -7.352387253585789], [-58.136555136261904, -7.355737753588869], [-58.169510136292615, -7.312836753548936], [-58.16758613629088, -7.230949253472659], [-58.20902363632945, -7.133877753382194], [-58.245389136363315, -7.088497253339938], [-58.28775513640278, -7.061289253314612], [-58.33492213644672, -6.9859882532445], [-58.37974863648844, -6.970120253229766], [-58.43405463653903, -6.90842175317232], [-58.481255136582945, -6.781039253053677], [-58.47797013657987, -6.699231752977425], [-58.421276136527126, -6.610332752894692], [-58.34938713646011, -6.562018752849667], [-58.32655613643885, -6.499991752791857], [-58.285638136400735, -6.489699252782316], [-58.254756136372066, -6.453736252748854], [-56.40162213464612, -2.456155749025811], [-56.465109134705244, -2.42275524899469], [-56.42034713466364, -2.359832248936073], [-56.38383113462953, -2.270115748852504], [-56.219813134476794, -2.195484248783032], [-56.16894313442947, -2.145149248736175], [-56.09816763436356, -2.026586748625732], [-56.18621963444559, -2.042462748640446], [-56.207157634465034, -2.059622248656524], [-56.22789313448436, -2.055861748653001], [-56.255667634510246, -2.087957748682811], [-56.29697313454869, -2.100448748694475], [-56.31627713456669, -2.139767248731118], [-56.343062134591605, -2.149112748739867], [-56.37457813462095, -2.138419748729802], [-56.413397634657144, -2.175590748764421], [-56.4436951346853, -2.15356674874397], [-56.47740813471671, -2.170017748759278], [-56.526580134762526, -2.138837248730283], [-56.56910513480216, -2.174400248763391], [-56.597306134828386, -2.174596248763578], [-56.612427134842505, -2.209812248796311], [-56.678586134904094, -2.212205248798568], [-56.716532134939484, -2.178666248767286], [-56.76805163498739, -2.165392748754925], [-56.768942134988265, -2.14031424873167], [-56.72089563494353, -2.058815748655661], [-56.7384801349599, -2.016651748616482], [-56.766505134986005, -2.008340248608761], [-56.79272063501037, -2.020636748620177], [-56.84946913506326, -2.019814248619355], [-56.89688663510742, -1.975866248578427], [-56.95228163515901, -1.959873248563554], [-56.98786213519213, -1.906803248514166], [-57.03671963523766, -1.91119674851825], [-57.073081135271536, -1.83131374844379], [-57.06341513526252, -1.808138748422266], [-57.09736713529412, -1.774748748391175], [-57.11533613531083, -1.791425748406709], [-57.12888513532346, -1.763805748380946], [-57.16272213535501, -1.768224748385137], [-57.16440813535655, -1.720515748340631], [-57.19396763538407, -1.727375248347016], [-57.20326113539272, -1.710592248331409], [-57.23025413541791, -1.725564748345391], [-57.25340363543944, -1.695940248317811], [-57.263993135449255, -1.716468248336923], [-57.2971191354801, -1.711098748331892], [-57.30502113548755, -1.729923248349451], [-57.34657913552621, -1.713669248334327], [-57.35157913553087, -1.732812248352047], [-57.37261263555047, -1.713754748334395], [-57.39219913556872, -1.722718748342686], [-57.4005531355765, -1.712253748332955], [-57.38750013556432, -1.694934248316827], [-57.402969635578756, -1.675171748298453], [-57.427080635601214, -1.691441248313595], [-57.439442135612694, -1.688132748310522], [-57.43817913561156, -1.66613024828996], [-57.474713135645516, -1.67764424830068], [-57.4800841356506, -1.655054248279725], [-57.50668563567535, -1.640907248266558], [-57.52829613569543, -1.652364748277137], [-57.52471113569209, -1.626413248253016], [-57.5529701357184, -1.604862248232962], [-57.59289113575562, -1.599339748227749], [-57.589636135752585, -1.579745748209575], [-57.602092135764224, -1.569942248200391], [-57.6109671357724, -1.582532248212146], [-57.65656413581496, -1.580478248210284], [-57.67818413583507, -1.593983748222854], [-57.70636113586124, -1.575599248205663], [-57.71267113586714, -1.50379224813878], [-57.783197135932824, -1.507651248142452], [-57.783372635933006, -1.48773524812384], [-57.796805635945475, -1.485397748121727], [-57.82354463597039, -1.439403248078861], [-57.87937163602237, -1.422910748063487], [-57.911622136052415, -1.428274748068475], [-57.92018413606047, -1.402516748044491], [-57.95985713609741, -1.401219748043331], [-57.95500113609285, -1.382704248026016], [-57.97660613611299, -1.374657248018593], [-57.97038213610722, -1.35875424800372], [-58.00044213613512, -1.329822247976836], [-57.963862136101056, -1.222902247877187], [-57.97849763611475, -1.192719747849083], [-57.9715301361083, -1.16221574782071], [-58.00666113614102, -1.145374247804966], [-58.017048136150606, -1.105796747768181], [-58.041751136173616, -1.102988747765494], [-58.08136263621054, -1.126127747787109], [-58.08147313621066, -1.14715624780672], [-58.12319313624948, -1.164240747822532], [-58.11880713624544, -1.186018247842867], [-58.16214813628574, -1.229303747883137], [-58.21478113633475, -1.165327247823598], [-58.24287113636092, -1.156248247815142], [-58.25427313637158, -1.132238747792826], [-58.3227911364354, -1.142942247802694], [-58.343918136455045, -1.108161747770396], [-58.36083013647078, -1.104746247767139], [-58.36799713647747, -1.065672247730731], [-58.392197136500045, -1.039471247706388], [-58.41119313651768, -1.04388824771047], [-58.4295851365348, -1.026765247694584], [-58.41025113651688, -0.980956747651931], [-58.45033413655415, -0.925731247600424], [-58.45258013655621, -0.897843747574484], [-58.435555136540415, -0.883115247560795], [-58.458546136561836, -0.863642747542599], [-58.46770563657037, -0.872757247551135], [-58.48705013658832, -0.859375747538706], [-58.49147463659244, -0.831439747512604], [-58.51175013661134, -0.839426247520123], [-58.56014713665638, -0.804264247487367], [-58.634394636725574, -0.718556247407491], [-58.663539136752775, -0.712752247402136], [-58.70468213679101, -0.678621747370357], [-58.733501136817836, -0.611280247307604], [-58.728686136813394, -0.561774747261438], [-58.70966113679572, -0.538209747239534], [-58.73483063681908, -0.471168747177103], [-58.729214636813936, -0.434937747143408], [-58.781585136862645, -0.389392247101], [-58.87152413694639, -0.342644247057365], [-58.86484863694022, -0.265202246985268], [-58.88049313695478, -0.196233246920997], [-58.86255113693812, -0.160588746887811], [-58.86333813693875, -0.077684246810691], [-58.88603613696, -0.05883824679313], [-58.89708513697019, -0.016925246754113]]], [[[-46.436036125365035, -0.978388247649491], [-46.416032125346305, -0.932217247606445], [-46.4020971253334, -0.932634747606926], [-46.39593112532759, -0.942957747616447], [-46.41184312534244, -0.970587247642243], [-46.436036125365035, -0.978388247649491]]], [[[-46.07850112503195, -1.058329747723974], [-46.060535125015235, -1.094346747757527], [-46.06624912502059, -1.104833747767202], [-46.090333125043, -1.068572747733469], [-46.07850112503195, -1.058329747723974]]], [[[-47.034254125922075, -0.691830247382654], [-47.02361812591221, -0.691455747382292], [-47.00503562589495, -0.700325247390538], [-47.033502625921415, -0.707925747397553], [-47.034254125922075, -0.691830247382654]]], [[[-46.384429125316956, -0.999991747669583], [-46.37418062530742, -0.98719374765767], [-46.37042612530388, -0.991058247661272], [-46.37495212530814, -1.011085247679944], [-46.384429125316956, -0.999991747669583]]], [[[-47.8369301266697, -0.666388747358951], [-47.84126112667366, -0.657672247350774], [-47.833064126666045, -0.653751247347145], [-47.8369301266697, -0.666388747358951]]], [[[-46.435758125364714, -1.009325747678304], [-46.45056362537855, -1.00907374767803], [-46.43500812536399, -1.003308247672749], [-46.435758125364714, -1.009325747678304]]], [[[-46.31542512525266, -0.950058747623075], [-46.326723625263185, -0.950271247623277], [-46.316591125253694, -0.946104247619473], [-46.31542512525266, -0.950058747623075]]], [[[-46.46803212539476, -0.96396024763601], [-46.475029125401306, -0.964199747636258], [-46.4688631253955, -0.957693747630174], [-46.46803212539476, -0.96396024763601]]], [[[-46.60132112551889, -0.859374747538595], [-46.60647812552372, -0.853284747532939], [-46.60133312551898, -0.854273747533853], [-46.60132112551889, -0.859374747538595]]], [[[-46.6009371255185, -0.831287747512533], [-46.60609412552333, -0.825198247506819], [-46.60094912551858, -0.826187247507733], [-46.6009371255185, -0.831287747512533]]], [[[-47.04297712593029, -0.72199874741068], [-47.04153812592892, -0.717633247406638], [-47.03223012592025, -0.717968747406985], [-47.04297712593029, -0.72199874741068]]], [[[-46.20639612515106, -0.94077274761446], [-46.20272162514766, -0.936341247610358], [-46.1978901251432, -0.939698247613478], [-46.20639612515106, -0.94077274761446]]], [[[-47.02178612591047, -0.715438747404619], [-47.0168391259059, -0.713142747402458], [-47.018782125907705, -0.717545747406575], [-47.02178612591047, -0.715438747404619]]], [[[-46.27019212521054, -0.933478247607695], [-46.265826125206445, -0.932859247607098], [-46.26715812520774, -0.936480747610517], [-46.27019212521054, -0.933478247607695]]]]}}, {"type": "Feature", "id": "PB", "properties": {"id": "PB", "sigla": "PB", "name": "Paraíba", "regiao": "Nordeste", "pop_total": 3976332, "qtd_equipes_esf": 4198, "capacidade_pnab": 15668000, "cobertura_pnab_pct": 394.0, "sobrecarga_media": 0.23, "pop_critica": 410584, "pct_pop_critica": 10.33, "n_polos_critica": 38, "hab_por_esf": 947, "densidade": 70.2}, "geometry": {"type": "MultiPolygon", "coordinates": [[[[-38.7646551182205, -6.993493253251472], [-38.741907118199265, -6.973875753233187], [-38.76197711821794, -6.95355925321428], [-38.75489911821137, -6.938722753200523], [-38.7648696182207, -6.910513253174258], [-38.67507411813699, -6.861428253128452], [-38.67728411813903, -6.833537253102577], [-38.635118118099854, -6.804219753075245], [-38.64229411810652, -6.789957253061971], [-38.617071118083004, -6.793577753065279], [-38.61358611807975, -6.782038253054566], [-38.65086111811445, -6.759865753033864], [-38.67280811813487, -6.696820752975214], [-38.646875118110756, -6.66359375294428], [-38.654921118118295, -6.63007875291305], [-38.62881911809393, -6.60418275288896], [-38.642511118106654, -6.58077925286716], [-38.60674311807338, -6.529115752819052], [-38.61577011808174, -6.527746752817734], [-38.611947118078206, -6.512793252803817], [-38.575436118044195, -6.477567252770996], [-38.551608118022045, -6.430364752727087], [-38.517571117990315, -6.40833375270654], [-38.529777118001675, -6.392981752692208], [-38.57294211804185, -6.403367752701911], [-38.60092911806794, -6.389935252689384], [-38.572767118041725, -6.374520752675039], [-38.56480311803432, -6.356073752657835], [-38.53350611800522, -6.341592752644374], [-38.50508211797876, -6.356112252657908], [-38.458048117934936, -6.32981625263335], [-38.489415117964086, -6.363051252664377], [-38.48589511796081, -6.398353752697176], [-38.451066617928404, -6.392516252691735], [-38.42570311790473, -6.413725752711571], [-38.3985921178795, -6.409739752707878], [-38.37332611785598, -6.45538325275038], [-38.32963411781532, -6.459389252754022], [-38.28837011777682, -6.505218752796736], [-38.23887911773079, -6.47989925277318], [-38.19138011768655, -6.498187252790217], [-38.147534117645705, -6.491088752783639], [-38.13516911763418, -6.51807725280878], [-38.1152901176157, -6.521289252811698], [-38.049680117554544, -6.441596252737554], [-38.04072611754623, -6.470774752764669], [-38.0123791175198, -6.467875252761928], [-38.01450111752183, -6.428376752725171], [-37.97873711748855, -6.426295252723207], [-37.9550491174665, -6.397810252696672], [-37.945091117457196, -6.422221752719452], [-37.927770117441014, -6.42119475271852], [-37.88590261740205, -6.396602252695629], [-37.88787911740394, -6.363971752665179], [-37.85948211737741, -6.374478752675032], [-37.841185117360396, -6.362632752664013], [-37.83391411735363, -6.341987752644741], [-37.84285011736199, -6.332689752636043], [-37.813968117335094, -6.313552252618251], [-37.8236851173441, -6.305635752610897], [-37.81007611733139, -6.291260752597509], [-37.75731811728224, -6.290375252596618], [-37.771077117295135, -6.272667752580219], [-37.760171117284926, -6.253693252562471], [-37.77626811729999, -6.245477752554848], [-37.762427117287075, -6.234939752545074], [-37.775271117298985, -6.230946752541286], [-37.74202861726803, -6.188579252501881], [-37.708652117236966, -6.176607252490726], [-37.64636761717895, -6.188995752502251], [-37.56927711710716, -6.155042252470594], [-37.53965211707953, -6.165533752480428], [-37.53600811707622, -6.152438752468242], [-37.45860511700414, -6.144605752460961], [-37.44535111699179, -6.11180625243037], [-37.391842116941916, -6.107777252426558], [-37.38513111693567, -6.087908752408111], [-37.35409261690677, -6.086089752406451], [-37.297669116854195, -6.049158252371967], [-37.272137116830436, -6.055307252377702], [-37.25345411681303, -6.026173252350645], [-37.23152011679258, -6.027199252351579], [-37.22234711678402, -6.041752252365086], [-37.17359211673863, -6.047620252370621], [-37.174756116739786, -6.141786252458246], [-37.1565831167228, -6.152091252467926], [-37.201241116764436, -6.205305752517461], [-37.25118661681097, -6.226061252536738], [-37.27438611683249, -6.281027752587988], [-37.31959811687466, -6.280161252587163], [-37.33008311688445, -6.30593025261112], [-37.36301161691506, -6.32176825262593], [-37.376987116928035, -6.343993752646611], [-37.39578211694561, -6.400745752699436], [-37.38090311693168, -6.436710752732893], [-37.39654911694629, -6.513807752804723], [-37.415368116963805, -6.531480752821267], [-37.46438211700945, -6.532263752821905], [-37.48278611702665, -6.550010752838489], [-37.465848117010864, -6.659558752940484], [-37.484357117028026, -6.709635752987083], [-37.28337511684094, -6.693514252972136], [-37.28982611684694, -6.71264275298995], [-37.263579616822426, -6.731767753007716], [-37.27360811683184, -6.766388753040019], [-37.25698611681628, -6.779994253052678], [-37.25480311681429, -6.810659753081268], [-37.2342591167951, -6.824233753093836], [-37.190332116754234, -6.824963753094494], [-37.12859611669671, -6.765575253039174], [-37.05908411663199, -6.749022753023837], [-37.00325311658003, -6.709211252986734], [-36.97728311655578, -6.721453752998173], [-36.97154761655054, -6.765081253038716], [-36.95232511653262, -6.774750753047783], [-36.956796616536735, -6.790076253062011], [-36.90787211649115, -6.755758253030081], [-36.83469211642307, -6.730668753006739], [-36.77239211636504, -6.786663253058919], [-36.76912861636197, -6.838345753106978], [-36.729861616325366, -6.835994253104786], [-36.76620711635928, -6.935463753197496], [-36.715535116312026, -6.982154753240934], [-36.688926116287234, -6.926553753189182], [-36.609459116213316, -6.936434253198399], [-36.56760511617426, -6.874394253140622], [-36.56946011617606, -6.847605753115658], [-36.54333311615164, -6.841695753110116], [-36.50515811611615, -6.808421753079188], [-36.5044191161154, -6.753536753028015], [-36.55854611616587, -6.708706252986303], [-36.52420811613388, -6.599251752884356], [-36.511323116121844, -6.594012752879394], [-36.47314711608635, -6.614006252898093], [-36.46018411607429, -6.633992752916697], [-36.436203116051956, -6.626454252909639], [-36.44306111605829, -6.560277252847982], [-36.47804311609093, -6.540283752829396], [-36.482297116094855, -6.519138252809739], [-36.52551311613513, -6.500761252792586], [-36.530637116139815, -6.451671752746847], [-36.499514116110845, -6.357765752659475], [-36.42997261604614, -6.361856252663188], [-36.394229116012866, -6.293575752599622], [-36.362272115983046, -6.309579752614582], [-36.307259115931856, -6.281099752588034], [-36.295679115921075, -6.290840752597092], [-36.279541115906, -6.308462752613536], [-36.27814511590475, -6.348958252651187], [-36.296007115921384, -6.370010752670851], [-36.29488911592034, -6.394160752693324], [-36.25083111587924, -6.404023752702528], [-36.249440115877974, -6.436960252733229], [-36.11107711574914, -6.428642252725467], [-36.07968311571983, -6.404789752703209], [-36.012955115657746, -6.454640752749697], [-36.005019115650384, -6.480653252773891], [-35.97731761562454, -6.48850575278118], [-35.77292761543424, -6.482430752775485], [-35.710930115376414, -6.470693752764646], [-35.65983811532885, -6.44487925274052], [-35.59986211527303, -6.460209752754849], [-35.56446961524, -6.491378752783817], [-35.52497111520324, -6.475697252769237], [-35.40042511508727, -6.491203252783748], [-35.336442115027694, -6.541625752830669], [-35.27339711496893, -6.543087252832038], [-35.23202611493048, -6.531375752821077], [-35.22265411492174, -6.516051252806847], [-35.206987114907065, -6.543316752832197], [-35.16997711487261, -6.557991252845909], [-35.14542711484978, -6.552282752840597], [-35.095220114803055, -6.497277252789331], [-35.057411114767774, -6.52739025281744], [-34.971254114687554, -6.484839252777761], [-34.96194611467888, -6.639782252922032], [-34.94686511466489, -6.680622752960062], [-34.93083811464987, -6.687790252966806], [-34.93695611465557, -6.77036175304363], [-34.91877911463871, -6.766781253040335], [-34.902442114623454, -6.864865253131711], [-34.85329811457768, -6.899948253164325], [-34.8667121145902, -6.936443753198319], [-34.85046361457512, -6.964193753224208], [-34.86853411459185, -6.978985253237965], [-34.86723811459069, -7.007996753265047], [-34.8548081145791, -7.027109753282843], [-34.834830614560474, -6.998340753256002], [-34.84150811456675, -6.966146753225985], [-34.82989411455594, -6.966212253226104], [-34.825469114551765, -7.006596253263751], [-34.843358114568446, -7.055418753309141], [-34.82200311454858, -7.130410253378955], [-34.793335114521824, -7.154090753401078], [-34.805252114533005, -7.239690753480772], [-34.79361511452214, -7.329147253564088], [-34.8098031145372, -7.437940253665374], [-34.803330614531205, -7.471685753696875], [-34.8258321145521, -7.547367753767276], [-34.857703114581795, -7.53754125375815], [-34.87039611459363, -7.548749253768619], [-34.88841911461043, -7.535494753756325], [-34.91069911463114, -7.54302775376334], [-34.93235711465138, -7.528111253749444], [-34.9604661146775, -7.53835675375899], [-34.98390611469938, -7.5074777537302], [-34.98509811470046, -7.461597753687442], [-35.06520011477505, -7.401554253631502], [-35.07869461478765, -7.395897753626286], [-35.0974731148051, -7.407918753637432], [-35.171744114874286, -7.387631753618507], [-35.19041911489171, -7.397483253627684], [-35.24574111494326, -7.374198753606038], [-35.30619311499947, -7.407507753637105], [-35.33469611502608, -7.40639625363599], [-35.33319411502464, -7.422348753650908], [-35.35203211504222, -7.421990253650506], [-35.350779115041064, -7.439852753667196], [-35.42321811510851, -7.47443875369936], [-35.47821361515969, -7.444927753671891], [-35.50297611518272, -7.455671253681885], [-35.50160111518153, -7.512101753734441], [-35.53698511521441, -7.580305753798029], [-35.51486811519385, -7.584612253801993], [-35.531361115209165, -7.621256753836178], [-35.51474411519371, -7.642836753856272], [-35.532486115210304, -7.654408253867018], [-35.609334615281796, -7.653369753866059], [-35.65523111532457, -7.696639753906311], [-35.69974811536599, -7.691446753901459], [-35.78024911544105, -7.737941753944824], [-35.87178911552621, -7.749128753955233], [-35.90408461555637, -7.791829253995047], [-35.96962911561741, -7.789049753992458], [-35.99789011564371, -7.81334475401502], [-36.04291511568567, -7.793251253996345], [-36.05354211569556, -7.800948754003457], [-36.068661115709574, -7.780562753984555], [-36.200625615832564, -7.789492753992818], [-36.21630211584716, -7.763694253968765], [-36.25386311588204, -7.795976253998901], [-36.239206115868456, -7.810801254012631], [-36.25296061588131, -7.829541754030174], [-36.3087981159332, -7.806276754008422], [-36.42371311604029, -7.815367754016961], [-36.42872311604492, -7.866626254064613], [-36.44004911605555, -7.877840254075068], [-36.42936061604553, -7.886148254082855], [-36.445967116060956, -7.915968754110622], [-36.47864711609145, -7.923673754117772], [-36.55168511615943, -7.898302754094175], [-36.57786411618383, -7.914835754109504], [-36.576445116182526, -7.959233754150887], [-36.61094811621467, -7.947740754140227], [-36.62751511623003, -7.985995254175805], [-36.62751611623014, -8.055336754240443], [-36.65834511625883, -8.079397254262858], [-36.628276116230836, -8.110637754291929], [-36.693199116291225, -8.141073254320304], [-36.68669911628524, -8.155267254333467], [-36.7224721163185, -8.150552254329114], [-36.71544361631197, -8.166903254344334], [-36.749805116343964, -8.175291254352146], [-36.76123211635456, -8.195880754371274], [-36.79595011638696, -8.190107254365898], [-36.89561111647981, -8.24040725441273], [-36.922659616504916, -8.26941575443982], [-36.94460711652539, -8.274841254444823], [-36.95458411653465, -8.298936754467263], [-36.99081611656845, -8.302541254470611], [-37.042994116617024, -8.264147254434874], [-37.08086311665227, -8.265960754436605], [-37.08028011665181, -8.240669254412978], [-37.066191116638606, -8.232586254405533], [-37.08149611665283, -8.22244675439606], [-37.100088116670236, -8.23329375440619], [-37.12257411669111, -8.208653254383194], [-37.117919116686835, -8.174939254351784], [-37.16327461672904, -8.165348754342858], [-37.14221711670939, -8.117532754298281], [-37.15775211672394, -8.050813254236232], [-37.14931311671603, -8.022402754209793], [-37.16007811672603, -7.996742254185847], [-37.1930531167568, -7.982456254172575], [-37.192028116755864, -7.961703254153235], [-37.20705211676977, -7.951789754143988], [-37.21924711678116, -7.972381754163166], [-37.35583711690833, -7.972319754163095], [-37.34987511690281, -7.948182754140589], [-37.30863361686443, -7.933766254127136], [-37.30924311686499, -7.913483254108314], [-37.321830116876754, -7.91009175410511], [-37.28705161684434, -7.90346625409893], [-37.24375211680399, -7.873434754071013], [-37.246809116806844, -7.846394254045777], [-37.22175211678348, -7.841840254041585], [-37.22781311678921, -7.82110775402225], [-37.243315116803615, -7.818591754019963], [-37.191197116755006, -7.790759753994053], [-37.17032711673562, -7.799820254002498], [-37.15161011671819, -7.779435253983479], [-37.13860411670612, -7.745108253951457], [-37.19698111676041, -7.645026753858247], [-37.16322961672904, -7.574307253792426], [-37.08711511665808, -7.517927753739855], [-36.98388661656202, -7.481853753706332], [-37.02246061659787, -7.435619753663218], [-37.01324611658936, -7.403336253633142], [-37.02758111660262, -7.385457753616492], [-37.067539116639864, -7.381701753613015], [-37.085283116656456, -7.357850253590868], [-37.16500111673065, -7.336188753570696], [-37.176584116741424, -7.309146753545519], [-37.233657116794575, -7.27395825351266], [-37.331312116885556, -7.289307753526941], [-37.3561431169087, -7.321701753557136], [-37.3491691169022, -7.33662175357108], [-37.38537011693586, -7.356287753589413], [-37.497696117040505, -7.366436753598805], [-37.48661511703017, -7.394648253625064], [-37.51529711705689, -7.427150753655383], [-37.53272311707315, -7.472546253697601], [-37.60942611714461, -7.507625253730339], [-37.630032617163806, -7.532103753753063], [-37.65918511719087, -7.522730253744385], [-37.68180611721198, -7.547968753767918], [-37.706161117234615, -7.550175753769963], [-37.7074481172358, -7.57022325378864], [-37.72838711725535, -7.579322753797101], [-37.76424061728869, -7.63097475384518], [-37.766895117291256, -7.657071253869503], [-37.79046111731316, -7.625536253840096], [-37.80762411732917, -7.64355225385691], [-37.85681211737494, -7.651560753864374], [-37.902979117418, -7.697690753907295], [-37.89398811740955, -7.713216753921756], [-37.9206181174344, -7.713299753921888], [-37.967464117478016, -7.774525753978878], [-38.00362261751172, -7.778577753982631], [-38.03923311754488, -7.747710253953869], [-38.071716617575134, -7.776431253980604], [-38.06595661756978, -7.817255754018674], [-38.07672061757978, -7.830170254030691], [-38.11970711761978, -7.818564754019917], [-38.14157211764018, -7.784840753988533], [-38.16232411765952, -7.779545253983542], [-38.23822011773018, -7.830316754030832], [-38.27587611776528, -7.833410754033707], [-38.2973961177853, -7.81353825401527], [-38.29946611778723, -7.762787253967986], [-38.31640861780295, -7.764199253969309], [-38.3018061177894, -7.744796253951222], [-38.32042211780674, -7.697549753907197], [-38.344340117829006, -7.694588753904441], [-38.3571451178409, -7.676754253887793], [-38.409156117889324, -7.73008475393749], [-38.456731117933714, -7.717698753926015], [-38.463623117940074, -7.730483253937905], [-38.495447117969775, -7.738399753945259], [-38.49622311797043, -7.749623753955689], [-38.59328611806086, -7.753940753959682], [-38.64174061810593, -7.677228753888244], [-38.71476911817399, -7.621512253836386], [-38.71068061817016, -7.586226753803544], [-38.654982118118255, -7.565136253783862], [-38.654315118117665, -7.52181475374357], [-38.63056111809556, -7.486923753711039], [-38.64457561810866, -7.459613253685575], [-38.60298611806991, -7.457185753683348], [-38.605461118072185, -7.444168253671251], [-38.58495911805312, -7.434408753662183], [-38.584156118052306, -7.415945253644963], [-38.59511011806251, -7.412757253641985], [-38.53424611800585, -7.293387753530737], [-38.55163261802204, -7.243064253483908], [-38.594771118062226, -7.246124753486811], [-38.61502611808112, -7.22978175347157], [-38.62446061808987, -7.19091825343537], [-38.687487118148624, -7.189757253434323], [-38.67753911813929, -7.132269753380683], [-38.65681211812, -7.093862753344979], [-38.67689911813875, -7.066700253319709], [-38.66950561813178, -7.047302253301609], [-38.7646551182205, -6.993493253251472]]], [[[-34.86366611458732, -6.980407253239264], [-34.84739311457224, -6.981641253240468], [-34.858836114582914, -7.015215753271718], [-34.86527611458882, -7.004301253261588], [-34.86366611458732, -6.980407253239264]]]]}}, {"type": "Feature", "id": "PE", "properties": {"id": "PE", "sigla": "PE", "name": "Pernambuco", "regiao": "Nordeste", "pop_total": 9091757, "qtd_equipes_esf": 6088, "capacidade_pnab": 22929000, "cobertura_pnab_pct": 252.2, "sobrecarga_media": 0.36, "pop_critica": 1935433, "pct_pop_critica": 21.29, "n_polos_critica": 188, "hab_por_esf": 1493, "densidade": 90.3}, "geometry": {"type": "MultiPolygon", "coordinates": [[[[-41.3579586206356, -8.707208254847501], [-41.307567120588715, -8.690174254831618], [-41.28705812056967, -8.660427254803949], [-41.253470120538395, -8.661762754805181], [-41.21466812050221, -8.644833754789374], [-41.21191312049962, -8.601407754748948], [-41.16895112045961, -8.583202754732042], [-41.14911912044113, -8.533505754685734], [-41.12635812041992, -8.54154375469318], [-41.09758412039321, -8.5203397546735], [-41.07855312037543, -8.472092254628592], [-41.05072512034951, -8.480061754635926], [-41.038617120338245, -8.431417754590711], [-41.0070071203088, -8.420517754580487], [-41.00030312030253, -8.400314754561691], [-40.98100712028463, -8.397519254559143], [-40.92647912023381, -8.4459327546042], [-40.90116362021024, -8.421216254581168], [-40.90724312021587, -8.398575754560056], [-40.88949812019939, -8.38633875454866], [-40.89310112020269, -8.35689875452124], [-40.837029620150474, -8.380715254543475], [-40.818948120133655, -8.361946754526002], [-40.8191376201338, -8.321498754488289], [-40.791995120108595, -8.31871775448576], [-40.77950912009692, -8.301522754469715], [-40.78319412010035, -8.255024754426358], [-40.70688612002925, -8.223083754396612], [-40.666221119991405, -8.161874254339637], [-40.64319661997001, -8.157126754335195], [-40.6331691199606, -8.138639754317978], [-40.60094911993065, -8.149760754328327], [-40.58941611991986, -8.13754625431693], [-40.60349911993296, -8.103278754285043], [-40.54327811987696, -7.958024754149733], [-40.54169311987539, -7.838074754038075], [-40.56803711989994, -7.808352254010401], [-40.65336611997941, -7.781786253985615], [-40.673201119997884, -7.761266253966483], [-40.67797262000238, -7.725088753932823], [-40.6466401199732, -7.644376753857728], [-40.64400411997076, -7.603761753819867], [-40.69371212001704, -7.538313753758871], [-40.71452162003641, -7.489141253713115], [-40.702251120024926, -7.457914753684008], [-40.54809611988139, -7.392287753622895], [-40.43306711977425, -7.391252753621984], [-40.31862211966768, -7.373888253605742], [-40.271688119623946, -7.391705253622376], [-40.246082119600146, -7.433307753661097], [-39.96111811933474, -7.388549753619372], [-39.915082119291924, -7.337685753572032], [-39.663013119057155, -7.309742253546005], [-39.60694561900493, -7.335795753570324], [-39.47873311888543, -7.445655753672554], [-39.39631411880873, -7.474867253699813], [-39.31690261873473, -7.541049753761399], [-39.31192911873018, -7.56939575378783], [-39.27763561869824, -7.606592753822497], [-39.303283118722106, -7.628204753842624], [-39.306541118725136, -7.664678753876615], [-39.26996911869105, -7.659489753871753], [-39.25098311867339, -7.680276753891121], [-39.25221311867449, -7.704523753913691], [-39.20798411863336, -7.689072753899268], [-39.13529111856565, -7.722968253930844], [-39.10226711853488, -7.7706297539753], [-39.09094811852435, -7.857773754056439], [-39.05340511848942, -7.818895754020218], [-39.02604511846391, -7.824227254025118], [-39.01769311845612, -7.812258254014068], [-39.00106111844059, -7.839718254039553], [-38.961767118404055, -7.843766254043317], [-38.9645931184067, -7.829420254029969], [-38.93961811838335, -7.794698253997694], [-38.93923011838308, -7.758365253963802], [-38.91576361836121, -7.758129753963658], [-38.91523011836068, -7.744078753950475], [-38.88105211832885, -7.747025253953325], [-38.86939911831803, -7.711134253919795], [-38.83030411828156, -7.719993753928065], [-38.81467811826701, -7.696982753906696], [-38.819344118271374, -7.664419753876359], [-38.79040261824446, -7.670742253882281], [-38.760268118216345, -7.655594253868117], [-38.74245811819981, -7.6599152538721], [-38.7352541181931, -7.633718253847746], [-38.71476911817399, -7.621512253836386], [-38.64174061810593, -7.677228753888244], [-38.59328611806086, -7.753940753959682], [-38.49622311797043, -7.749623753955689], [-38.495447117969775, -7.738399753945259], [-38.463623117940074, -7.730483253937905], [-38.456731117933714, -7.717698753926015], [-38.409156117889324, -7.73008475393749], [-38.3571451178409, -7.676754253887793], [-38.344340117829006, -7.694588753904441], [-38.32042211780674, -7.697549753907197], [-38.311679117798576, -7.715906253924345], [-38.3018061177894, -7.744796253951222], [-38.31640861780295, -7.764199253969309], [-38.29946611778723, -7.762787253967986], [-38.286442117775096, -7.829814754030394], [-38.23822011773018, -7.830316754030832], [-38.16232411765952, -7.779545253983542], [-38.14157211764018, -7.784840753988533], [-38.11970711761978, -7.818564754019917], [-38.07672061757978, -7.830170254030691], [-38.06595661756978, -7.817255754018674], [-38.071716617575134, -7.776431253980604], [-38.03923311754488, -7.747710253953869], [-38.00362261751172, -7.778577753982631], [-37.967464117478016, -7.774525753978878], [-37.9206181174344, -7.713299753921888], [-37.89398811740955, -7.713216753921756], [-37.902979117418, -7.697690753907295], [-37.85681211737494, -7.651560753864374], [-37.80762411732917, -7.64355225385691], [-37.79046111731316, -7.625536253840096], [-37.766895117291256, -7.657071253869503], [-37.76424061728869, -7.63097475384518], [-37.72838711725535, -7.579322753797101], [-37.7074481172358, -7.57022325378864], [-37.706161117234615, -7.550175753769963], [-37.68180611721198, -7.547968753767918], [-37.65918511719087, -7.522730253744385], [-37.630032617163806, -7.532103753753063], [-37.60942611714461, -7.507625253730339], [-37.53272311707315, -7.472546253697601], [-37.51529711705689, -7.427150753655383], [-37.48661511703017, -7.394648253625064], [-37.497696117040505, -7.366436753598805], [-37.38537011693586, -7.356287753589413], [-37.3491691169022, -7.33662175357108], [-37.3561431169087, -7.321701753557136], [-37.331312116885556, -7.289307753526941], [-37.233657116794575, -7.27395825351266], [-37.176584116741424, -7.309146753545519], [-37.16500111673065, -7.336188753570696], [-37.085283116656456, -7.357850253590868], [-37.067539116639864, -7.381701753613015], [-37.02758111660262, -7.385457753616492], [-37.01324611658936, -7.403336253633142], [-37.02246061659787, -7.435619753663218], [-36.98388661656202, -7.481853753706332], [-37.08711511665808, -7.517927753739855], [-37.16322961672904, -7.574307253792426], [-37.19698111676041, -7.645026753858247], [-37.13860411670612, -7.745108253951457], [-37.15161011671819, -7.779435253983479], [-37.17032711673562, -7.799820254002498], [-37.191197116755006, -7.790759753994053], [-37.243315116803615, -7.818591754019963], [-37.22781311678921, -7.82110775402225], [-37.22175211678348, -7.841840254041585], [-37.246809116806844, -7.846394254045777], [-37.24375211680399, -7.873434754071013], [-37.28705161684434, -7.90346625409893], [-37.321830116876754, -7.91009175410511], [-37.30924311686499, -7.913483254108314], [-37.30863361686443, -7.933766254127136], [-37.34987511690281, -7.948182754140589], [-37.355621116908196, -7.974506754165077], [-37.29523411685193, -7.964510254155812], [-37.21924711678116, -7.972381754163166], [-37.20705211676977, -7.951789754143988], [-37.192028116755864, -7.961703254153235], [-37.1930531167568, -7.982456254172575], [-37.16007811672603, -7.996742254185847], [-37.14931311671603, -8.022402754209793], [-37.15775211672394, -8.050813254236232], [-37.14221711670939, -8.117532754298281], [-37.16327461672904, -8.165348754342858], [-37.117919116686835, -8.174939254351784], [-37.12257411669111, -8.208653254383194], [-37.100088116670236, -8.23329375440619], [-37.08149611665283, -8.22244675439606], [-37.066191116638606, -8.232586254405533], [-37.08028011665181, -8.240669254412978], [-37.08086311665227, -8.265960754436605], [-37.042994116617024, -8.264147254434874], [-36.99081611656845, -8.302541254470611], [-36.95458411653465, -8.298936754467263], [-36.94460711652539, -8.274841254444823], [-36.922659616504916, -8.26941575443982], [-36.89561111647981, -8.24040725441273], [-36.79595011638696, -8.190107254365898], [-36.76123211635456, -8.195880754371274], [-36.749805116343964, -8.175291254352146], [-36.71544361631197, -8.166903254344334], [-36.7224721163185, -8.150552254329114], [-36.68669911628524, -8.155267254333467], [-36.693199116291225, -8.141073254320304], [-36.628276116230836, -8.110637754291929], [-36.65834511625883, -8.079397254262858], [-36.62751611623014, -8.055336754240443], [-36.62751511623003, -7.985995254175805], [-36.61094811621467, -7.947740754140227], [-36.576445116182526, -7.959233754150887], [-36.57786411618383, -7.914835754109504], [-36.55168511615943, -7.898302754094175], [-36.47864711609145, -7.923673754117772], [-36.445967116060956, -7.915968754110622], [-36.42936061604553, -7.886148254082855], [-36.44004911605555, -7.877840254075068], [-36.42872311604492, -7.866626254064613], [-36.42371311604029, -7.815367754016961], [-36.3087981159332, -7.806276754008422], [-36.25296061588131, -7.829541754030174], [-36.239206115868456, -7.810801254012631], [-36.25386311588204, -7.795976253998901], [-36.21630211584716, -7.763694253968765], [-36.200625615832564, -7.789492753992818], [-36.068661115709574, -7.780562753984555], [-36.05354211569556, -7.800948754003457], [-36.04291511568567, -7.793251253996345], [-35.99789011564371, -7.81334475401502], [-35.96962911561741, -7.789049753992458], [-35.90408461555637, -7.791829253995047], [-35.87178911552621, -7.749128753955233], [-35.78024911544105, -7.737941753944824], [-35.69974811536599, -7.691446753901459], [-35.65523111532457, -7.696639753906311], [-35.609334615281796, -7.653369753866059], [-35.532486115210304, -7.654408253867018], [-35.51474411519371, -7.642836753856272], [-35.531361115209165, -7.621256753836178], [-35.51486811519385, -7.584612253801993], [-35.53698511521441, -7.580305753798029], [-35.50160111518153, -7.512101753734441], [-35.50297611518272, -7.455671253681885], [-35.47821361515969, -7.444927753671891], [-35.42321811510851, -7.47443875369936], [-35.350779115041064, -7.439852753667196], [-35.35203211504222, -7.421990253650506], [-35.33319411502464, -7.422348753650908], [-35.33469611502608, -7.40639625363599], [-35.30619311499947, -7.407507753637105], [-35.24574111494326, -7.374198753606038], [-35.19041911489171, -7.397483253627684], [-35.171744114874286, -7.387631753618507], [-35.0974731148051, -7.407918753637432], [-35.07869461478765, -7.395897753626286], [-34.98509811470046, -7.461597753687442], [-34.98390611469938, -7.5074777537302], [-34.9604661146775, -7.53835675375899], [-34.93235711465138, -7.528111253749444], [-34.91069911463114, -7.54302775376334], [-34.88841911461043, -7.535494753756325], [-34.87039611459363, -7.548749253768619], [-34.857703114581795, -7.53754125375815], [-34.83514111456077, -7.547316253767235], [-34.837473114562954, -7.56514525378384], [-34.807249114534784, -7.625060253839706], [-34.84599511457088, -7.688282253898592], [-34.83131911455723, -7.70012975390955], [-34.82269411454922, -7.743257253949764], [-34.8362201145618, -7.809641254011581], [-34.847392114572244, -7.8156052540171], [-34.81933411454611, -7.9173537541119], [-34.837539114563015, -8.005712254194236], [-34.864343114587996, -8.039540754225754], [-34.911854114632206, -8.162209754339983], [-34.91967711463951, -8.226726254399978], [-34.939842614658346, -8.254089754425536], [-34.951110114668836, -8.337162754502856], [-34.94027461465873, -8.351359254516069], [-34.96092211467794, -8.365632254529373], [-34.951935114669595, -8.37532175453839], [-35.000380114714744, -8.49086275464606], [-35.004420114718414, -8.565564754715638], [-35.03019511474247, -8.572879754722408], [-35.066691114776404, -8.643912254788575], [-35.06884511477847, -8.671895754814614], [-35.085293114793785, -8.690930254832324], [-35.086014114794466, -8.746536754884119], [-35.13177811483706, -8.826338754958442], [-35.129328614834776, -8.866668754995999], [-35.15226311485617, -8.913285755039396], [-35.17350411487598, -8.890289755017989], [-35.25246211494948, -8.886815755014823], [-35.399666115086575, -8.849894254980427], [-35.41401211509992, -8.835992754967492], [-35.44915711513261, -8.841582754972706], [-35.46980511515187, -8.812708254945733], [-35.49543211517573, -8.827883754959885], [-35.53485011521241, -8.819037754951637], [-35.63180511530277, -8.880858755009285], [-35.65719411532643, -8.880239755008688], [-35.67088111533917, -8.896214755023493], [-35.74807411541099, -8.91673275504263], [-35.782656115443274, -8.897122755024384], [-35.77565461543668, -8.858039254987943], [-35.78727111544754, -8.850711754981148], [-35.844677115500986, -8.872062255001083], [-35.895874115548736, -8.853848754984028], [-35.923950115574826, -8.88420875501231], [-35.96497611561301, -8.902725255029623], [-36.06360711570494, -8.91491775504096], [-36.086082115725844, -8.943648255067728], [-36.12695111576386, -8.955691255078932], [-36.126481115763454, -8.980856755102423], [-36.10399911574257, -8.99850975511879], [-36.11330111575114, -9.01942125513824], [-36.14070911577676, -9.039264255156809], [-36.19539411582764, -9.044366255161549], [-36.23612811586554, -9.103069755216211], [-36.266512115893875, -9.101960755215146], [-36.25738811588542, -9.137940255248623], [-36.222734115853086, -9.170783755279217], [-36.255657115883764, -9.181558755289302], [-36.27383911590073, -9.165782755274563], [-36.309460115933916, -9.171942255280328], [-36.32731311595046, -9.200347255306838], [-36.35358411597497, -9.200771755307187], [-36.348557115970266, -9.214316255319773], [-36.365372115985906, -9.222206255327137], [-36.41946811603634, -9.2291472553336], [-36.436671116052366, -9.211679255317335], [-36.46218361607612, -9.238830255342577], [-36.487554616099715, -9.241199755344837], [-36.50298511611413, -9.270556255372185], [-36.57150411617795, -9.292160755392274], [-36.56713511617386, -9.33171275542918], [-36.60471311620881, -9.341085755437803], [-36.69350811629158, -9.274911255376196], [-36.7593456163529, -9.270924255372506], [-36.796807116387754, -9.292600755392755], [-36.839373116427396, -9.287792755388182], [-36.87092211645677, -9.267662755369429], [-36.91548211649831, -9.298599255398244], [-36.92193211650431, -9.339339755436185], [-36.93753911651879, -9.352400255448401], [-36.93009911651188, -9.369614755464454], [-36.95209311653241, -9.382121255476022], [-37.003026116579804, -9.352191755448189], [-37.02395111659928, -9.315294255413846], [-37.055001116628205, -9.307026755406127], [-37.05724511663027, -9.31711875541555], [-37.05686011662999, -9.281366755382237], [-37.090331116661105, -9.245941255349294], [-37.11613411668509, -9.240509755344192], [-37.16399311672967, -9.27528475537656], [-37.15860611672474, -9.238680755342443], [-37.19797311676132, -9.215062255320504], [-37.23399911679496, -9.239754755343483], [-37.22844111678978, -9.225115255329797], [-37.24674061680673, -9.178597755286546], [-37.281944116839554, -9.148421755258482], [-37.31517661687053, -9.09385275520765], [-37.43361911698082, -9.029294755147475], [-37.46902711701375, -9.027255755145575], [-37.49341211703654, -9.000272755120477], [-37.489995117033345, -8.96548775508802], [-37.54071811708059, -8.957979755081055], [-37.56207011710046, -8.973536255095496], [-37.58326311712017, -8.969748255091986], [-37.61422411714898, -8.988740255109747], [-37.61498211714968, -9.009480755129061], [-37.64353811717638, -9.017925255136902], [-37.663719117195114, -8.999126255119336], [-37.66130211719292, -8.986830255107975], [-37.685640117215485, -8.998336755118657], [-37.701515117230315, -8.991791255112503], [-37.683672117213746, -8.967986255090409], [-37.75849611728336, -8.85613425498616], [-37.82874361734878, -8.893356255020876], [-37.82093711734149, -8.915169755041234], [-37.833290117353044, -8.925993755051309], [-37.82588611734616, -8.93229925505716], [-37.83875111735813, -8.977962755099725], [-37.87925011739583, -9.014995755134123], [-37.880635117397105, -9.03992775515735], [-37.9045851174194, -9.03981675515729], [-37.97900311748879, -9.147943755257984], [-38.09193711759394, -9.172305755280718], [-38.14355811764199, -9.21778475532301], [-38.180328117676254, -9.291257255391429], [-38.20272961769706, -9.296480755396374], [-38.23723811772925, -9.329372755426903], [-38.28716111777578, -9.216710255322027], [-38.2872431177758, -9.173487755281826], [-38.31830711780481, -9.140582755251103], [-38.32105011780732, -9.11646175522867], [-38.30424211779166, -9.096368255209995], [-38.325515117811506, -9.077573755192475], [-38.28960661777808, -9.04674425516373], [-38.29605211778403, -9.022434255141093], [-38.32027811780654, -8.990655255111506], [-38.339885117824906, -8.989991255110908], [-38.4150981178949, -9.038151755155695], [-38.48369011795876, -9.000603755120778], [-38.51945761799209, -8.94716625507101], [-38.472940117948724, -8.88912875501694], [-38.47948211795483, -8.849672254980192], [-38.55148861802195, -8.82221325495459], [-38.57090161804001, -8.831196754963003], [-38.60347011807039, -8.880173755008627], [-38.608885118075364, -8.954703755077958], [-38.640356118104705, -8.98685075510798], [-38.67040211813264, -8.974772755096751], [-38.68979161815071, -8.94485975506882], [-38.70618911816598, -8.861843754991583], [-38.80372411825681, -8.788764754923477], [-38.86775711831649, -8.783450254918534], [-38.95359511839638, -8.803647754937288], [-39.03319811847052, -8.735897754874259], [-39.14359611857333, -8.712104254852079], [-39.168362118596406, -8.691090254832488], [-39.20042911862629, -8.71057275485066], [-39.22816911865209, -8.709901254850024], [-39.245140118667905, -8.68369125482559], [-39.24129361866437, -8.641338254786206], [-39.27480711869555, -8.576411254725713], [-39.292863118712376, -8.560215754710612], [-39.343299618759374, -8.55813325470865], [-39.379439118793016, -8.532406754684757], [-39.415686118826784, -8.54171475469343], [-39.47575511888272, -8.592380254740533], [-39.607195119005155, -8.655561754799464], [-39.69077411908302, -8.661898754805293], [-39.67427111906761, -8.786742254921592], [-39.70011811909171, -8.799536754933456], [-39.74742611913575, -8.793626254927972], [-39.79230311917752, -8.819476254952065], [-39.819610119202935, -8.81307275494612], [-39.89424311927246, -8.83124925496304], [-39.90257711928018, -8.858328254988237], [-39.87359711925319, -8.93091525505588], [-39.957672119331505, -9.04817525516512], [-40.065198619431726, -9.062648755178543], [-40.12837311949056, -9.10917975522193], [-40.164637119524286, -9.106071255219035], [-40.21307111956935, -9.060564755176642], [-40.24749811960146, -9.057320755173578], [-40.28634011963766, -9.116935255229123], [-40.28544911963684, -9.181396755289143], [-40.30742011965731, -9.270898255372458], [-40.33575311968366, -9.326751255424483], [-40.33467611968263, -9.353483255449419], [-40.371048119716534, -9.378297755472545], [-40.420523119762606, -9.352154755448169], [-40.46738711980629, -9.420148755511491], [-40.49682811983371, -9.40815375550028], [-40.5287461198634, -9.413483255505298], [-40.56481561989699, -9.46359075555199], [-40.62279511995098, -9.482479255569501], [-40.721807120043195, -9.445529755535176], [-40.776378620093965, -9.45403275554304], [-40.75922412007799, -9.428657255519397], [-40.76460312008305, -9.412797755504698], [-40.74230012006228, -9.40029475549295], [-40.73691512005723, -9.336453255433526], [-40.755114120074154, -9.313257755411996], [-40.73907112005929, -9.296171255396075], [-40.719717120041196, -9.305478755404692], [-40.686863120010685, -9.277916255379068], [-40.67971812000394, -9.258793255361184], [-40.69413012001746, -9.23303775533725], [-40.66702511999222, -9.15864275526792], [-40.684724120008696, -9.137194255248005], [-40.7095191200317, -9.14046475525106], [-40.756689120075634, -9.119427255231471], [-40.75641412007542, -9.104561255217618], [-40.803732120119435, -9.097919755211365], [-40.82063612013519, -9.079475255194211], [-40.85122412016369, -8.952083755075591], [-40.92096612022863, -8.835015754966548], [-40.946010120252026, -8.844582754975477], [-40.978721120282444, -8.823003254955324], [-41.02086712032167, -8.843147254974156], [-41.03586112033565, -8.785461754920448], [-41.10138612039668, -8.781551254916735], [-41.124195120417994, -8.752259754889451], [-41.11333512040778, -8.703384254843968], [-41.226603120513346, -8.70428875484481], [-41.28116162056415, -8.735687254874051], [-41.33397612061333, -8.727248754866196], [-41.3579586206356, -8.707208254847501]]], [[[-32.392227112285696, -3.851271750325054], [-32.42633611231747, -3.866418750339221], [-32.424808112315986, -3.878969250350906], [-32.435502112325935, -3.869477250342015], [-32.4574761123464, -3.881230250352928], [-32.47647511236414, -3.874633250346847], [-32.39939011229228, -3.830065250305324], [-32.392227112285696, -3.851271750325054]]]]}}, {"type": "Feature", "id": "PI", "properties": {"id": "PI", "sigla": "PI", "name": "Piauí", "regiao": "Nordeste", "pop_total": 3271199, "qtd_equipes_esf": 3488, "capacidade_pnab": 12358500, "cobertura_pnab_pct": 377.8, "sobrecarga_media": 0.23, "pop_critica": 172542, "pct_pop_critica": 5.27, "n_polos_critica": 20, "hab_por_esf": 938, "densidade": 13.0}, "geometry": {"type": "Polygon", "coordinates": [[[-45.960351124922, -8.818471754951133], [-45.90721012487245, -8.758259754895107], [-45.89119912485751, -8.762382754898908], [-45.8889321248555, -8.739248254877339], [-45.86291212483127, -8.72939775486816], [-45.86420462483238, -8.715474754855222], [-45.83953312480946, -8.714870254854645], [-45.81120212478311, -8.655671754799528], [-45.82061912479185, -8.64914775479349], [-45.815132124786714, -8.632818754778214], [-45.797061124769925, -8.612627254759445], [-45.765222624740204, -8.60916975475618], [-45.79336512476641, -8.583992754732776], [-45.760952124736264, -8.561429754711753], [-45.73804912471496, -8.500768254655213], [-45.742117124718675, -8.447551254605742], [-45.73022712470765, -8.411959754572536], [-45.68872612466896, -8.358083254522398], [-45.66114312464333, -8.249615254421315], [-45.607728124593564, -8.204547754379405], [-45.61072112459635, -8.18658275436269], [-45.58105562456876, -8.155638754333836], [-45.57469612456282, -8.113550254294637], [-45.58435712457174, -8.099836254281854], [-45.56102112455005, -8.047496754233066], [-45.57587612456393, -8.028686754215641], [-45.549424124539314, -8.014086754202026], [-45.56667362455528, -7.996724754185834], [-45.54466862453478, -7.960313754151912], [-45.55573812454509, -7.953919254145944], [-45.54346812453366, -7.920559754114947], [-45.52321912451487, -7.911788254106682], [-45.54260612453288, -7.897304754093284], [-45.520434124512235, -7.887674754084287], [-45.53996412453046, -7.86429525406254], [-45.52455612451615, -7.856529254055204], [-45.50023212449344, -7.785241253988829], [-45.4895341244835, -7.786132253989649], [-45.48429212447854, -7.76325075396835], [-45.49608212448959, -7.749897253955965], [-45.48183212447634, -7.750952253956939], [-45.48648712448062, -7.728624753936174], [-45.46816712446355, -7.71369675392225], [-45.4685016244639, -7.688729753898997], [-45.44889912444569, -7.68391025389451], [-45.455589124451876, -7.67026525388178], [-45.43484512443251, -7.675320753886467], [-45.432337124430205, -7.661099753873259], [-45.39862412439879, -7.639642753853309], [-45.394321124394764, -7.614107253829502], [-45.37323412437513, -7.618383753833427], [-45.33935812434356, -7.579844253797546], [-45.26095812427059, -7.570450753788805], [-45.23085012424258, -7.548614253768505], [-45.21735812423003, -7.56754375378614], [-45.155669124172505, -7.51303725373532], [-45.13944112415743, -7.52097675374273], [-45.08471462410648, -7.502097753725138], [-45.04677712407113, -7.512181253734525], [-44.98839212401674, -7.481934753706355], [-44.92403762395679, -7.469889253695214], [-44.90099112393534, -7.425633753653983], [-44.86853812390518, -7.421885753650486], [-44.816328123856465, -7.360804753593584], [-44.78055212382321, -7.377821253609454], [-44.74277412378797, -7.361371753594085], [-44.72948812377558, -7.390639753621372], [-44.68757412373657, -7.394131753624606], [-44.66294762371365, -7.331406253566229], [-44.61682512367065, -7.308245753544611], [-44.563839623621334, -7.227159253469154], [-44.52464112358484, -7.220430753462892], [-44.500438123562276, -7.184332753429203], [-44.379636123449814, -7.118624753368067], [-44.33264762340605, -7.108329753358476], [-44.305800123381005, -7.116771753366265], [-44.27406112335143, -7.070597253323285], [-44.27925412335628, -7.041862753296527], [-44.26158112333985, -6.998325253255985], [-44.2355016233156, -6.998336753256012], [-44.207474123289444, -6.966172753226033], [-44.20102712328344, -6.932117753194348], [-44.17563612325978, -6.927510753190063], [-44.17410212325842, -6.893153753158003], [-44.11949912320756, -6.832392253101489], [-44.10400212319314, -6.856149753123532], [-44.09831112318784, -6.839547253108094], [-44.113931123202406, -6.804659753075612], [-44.08847512317868, -6.802904753074017], [-44.06929862316076, -6.820981253090849], [-44.05297212314554, -6.767911753041403], [-44.032995123126966, -6.760007753034074], [-43.987335623084505, -6.756882253031108], [-43.96081212305978, -6.741502253016847], [-43.92736412302861, -6.770050253043451], [-43.91339712301556, -6.752265253026849], [-43.87952112298399, -6.757386253031655], [-43.81973012292838, -6.726880753003229], [-43.7963391229066, -6.702669752980682], [-43.77444712288616, -6.714539752991641], [-43.760339122873006, -6.70204075298011], [-43.714595122830474, -6.698337252976557], [-43.63711612275824, -6.719165752995991], [-43.58398112270879, -6.75708825303127], [-43.56022262268664, -6.749610253024343], [-43.545885122673326, -6.782685253055206], [-43.49588912262675, -6.807097753077869], [-43.48156112261336, -6.834699753103564], [-43.41964512255572, -6.843437253111688], [-43.39118912252923, -6.833964753102919], [-43.387480122525744, -6.817259753087342], [-43.363697122503595, -6.81891375308885], [-43.34859212248955, -6.797681253069072], [-43.2783331224241, -6.796218753067819], [-43.244303122392466, -6.765955253039579], [-43.16834212232175, -6.769335753042697], [-43.14563762230057, -6.782704253055158], [-43.104721122262504, -6.770350753043658], [-43.08172212224099, -6.747684253022612], [-43.03300712219561, -6.762258753036122], [-43.0084011221727, -6.756400753030675], [-42.919386122089804, -6.669912752950154], [-42.904109122075624, -6.598434752883577], [-42.885225122058046, -6.574247252861028], [-42.88905512206156, -6.538111252827434], [-42.871432122045235, -6.51154575280259], [-42.88630012205908, -6.504710252796258], [-42.86741512204139, -6.484463252777459], [-42.87736512205072, -6.417473252715013], [-42.85197662202711, -6.35871425266032], [-42.82894512200562, -6.337026752640099], [-42.836693122012775, -6.324957752628848], [-42.85980212203435, -6.330149752633702], [-42.84661512202206, -6.28209975258892], [-42.8631471220375, -6.237275252547192], [-42.96819712213528, -6.177859252491885], [-42.99262612215807, -6.11736025243556], [-43.04958912221116, -6.099354752418776], [-43.07500012223477, -6.039885752363375], [-43.05581112221694, -6.026937252351331], [-43.04939712221096, -5.994781252321332], [-43.08103562224039, -5.961284752290226], [-43.0990321222572, -5.906189752238902], [-43.0768596222365, -5.865413252200938], [-43.09625412225455, -5.829558252167544], [-43.10114162225909, -5.766011252108342], [-43.095614122254005, -5.741741752085659], [-43.07714912223673, -5.73120175207589], [-43.09468712225305, -5.615063751967682], [-43.0802521222397, -5.599460751953188], [-43.03562912219809, -5.59184025194611], [-42.975046122141634, -5.485220751846782], [-42.96839162213553, -5.451622251815479], [-42.932286122101914, -5.439317251804027], [-42.909675122080785, -5.394454251762227], [-42.883219122056175, -5.390382751758466], [-42.825926122002784, -5.346559751717677], [-42.81139312198923, -5.287724251662894], [-42.8271061220039, -5.233427251612284], [-42.797559121976406, -5.182830751565234], [-42.85918912203374, -4.981856251377963], [-42.85438862202932, -4.936570251335866], [-42.89589412206794, -4.887521751290137], [-42.897120122069055, -4.842308751248083], [-42.94992812211831, -4.789376251198746], [-42.94808012211661, -4.766478251177432], [-42.920290122090705, -4.736023251149049], [-42.951587122119804, -4.683554751100246], [-42.91826812208876, -4.652618251071431], [-42.86912312204299, -4.572705750996988], [-42.87433212204792, -4.535243750962081], [-42.850053122025315, -4.480976750911509], [-42.87679112205012, -4.45939475089142], [-42.87256412204624, -4.427198750861407], [-42.89025912206273, -4.408273750843819], [-42.93095112210062, -4.381379250818782], [-42.95041612211878, -4.386455750823529], [-42.96292112213041, -4.376033750813804], [-42.96189112212949, -4.334141750774734], [-42.98596212215182, -4.275356250720051], [-42.981616122147784, -4.214294250663215], [-42.93474512210412, -4.160610750613159], [-42.88779012206044, -4.155227250608164], [-42.90305412207465, -4.126890750581765], [-42.86254612203686, -4.092487250549766], [-42.82177412199894, -3.991010250455247], [-42.797530121976365, -3.996232250460025], [-42.783372121963225, -3.956272250422899], [-42.725817121909586, -3.909628750379397], [-42.720781121904906, -3.875021750347173], [-42.668880121856546, -3.791527250269382], [-42.68299112186969, -3.763724250243513], [-42.66907612185673, -3.732284750214262], [-42.682393121869154, -3.703047250187069], [-42.67536812186256, -3.675223750161081], [-42.62098112181195, -3.620673750110313], [-42.60934562180114, -3.585755750077738], [-42.57208012176636, -3.569113750062343], [-42.53299712172998, -3.517549250014213], [-42.52916712172646, -3.492123249990641], [-42.50616912170506, -3.478440749977835], [-42.50408612170304, -3.455810249956812], [-42.48695012168707, -3.448539749949987], [-42.484388121684674, -3.474041249973766], [-42.46006012166208, -3.48523024998417], [-42.431891121635886, -3.454236249955329], [-42.40929362161478, -3.474839749974535], [-42.39227612159891, -3.4472087499488], [-42.36721412157556, -3.452399249953601], [-42.33042412154134, -3.433488249935976], [-42.29841112151155, -3.452565749953692], [-42.24254312145945, -3.43266224993522], [-42.203994121423534, -3.435393749937703], [-42.1939131214142, -3.398544749903408], [-42.151812121374974, -3.387102249892791], [-42.14049012136445, -3.358808249866456], [-42.12408912134913, -3.353096749861152], [-42.12123712134655, -3.319703249830013], [-42.099752121326446, -3.311015249821935], [-42.101934621328496, -3.294332249806416], [-42.132192621356694, -3.289694249802096], [-42.11544512134117, -3.261954749776237], [-42.00992512124287, -3.245943749761295], [-41.973822121209196, -3.211120749728934], [-41.964074121200156, -3.17861374969857], [-41.93867012117653, -3.18699074970641], [-41.9223681211613, -3.107558749632403], [-41.823897121069535, -3.024126249554683], [-41.796472121044076, -2.968335249502729], [-41.810442621057064, -2.933110749469961], [-41.864343121107254, -2.876236249417047], [-41.86118312110432, -2.830983249374867], [-41.84074012108533, -2.818168249362884], [-41.848668121092715, -2.773148249321025], [-41.81373112106007, -2.738941249289155], [-41.75013912100087, -2.801397749347302], [-41.728556120980784, -2.803058249348851], [-41.63280412089159, -2.88603624942607], [-41.59311412085469, -2.905122749443876], [-41.55853612082251, -2.897892249437177], [-41.51006112077732, -2.91094724944935], [-41.48091212075019, -2.896340249435752], [-41.43755012070983, -2.911498249449892], [-41.39939312067429, -2.903628749442532], [-41.33811312061721, -2.927225749464469], [-41.322309120602426, -2.920950249458656], [-41.31868812059906, -2.956976249492186], [-41.272059120555696, -2.970322249504648], [-41.25675312054136, -3.004274749536194], [-41.25627912054097, -3.087644249613845], [-41.28544812056816, -3.102903749628126], [-41.31878412059916, -3.14497174966732], [-41.32211312060224, -3.179421749699372], [-41.423144120696406, -3.367634249874641], [-41.402328120677, -3.362022249869369], [-41.403195120677765, -3.396205749901242], [-41.38844912066406, -3.412459749916366], [-41.347597120626006, -3.414250749918097], [-41.347623120626054, -3.452145249953332], [-41.329256120608875, -3.465443749965743], [-41.32764112060738, -3.488282249987037], [-41.29884112058062, -3.490647249989252], [-41.32380112060389, -3.502995250000708], [-41.33649612061561, -3.553518750047715], [-41.37087312064773, -3.567419250060766], [-41.34453062062312, -3.588365750080243], [-41.33094312061053, -3.624309750113753], [-41.34137512062023, -3.680396750165983], [-41.238967120524876, -3.71226975019556], [-41.25699112054167, -3.729525250211736], [-41.253751120538595, -3.774665750253689], [-41.300441120582036, -3.825923250301457], [-41.27648412055976, -3.82524475030084], [-41.219868120507044, -3.941127750408782], [-41.2488681205341, -3.98949225045385], [-41.2384566205244, -4.015026750477546], [-41.25431412053911, -4.035375750496542], [-41.18248512047228, -4.017695250480074], [-41.1714426204619, -4.032099750493444], [-41.11997912041397, -4.035961750497108], [-41.11374362040817, -4.05144075051146], [-41.14280312043525, -4.123864750578946], [-41.1174061204116, -4.164998250617259], [-41.09051462038656, -4.16995275062186], [-41.135534120428474, -4.233131750680741], [-41.119800120413856, -4.330186250771135], [-41.159640120450945, -4.381117250818534], [-41.19040412047957, -4.515146750943359], [-41.22170712050877, -4.567276750991937], [-41.242167120527824, -4.571132250995447], [-41.22086012050795, -4.578550251002412], [-41.22895812051547, -4.619712751040765], [-41.17391612046424, -4.667049751084846], [-41.24916012053427, -4.755659251167344], [-41.20764312049562, -4.776384751186697], [-41.24052612052628, -4.820415251227701], [-41.249201120534394, -4.869305751273146], [-41.22773112051436, -4.890602751293045], [-41.23382412052001, -4.906628751307949], [-41.22021312050731, -4.93787325133701], [-41.20341912049173, -4.949363751347732], [-41.19352862048254, -4.938612251337759], [-41.15054912044252, -4.99172475138721], [-41.137080120429914, -4.985028751380923], [-41.12085362041478, -5.023560751416881], [-41.13164712042487, -5.048186251439802], [-41.09663412039231, -5.052762751443993], [-41.079754120376606, -5.090705751479391], [-41.05204312035073, -5.103017251490883], [-41.033630120333555, -5.090678251479403], [-40.98209162028559, -5.153136251537489], [-40.96426112026904, -5.149697251534349], [-40.9249211202324, -5.181710251564141], [-40.9316286202386, -5.200875751581975], [-40.92165812022927, -5.226064251605408], [-40.94186012024818, -5.240087251618547], [-40.910622120219045, -5.26950525164591], [-40.9238741202314, -5.274449751650536], [-40.926538120233886, -5.296579251671119], [-40.91314412022143, -5.319090751692102], [-40.93573262024245, -5.36557875173537], [-40.91118012021957, -5.406987751773954], [-40.94204012024829, -5.420143751786213], [-40.91544412022358, -5.46579175182876], [-40.93268612023962, -5.500328251860878], [-40.93201212023894, -5.548507251905789], [-40.914009120222204, -5.567273251923211], [-40.900683120209806, -5.61551675196813], [-40.91086312021923, -5.656167752006013], [-40.93839912024487, -5.672950252021678], [-40.913171120221364, -5.726355252071357], [-40.89714912020645, -5.900904752233942], [-40.87976712019031, -5.918024752249835], [-40.87322212018421, -5.972660752300726], [-40.90673612021544, -6.041347252364744], [-40.87247612018348, -6.056234252378658], [-40.84653912015938, -6.131699752448867], [-40.85185512016426, -6.223825752534708], [-40.78075512009809, -6.323846252627845], [-40.804785120120414, -6.392735252691978], [-40.7917531201083, -6.512463752803455], [-40.74548312006527, -6.565148752852565], [-40.72163912004305, -6.617280752901138], [-40.73187712005256, -6.654823252936126], [-40.70015412002306, -6.676964252956736], [-40.65093661997719, -6.677786752957445], [-40.60184011993147, -6.715611752992686], [-40.476560119814735, -6.732432753008311], [-40.43180011977313, -6.812577753083019], [-40.388424619732746, -6.796599253068166], [-40.37014511971563, -6.802670753073812], [-40.428154119769715, -6.863853753130797], [-40.428942619770396, -6.994229253252229], [-40.405884119748976, -7.004925753262114], [-40.43713511977808, -7.015073253271567], [-40.42735211976901, -7.033480253288758], [-40.48937411982672, -7.118288253367723], [-40.51180511984762, -7.301397753538254], [-40.541141119874965, -7.331866253566659], [-40.54809611988139, -7.392287753622895], [-40.65195511997808, -7.432937753660781], [-40.71285662003481, -7.472600253697692], [-40.69371212001704, -7.538313753758871], [-40.64400411997076, -7.603761753819867], [-40.6466401199732, -7.644376753857728], [-40.67797262000238, -7.725088753932823], [-40.673201119997884, -7.761266253966483], [-40.65336611997941, -7.781786253985615], [-40.56803711989994, -7.808352254010401], [-40.54169311987539, -7.838074754038075], [-40.54327811987696, -7.958024754149733], [-40.60349911993296, -8.103278754285043], [-40.58941611991986, -8.13754625431693], [-40.60094911993065, -8.149760754328327], [-40.6331691199606, -8.138639754317978], [-40.64319661997001, -8.157126754335195], [-40.666221119991405, -8.161874254339637], [-40.70688612002925, -8.223083754396612], [-40.78319412010035, -8.255024754426358], [-40.77950912009692, -8.301522754469715], [-40.791995120108595, -8.31871775448576], [-40.8191376201338, -8.321498754488289], [-40.818948120133655, -8.361946754526002], [-40.837029620150474, -8.380715254543475], [-40.89310112020269, -8.35689875452124], [-40.88949812019939, -8.38633875454866], [-40.90724312021587, -8.398575754560056], [-40.90116362021024, -8.421216254581168], [-40.92647912023381, -8.4459327546042], [-40.98100712028463, -8.397519254559143], [-41.00030312030253, -8.400314754561691], [-41.0070071203088, -8.420517754580487], [-41.038617120338245, -8.431417754590711], [-41.05072512034951, -8.480061754635926], [-41.07855312037543, -8.472092254628592], [-41.09758412039321, -8.5203397546735], [-41.12635812041992, -8.54154375469318], [-41.14911912044113, -8.533505754685734], [-41.16895112045961, -8.583202754732042], [-41.21191312049962, -8.601407754748948], [-41.21466812050221, -8.644833754789374], [-41.253470120538395, -8.661762754805181], [-41.28705812056967, -8.660427254803949], [-41.33654012061572, -8.707943754848202], [-41.38087512065704, -8.706860254847243], [-41.42388912069703, -8.802142254935916], [-41.43155912070415, -8.796677254930842], [-41.47180612074169, -8.842700754973748], [-41.48746512075627, -8.843489754974485], [-41.51019012077745, -8.875810755004522], [-41.50705912077456, -8.892026755019629], [-41.544474120809355, -8.93754075506206], [-41.54541712081027, -8.96126225508408], [-41.564888120828414, -8.969905755092213], [-41.569678120832805, -8.954614755077955], [-41.605415120866155, -8.956989755080144], [-41.62861812088772, -8.984475755105791], [-41.669024120925314, -8.989666255110592], [-41.680074120935615, -9.011868255131276], [-41.72322312097583, -9.013125755132478], [-41.73480312098661, -9.094284755208037], [-41.799689121047095, -9.147610755257688], [-41.837584121082386, -9.241856255345397], [-41.87013812111263, -9.237014755340965], [-41.91755112115686, -9.27804975537913], [-41.971883121207384, -9.248221755351324], [-41.9995221212331, -9.265555755367473], [-42.021546121253664, -9.249339755352366], [-42.066202121295305, -9.25557025535818], [-42.09910412132592, -9.280466255381384], [-42.24327212146011, -9.28844075538882], [-42.26919512148436, -9.309230255408238], [-42.31801212152982, -9.318346255416714], [-42.354717621563964, -9.3494572554456], [-42.36376112157234, -9.381218255475233], [-42.42259912162717, -9.413276255505139], [-42.440197121643564, -9.455753755544606], [-42.48868112168873, -9.461619755550146], [-42.49270412169244, -9.49448325558069], [-42.58609412177941, -9.496357255582438], [-42.621331121812204, -9.540920755623915], [-42.67345112186081, -9.548450255630996], [-42.72047212190455, -9.53089375561467], [-42.71650512190092, -9.555860755637923], [-42.757359121938975, -9.588862755668629], [-42.764778121945824, -9.616331755694205], [-42.79940112197812, -9.622086255699514], [-42.820161621997386, -9.618812755696467], [-42.836748122012864, -9.54995475563237], [-42.872910122046505, -9.563451255644964], [-42.906131122077454, -9.525029255609184], [-42.94585712211449, -9.51799575560267], [-42.969865122136866, -9.409103755501178], [-42.9867321221526, -9.40126575549391], [-43.05669062221773, -9.417409255508915], [-43.05891712221978, -9.396536255489536], [-43.08249512224177, -9.3969097554899], [-43.119226122275904, -9.371482255466162], [-43.13277012228855, -9.386864755480474], [-43.158233122312254, -9.376621255470923], [-43.173535122326484, -9.410807755502788], [-43.191305122343124, -9.420015755511372], [-43.21824012236823, -9.400205755492948], [-43.27837512242422, -9.424159255515178], [-43.32954712247181, -9.372375755467033], [-43.36092612250104, -9.363996755459198], [-43.42742712256302, -9.272171755373734], [-43.458305122591696, -9.26092525536319], [-43.48506212261668, -9.264871755366926], [-43.525161122654026, -9.299631755399218], [-43.572426622698, -9.315830755414368], [-43.62418712274621, -9.373251755467777], [-43.685361122803215, -9.417378755508935], [-43.769330122881456, -9.441636255531535], [-43.849293622955884, -9.547635755630267], [-43.83357912294127, -9.617514255695255], [-43.84155312294865, -9.637010755713504], [-43.79616112290637, -9.69823075577051], [-43.78452312289562, -9.7619677558298], [-43.69306262281043, -9.804840255869749], [-43.65284712277298, -9.83863725590129], [-43.677050122795436, -9.886109255945485], [-43.70863712282494, -9.912800755970352], [-43.69005612280762, -9.929080755985524], [-43.702554122819265, -9.965693756019618], [-43.66187612278134, -10.003932756055178], [-43.66908212278804, -10.03033625607975], [-43.68988312280737, -10.04421575609274], [-43.692516122809934, -10.076975756123261], [-43.76563512287794, -10.079637256125693], [-43.77868862289017, -10.18004775621921], [-43.83755512294499, -10.251879256286088], [-43.83789212294528, -10.304205256334853], [-43.91439212301657, -10.383732756408904], [-43.917081623019044, -10.42472425644712], [-43.95910912305817, -10.426268756448508], [-44.0229251231176, -10.407647756431174], [-44.03536312312917, -10.444292256465246], [-44.025441623119946, -10.475048756493948], [-44.05060812314332, -10.505816756522563], [-44.07241912316374, -10.580633756592306], [-44.11021912319893, -10.596773756607263], [-44.138861123225524, -10.639461756647052], [-44.16513712325002, -10.642478256649838], [-44.20824312329023, -10.614900756624138], [-44.263615123341765, -10.624247256632884], [-44.3326951234061, -10.54834375656219], [-44.3984671234673, -10.605877256615827], [-44.45590512352089, -10.607677256617421], [-44.47633112353981, -10.63888175664647], [-44.50410912356574, -10.650317256657218], [-44.55067212360905, -10.628159256636536], [-44.589108123644905, -10.631996756640092], [-44.62482612367819, -10.673881256679124], [-44.663802623714446, -10.67942525668434], [-44.667276623717726, -10.759634256759], [-44.68473912373395, -10.768637756767362], [-44.71140712375882, -10.760759256760025], [-44.75080112379544, -10.78170275677951], [-44.758517123802676, -10.804422756800705], [-44.78765312382984, -10.8080982568041], [-44.81073412385126, -10.870002756861822], [-44.84389012388215, -10.899609256889335], [-44.86339112390033, -10.884803256875557], [-44.930808123963175, -10.92833275691612], [-44.97350812400293, -10.891051256881383], [-45.01618712404263, -10.88417625687498], [-45.0728251240954, -10.839999756833777], [-45.1048861241253, -10.846396756839795], [-45.215164124227954, -10.829799756824286], [-45.218811124231365, -10.816954256812323], [-45.24623762425688, -10.821891756816967], [-45.26805312427723, -10.775807756774043], [-45.32196112432746, -10.759842756759213], [-45.35780612436076, -10.731786256733017], [-45.38480312438594, -10.65121125665803], [-45.414038124413196, -10.644695256651971], [-45.43544312443305, -10.622306756631133], [-45.446918124443755, -10.555917256569273], [-45.43776412443526, -10.525103756540602], [-45.44684312444372, -10.507003256523717], [-45.39602412439638, -10.446477256467347], [-45.42408312442251, -10.426069756448328], [-45.42990912442792, -10.359044256385914], [-45.51555512450773, -10.286765756318573], [-45.525773124517286, -10.236509256271802], [-45.56689712455557, -10.201066256238732], [-45.567042124555655, -10.139104756181041], [-45.59281312457972, -10.109879256153818], [-45.648350124631406, -10.126916256169693], [-45.684303624664835, -10.152898256193907], [-45.72278012470076, -10.154384256195272], [-45.734582124711665, -10.171747756211516], [-45.73343612471058, -10.228177756264017], [-45.79332712476639, -10.267254756300417], [-45.87744312484472, -10.238918256274019], [-45.94590112490846, -10.258410756292164], [-45.95487812491683, -10.218024756254522], [-45.87812712484538, -10.109881756153868], [-45.86952012483732, -10.068875256115689], [-45.87978012484689, -10.058176756105695], [-45.841870124811635, -9.941141755996682], [-45.86586212483394, -9.870302755930766], [-45.82100462479218, -9.772712255839792], [-45.81993812479118, -9.739709755809145], [-45.837604124807626, -9.69604175576842], [-45.81953762479077, -9.617943755695705], [-45.836171124806356, -9.601874255680741], [-45.841008124810855, -9.561888755643508], [-45.82128812479243, -9.519021755603603], [-45.78341012475721, -9.479694755566925], [-45.797426124770254, -9.416840255508419], [-45.823749124794745, -9.374533255469032], [-45.89326212485946, -9.341768755438466], [-45.90664862487199, -9.297602755397406], [-45.895740124861845, -9.280734255381617], [-45.9052421248706, -9.190762255297841], [-45.89666012486259, -9.18610575529351], [-45.92766112489153, -9.137505755248299], [-45.92271512488696, -9.089901755203982], [-45.94304612490589, -9.014904755134125], [-45.993363624952735, -8.936026255060597], [-45.971132124931955, -8.861995754991653], [-45.94511412490772, -8.839968254971154], [-45.960351124922, -8.818471754951133]]]}}, {"type": "Feature", "id": "PR", "properties": {"id": "PR", "sigla": "PR", "name": "Paraná", "regiao": "Sul", "pop_total": 11456154, "qtd_equipes_esf": 5587, "capacidade_pnab": 21675500, "cobertura_pnab_pct": 189.2, "sobrecarga_media": 0.46, "pop_critica": 1869954, "pct_pop_critica": 16.32, "n_polos_critica": 151, "hab_por_esf": 2051, "densidade": 54.0}, "geometry": {"type": "Polygon", "coordinates": [[[-54.47039813284755, -25.21177727021859], [-54.42978713280979, -25.158997770169435], [-54.43711463281659, -25.12504977013782], [-54.46026013283813, -25.09894177011347], [-54.44142063282061, -24.94868026997358], [-54.38998013277262, -24.784596769820723], [-54.3573671327423, -24.742744269781724], [-54.3250251327122, -24.66044976970511], [-54.31701313270469, -24.59015376963964], [-54.33658113272293, -24.500081769555777], [-54.25800963264976, -24.357135769422598], [-54.26938913266031, -24.30536926937441], [-54.3223231327097, -24.25042776932321], [-54.34395813272977, -24.14016976922062], [-54.28535013267526, -24.068432769153787], [-54.129195132529844, -23.981641269072952], [-54.099343132501986, -23.9460002690397], [-54.07939313248346, -23.88851076898618], [-54.087593132491065, -23.84406276894481], [-54.0751971324795, -23.764017768870303], [-54.05316713245895, -23.727517768836265], [-53.98237513239303, -23.459601768586708], [-53.77058363219578, -23.371643768504782], [-53.72715113215531, -23.313247268450482], [-53.69304713212364, -23.220925268364454], [-53.636082132070555, -23.124564768274695], [-53.63361813206825, -22.99802926815687], [-53.60691713204335, -22.95086776811297], [-53.57026513200924, -22.928024768091632], [-53.54632113198693, -22.889629768055897], [-53.37702813182932, -22.80276776797507], [-53.35403013180792, -22.776892767950926], [-53.188388131653596, -22.72148076789938], [-53.10468613157559, -22.621463767806176], [-53.08728513155938, -22.657978767840177], [-52.97192513145205, -22.570018267758314], [-52.92424313140759, -22.56515826775376], [-52.85556013134362, -22.60774276779341], [-52.81494063130583, -22.596576267783007], [-52.696607131195606, -22.62653876781087], [-52.588847131095235, -22.56562876775422], [-52.502179131014486, -22.6340882678179], [-52.43255013094972, -22.60669876779241], [-52.30487913083073, -22.63634876781998], [-52.24991813077963, -22.614957767800092], [-52.227605130758775, -22.642047767825375], [-52.223883130755326, -22.674043767855096], [-52.15618413069228, -22.644250267827374], [-52.161998130697725, -22.600707267786788], [-52.14826813068487, -22.54878526773848], [-52.13182113066955, -22.52419276771559], [-52.10535813064496, -22.516192767708162], [-51.94001963049095, -22.566872767755285], [-51.87317113042866, -22.62774576781203], [-51.7527451303165, -22.617293267802324], [-51.73385413029894, -22.624995767809423], [-51.717683130283945, -22.66855076784998], [-51.62738813019985, -22.657769767840023], [-51.55907913013618, -22.696707767876205], [-51.49841163007966, -22.690058267870086], [-51.44574113003068, -22.652435767835073], [-51.4015281299894, -22.66743426784899], [-51.37316112996302, -22.657660767839843], [-51.31135112990546, -22.673068267854205], [-51.264712129862005, -22.667226267848832], [-51.23486112983426, -22.708213267887004], [-51.15618112976097, -22.7520557679278], [-51.05712912966874, -22.76558376794037], [-51.00389112961909, -22.79323626796611], [-50.96112962957932, -22.78575526795919], [-50.94410312956347, -22.804187267976317], [-50.888234129511375, -22.79605776796882], [-50.84190212946828, -22.830924768001296], [-50.81652812944458, -22.87906726804613], [-50.79246712942222, -22.893878768059835], [-50.8056611294345, -22.939824768102653], [-50.795450129425035, -22.950704768112814], [-50.75817712939033, -22.94718026810949], [-50.740133129373476, -22.962034768123317], [-50.709354129344774, -22.95296726811489], [-50.67696112931469, -22.90056826806608], [-50.66188512930057, -22.895241268061113], [-50.60804112925041, -22.923678768087598], [-50.57657412922117, -22.903469768068817], [-50.54111312918815, -22.911615768076445], [-50.50559612915504, -22.9449022681074], [-50.48686412913764, -22.93657276809961], [-50.426871129081746, -22.944963768107414], [-50.41846562907392, -22.913458268078102], [-50.378593129036744, -22.904929768070133], [-50.33970612900055, -22.94759676810986], [-50.2729081289383, -22.93052476809396], [-50.24612712891337, -22.938001768101003], [-50.240501128908136, -22.952563268114545], [-50.18291312885458, -22.95329676811525], [-50.15095312882477, -22.934681768097903], [-50.06699112874662, -22.927039268090766], [-50.04737412872828, -22.90148826806694], [-49.99439462867895, -22.92924226809282], [-49.99760012868194, -22.899758268065398], [-49.98568712867086, -22.8970277680628], [-49.960899128647725, -22.93038726809391], [-49.971456128657564, -22.95878476812038], [-49.899880128590894, -22.99995876815865], [-49.91112412860139, -23.05064076820588], [-49.87081562856383, -23.069914268223783], [-49.83318012852885, -23.065464768219726], [-49.789484128488084, -23.10179576825351], [-49.73976212844184, -23.098689768250665], [-49.725074128428105, -23.108959768260206], [-49.73001062843275, -23.140968268289953], [-49.6778431283841, -23.164583268311958], [-49.625326128335246, -23.286170768425222], [-49.62121712833141, -23.331409768467324], [-49.63741312834645, -23.34905276848383], [-49.611329128322154, -23.354173768488522], [-49.5899251283023, -23.382313268514736], [-49.620813128331065, -23.389990268521956], [-49.61784712832832, -23.397721268529153], [-49.59795712830976, -23.398214268529614], [-49.6031991283146, -23.407332268538084], [-49.57984312829285, -23.41463776854482], [-49.58032412829334, -23.43123726856038], [-49.566623128280526, -23.426753268556126], [-49.57247412828599, -23.443463768571746], [-49.59516312830715, -23.4399032685684], [-49.598099128309855, -23.476677268602657], [-49.61440312832508, -23.47172076859806], [-49.62090212833107, -23.492844768617715], [-49.61322612832396, -23.509650768633378], [-49.62889312833852, -23.511346768634894], [-49.599729128311424, -23.53514376865712], [-49.60153912831311, -23.582215768700962], [-49.62069412833091, -23.60656676872361], [-49.60579712831702, -23.62446626874032], [-49.61666712832721, -23.639104768753896], [-49.549149128264276, -23.70333976881375], [-49.54831512826354, -23.735810768843976], [-49.56357212827777, -23.731738268840218], [-49.571466128285124, -23.754620768861514], [-49.56002712827444, -23.76082526886728], [-49.56998312828364, -23.778222268883496], [-49.56195012827618, -23.818003268920506], [-49.592529128304704, -23.8298202689316], [-49.58619412829876, -23.841779268942673], [-49.60755912831871, -23.83889776894], [-49.595003128306985, -23.846317268946905], [-49.61025812832122, -23.851213268951483], [-49.58487012829755, -23.8899472689875], [-49.57312262828657, -23.877473268975905], [-49.576899128290165, -23.896956768994073], [-49.556511128271154, -23.922248269017587], [-49.531730128248114, -23.929623769024488], [-49.52185712823882, -23.91608176901184], [-49.51112612822885, -23.925417269020613], [-49.520621128237735, -23.945618769039356], [-49.49918912821772, -23.958727269051565], [-49.516278128233694, -23.969639769061814], [-49.49320612821214, -23.977113269068695], [-49.497646128216275, -23.993325769083867], [-49.4800931282, -24.005689269095342], [-49.48667612820611, -24.02411676911254], [-49.46296512818401, -24.026952769115155], [-49.45706212817856, -24.049001769135657], [-49.429308128152684, -24.068225769153628], [-49.429532128152914, -24.08805276917201], [-49.4044041281295, -24.095365769178898], [-49.40858312813339, -24.107807769190458], [-49.38885512811498, -24.11888026920076], [-49.370369128097764, -24.11389976919611], [-49.33648412806622, -24.136561769217224], [-49.34106612807045, -24.202637769278795], [-49.35548012808397, -24.214028269289315], [-49.304895628036775, -24.250947269323774], [-49.2833311280167, -24.307577769376508], [-49.200201127939295, -24.343928769410354], [-49.253482127988946, -24.40717576946929], [-49.2349836279717, -24.410555769472353], [-49.252184127987675, -24.433666769493925], [-49.24644512798238, -24.46861226952649], [-49.295195128027785, -24.499824269555575], [-49.279793128013466, -24.536779769589998], [-49.29205212802481, -24.552403769604553], [-49.31551012804675, -24.55502276960692], [-49.31608612804723, -24.58748876963716], [-49.30311812803518, -24.59646276964554], [-49.31594912804712, -24.638513269684722], [-49.29914612803145, -24.65447126969957], [-49.31153612804303, -24.66304726970759], [-49.30491812803689, -24.67316426971695], [-49.27520212800914, -24.693890269736244], [-49.207438127946034, -24.700419769742325], [-49.185172127925284, -24.672264269716152], [-49.11111662785629, -24.687865769730706], [-49.10846312785384, -24.676062269719637], [-49.082730127829905, -24.67175676971567], [-49.06859012781672, -24.684380769727454], [-49.03692212778719, -24.659933269704652], [-49.03358712778413, -24.633654269680164], [-48.999213127752114, -24.63663326968299], [-49.00911212776134, -24.658776769703536], [-48.990138627743704, -24.655842769700826], [-48.957976127713664, -24.68479576972777], [-48.94589712770244, -24.67319576971704], [-48.91478412767344, -24.682425269725627], [-48.900703127660336, -24.6695822697136], [-48.850980627614035, -24.674146769717936], [-48.858029127620625, -24.65721276970214], [-48.839925127603806, -24.664489269708838], [-48.82832112759297, -24.655157769700168], [-48.77817612754632, -24.69624376973843], [-48.75681112752636, -24.679366269722777], [-48.75335612752315, -24.693676769736044], [-48.703337127476516, -24.679893769723208], [-48.689889127464085, -24.692906769735373], [-48.69361312746753, -24.670195269714213], [-48.67649912745162, -24.67112276971511], [-48.67672112745174, -24.697923269740045], [-48.66086012743699, -24.70597926974756], [-48.637337127415094, -24.677179769720738], [-48.60355612738363, -24.667809269711938], [-48.58877912736989, -24.680041769723402], [-48.5815621273631, -24.670213269714168], [-48.568724127351175, -24.70032276974223], [-48.531309127316376, -24.73627776977571], [-48.49883312728616, -24.73847876977777], [-48.516251127302326, -24.779692769816165], [-48.55528012733873, -24.805715269840448], [-48.5662021273489, -24.863469269894154], [-48.54925562733308, -24.8670072698975], [-48.54690312733089, -24.879548769909206], [-48.55883312734204, -24.900694269928863], [-48.57158612735384, -24.894523769923126], [-48.56689562734948, -24.97177676999513], [-48.59758112737802, -25.00277177002397], [-48.58218662736374, -25.051155770069045], [-48.559639127342734, -25.06072777007796], [-48.55586812733918, -25.08380877009938], [-48.52810812731332, -25.10029877011482], [-48.482817627271174, -25.052702270070426], [-48.473574627262565, -25.012061770032574], [-48.410680127204046, -24.979740770002536], [-48.3781651271737, -24.996537770018108], [-48.350755127148204, -25.035999270054845], [-48.32366812712303, -25.03625777005516], [-48.33319812713182, -25.07008277008663], [-48.29671312709786, -25.022989770042727], [-48.28705212708883, -25.03947777005817], [-48.277445127079886, -25.032483770051613], [-48.26911262707222, -24.99704377001865], [-48.25433212705843, -24.99600677001763], [-48.249978127054305, -24.976980769999955], [-48.222885127029144, -25.008632770029408], [-48.23108212703676, -25.020295770040207], [-48.20913412701634, -25.028262770047718], [-48.21172412701867, -25.084954770100467], [-48.18116912699031, -25.13334377014553], [-48.156414126967206, -25.144161270155564], [-48.19225812700063, -25.193588270201644], [-48.11441162692813, -25.2502097702544], [-48.06163512687897, -25.239592770244485], [-48.05697512687459, -25.217841770224254], [-48.02306612684299, -25.230438770235992], [-48.152469126963524, -25.36364777035999], [-48.208287127015524, -25.460268770450057], [-48.309270127109585, -25.49278527048034], [-48.27643862707896, -25.513557270499632], [-48.29794512709907, -25.567016270549402], [-48.31945712711911, -25.58607277056717], [-48.380170127175575, -25.59532377057576], [-48.43888612723026, -25.65430977063079], [-48.52577912731124, -25.801215270767557], [-48.53550212732023, -25.85059177081348], [-48.56353512734631, -25.85654377081903], [-48.55915912734224, -25.8904187708506], [-48.590376127371314, -25.976499770930786], [-48.63317162741123, -25.977175770931467], [-48.643181127420576, -25.955462770911254], [-48.680190127455035, -25.980576270934648], [-48.96032012771593, -25.980531270934534], [-48.95023512770649, -25.98968427094303], [-48.97802712773239, -25.988826770942296], [-49.00664612775904, -26.015200770966885], [-49.04045612779055, -26.003549770955942], [-49.054748127803805, -26.020065770971314], [-49.070611127818665, -25.999229770951956], [-49.09301912783951, -26.009811770961846], [-49.125082127869405, -25.995760770948777], [-49.140782127883995, -26.01507777096674], [-49.17480512791565, -26.00136627095401], [-49.23753412797407, -26.030870770981437], [-49.26549362800017, -26.07854127102587], [-49.294047128026705, -26.084547771031453], [-49.28930412802231, -26.10222177104788], [-49.34681512807583, -26.12762477107151], [-49.36981112809724, -26.155474771097488], [-49.41616512814039, -26.152732771094975], [-49.41677112814102, -26.164987771106325], [-49.43609012815898, -26.171844271112718], [-49.45868112818005, -26.162251771103797], [-49.47900712819899, -26.185421771125334], [-49.48644362820585, -26.18007377112042], [-49.49608262821482, -26.22082877115838], [-49.51947212823666, -26.226750771163893], [-49.53969012825553, -26.213291771151376], [-49.535721128251794, -26.226734271163878], [-49.55206262826698, -26.22483527116208], [-49.55460612826937, -26.236847771173302], [-49.57743512829063, -26.21352577115158], [-49.59035412830269, -26.229679771166616], [-49.58711712829961, -26.2169727711547], [-49.60125662831285, -26.22754277116462], [-49.6056661283169, -26.211360771149543], [-49.63475812834406, -26.208151771146504], [-49.6299216283395, -26.19050577113012], [-49.64521262835376, -26.209118771147473], [-49.65272512836077, -26.18672577112659], [-49.68935612839482, -26.18797777112775], [-49.67625112838266, -26.175485771116087], [-49.710201628414325, -26.153907771095987], [-49.72617512842919, -26.170608771111574], [-49.73653012843886, -26.15661777109858], [-49.72442012842748, -26.143264771086137], [-49.74811812844962, -26.13950377108256], [-49.767563128467714, -26.104312771049877], [-49.775115128474795, -26.100294271046096], [-49.767869128467964, -26.109915771055057], [-49.777925128477364, -26.118910771063383], [-49.78717712848595, -26.10038577104615], [-49.792533628491014, -26.11268627105767], [-49.8040626285017, -26.10721977105254], [-49.80794812850536, -26.087757771034376], [-49.82422412852043, -26.092627771038906], [-49.83018312852607, -26.069066771016992], [-49.84314212853815, -26.072474271020155], [-49.83209762852778, -26.05271927100182], [-49.84164912853669, -26.064084771012404], [-49.86177812855544, -26.054769771003635], [-49.86504112855846, -26.034666770984927], [-49.934845128623465, -26.03168727098216], [-49.941361128629524, -26.008012770960136], [-49.95972412864671, -26.019718770971053], [-49.94752812863533, -26.03049677098113], [-49.97230712865837, -26.05785577100653], [-49.964217628650886, -26.02415977097519], [-49.993075128677674, -26.011148270963076], [-50.01106812869443, -26.013525770965316], [-50.00585612868963, -26.0447837709944], [-50.03878912872028, -26.02619877097709], [-50.077683128756576, -26.045920770995394], [-50.08434012876273, -26.0230657709742], [-50.12059012879649, -26.063874771012138], [-50.134267128809256, -26.04300577099275], [-50.14909312882298, -26.057928771006686], [-50.141528128815935, -26.027127770977927], [-50.17138412884378, -26.024684270975627], [-50.182051128853686, -26.033959770984325], [-50.155397128828895, -26.04157727099141], [-50.18205012885369, -26.07849277102582], [-50.20937612887917, -26.056689771005495], [-50.22363112889241, -26.060289271008855], [-50.25104412891801, -26.029749770980402], [-50.251536128918474, -26.050844771000015], [-50.26782712893362, -26.042090270991935], [-50.331587128992965, -26.083224771030245], [-50.32484012898669, -26.123388271067597], [-50.33351312899481, -26.12526827106933], [-50.32167512898377, -26.125497771069604], [-50.32312212898512, -26.1344597710779], [-50.36797112902684, -26.111116771056118], [-50.36100012902034, -26.09423477104042], [-50.402935129059415, -26.057261771005983], [-50.43315012908761, -26.060612271009177], [-50.44970612910299, -26.043496770993215], [-50.44404212909774, -26.034469770984742], [-50.4586701291114, -26.036742770986848], [-50.47104912912289, -26.020861770972147], [-50.47560312912708, -26.03402377098439], [-50.49972612914962, -26.02330977097438], [-50.548185129194735, -26.03931027098929], [-50.57131612921626, -26.00331477095574], [-50.591199129234724, -26.021653770972875], [-50.59167012923524, -26.04208877099188], [-50.55491412920094, -26.041490770991345], [-50.55314162919933, -26.05777377100651], [-50.59414012923753, -26.07064277101847], [-50.62799812926903, -26.062641771011045], [-50.656790129295814, -26.102561271048216], [-50.652110129291486, -26.13282177107635], [-50.731321129365256, -26.202934771141713], [-50.718017129352916, -26.24430327118023], [-50.74501212937798, -26.245869771181674], [-50.757956129390095, -26.221236771158715], [-50.79281512942259, -26.227258771164315], [-50.82554112945297, -26.245963771181778], [-50.83852812946509, -26.270829771204944], [-50.868563129493054, -26.241812771177933], [-50.881549129505174, -26.277589771211183], [-50.89952112952187, -26.288646771221465], [-50.908735129530555, -26.284401771217517], [-50.90762462952944, -26.251107771186525], [-50.93453112955456, -26.233398771170073], [-50.943282629562646, -26.241743771177767], [-50.93133962955153, -26.267860771202095], [-50.94420812956355, -26.282031771215316], [-50.99998912961553, -26.23000577116693], [-51.05471012966643, -26.244503771180348], [-51.07954612968956, -26.227773771164834], [-51.104483129712776, -26.274951771208748], [-51.207900129809104, -26.296634771228923], [-51.22368212982383, -26.320632771251326], [-51.24259412984145, -26.324237771254616], [-51.261400129859, -26.363553271291266], [-51.25222212985045, -26.37587177130274], [-51.29828312989332, -26.419472771343294], [-51.2740776298707, -26.44547577136757], [-51.2774281298739, -26.45785427137912], [-51.25349812985155, -26.463029271383903], [-51.26009312985775, -26.470266771390698], [-51.25046812984874, -26.47386277139401], [-51.273806129870536, -26.496610771415135], [-51.21548212981622, -26.56964877148323], [-51.23734512983651, -26.604039771515204], [-51.22818012982805, -26.615534271525917], [-51.27709262987355, -26.6358157715448], [-51.282933129878984, -26.653515271561332], [-51.323312129916644, -26.656442771564002], [-51.331414129924156, -26.64681027155507], [-51.38105412997038, -26.658982771566457], [-51.405416129993114, -26.675684771581928], [-51.392550129981146, -26.697781771602536], [-51.41103912999836, -26.716808771620208], [-51.40666212999429, -26.700145771604753], [-51.434860130020525, -26.687648771593103], [-51.46772513005112, -26.621573271531588], [-51.48564063006779, -26.62227877153225], [-51.49376913007541, -26.58916427150143], [-51.51107463009146, -26.583274771495894], [-51.61464013018792, -26.590481771502596], [-51.66457813023442, -26.565605771479454], [-51.69457013026238, -26.58296077149555], [-51.733648130298775, -26.574840771488084], [-51.78581363034732, -26.589780771501978], [-51.81816513037745, -26.579571771492397], [-51.87312263042861, -26.599760771511228], [-51.89921313045295, -26.580309771493148], [-52.01074813055686, -26.566076771479857], [-52.03232613057696, -26.54045177145599], [-52.09339513063378, -26.51283677143033], [-52.099197630639196, -26.48234777140192], [-52.157389130693446, -26.47139027139167], [-52.185165630719325, -26.444934771367116], [-52.219918130751694, -26.465477271386135], [-52.248457130778206, -26.454624771376075], [-52.28197713080942, -26.4630077713839], [-52.304545130830434, -26.440268271362697], [-52.37626263089726, -26.440070271362515], [-52.40060363091993, -26.422702771346394], [-52.421370130939295, -26.437356771359987], [-52.4607721309759, -26.43938277136192], [-52.52231963103327, -26.40013277132539], [-52.59400313110007, -26.415043771339242], [-52.67809513117834, -26.35220677128075], [-52.71836413121582, -26.35688877128507], [-52.73726913123346, -26.3416987712709], [-52.7592306312539, -26.352639771281133], [-52.847498131336124, -26.3435017712726], [-52.87748813136409, -26.360037771288034], [-52.94995613143158, -26.36185227128965], [-52.98984413146866, -26.34736377127615], [-53.04631613152128, -26.38024077130683], [-53.09018013156208, -26.39003577131598], [-53.123928131593516, -26.37389477130091], [-53.14530813161343, -26.34523077127426], [-53.18396613164953, -26.343385771272438], [-53.25188013171271, -26.298603771230773], [-53.281049131739906, -26.246021271181803], [-53.30544913176266, -26.25928477119419], [-53.375091631827445, -26.2415672711777], [-53.42006613186936, -26.27472677120852], [-53.49670813194075, -26.302364771234238], [-53.54988713199032, -26.293086771225603], [-53.57986463201814, -26.27381677120775], [-53.58647613202436, -26.255553771190648], [-53.64323313207717, -26.252646771187983], [-53.65057413208399, -26.194187771133556], [-53.71516913214418, -26.126926771070885], [-53.740946632168175, -26.117830771062472], [-53.72580713215416, -26.065782771013914], [-53.73420563216189, -26.042605770992395], [-53.763053132188816, -26.035673270985853], [-53.779330132203995, -26.008311770960404], [-53.80425413222713, -25.99529377094825], [-53.80150613222463, -25.984863770938546], [-53.81686813223894, -25.98928177094274], [-53.81247613223479, -25.980573770934598], [-53.835499132256246, -25.971465770926102], [-53.82728363224862, -25.962527770917745], [-53.84241913226276, -25.933074770890357], [-53.83325413225418, -25.919621770877825], [-53.819948132241734, -25.927694770885296], [-53.818137132240054, -25.911898770870607], [-53.83409613225501, -25.914935770873512], [-53.81936213224128, -25.899018770858675], [-53.849684632269486, -25.883658770844363], [-53.823339132244996, -25.87201277083352], [-53.844711632264875, -25.85748477081995], [-53.834095132255015, -25.850475770813432], [-53.848901632268735, -25.835528770799556], [-53.83821313225883, -25.816084770781345], [-53.819187632241096, -25.812462770777984], [-53.82828513224956, -25.808778770774552], [-53.82275613224442, -25.79231777075927], [-53.843067132263286, -25.790415270757535], [-53.83061913225174, -25.781604270749312], [-53.85600013227531, -25.765973770734718], [-53.833331132254216, -25.751379770721087], [-53.864587132283305, -25.74413727071442], [-53.8576446322769, -25.724485770696106], [-53.87828013229614, -25.70770677068049], [-53.863913632282674, -25.704525770677492], [-53.87264313229082, -25.69456677066819], [-53.85450613227397, -25.70716177067993], [-53.853837632273326, -25.691055770665002], [-53.841557632261924, -25.687460770661573], [-53.85822313227743, -25.679804270654472], [-53.861118132280126, -25.658872770634957], [-53.88903263230611, -25.660863770636865], [-53.87575263229371, -25.645831770622863], [-53.89455513231121, -25.642361770619573], [-53.89208513230892, -25.62205777060069], [-53.912107132327606, -25.6356657706134], [-53.91553713233077, -25.61606077059514], [-53.93303513234707, -25.621938770600536], [-53.94744663236054, -25.611391770590785], [-53.95509013236767, -25.646519770623513], [-53.9642241323761, -25.613267270592473], [-53.97666563238772, -25.611399770590765], [-53.97022813238175, -25.599753770579923], [-54.009733132418546, -25.567095770549486], [-54.049366132455475, -25.584897770566045], [-54.079138132483195, -25.55872727054168], [-54.0979611325007, -25.618938770597765], [-54.12406413252506, -25.5674942705499], [-54.09691463249976, -25.522261770507725], [-54.09912213250175, -25.49521427048262], [-54.160532132558956, -25.540631770524897], [-54.206033132601306, -25.540527770524818], [-54.2048061326002, -25.55702277054013], [-54.17347263257102, -25.57336577055537], [-54.17802913257526, -25.58439377056561], [-54.23014513262376, -25.562437770545216], [-54.234670132628025, -25.5925097705732], [-54.24961013264192, -25.596780770577197], [-54.279807132670044, -25.556320770539514], [-54.327982132714965, -25.571783770553907], [-54.345201632731005, -25.60692327058655], [-54.38550313276846, -25.59830127057853], [-54.39336713277578, -25.634369770612125], [-54.42486563280511, -25.658148770634284], [-54.42917013280919, -25.694966770668543], [-54.447305132826045, -25.65850677063463], [-54.50006713287519, -25.61413127059336], [-54.52656013289982, -25.627224770605494], [-54.54043213291277, -25.594634770575112], [-54.59320313296189, -25.591890770572604], [-54.60045213296871, -25.48415427047223], [-54.61745013298446, -25.4516117704419], [-54.57884313294858, -25.384913770379853], [-54.50022263287531, -25.298403770299274], [-54.47039813284755, -25.21177727021859]]]}}, {"type": "Feature", "id": "RJ", "properties": {"id": "RJ", "sigla": "RJ", "name": "Rio de Janeiro", "regiao": "Sudeste", "pop_total": 16112369, "qtd_equipes_esf": 6540, "capacidade_pnab": 24674000, "cobertura_pnab_pct": 153.1, "sobrecarga_media": 0.51, "pop_critica": 5334584, "pct_pop_critica": 33.11, "n_polos_critica": 379, "hab_por_esf": 2464, "densidade": 354.2}, "geometry": {"type": "MultiPolygon", "coordinates": [[[[-44.88849412392369, -23.224012268367346], [-44.87263712390893, -23.183822768329946], [-44.82396012386357, -23.161259768308923], [-44.79204512383387, -22.981673768141604], [-44.75485312379931, -22.97981576813993], [-44.74310712378826, -22.94699926810938], [-44.71237912375966, -22.93018076809369], [-44.68734512373635, -22.935869768098996], [-44.67345962372349, -22.917806768082187], [-44.65893712370996, -22.92724426809093], [-44.60663112366126, -22.885197268051797], [-44.5436281236025, -22.884855268051524], [-44.49429662355658, -22.845978768015243], [-44.48220962354537, -22.846946268016154], [-44.46579012353004, -22.88503176805159], [-44.417763123485315, -22.847619768016784], [-44.373791123444335, -22.857594268026105], [-44.3259876233999, -22.837686268007587], [-44.32171112339586, -22.847804768017], [-44.296210123372134, -22.827355267997973], [-44.27095412334859, -22.830708768001045], [-44.26115812333944, -22.804732767976816], [-44.24129412332093, -22.795038767967867], [-44.25611512333478, -22.78736076796065], [-44.25004212332908, -22.757074767932522], [-44.22639212330705, -22.73317576791021], [-44.20154912328394, -22.731942767909118], [-44.20328912328557, -22.71588376789407], [-44.17807512326203, -22.70743276788619], [-44.160518123245765, -22.677836267858652], [-44.189697123272936, -22.648092267830975], [-44.18384712326747, -22.636806267820475], [-44.22637712330709, -22.604085767790025], [-44.28526012336192, -22.609239267794806], [-44.34287412341553, -22.58776976777483], [-44.35597412342781, -22.613774267799045], [-44.36985112344064, -22.589373767776237], [-44.35976812343131, -22.581434767768883], [-44.38398512345384, -22.573280767761275], [-44.40915512347726, -22.587864267774876], [-44.398080123467025, -22.602526267788562], [-44.406456123474754, -22.607880267793576], [-44.42979512349655, -22.59804076778437], [-44.464445123528776, -22.6154777678006], [-44.48804012355072, -22.60603626779175], [-44.508156123569506, -22.640455767823823], [-44.514490123575456, -22.629731267813895], [-44.53485212359442, -22.63704676782072], [-44.52563212358575, -22.619023767803924], [-44.54852112360709, -22.60569326779148], [-44.5727451236296, -22.601410267787514], [-44.58371712363987, -22.62549976780997], [-44.60188012365677, -22.607145767792872], [-44.6093631236638, -22.61658476780167], [-44.6342091236869, -22.609085267794626], [-44.64491512369682, -22.602157767788185], [-44.64129612369345, -22.55887976774784], [-44.66109912371189, -22.55044576774003], [-44.67699212372679, -22.56100976774985], [-44.66946112371977, -22.538150767728553], [-44.700715123748864, -22.51063176770299], [-44.715267123762374, -22.51375026770586], [-44.71732812376433, -22.467845767663107], [-44.73999012378545, -22.425243267623387], [-44.808806123849536, -22.404805267604388], [-44.80358512384464, -22.393337267593665], [-44.72354712377012, -22.359464767562145], [-44.66026812371115, -22.38003526758132], [-44.625739123678954, -22.335608767539952], [-44.58862412364442, -22.31991526752529], [-44.53278062359243, -22.3299447675347], [-44.46071312352535, -22.27987626748802], [-44.456019123520946, -22.256758767466522], [-44.432779123499245, -22.25091876746103], [-44.394366123463556, -22.25841676746802], [-44.387159123456854, -22.272014767480755], [-44.35982612343139, -22.252184767462268], [-44.321575123395746, -22.26067276747017], [-44.275962123353224, -22.242688767453387], [-44.26433012334246, -22.243762767454427], [-44.259864123338275, -22.26787926747693], [-44.23504912331521, -22.265717267474884], [-44.17982762326369, -22.227573767439367], [-44.16371612324872, -22.232050767443525], [-44.14876612323485, -22.21317776742592], [-44.12109512320899, -22.20863226742165], [-44.12268412321055, -22.18778276740227], [-44.099657123189104, -22.172821267388372], [-44.087337123177576, -22.184045767398743], [-44.0721481231634, -22.164474767380625], [-44.0235156231181, -22.150891767367966], [-44.00462812310059, -22.161895267378213], [-43.8801851229847, -22.11316476733282], [-43.879771122984266, -22.100214767320722], [-43.84297112294996, -22.09847476731909], [-43.76557312287787, -22.062435267285537], [-43.760084122872854, -22.080524267302394], [-43.732131122846795, -22.09641376731713], [-43.69143012280881, -22.07042176729294], [-43.673598122792214, -22.08935176731063], [-43.65215512277234, -22.06662676728945], [-43.61277812273556, -22.081849767303652], [-43.585662122710346, -22.05153876727536], [-43.58411112270892, -22.070043767292645], [-43.561979122688285, -22.08731376730873], [-43.51318612264288, -22.058840767282163], [-43.507107122637194, -22.074019767296363], [-43.462049122595204, -22.072163267294627], [-43.3464361224876, -22.00307126723021], [-43.29865562244311, -22.019588767245637], [-43.24612912239411, -22.006549767233537], [-43.21934912236918, -22.03292326725807], [-43.20257012235356, -22.025017767250688], [-43.20162112235266, -22.036619767261527], [-43.16912712232238, -22.021716767247653], [-43.13071812228668, -22.02919726725463], [-43.133672122289454, -22.058524767281938], [-43.15370412230811, -22.077495767299524], [-43.13612462229173, -22.109183767329114], [-43.1063301222639, -22.083550767305155], [-43.07370962223354, -22.092856767313833], [-43.03274412219537, -22.065413267288363], [-43.03902212220123, -22.046117267270347], [-42.99284462215826, -22.03512026726014], [-42.90867012207991, -21.990005767218122], [-42.88209312205515, -21.959625767189777], [-42.59701112178959, -21.85324726709075], [-42.37788212158557, -21.748514266993197], [-42.33541912154601, -21.745764766990646], [-42.266945121482195, -21.71372476696081], [-42.27487712148957, -21.67642976692605], [-42.282957121497134, -21.68046076692974], [-42.301372121514305, -21.65482276690591], [-42.33779012154821, -21.661406766912023], [-42.3467541215565, -21.64269076689459], [-42.364608121573156, -21.64581076689751], [-42.35531512156456, -21.625371766878516], [-42.36870912157701, -21.618963766872525], [-42.325539121536735, -21.56954126682649], [-42.33073512154158, -21.560127266817744], [-42.30885112152123, -21.55028276680855], [-42.30592862151855, -21.529051766788825], [-42.28531712149936, -21.527310766787195], [-42.2525741214688, -21.493211266755452], [-42.26820612148333, -21.468383766732245], [-42.29220812150572, -21.459553266724015], [-42.27507912148974, -21.427862266694547], [-42.2786561214931, -21.410090766677968], [-42.26704212148229, -21.39955726666824], [-42.260406621476136, -21.40959676667751], [-42.23895962145616, -21.4030107666714], [-42.25202712146836, -21.38603126665555], [-42.22945812144735, -21.36608476663696], [-42.23581512145324, -21.34325426661576], [-42.223711121441966, -21.33750676661043], [-42.23781812145512, -21.318199266592387], [-42.22851612144643, -21.282323266559047], [-42.1892886214099, -21.249416766528384], [-42.20808812142741, -21.177727766461544], [-42.17024112139211, -21.128155266415433], [-42.163962621386304, -21.100970766390105], [-42.139697121363724, -21.102553766391566], [-42.10071012132744, -21.033974766327674], [-42.07927612130743, -21.035113766328777], [-42.151269121374526, -20.97389526627171], [-42.093561121320704, -20.93553876623605], [-42.022963121254975, -20.92499376622618], [-41.976263121211446, -20.935022266235592], [-41.954321121191015, -20.86502376617034], [-41.92575912116445, -20.837575766144823], [-41.93499012117309, -20.828077266136006], [-41.92773512116628, -20.794505266104693], [-41.90079812114118, -20.7957607661059], [-41.87453612111676, -20.766342766078424], [-41.853442121097146, -20.763662266075926], [-41.82812012107354, -20.79612076610624], [-41.806653621053556, -20.7971602661072], [-41.81345612105986, -20.80478426611421], [-41.75527512100564, -20.807057766116372], [-41.74052412099195, -20.817799766126427], [-41.74145762099283, -20.872332766177124], [-41.71200712096538, -20.871081766175962], [-41.726729120979144, -20.892362266195846], [-41.72273912097535, -20.92231276622374], [-41.73705112098867, -20.92730026622837], [-41.71043712096389, -20.989239266286063], [-41.722910120975484, -21.00863176630412], [-41.71623712096937, -21.046636766339475], [-41.72881612098104, -21.049868766342456], [-41.73203412098405, -21.066284766357853], [-41.72130812097407, -21.073120266364185], [-41.73513612098691, -21.10204426639109], [-41.70530212095912, -21.109364766397903], [-41.718075620971035, -21.123222266410835], [-41.69301712094773, -21.114844266402997], [-41.67754212093325, -21.13308276641999], [-41.662264120919076, -21.124582266412062], [-41.653710120911114, -21.142485766428763], [-41.613132120873274, -21.155068766440536], [-41.586912120848865, -21.149055766434913], [-41.565318120828806, -21.18224776646582], [-41.558185120822145, -21.17238126645657], [-41.517294620784014, -21.186619266469847], [-41.5069871207744, -21.17497126645901], [-41.478850120748234, -21.181759766465348], [-41.4794821207488, -21.193441766476212], [-41.44753812071906, -21.213647766495], [-41.37711812065345, -21.195258266477936], [-41.31668212059719, -21.2132717664947], [-41.27667312055996, -21.239769766519316], [-41.24654612053189, -21.22070276650163], [-41.19050712047965, -21.248003766527063], [-41.182469120472206, -21.23583576651572], [-41.160577120451876, -21.24552076652469], [-41.1340081204271, -21.226159766506726], [-41.09204412038798, -21.218168766499275], [-41.04099412034043, -21.254680766533284], [-41.006272120308154, -21.25155676653037], [-40.995399120297975, -21.285696766562182], [-40.977598120281414, -21.28055376655732], [-40.95639662026167, -21.30335276657854], [-40.96020312026519, -21.36095626663223], [-41.06398012036186, -21.486934766749528], [-41.07425912037138, -21.52177726678201], [-41.056617120354986, -21.58420776684011], [-41.01001112031156, -21.611509266865596], [-41.02572912032622, -21.72056276696719], [-40.97383812027795, -21.946778767177875], [-40.98475312028813, -21.999439767226818], [-41.20328812049161, -22.131662267350066], [-41.49881012076685, -22.216795267429347], [-41.68861512094361, -22.299615767506452], [-41.76669912101636, -22.354882267557855], [-41.76750362101711, -22.388416767589092], [-41.84142712108587, -22.435380767632864], [-41.86184162110487, -22.47706526767172], [-41.891037621132114, -22.48669076768067], [-41.93244812117064, -22.537558767728], [-41.94356712118099, -22.527923267719075], [-41.96906312120484, -22.542948767733037], [-41.99775712123153, -22.60855976779419], [-41.98506912121968, -22.71687476789498], [-41.955306621191994, -22.73208826790915], [-41.93312612117131, -22.766711267941446], [-41.912916121152534, -22.768430267943017], [-41.913193121152744, -22.756385767931874], [-41.88822712112949, -22.75372976792937], [-41.87194862111437, -22.73705976791382], [-41.863672121106674, -22.754019767929663], [-41.87844612112042, -22.775031767949145], [-41.88895612113015, -22.77015176794464], [-41.8821511211238, -22.784270267957822], [-41.912310121151904, -22.778650767952513], [-41.931454121169736, -22.796650767969368], [-41.929784121168154, -22.81314476798468], [-41.96967212120535, -22.820984767991945], [-41.98595312122052, -22.848105768017263], [-41.98087112121573, -22.872408268039862], [-42.0238971212558, -22.893200768059273], [-42.03170312126315, -22.946186768108646], [-42.02120462125333, -22.945995768108446], [-42.02078412125297, -22.961324768122722], [-42.00197312123544, -22.949812768111997], [-42.00855912124155, -22.959623768121105], [-41.996618121230426, -22.96001576812148], [-42.018814121251125, -22.97077476813149], [-42.007454121240585, -22.983119768142956], [-42.012846121245616, -22.99743976815637], [-42.033730121264966, -22.97070876813143], [-42.07611812130449, -22.955169768117003], [-42.3668671215753, -22.935454268098624], [-42.58530312177868, -22.933126768096486], [-42.67836812186533, -22.945534268107963], [-42.691872121877964, -22.962029268123388], [-42.994122622159466, -22.969181768130056], [-43.051679122213045, -22.982412768142353], [-43.05365112221489, -22.96289426812416], [-43.135512122291175, -22.937876768100864], [-43.12442712228085, -22.923331768087337], [-43.10823112226569, -22.937565768100512], [-43.0949766222534, -22.925832268089607], [-43.11656212227342, -22.90514376807039], [-43.130952122286885, -22.911519768076346], [-43.136896122292455, -22.90289676806833], [-43.12423112228066, -22.89197076805806], [-43.13481512229043, -22.88287676804964], [-43.114509122271556, -22.880571268047447], [-43.095402122253745, -22.827006767997545], [-43.06563212222602, -22.802213767974536], [-43.08073212224008, -22.786640767959966], [-43.067872122228096, -22.76858976794324], [-43.026425122189494, -22.74190076791831], [-43.03162512219433, -22.692094267871994], [-43.0855151222446, -22.67712276785801], [-43.106341122263984, -22.69420276787389], [-43.113615122270744, -22.688307767868423], [-43.12701112228319, -22.713843767892172], [-43.15178912230624, -22.707131267885984], [-43.23559812238432, -22.73512326791206], [-43.28820612243328, -22.800317267972787], [-43.244901122393, -22.8414507680111], [-43.237568122386165, -22.876713768043942], [-43.20892912235945, -22.868520268036264], [-43.20815912235878, -22.89277976805886], [-43.16688412232031, -22.89500176806098], [-43.1765681223294, -22.895951268061822], [-43.15667312231085, -22.912747768077452], [-43.172445122325485, -22.916548768081043], [-43.16778512232122, -22.937939768100932], [-43.18017962233273, -22.947519768109828], [-43.15117812230574, -22.93821776810114], [-43.149803122304434, -22.950251768112366], [-43.19071112234258, -22.990433268149786], [-43.22178112237145, -22.98839576814794], [-43.29632912244085, -23.016542268174135], [-43.294038622438734, -23.011548268169463], [-43.305869122449735, -23.00056076815929], [-43.34240112248381, -22.981829268141837], [-43.363958122503846, -22.973442268134022], [-43.38264912252134, -22.973616768134093], [-43.39392612253175, -22.98322426814309], [-43.403538122540795, -22.974800268135255], [-43.41501412255138, -22.987238268146825], [-43.40723912254418, -22.991964268151264], [-43.388704122526974, -22.99437076815343], [-43.38073712251946, -22.977888268138145], [-43.351200122491946, -22.98000426814008], [-43.34650812248765, -22.991894768151155], [-43.35989812250011, -22.99335676815258], [-43.29531512244, -23.012115268169964], [-43.44329462257781, -23.021550768178827], [-43.53573612266382, -23.051392768206597], [-43.5536526226806, -23.076140268229665], [-43.59465662271873, -23.052126768207245], [-43.668094122787124, -23.053597768208647], [-43.8586521229646, -23.071721268225474], [-43.986818123083935, -23.101885768253624], [-44.00676512310258, -23.09484326824702], [-44.01212612310758, -23.07782576823115], [-43.973900123071985, -23.045097768200662], [-43.95474012305408, -23.039632768195588], [-43.88476512298894, -23.06709876822117], [-43.88021412298474, -23.04187076819767], [-43.90726712300989, -23.02602576818299], [-43.91174212301405, -23.01982076817717], [-43.793568122903935, -23.060769268215267], [-43.61409812273689, -23.03137426818796], [-43.56798712269392, -23.053543768208556], [-43.56758212269358, -23.0641722682185], [-43.55676512268349, -23.048677768204016], [-43.57203962269773, -23.0493517682047], [-43.67712712279558, -22.980597268140627], [-43.68981362280738, -22.991985768151267], [-43.70057012281734, -22.98572076814537], [-43.77504612288669, -22.920782268084963], [-43.82209512293059, -22.910568268075394], [-43.819320122927934, -22.920786768084895], [-43.84140512294857, -22.92919726809282], [-43.853763122960004, -22.918071768082427], [-43.832319122940135, -22.908042768073074], [-43.855930122962036, -22.901612268067083], [-43.90995612301242, -22.93024776809375], [-44.00299012309904, -22.938167768101152], [-44.04678962313983, -22.983995768143814], [-44.05551312314799, -22.980516268140605], [-44.04129512313466, -22.96211026812341], [-44.0460426231391, -22.938446768101358], [-44.080943123171664, -22.956215268117944], [-44.08132112317196, -22.990953768150234], [-44.129676123216996, -23.031988268188456], [-44.15231812323805, -23.040318768196244], [-44.156568123242096, -23.032919768189345], [-44.16615212325098, -23.032492268189003], [-44.193739123276714, -23.054378268209348], [-44.19982112328239, -23.03833876819442], [-44.237126123317125, -23.056461768211307], [-44.250960123329946, -23.0502067682055], [-44.22192912330297, -23.011094768169073], [-44.24795912332718, -22.99566076815472], [-44.29012212336647, -23.023909768180943], [-44.305771123380964, -23.02327676818038], [-44.30398812337933, -23.00216676816069], [-44.34726212341968, -23.0298362681865], [-44.357851123429555, -23.022881768180014], [-44.35415762342609, -22.998194768157077], [-44.32795862340163, -22.9936022681527], [-44.299327123375065, -22.958235768119835], [-44.332157123405636, -22.966585268127574], [-44.321513123395675, -22.928649268092272], [-44.358567123430134, -22.92252826808658], [-44.36959612344049, -22.944713268107193], [-44.34946312342174, -22.9456152681081], [-44.37724212344756, -22.96927976813015], [-44.411847623479844, -22.941369768104096], [-44.433207123499756, -22.96262526812393], [-44.44045712350646, -22.99119276815054], [-44.42468112349172, -22.997541768156452], [-44.44604512351168, -23.011738768169607], [-44.43062612349729, -23.02028876817758], [-44.44462412351038, -23.027045268183883], [-44.476627123540084, -23.005727768164093], [-44.505458123566996, -23.030436768187087], [-44.52943712358933, -23.027612268184384], [-44.5990701236542, -23.063176768217545], [-44.59624412365156, -23.045389268201006], [-44.645216123697196, -23.046613768202178], [-44.667789623718136, -23.053590768208664], [-44.69101512373982, -23.083490768236516], [-44.69835012374665, -23.121476768271805], [-44.687795123736805, -23.12682926827688], [-44.70685412375451, -23.166621768313917], [-44.698103123746364, -23.174148768320947], [-44.721210123767946, -23.20162826834644], [-44.712211123759516, -23.233277768375956], [-44.658599123709564, -23.207126268351658], [-44.64279662369495, -23.185305768331318], [-44.64374612369579, -23.195716268341016], [-44.61618112367012, -23.20342076834811], [-44.62410112367752, -23.22107626836464], [-44.64062112369288, -23.21879126836245], [-44.63634712368889, -23.210650768354867], [-44.65099212370251, -23.221693768365185], [-44.662521123713304, -23.214167768358152], [-44.65490412370616, -23.227178268370267], [-44.692293123741024, -23.252771768394155], [-44.61316112366728, -23.234078768376662], [-44.65538112370666, -23.29533726843374], [-44.639268123691636, -23.30082276843882], [-44.64552112369745, -23.29037476842916], [-44.59629712365154, -23.23465276837726], [-44.55989412361771, -23.22709926837024], [-44.58381062363992, -23.2664272684068], [-44.548875123607445, -23.27459476841443], [-44.53676512359618, -23.267369768407775], [-44.50243912356416, -23.296356768434748], [-44.528789123588695, -23.28811976842701], [-44.54049112359962, -23.30551176844324], [-44.55620612361429, -23.305348768443082], [-44.58510212364115, -23.359443268493465], [-44.604904123659594, -23.3673667685008], [-44.60662812366127, -23.349173268483923], [-44.62370612367715, -23.340773768476083], [-44.63378912368648, -23.352679768487178], [-44.62926812368232, -23.338616268474084], [-44.6403936236926, -23.33274276846862], [-44.661876623712715, -23.33948026847486], [-44.65957212371052, -23.347870268482666], [-44.67565412372551, -23.335571768471254], [-44.686625123735666, -23.35226776848674], [-44.70168312374972, -23.340805768476116], [-44.7179591237649, -23.34722776848207], [-44.73120912377726, -23.359255768493313], [-44.72391512377044, -23.367698768501214], [-44.74970762379451, -23.35804026849212], [-44.77788112382075, -23.338527268473968], [-44.787026123829264, -23.29908126843725], [-44.80696012384783, -23.282885768422148], [-44.826347123865844, -23.291456268430125], [-44.8365151238753, -23.256316768397483], [-44.874625123910846, -23.24867376839029], [-44.88849412392369, -23.224012268367346]]], [[[-44.11684712320505, -23.154240768302316], [-44.09501112318469, -23.174893768321567], [-44.131902123219106, -23.187394768333206], [-44.128760123216125, -23.170703268317652], [-44.15892962324426, -23.171523268318424], [-44.17073312325522, -23.184647768330706], [-44.18584412326936, -23.18046926832676], [-44.182266123266004, -23.19476276834007], [-44.196628123279424, -23.203670268348446], [-44.20709612328915, -23.19221876833774], [-44.251292123330245, -23.204521768349196], [-44.25324012333215, -23.191074768336648], [-44.27162912334927, -23.19679626834204], [-44.273371123350785, -23.17963776832596], [-44.31087012338571, -23.180110268326416], [-44.33349312340681, -23.22304926836648], [-44.34882212342109, -23.226188268369356], [-44.341428123414175, -23.18143126832763], [-44.35776112342944, -23.190667268336256], [-44.37787212344813, -23.176491268323048], [-44.326686123400464, -23.154435768302505], [-44.295124123371124, -23.114024768264926], [-44.297237123373066, -23.131275268281], [-44.284380123361075, -23.136143268285537], [-44.237017123316946, -23.085214768238075], [-44.190210123273346, -23.103110768254737], [-44.216682623298084, -23.104996268256514], [-44.19696012327972, -23.121795768272136], [-44.16938012325397, -23.11856176826916], [-44.16470312324964, -23.141683768290704], [-44.12706412321461, -23.11956776827003], [-44.14037812322704, -23.157818768305674], [-44.11684712320505, -23.154240768302316]]], [[[-43.168647122322, -22.820957767992013], [-43.184813122337005, -22.83314376800331], [-43.208927122359455, -22.8148172679862], [-43.241896122390244, -22.832901768003126], [-43.263647122410475, -22.81016576798197], [-43.24379012239194, -22.8071157679791], [-43.228955122378125, -22.782686267956365], [-43.18987612234173, -22.795927267968636], [-43.17212212232528, -22.77552776794971], [-43.15573012230993, -22.782956267956592], [-43.18128912233374, -22.80257726797481], [-43.168647122322, -22.820957767992013]]], [[[-43.91174312301405, -22.93417526809742], [-43.86771112297299, -22.92557926808945], [-43.8728751229778, -22.94696776810929], [-43.909457123011975, -22.955416768117175], [-43.91174312301405, -22.93417526809742]]], [[[-43.23149612238046, -22.849462768018498], [-43.20870912235932, -22.858202768026672], [-43.219759122369624, -22.8605117680288], [-43.215647122365795, -22.870038768037716], [-43.23704312238567, -22.861478768029656], [-43.242015122390285, -22.83657576800647], [-43.22148012237119, -22.84101076801062], [-43.23149612238046, -22.849462768018498]]], [[[-43.933989123034735, -23.014833268172538], [-43.92837312302959, -22.988910768148344], [-43.91789812301977, -22.987681268147185], [-43.933989123034735, -23.014833268172538]]], [[[-44.61998812367369, -23.221772768365213], [-44.59365012364913, -23.202124268347006], [-44.58421412364032, -23.20461726834924], [-44.60229112365721, -23.222561268366007], [-44.61998812367369, -23.221772768365213]]], [[[-44.04709912314013, -23.010723768168646], [-44.0344031231283, -22.995906268154954], [-44.02951862312375, -23.006923768165166], [-44.04709912314013, -23.010723768168646]]], [[[-43.1135421222707, -22.76695976794167], [-43.11178712226899, -22.75329576792899], [-43.10439912226218, -22.748405267924454], [-43.10279112226067, -22.764666767939502], [-43.1135421222707, -22.76695976794167]]], [[[-44.69184912374055, -23.169474768316604], [-44.694265123742866, -23.15601626830403], [-44.68399312373322, -23.151209268299567], [-44.69184912374055, -23.169474768316604]]], [[[-41.70217612095621, -22.416280767615035], [-41.69711212095149, -22.402887267602637], [-41.69488712094949, -22.416677767615397], [-41.70217612095621, -22.416280767615035]]], [[[-44.55737712361531, -23.063283768217616], [-44.557022123614956, -23.055829268210687], [-44.55231912361069, -23.055960768210866], [-44.55737712361531, -23.063283768217616]]], [[[-43.19716812234856, -23.037640768193796], [-43.206527122357215, -23.034094268190415], [-43.19706512234848, -23.03465226819094], [-43.19716812234856, -23.037640768193796]]], [[[-43.85798512296401, -22.954557768116388], [-43.862570122968236, -22.94650626810892], [-43.856900122963, -22.944575768107143], [-43.85798512296401, -22.954557768116388]]], [[[-44.641653623693855, -23.074562768228134], [-44.64230012369444, -23.067818768221855], [-44.63557312368812, -23.067970268221984], [-44.641653623693855, -23.074562768228134]]], [[[-44.60896012366334, -23.06440176821866], [-44.609442123663825, -23.0579807682127], [-44.60112912365605, -23.055864268210712], [-44.60896012366334, -23.06440176821866]]], [[[-43.921012123022706, -22.940370768103207], [-43.91481912301697, -22.94343726810598], [-43.9203971230221, -22.94451876810706], [-43.921012123022706, -22.940370768103207]]], [[[-43.192709122344354, -23.073827268227433], [-43.193866122345526, -23.06726976822131], [-43.19070912234258, -23.0715702682254], [-43.192709122344354, -23.073827268227433]]], [[[-44.12942612321683, -23.041785768197656], [-44.12929262321666, -23.035341768191643], [-44.123315123211114, -23.03990726819586], [-44.12942612321683, -23.041785768197656]]], [[[-41.686751120941835, -22.40175326760152], [-41.69191262094671, -22.39705976759717], [-41.68568412094089, -22.39663676759676], [-41.686751120941835, -22.40175326760152]]], [[[-44.649100123700805, -23.230771768373643], [-44.64635412369819, -23.22679126836988], [-44.63359862368634, -23.22535876836855], [-44.649100123700805, -23.230771768373643]]], [[[-43.910041123012434, -22.983102768143], [-43.913596123015736, -22.97896826813917], [-43.90756862301021, -22.979438768139516], [-43.910041123012434, -22.983102768143]]], [[[-43.513901122643574, -23.066139768220296], [-43.5112341226411, -23.06020676821481], [-43.50795412263801, -23.064874268219114], [-43.513901122643574, -23.066139768220296]]], [[[-44.67252512372261, -23.11377376826465], [-44.677068123726826, -23.110904768262003], [-44.67373312372365, -23.110898268261963], [-44.67252512372261, -23.11377376826465]]], [[[-43.14217912229731, -23.065451768219646], [-43.14703612230187, -23.06503976821932], [-43.14917612230386, -23.059297768213924], [-43.14217912229731, -23.065451768219646]]], [[[-44.666292123716744, -23.15990076830758], [-44.662952123713694, -23.162865268310384], [-44.66542912371597, -23.162711268310204], [-44.666292123716744, -23.15990076830758]]], [[[-44.567585123624895, -23.35100226848556], [-44.570001123627094, -23.347589268482466], [-44.567104123624404, -23.347938768482777], [-44.567585123624895, -23.35100226848556]]], [[[-44.568513123625735, -23.26748926840787], [-44.56958162362673, -23.263675768404255], [-44.567298123624596, -23.26453576840504], [-44.568513123625735, -23.26748926840787]]], [[[-43.92292212302448, -22.983351268143224], [-43.92068012302241, -22.98684326814646], [-43.923066623024624, -22.987326768146886], [-43.92292212302448, -22.983351268143224]]], [[[-44.594625123650076, -23.085297768238206], [-44.59228612364791, -23.088869768241466], [-44.59609562365142, -23.089562768242104], [-44.594625123650076, -23.085297768238206]]], [[[-44.573067123629926, -23.183521768329683], [-44.57282112362975, -23.18895726833466], [-44.5765431236332, -23.189893268335595], [-44.573067123629926, -23.183521768329683]]], [[[-44.5576681236156, -23.219741768363406], [-44.55502862361311, -23.22288876836626], [-44.557157123615184, -23.223926768367278], [-44.5576681236156, -23.219741768363406]]], [[[-43.95465312305396, -23.006177768164434], [-43.94918712304889, -23.005654768163936], [-43.952123123051706, -23.009405268167484], [-43.95465312305396, -23.006177768164434]]], [[[-44.58382412363994, -23.200594268345526], [-44.58046262363689, -23.198533268343567], [-44.579048123635516, -23.20305026834785], [-44.58382412363994, -23.200594268345526]]], [[[-44.687045123736084, -23.106079768257473], [-44.685708623734854, -23.108951768260226], [-44.688575123737564, -23.10874176825996], [-44.687045123736084, -23.106079768257473]]], [[[-43.9120991230144, -22.99292726815213], [-43.90787112301041, -22.988674768148144], [-43.91001212301239, -22.994296268153448], [-43.9120991230144, -22.99292726815213]]], [[[-44.68527662373447, -23.130950268280685], [-44.68722712373631, -23.12818176827807], [-44.68409712373341, -23.128657768278572], [-44.68527662373447, -23.130950268280685]]], [[[-44.134616123221576, -23.04209876819789], [-44.1386841232254, -23.04176676819759], [-44.13612812322299, -23.039991768195932], [-44.134616123221576, -23.04209876819789]]], [[[-44.65940162371032, -23.185368768331386], [-44.657630123708714, -23.181320768327623], [-44.656967123708114, -23.187990768333748], [-44.65940162371032, -23.185368768331386]]], [[[-43.20134112235246, -23.026520768183445], [-43.206349122357096, -23.025660268182605], [-43.20147362235252, -23.02527476818227], [-43.20134112235246, -23.026520768183445]]], [[[-43.190649122342506, -23.027137268183992], [-43.19458112234611, -23.02533376818235], [-43.19077912234263, -23.025751268182717], [-43.190649122342506, -23.027137268183992]]], [[[-44.161098123246234, -23.040484768196393], [-44.159487623244786, -23.035896768192174], [-44.15795412324337, -23.040137768196132], [-44.161098123246234, -23.040484768196393]]], [[[-43.94742962304724, -22.959132268120698], [-43.95118012305079, -22.960403768121864], [-43.95039612305004, -22.957912768119513], [-43.94742962304724, -22.959132268120698]]], [[[-44.66947212371974, -23.09840476825036], [-44.67037512372053, -23.095577768247722], [-44.669099123719434, -23.096545268248633], [-44.66947212371974, -23.09840476825036]]], [[[-44.67776612372745, -23.126029268276056], [-44.68104212373055, -23.125120268275282], [-44.677677123727335, -23.124327268274556], [-44.67776612372745, -23.126029268276056]]], [[[-43.94717712304703, -23.022970268180075], [-43.9436821230438, -23.019622768176987], [-43.94367912304381, -23.0233137681804], [-43.94717712304703, -23.022970268180075]]], [[[-44.628794123681814, -23.060041268214604], [-44.62729862368042, -23.06255226821702], [-44.62965662368265, -23.062568268216978], [-44.628794123681814, -23.060041268214604]]], [[[-43.95329712305272, -23.00052426815921], [-43.95126312305081, -23.003107768161613], [-43.95423112305366, -23.002662768161144], [-43.95329712305272, -23.00052426815921]]], [[[-44.692993123741644, -23.216180268360063], [-44.68940612373831, -23.21440476835835], [-44.69082612373961, -23.218057768361746], [-44.692993123741644, -23.216180268360063]]], [[[-44.56115012361886, -23.050315768205564], [-44.56238112361996, -23.05330976820835], [-44.56308012362069, -23.051243768206405], [-44.56115012361886, -23.050315768205564]]], [[[-43.56362712268981, -23.08211276823522], [-43.561427122687746, -23.078466768231806], [-43.56001212268643, -23.0809122682341], [-43.56362712268981, -23.08211276823522]]], [[[-43.30737312245117, -23.038837768194867], [-43.3040411224481, -23.03608876819237], [-43.302570122446696, -23.037991268194105], [-43.30737312245117, -23.038837768194867]]], [[[-44.044203123137436, -22.98778476814732], [-44.04148612313486, -22.985945768145598], [-44.04007512313353, -22.988752768148288], [-44.044203123137436, -22.98778476814732]]], [[[-44.63149812368442, -23.070810768224646], [-44.63084912368379, -23.067835768221926], [-44.62970812368269, -23.071159768225016], [-44.63149812368442, -23.070810768224646]]], [[[-44.682639123731974, -23.179129768325538], [-44.683911123733196, -23.176988768323554], [-44.68210312373151, -23.177031268323617], [-44.682639123731974, -23.179129768325538]]], [[[-43.30104412244532, -23.033205768189646], [-43.29898312244336, -23.030845268187477], [-43.298119122442586, -23.033705268190147], [-43.30104412244532, -23.033205768189646]]], [[[-43.703018122819685, -22.98778076814733], [-43.705952122822396, -22.987339768146967], [-43.70260812281924, -22.986565768146193], [-43.703018122819685, -22.98778076814733]]], [[[-43.27548412242152, -23.030150268186844], [-43.27806112242388, -23.02863926818543], [-43.27549812242148, -23.028964768185688], [-43.27548412242152, -23.030150268186844]]], [[[-44.62448812367779, -23.058649768213286], [-44.62264912367618, -23.057025268211873], [-44.61976912367345, -23.058327768213076], [-44.62448812367779, -23.058649768213286]]], [[[-44.602278623657185, -23.066314768220423], [-44.604239123659, -23.068284268222328], [-44.60402612365874, -23.066573268220736], [-44.602278623657185, -23.066314768220423]]], [[[-43.95370912305316, -23.024148268181193], [-43.952736123052205, -23.022111768179343], [-43.950738123050314, -23.02488976818188], [-43.95370912305316, -23.024148268181193]]], [[[-44.54604612360481, -23.049641768204992], [-44.546906123605595, -23.048188768203545], [-44.54415512360299, -23.047071268202558], [-44.54604612360481, -23.049641768204992]]], [[[-44.6692081237195, -23.240124768382316], [-44.66861762371889, -23.237993768380306], [-44.667855123718255, -23.239204268381513], [-44.6692081237195, -23.240124768382316]]], [[[-43.96225512306114, -22.944191268106692], [-43.96377212306254, -22.94342876810606], [-43.96187612306073, -22.942276268104933], [-43.96225512306114, -22.944191268106692]]], [[[-43.967389123065914, -22.94272626810539], [-43.966227123064755, -22.944312768106897], [-43.96755912306605, -22.945408268107826], [-43.967389123065914, -22.94272626810539]]], [[[-44.68052012373005, -23.108058768259298], [-44.67862412372824, -23.10971676826091], [-44.68058762373005, -23.109298768260487], [-44.68052012373005, -23.108058768259298]]], [[[-44.58454112364063, -23.211907768356014], [-44.584334123640474, -23.210468768354758], [-44.58168512363795, -23.211015268355254], [-44.58454112364063, -23.211907768356014]]], [[[-43.863594122969175, -22.94450176810699], [-43.86551112297104, -22.94338676810594], [-43.86423212296984, -22.943364268105938], [-43.863594122969175, -22.94450176810699]]], [[[-44.596713123651966, -23.066462768220617], [-44.59405512364947, -23.066488768220665], [-44.596324123651584, -23.067210768221344], [-44.596713123651966, -23.066462768220617]]], [[[-44.68528212373451, -23.08681426823955], [-44.68252112373193, -23.086653268239388], [-44.68413512373343, -23.088566768241208], [-44.68528212373451, -23.08681426823955]]], [[[-44.67189812372203, -23.35448676848887], [-44.67239412372248, -23.356528268490706], [-44.673068123723056, -23.354612768489005], [-44.67189812372203, -23.35448676848887]]], [[[-44.10936112319814, -23.024076268181147], [-44.10898112319774, -23.02195226817912], [-44.108196623197045, -23.022573268179713], [-44.10936112319814, -23.024076268181147]]], [[[-44.676045123725885, -23.13148476828121], [-44.67549112372535, -23.13310326828264], [-44.67670512372649, -23.132388768282], [-44.676045123725885, -23.13148476828121]]], [[[-43.19985362235104, -23.073739268227428], [-43.19761612234902, -23.073449268227137], [-43.199205622350405, -23.07444476822809], [-43.19985362235104, -23.073739268227428]]], [[[-43.1910066223428, -23.029607768186338], [-43.19244112234412, -23.030504768187143], [-43.19247812234414, -23.028964768185688], [-43.1910066223428, -23.029607768186338]]], [[[-43.508193122638204, -23.053867268208933], [-43.50927362263917, -23.05293826820798], [-43.50781412263791, -23.052913768207986], [-43.508193122638204, -23.053867268208933]]], [[[-44.70864512375624, -23.204013268348717], [-44.71021712375773, -23.20432076834902], [-44.70948112375697, -23.203724268348424], [-44.70864512375624, -23.204013268348717]]], [[[-44.719975123766744, -23.358764768492847], [-44.71931712376613, -23.35781076849196], [-44.71911912376595, -23.35895626849299], [-44.719975123766744, -23.358764768492847]]], [[[-43.86515812297068, -22.924319268088198], [-43.865058122970595, -22.92408876808804], [-43.86489012297045, -22.92420476808809], [-43.86515812297068, -22.924319268088198]]]]}}, {"type": "Feature", "id": "RN", "properties": {"id": "RN", "sigla": "RN", "name": "Rio Grande do Norte", "regiao": "Nordeste", "pop_total": 3303305, "qtd_equipes_esf": 2721, "capacidade_pnab": 9847500, "cobertura_pnab_pct": 298.1, "sobrecarga_media": 0.28, "pop_critica": 500218, "pct_pop_critica": 15.14, "n_polos_critica": 47, "hab_por_esf": 1214, "densidade": 62.5}, "geometry": {"type": "Polygon", "coordinates": [[[-38.57003711803918, -6.292553252598736], [-38.57920511804775, -6.279229752586275], [-38.5286261180006, -6.239474252549257], [-38.51937211799202, -6.222641252533549], [-38.526864117999025, -6.192981752505943], [-38.50098611797489, -6.190550752503668], [-38.45733211793424, -6.10762425242649], [-38.440433117918474, -6.096479252416088], [-38.44697811792457, -6.084881752405295], [-38.41284911789285, -6.057926252380184], [-38.3826396178647, -6.051939252374609], [-38.36490911784813, -6.08806425240823], [-38.34702811783154, -6.080306252400987], [-38.34644711783096, -6.066881752388554], [-38.304465617791834, -6.086573252406879], [-38.25884911774938, -6.053384752375905], [-38.24689911773828, -6.002871252328873], [-38.20568161769984, -5.963952752292698], [-38.16445911766152, -5.946137752276059], [-38.163595117660634, -5.92972375226077], [-38.124589117624396, -5.887217752221204], [-38.1185161176187, -5.832440752170214], [-38.046660617551765, -5.729869752074706], [-38.08799611759025, -5.728526752073435], [-38.08253111758518, -5.672149252020859], [-38.03392311753987, -5.636761251987991], [-37.989690617498695, -5.55540575191219], [-37.95119761746287, -5.536563251894677], [-37.932288117445296, -5.50271675186309], [-37.90123111741627, -5.499399751859983], [-37.88853211740445, -5.448962751813042], [-37.86013561737809, -5.406294751773316], [-37.86339111738107, -5.373700251742889], [-37.84712511736598, -5.339633251711234], [-37.782765117305985, -5.294426251669165], [-37.78796911731081, -5.205993251586733], [-37.764611117289064, -5.139227751524572], [-37.72364511725095, -5.069315751459499], [-37.67727711720772, -5.053697751444929], [-37.639995117173044, -4.926017751325958], [-37.251681616811425, -4.831812751238317], [-37.22129611678304, -4.881354251284392], [-37.16679211673227, -4.931742751331285], [-37.133169616701025, -4.937940751337123], [-37.097675116667915, -4.924523751324614], [-37.0384531166128, -4.950669751348983], [-36.96221711654175, -4.919324251319722], [-36.92132111650369, -4.947371751345941], [-36.88125011646639, -4.948613251347069], [-36.79903411638986, -5.038362751430668], [-36.732286116327714, -5.059386751450234], [-36.72270011631872, -5.074964251464735], [-36.70382911630111, -5.064777751455267], [-36.689388616287715, -5.09197475148062], [-36.62825011623079, -5.08874475147752], [-36.6193251162224, -5.075783751465451], [-36.55849211616578, -5.08352375147274], [-36.5014351161127, -5.061173251451919], [-36.36911811598941, -5.090293751478953], [-36.344387115966356, -5.08189125147112], [-36.308092115932595, -5.102468251490336], [-36.28947911591524, -5.087437251476331], [-36.13731061577357, -5.092990251481524], [-36.036257115679405, -5.05049125144194], [-35.98012561562712, -5.041167251433194], [-35.88224811553596, -5.067295251457608], [-35.78371111544425, -5.075350251465125], [-35.635126115305866, -5.121155751507786], [-35.61669211528863, -5.111785751499042], [-35.488782115169556, -5.15797175154205], [-35.388737115076424, -5.256704751633947], [-35.35370611504379, -5.358194751728547], [-35.33928061503036, -5.375648751744734], [-35.320853115013165, -5.376749251745764], [-35.28841261498292, -5.45982275182314], [-35.26076711495716, -5.480399751842356], [-35.24436411494196, -5.557451251914131], [-35.22663211492545, -5.58047425193547], [-35.21821911491759, -5.670783752019588], [-35.19283611489391, -5.698070252045], [-35.204478614904815, -5.740468252084497], [-35.180572114882466, -5.801411752141235], [-35.1795641148816, -5.868369752203648], [-35.1543351148581, -5.883451252217696], [-35.14591411485026, -5.962858252291653], [-35.12860711483415, -5.967352752295824], [-35.10671611481371, -6.00590075233174], [-35.094399114802286, -6.181308752495056], [-35.0719621147814, -6.221412752532387], [-35.03697511474877, -6.235621252545684], [-35.02992511474224, -6.344015252646614], [-35.017825114730954, -6.368210752669142], [-34.99177211470669, -6.372919752673511], [-34.96821811468476, -6.486859752779651], [-35.028220114740634, -6.50512175279664], [-35.057411114767774, -6.52739025281744], [-35.095220114803055, -6.497277252789331], [-35.14542711484978, -6.552282752840597], [-35.16997711487261, -6.557991252845909], [-35.206987114907065, -6.543316752832197], [-35.22265411492174, -6.516051252806847], [-35.23202611493048, -6.531375752821077], [-35.27339711496893, -6.543087252832038], [-35.336442115027694, -6.541625752830669], [-35.40042511508727, -6.491203252783748], [-35.52497111520324, -6.475697252769237], [-35.56446961524, -6.491378752783817], [-35.59986211527303, -6.460209752754849], [-35.65983811532885, -6.44487925274052], [-35.710930115376414, -6.470693752764646], [-35.77292761543424, -6.482430752775485], [-35.97731761562454, -6.48850575278118], [-36.005019115650384, -6.480653252773891], [-36.012955115657746, -6.454640752749697], [-36.07968311571983, -6.404789752703209], [-36.11107711574914, -6.428642252725467], [-36.249440115877974, -6.436960252733229], [-36.25083111587924, -6.404023752702528], [-36.29488911592034, -6.394160752693324], [-36.296007115921384, -6.370010752670851], [-36.27814511590475, -6.348958252651187], [-36.279541115906, -6.308462752613536], [-36.295679115921075, -6.290840752597092], [-36.307259115931856, -6.281099752588034], [-36.362272115983046, -6.309579752614582], [-36.394229116012866, -6.293575752599622], [-36.42997261604614, -6.361856252663188], [-36.499514116110845, -6.357765752659475], [-36.530637116139815, -6.451671752746847], [-36.52551311613513, -6.500761252792586], [-36.482297116094855, -6.519138252809739], [-36.47804311609093, -6.540283752829396], [-36.44306111605829, -6.560277252847982], [-36.436203116051956, -6.626454252909639], [-36.46018411607429, -6.633992752916697], [-36.47314711608635, -6.614006252898093], [-36.511323116121844, -6.594012752879394], [-36.52420811613388, -6.599251752884356], [-36.55854611616587, -6.708706252986303], [-36.5044191161154, -6.753536753028015], [-36.50515811611615, -6.808421753079188], [-36.54333311615164, -6.841695753110116], [-36.56946011617606, -6.847605753115658], [-36.56760511617426, -6.874394253140622], [-36.609459116213316, -6.936434253198399], [-36.688926116287234, -6.926553753189182], [-36.715535116312026, -6.982154753240934], [-36.76620711635928, -6.935463753197496], [-36.729861616325366, -6.835994253104786], [-36.76912861636197, -6.838345753106978], [-36.77239211636504, -6.786663253058919], [-36.83469211642307, -6.730668753006739], [-36.90787211649115, -6.755758253030081], [-36.956796616536735, -6.790076253062011], [-36.95232511653262, -6.774750753047783], [-36.97154761655054, -6.765081253038716], [-36.97728311655578, -6.721453752998173], [-37.00325311658003, -6.709211252986734], [-37.05908411663199, -6.749022753023837], [-37.12859611669671, -6.765575253039174], [-37.190332116754234, -6.824963753094494], [-37.2342591167951, -6.824233753093836], [-37.25480311681429, -6.810659753081268], [-37.25698611681628, -6.779994253052678], [-37.27360811683184, -6.766388753040019], [-37.263579616822426, -6.731767753007716], [-37.28982611684694, -6.71264275298995], [-37.28337511684094, -6.693514252972136], [-37.484357117028026, -6.709635752987083], [-37.465848117010864, -6.659558752940484], [-37.48278611702665, -6.550010752838489], [-37.46438211700945, -6.532263752821905], [-37.415368116963805, -6.531480752821267], [-37.39654911694629, -6.513807752804723], [-37.38090311693168, -6.436710752732893], [-37.39578211694561, -6.400745752699436], [-37.36301161691506, -6.32176825262593], [-37.33008311688445, -6.30593025261112], [-37.31959811687466, -6.280161252587163], [-37.27438611683249, -6.281027752587988], [-37.25118661681097, -6.226061252536738], [-37.201241116764436, -6.205305752517461], [-37.19260411675634, -6.182683252496417], [-37.16534411673092, -6.169977752484556], [-37.1565831167228, -6.152091252467926], [-37.174756116739786, -6.141786252458246], [-37.17359211673863, -6.047620252370621], [-37.25345411681303, -6.026173252350645], [-37.272137116830436, -6.055307252377702], [-37.297669116854195, -6.049158252371967], [-37.35409261690677, -6.086089752406451], [-37.38513111693567, -6.087908752408111], [-37.391842116941916, -6.107777252426558], [-37.44535111699179, -6.11180625243037], [-37.45860511700414, -6.144605752460961], [-37.53600811707622, -6.152438752468242], [-37.53965211707953, -6.165533752480428], [-37.56927711710716, -6.155042252470594], [-37.64636761717895, -6.188995752502251], [-37.708652117236966, -6.176607252490726], [-37.74202861726803, -6.188579252501881], [-37.775271117298985, -6.230946752541286], [-37.762427117287075, -6.234939752545074], [-37.77626811729999, -6.245477752554848], [-37.760171117284926, -6.253693252562471], [-37.771077117295135, -6.272667752580219], [-37.75731811728224, -6.290375252596618], [-37.81007611733139, -6.291260752597509], [-37.8236851173441, -6.305635752610897], [-37.813968117335094, -6.313552252618251], [-37.84285011736199, -6.332689752636043], [-37.83391411735363, -6.341987752644741], [-37.841185117360396, -6.362632752664013], [-37.85948211737741, -6.374478752675032], [-37.88787911740394, -6.363971752665179], [-37.88590261740205, -6.396602252695629], [-37.927770117441014, -6.42119475271852], [-37.945091117457196, -6.422221752719452], [-37.9550491174665, -6.397810252696672], [-37.97873711748855, -6.426295252723207], [-38.01450111752183, -6.428376752725171], [-38.0123791175198, -6.467875252761928], [-38.04072611754623, -6.470774752764669], [-38.049680117554544, -6.441596252737554], [-38.1152901176157, -6.521289252811698], [-38.13516911763418, -6.51807725280878], [-38.147534117645705, -6.491088752783639], [-38.19138011768655, -6.498187252790217], [-38.23887911773079, -6.47989925277318], [-38.28837011777682, -6.505218752796736], [-38.32963411781532, -6.459389252754022], [-38.37332611785598, -6.45538325275038], [-38.3985921178795, -6.409739752707878], [-38.42570311790473, -6.413725752711571], [-38.451066617928404, -6.392516252691735], [-38.48589511796081, -6.398353752697176], [-38.489415117964086, -6.363051252664377], [-38.458048117934936, -6.32981625263335], [-38.50508211797876, -6.356112252657908], [-38.53350611800522, -6.341592752644374], [-38.54472511801566, -6.353360252655307], [-38.57673511804546, -6.347030252649461], [-38.57003711803918, -6.292553252598736]]]}}, {"type": "Feature", "id": "RO", "properties": {"id": "RO", "sigla": "RO", "name": "Rondônia", "regiao": "Norte", "pop_total": 1581196, "qtd_equipes_esf": 1298, "capacidade_pnab": 4737500, "cobertura_pnab_pct": 299.6, "sobrecarga_media": 0.3, "pop_critica": 161574, "pct_pop_critica": 10.22, "n_polos_critica": 14, "hab_por_esf": 1218, "densidade": 6.7}, "geometry": {"type": "Polygon", "coordinates": [[[-66.80970014433944, -9.817660755881661], [-66.78002464431177, -9.790991755856908], [-66.7748121443069, -9.752705755821239], [-66.72483814426039, -9.755686755823945], [-66.60889814415248, -9.66451425573905], [-66.58575564413081, -9.673173755747143], [-66.50006414405107, -9.633178755709878], [-66.49436614404578, -9.60119825568006], [-66.39186514395033, -9.500094755585906], [-66.3895041439481, -9.455245255544128], [-66.41417314397108, -9.42156525551286], [-66.40831014396565, -9.406562255498784], [-66.37422814393392, -9.425981755516887], [-66.3183681438818, -9.41957925551094], [-66.30694864387124, -9.436461255526638], [-66.28363814384954, -9.431778755522373], [-66.28989114385536, -9.412109755504048], [-66.26725614383429, -9.409379255501449], [-66.24286714381151, -9.429002255519777], [-66.17308514374656, -9.43403375552441], [-66.11567914369311, -9.408599755500745], [-66.05919264364047, -9.417833255509322], [-66.03397864361693, -9.400247755492956], [-65.96975414355722, -9.412775255504584], [-65.91208764350347, -9.483364755570392], [-65.88036214347392, -9.487079755573859], [-65.84606214344194, -9.516025755600822], [-65.84770314344348, -9.531938755615556], [-65.8245306434219, -9.529705755613577], [-65.8174811434153, -9.561869755643443], [-65.79097614339071, -9.585259255665278], [-65.77016914337128, -9.564969755646416], [-65.75600314335816, -9.568568755649721], [-65.74978114335227, -9.553237255635395], [-65.72300314332733, -9.558671255640547], [-65.68045314328776, -9.500021755585863], [-65.67889014328625, -9.451007255540276], [-65.64934014325877, -9.446885755536414], [-65.59623114320925, -9.41347975550525], [-65.50600614312532, -9.447311755536816], [-65.49225814311251, -9.473277755560957], [-65.46733714308925, -9.458904755547564], [-65.45611414307882, -9.470133755558095], [-65.43417214305839, -9.465946255554172], [-65.45605714307874, -9.400823255493492], [-65.44647514306985, -9.315990755414532], [-65.38466814301228, -9.337644755434667], [-65.24611864288329, -9.257277755359837], [-65.2074831428472, -9.285247755385853], [-65.20841364284809, -9.309257755408225], [-65.18778414282895, -9.344466755440976], [-65.19561564283617, -9.374876255469303], [-65.17300214281511, -9.385062255478829], [-65.1840816428255, -9.426603755517476], [-65.14233914278657, -9.446426255535926], [-65.09730814274462, -9.432128755522626], [-65.09175014273944, -9.4089997555011], [-65.05300514270334, -9.40175625549432], [-65.03513914268672, -9.374429755468896], [-65.03876714269018, -9.359195255454779], [-65.00530564265898, -9.343142755439771], [-65.01216614266536, -9.328291255425938], [-64.99997514265397, -9.30422775540353], [-64.96233914261893, -9.292391255392545], [-64.93553714259394, -9.255425255358091], [-64.91914314257872, -9.219894255325016], [-64.93938914259752, -9.124180255235842], [-64.91513964257501, -9.07422925518938], [-64.91672714257652, -9.042756255160043], [-64.89355914255486, -9.043316755160504], [-64.83878514250387, -8.993726255114325], [-64.78342464245236, -8.988884755109893], [-64.7606406424311, -9.020197755138952], [-64.7062201423804, -8.989409755110387], [-64.68281214235867, -8.993231755113925], [-64.6708381423474, -9.014410755133667], [-64.64099964231968, -9.006261255125992], [-64.61053614229127, -9.016065755135173], [-64.54958614223449, -8.977886255099634], [-64.4460366421381, -8.97648475509834], [-64.32286414202338, -8.928475255053627], [-64.30903214201055, -8.934105755058795], [-64.32553514202584, -8.979445755101096], [-64.31078214201216, -8.996084755116499], [-64.23266914193937, -8.991921755112685], [-64.14289814185577, -8.953145755076548], [-64.15766764186958, -8.842781754973771], [-64.12892314184273, -8.804777254938358], [-64.14422664185702, -8.776061754911666], [-64.14253214185544, -8.742645754880527], [-64.12405914183819, -8.716328754856022], [-64.09423164181044, -8.727977754866856], [-64.06686014178501, -8.710340254850394], [-64.02733414174816, -8.715281254855086], [-64.0349471417552, -8.69317275483445], [-63.9905601417139, -8.617029254763565], [-63.98567514170941, -8.58524925473398], [-63.972006141696625, -8.582067754730929], [-63.94542014167189, -8.609100254756186], [-63.92194814164998, -8.566992754716921], [-63.945086141671595, -8.55011325470116], [-63.943254141669854, -8.526220254678947], [-63.973968641698434, -8.486854254642253], [-63.94030414166707, -8.451880254609705], [-63.95319264167915, -8.427581754587095], [-63.977361141701635, -8.419749254579756], [-63.94483914167131, -8.38744175454974], [-63.94358064167011, -8.33079975449698], [-63.910302141639136, -8.328140754494484], [-63.89439314162439, -8.301644754469748], [-63.86695314159874, -8.288934254458013], [-63.78106214151876, -8.32885575449518], [-63.72222914146403, -8.24911475442093], [-63.746502141486644, -8.19819975437349], [-63.692889141436694, -8.157965254335977], [-63.6619161414078, -8.100788254282747], [-63.66646814141211, -8.081219754264566], [-63.626087141374455, -8.04080175422689], [-63.62025714136905, -7.968912254159932], [-62.86749314066799, -7.975492254166056], [-62.83230564063524, -7.99398825418325], [-62.80947014061394, -8.024956254212157], [-62.743436140552376, -8.04491375423072], [-62.691761140504354, -8.09251925427509], [-62.672501640486416, -8.144926254323877], [-62.68613664049906, -8.17338975435041], [-62.65936164047412, -8.199249254374422], [-62.64941914046483, -8.236639754409225], [-62.56139314038285, -8.283621754453065], [-62.55100014037316, -8.357808754522125], [-62.53903114036211, -8.357723754521999], [-62.525609140349616, -8.382669254545249], [-62.464949140293015, -8.339354254504883], [-62.43172214026208, -8.371641754534949], [-62.36455714019962, -8.390636254552646], [-62.36552614020047, -8.49317475464818], [-62.336832640173725, -8.516251754669725], [-62.325279140162934, -8.563319754713461], [-62.34055814017722, -8.602442254749917], [-62.28077914012158, -8.638202754783265], [-62.29275814013272, -8.595603754743593], [-62.268363140109955, -8.575371754724756], [-62.187864140035, -8.59017225473849], [-62.17611814002407, -8.636532254781741], [-62.200005640046356, -8.643905254788592], [-62.164562140013345, -8.679005754821219], [-62.17124814001954, -8.694686754835857], [-62.148277139998186, -8.717921254857515], [-62.154506140003946, -8.739253754877382], [-62.124446639975986, -8.801282754935073], [-62.03053813988845, -8.799321754933317], [-62.020809139879475, -8.8232092549556], [-62.00174463986173, -8.832309254964002], [-61.98469813984582, -8.8782182550068], [-61.9134506397794, -8.87695175500562], [-61.90247713976919, -8.862503254992134], [-61.85952613972927, -8.852696754982958], [-61.860501139730104, -8.803225754936989], [-61.84277763971363, -8.779021254914369], [-61.83597813970732, -8.732333754870865], [-61.77408313964963, -8.747839754885376], [-61.73960663961759, -8.709477254849617], [-61.7413321396192, -8.694804754836014], [-61.71275213959257, -8.687464254829138], [-61.70483913958515, -8.70713825484745], [-61.67305913955556, -8.704628254845147], [-61.63003313951549, -8.721568754860868], [-61.62903113951461, -8.752566754889813], [-61.605506139492604, -8.79432575492865], [-61.520306139413265, -8.821196254953634], [-61.510970639404604, -8.863252254992858], [-61.467972639364575, -8.91697875504292], [-61.49250413938739, -8.942159755066314], [-61.55522113944585, -9.09201325520587], [-61.55484713944543, -9.131106755242286], [-61.519097639412166, -9.194807755301667], [-61.52433063941703, -9.24246525534602], [-61.57453413946382, -9.23675575534071], [-61.63195213951724, -9.263900755365967], [-61.626884139512526, -9.283107755383867], [-61.61147013949824, -9.280311255381207], [-61.625393139511175, -9.362620755457897], [-61.61172513949839, -9.355544255451377], [-61.55216913944298, -9.387030755480623], [-61.56083813945099, -9.397036755489921], [-61.550074139440994, -9.417357755508874], [-61.58119613946997, -9.45873525554748], [-61.578119639467104, -9.471220255559047], [-61.525279139417876, -9.501406255587199], [-61.5490311394401, -9.514825255599703], [-61.52658963941917, -9.53287475561649], [-61.51292013940645, -9.528138755612076], [-61.509836139403546, -9.564699755646075], [-61.49427913938905, -9.582074255662292], [-61.50249813939672, -9.614953755692909], [-61.476585639372615, -9.625888755703158], [-61.49353713938842, -9.658988755733958], [-61.50636013940027, -9.661562755736327], [-61.50474913939877, -9.690989255763725], [-61.53189513942414, -9.711384255782718], [-61.574114139463404, -9.717399755788279], [-61.530979139423266, -9.739519255808887], [-61.546833139438036, -9.787148255853253], [-61.52438963941711, -9.795337255860886], [-61.531592139423765, -9.819365255883326], [-61.51772213941092, -9.822628755886285], [-61.50866413940241, -9.891201755950192], [-61.52444613941714, -9.906182755964096], [-61.52280713941559, -9.948093256003176], [-61.53889213943057, -9.963705756017703], [-61.527449639419956, -9.970037256023602], [-61.53066613942292, -9.989457256041646], [-61.555337139445896, -10.03855775608747], [-61.58383863947245, -10.059216256106652], [-61.578173639467195, -10.078850756125007], [-61.60070013948814, -10.149696756190906], [-61.59628113948406, -10.161981756202408], [-61.561941139452074, -10.171502256211284], [-61.55119513944203, -10.197380756235361], [-61.57348113946284, -10.208564256245722], [-61.57708613946613, -10.226184256262172], [-61.571396639460886, -10.258851756292643], [-61.54356313943492, -10.30059875633151], [-61.55281113944352, -10.30661025633708], [-61.53321313942536, -10.331487756360275], [-61.51564113940901, -10.334041256362639], [-61.49653113939121, -10.389185256413953], [-61.47097863936733, -10.404746256428439], [-61.475647139371745, -10.418037256440812], [-61.46125813935828, -10.419509756442267], [-61.480279139375966, -10.487351756505404], [-61.47853313937435, -10.529477256544624], [-61.46578513936254, -10.540816256555217], [-61.489058139384156, -10.62940675663765], [-61.479920139375736, -10.65897975666519], [-61.498293139392786, -10.69954175670307], [-61.47186963936815, -10.714575756717068], [-61.48786263938314, -10.736080256737068], [-61.473309139369576, -10.797114756793917], [-61.485504639380906, -10.800214256796835], [-61.49498013938967, -10.78210975677996], [-61.51056013940422, -10.794418256791346], [-61.50289713939708, -10.808047756804058], [-61.52633363941891, -10.885295756875962], [-61.51378113940723, -10.906989256896168], [-61.51898313941206, -10.949300256935658], [-61.52956313942195, -10.978621256962924], [-61.54973313944072, -10.985696256969504], [-60.459531138425405, -10.989456256972971], [-60.43741813840484, -11.016285256998003], [-60.44607663841282, -11.041752757021754], [-60.41359113838257, -11.043084757022939], [-60.413865638382845, -11.06706975704526], [-60.39103413836153, -11.093391757069867], [-60.347447138320945, -11.108636257084072], [-60.347913638321415, -11.07364225705146], [-60.334026138308445, -11.082489257059706], [-60.300726638277524, -11.056751257035671], [-60.28183313825991, -11.063615257042102], [-60.27047613824925, -11.098293257074374], [-60.23833413821933, -11.094541257070887], [-60.198477138182284, -11.113693257088698], [-60.15877213814531, -11.095255757071527], [-60.095674138086565, -11.110386757085621], [-60.08373013807534, -11.096442757072623], [-60.06619713805901, -11.125106757099388], [-60.03692313803174, -11.116952257091725], [-60.025726138021355, -11.130332257104214], [-60.015228638011536, -11.115879257090796], [-59.99483013799261, -11.124773257099037], [-59.98633413798473, -11.114116257089108], [-59.979426137978294, -11.13940075711264], [-59.9972551379949, -11.150957757123479], [-59.96350563796341, -11.188713757158553], [-59.98061313797939, -11.203360257172221], [-59.97917313797802, -11.239127257205496], [-59.95895163795922, -11.294331257257], [-59.9272581379297, -11.310032757271529], [-59.916677137919805, -11.3380317572977], [-59.920118137923055, -11.39760525735312], [-59.94425013794546, -11.431916257385069], [-59.97572513797479, -11.438819257391515], [-59.98489113798337, -11.468939257419606], [-60.017451638013654, -11.495631757444471], [-60.030721138026024, -11.492768757441809], [-60.02745063802297, -11.507498257455495], [-60.056948138050416, -11.541693757487337], [-60.09026313808147, -11.554476257499232], [-60.086697638078135, -11.5677242575116], [-60.10109213809153, -11.576957257520121], [-60.09392313808485, -11.585478757528108], [-60.11362113810321, -11.587088757529614], [-60.12114513811025, -11.711699757645647], [-60.10056513809104, -11.780216757709468], [-60.10797813809802, -11.792714257721173], [-60.095308138086125, -11.799386257727292], [-60.10825263809818, -11.839175257764396], [-60.10061513809114, -11.835003757760546], [-60.095731138086535, -11.858445757782306], [-60.08280513807449, -11.858084257782025], [-60.07611213806831, -11.8848852578069], [-60.06000513805327, -11.894600757815965], [-60.011559138008124, -11.892635257814163], [-59.98528013798375, -11.911674757831861], [-59.98647363798477, -11.959685257876572], [-59.9708401379703, -11.969540257885797], [-59.97906413797796, -11.990880757905643], [-59.96606113796577, -12.00675675792047], [-59.97883613797774, -12.029144257941311], [-59.89928613790357, -12.116816758022992], [-59.90905713791267, -12.180951758082642], [-59.891813137896634, -12.245047258142336], [-59.77383563778676, -12.34054775823131], [-59.79242413780412, -12.345374758235835], [-59.832032137841, -12.400991258287604], [-59.84745713785537, -12.471643758353366], [-59.86796913787441, -12.481956758363026], [-59.89674313790124, -12.470781758352587], [-59.934707137936584, -12.486675758367369], [-59.97288713797218, -12.52995825840776], [-60.000422137997816, -12.535818258413201], [-60.02612313802172, -12.561220758436889], [-60.034037138029134, -12.594565758467866], [-60.0682166380609, -12.615589758487431], [-60.06253413805564, -12.641423258511509], [-60.077562638069594, -12.664142258532706], [-60.09017013808136, -12.736245758599807], [-60.07411713806641, -12.772947758634018], [-60.07859313807057, -12.88073325873438], [-60.11664513810604, -12.959145758807495], [-60.18875713817317, -12.970734258818197], [-60.21477113819742, -13.026571258870263], [-60.282470138260464, -13.080142758920147], [-60.28009413825828, -13.135209258971372], [-60.267984138247016, -13.144561258980161], [-60.303860138280356, -13.178978759012125], [-60.327926138302814, -13.229876759059607], [-60.32511513830025, -13.252852759080952], [-60.36339813833581, -13.297481259122492], [-60.37906213835038, -13.374824259194611], [-60.371342138343266, -13.408455759225944], [-60.387395138358215, -13.454285259268545], [-60.41100513838023, -13.461246759275014], [-60.43147713839926, -13.488024759299947], [-60.50070213846368, -13.498071259309313], [-60.57711913853484, -13.564817259371466], [-60.63167413858571, -13.571289759377578], [-60.64064763859403, -13.596129759400696], [-60.68550363863585, -13.624818259427343], [-60.69648513864604, -13.666089759465876], [-60.7162811386645, -13.681805259480484], [-60.70878213865751, -13.692591759490483], [-60.769012138713606, -13.683795259482281], [-60.77362263871794, -13.660841759460936], [-60.81021013875193, -13.653324759453994], [-60.828063138768584, -13.629090759431392], [-60.879313138816315, -13.617117759420239], [-60.92022813885444, -13.568535759374981], [-60.92250813885653, -13.540445759348813], [-60.95050863888264, -13.551473759359055], [-60.97161513890228, -13.536557759345214], [-61.00509613893348, -13.549870759357646], [-61.011893638939796, -13.527773259336982], [-60.99717513892608, -13.527195259336509], [-61.00848213893664, -13.505994759316764], [-60.98780813891733, -13.499915259311024], [-61.01439813894217, -13.4871272592992], [-61.04645713897196, -13.48426875929647], [-61.05045213897574, -13.494977259306438], [-61.03498263896131, -13.5006157593117], [-61.059845638984484, -13.51144175932177], [-61.08977963901236, -13.491729759303439], [-61.10565213902714, -13.531254259340244], [-61.125428639045595, -13.519492259329354], [-61.13909213905822, -13.528574759337744], [-61.13792813905718, -13.51194925932225], [-61.146427139065054, -13.531553759340568], [-61.1835411390997, -13.507487259318168], [-61.193760139109145, -13.536038759344706], [-61.23300513914569, -13.5246147593341], [-61.24781613915957, -13.495865259307266], [-61.27984113918933, -13.50522075931599], [-61.295784139204216, -13.477417259290064], [-61.30837013921587, -13.503636759314531], [-61.33583913924156, -13.505160759315913], [-61.34998713925472, -13.520748759330445], [-61.38926013929131, -13.519359759329177], [-61.40447913930541, -13.539290259347695], [-61.46939413936593, -13.554842259362204], [-61.57190013946138, -13.518163759328104], [-61.57619763946536, -13.488213759300152], [-61.607484139494545, -13.511283259321658], [-61.62265113950866, -13.496307259307741], [-61.62229113950832, -13.514210259324386], [-61.64453613952901, -13.506407259317143], [-61.65092213953494, -13.51830325932815], [-61.69531413957634, -13.500034259311178], [-61.702514139582945, -13.51470875932489], [-61.734179639612535, -13.518215259328144], [-61.730285139608895, -13.526135759335489], [-61.757263139634006, -13.523790759333338], [-61.75681613963354, -13.540166759348608], [-61.776063139651455, -13.517350259327259], [-61.78433613965922, -13.536684759345349], [-61.81659263968925, -13.527028759336304], [-61.810726139683766, -13.539823259348282], [-61.820646139693054, -13.533409759342248], [-61.84056313971155, -13.548506259356373], [-61.839812639710885, -13.526558759335899], [-61.86061913973026, -13.534992759343709], [-61.88267813975074, -13.4968912593082], [-61.89245613975993, -13.430519759246408], [-61.91381413977979, -13.433325259249045], [-61.93984513980399, -13.407446759224968], [-61.97009113983222, -13.40576825922335], [-61.96181313982447, -13.390738259209343], [-61.97678713983839, -13.387671759206569], [-61.97084363983288, -13.373841759193624], [-62.00001413986001, -13.370562759190648], [-62.01315213987232, -13.330053759152861], [-62.03218013988999, -13.333229259155814], [-62.05637613991257, -13.31136825913552], [-62.05642613991256, -13.287794259113525], [-62.08376113993802, -13.289901259115481], [-62.115152139967336, -13.258058259085828], [-62.11467613996683, -13.163274758997545], [-62.128179139979466, -13.147972258983259], [-62.149482139999236, -13.162817758997107], [-62.16995214001838, -13.113516758951164], [-62.180929140028525, -13.117355758954773], [-62.17767414002549, -13.142610758978321], [-62.19040114003735, -13.153424258988366], [-62.21425614005955, -13.110938758948805], [-62.24286614008622, -13.116931258954423], [-62.245397140088585, -13.144757258980349], [-62.27612364011725, -13.1457762589813], [-62.27165064011308, -13.155446758990252], [-62.31623914015461, -13.134062758970344], [-62.32089614015888, -13.151669258986772], [-62.32998214016732, -13.139576258975467], [-62.340479140177194, -13.14951025898472], [-62.34500914018133, -13.136730258972875], [-62.391509140224684, -13.1343442589706], [-62.398845140231515, -13.112981258950754], [-62.4134571402451, -13.127976758964678], [-62.4364551402665, -13.08016425892015], [-62.45692414028565, -13.086268258925884], [-62.45348014028241, -13.06438825890541], [-62.471511140299185, -13.0784812589186], [-62.4784026403056, -13.057043258898602], [-62.48251314030938, -13.075716758915974], [-62.50209564032764, -13.082758258922581], [-62.523284140347414, -13.065098258906119], [-62.54662514036909, -13.07358875891407], [-62.61203814043006, -13.040891258883562], [-62.61359814043146, -13.025834258869509], [-62.599676140418524, -13.016345258860724], [-62.62870114044563, -13.015851258860266], [-62.63092814044762, -12.989811758836026], [-62.65164864046699, -12.988929758835184], [-62.650288140465705, -12.965176758813072], [-62.6980421405101, -13.002411758847757], [-62.72462414053496, -13.00085075884624], [-62.728623140538616, -13.020362258864452], [-62.74637314055519, -12.99850575884409], [-62.75587264056401, -13.016787258861086], [-62.77856114058511, -13.009169758854], [-62.80633414061106, -12.967698758815459], [-62.80542814061016, -12.940223258789842], [-62.82245614062606, -12.933366258783394], [-62.84531064064731, -12.948314258797382], [-62.8425911406448, -12.926717758777272], [-62.869673640670044, -12.91021375876187], [-62.892620140691406, -12.876715758730711], [-62.891619640690465, -12.858437758713649], [-62.92081814071764, -12.840458258696913], [-62.946958140742026, -12.8582207587134], [-62.95889714075304, -12.846695258702766], [-62.975727140768754, -12.85947525871461], [-62.98289614077544, -12.84373175869996], [-63.00869514079943, -12.837380258693997], [-63.00798064079879, -12.81039475866885], [-63.02078364081069, -12.805036258663904], [-63.04668064083489, -12.740283758603596], [-63.08072114086656, -12.723677258588168], [-63.080005140865865, -12.703443258569337], [-63.060844140848076, -12.68613725855323], [-63.09520214088002, -12.68326425855048], [-63.092927640877974, -12.657556758526539], [-63.13636014091833, -12.647526258517246], [-63.15459564093533, -12.616041758487881], [-63.16714564094707, -12.624203758495469], [-63.16156564094183, -12.638815258509112], [-63.19248814097068, -12.623298258494628], [-63.19232364097047, -12.651092758520576], [-63.24322714101788, -12.660171258528976], [-63.23114714100666, -12.682412258549675], [-63.23848314101349, -12.690602758557361], [-63.295007141066094, -12.681455258548795], [-63.349760641117086, -12.656300258525448], [-63.36881364113481, -12.659184758528113], [-63.401757641165545, -12.633604258504306], [-63.4093931411727, -12.610681258482941], [-63.43984564120103, -12.60580875847836], [-63.42537364118755, -12.596204758469412], [-63.43414864119575, -12.565439758440789], [-63.501200141258096, -12.566923258442102], [-63.551337641304826, -12.507226258386595], [-63.62157514137027, -12.472476258354163], [-63.78576314152315, -12.427544758312365], [-63.83342964156759, -12.463029758345442], [-63.88462164161524, -12.445981258329539], [-63.900172141629696, -12.505619758385023], [-63.95716114168283, -12.530828758408575], [-63.99534114171831, -12.502837758382498], [-64.00875814173082, -12.517568258396182], [-64.019675141741, -12.507787758387053], [-64.0396196417596, -12.514740258393545], [-64.05945514177802, -12.490557258371041], [-64.08328514180027, -12.500322258380152], [-64.09165114180803, -12.483576758364507], [-64.12203914183635, -12.505350758384793], [-64.13450164184792, -12.476069258357484], [-64.16406514187554, -12.51396875839282], [-64.17164914188254, -12.4667487583489], [-64.1962321419054, -12.472444758354186], [-64.23109214193789, -12.45468675833763], [-64.29034814199315, -12.501008258380807], [-64.29219714199485, -12.458835758341479], [-64.40037514209553, -12.448621758332024], [-64.45948264215065, -12.386752258274328], [-64.50025114218863, -12.365128758254173], [-64.51245664219994, -12.34740775823775], [-64.49231614218115, -12.2938622581878], [-64.50576064219376, -12.227299258125868], [-64.54655714223168, -12.24231275813986], [-64.57527214225843, -12.214916758114327], [-64.61567514229614, -12.21432025811373], [-64.71240014238617, -12.173183758075425], [-64.71725614239074, -12.142070258046488], [-64.69709114237196, -12.095696758003328], [-64.71242714238622, -12.085985757994195], [-64.73780014240981, -12.099454258006745], [-64.73600764240814, -12.138116258042828], [-64.75178614242282, -12.157487758060824], [-64.76856414243844, -12.143287758047563], [-64.75695814242772, -12.111909258018386], [-64.76520864243537, -12.09591075800347], [-64.8004521424682, -12.085688757993921], [-64.82565414249166, -12.121575258027406], [-64.84161814250649, -12.10721125801399], [-64.80892564247608, -12.058695757968849], [-64.83771414250293, -12.01113375792454], [-64.91648014257623, -12.027986757940198], [-64.94784414260539, -11.993031757907715], [-64.9745921426304, -12.01833375793126], [-65.00000964265405, -11.992976257907571], [-65.03148014268334, -11.99468425790917], [-65.02520614267746, -11.970349257886596], [-65.04148414269264, -11.961276257878126], [-65.01440014266745, -11.900510757821507], [-65.0701491427194, -11.868713757791852], [-65.05917914270913, -11.790282757718842], [-65.08759414273561, -11.70898475764318], [-65.18242714282394, -11.721309257654639], [-65.17295314281512, -11.750578257681923], [-65.18475914282612, -11.756186757687146], [-65.26009014289627, -11.706479257640808], [-65.21736714285646, -11.651693257589727], [-65.23398014287193, -11.570052757513736], [-65.21137114285091, -11.530095257476546], [-65.22445714286312, -11.516052757463399], [-65.3043731429375, -11.501206257449667], [-65.3348651429659, -11.354552257313003], [-65.32873114296012, -11.340041257299504], [-65.29126214292523, -11.323769257284425], [-65.34546964297579, -11.30463175726652], [-65.36078614299004, -11.250962757216598], [-65.36015214298948, -11.222926257190466], [-65.31814414295036, -11.199024757168218], [-65.32403514295584, -11.186640757156624], [-65.35031614298032, -11.185999257156027], [-65.36222764299134, -11.13740925711079], [-65.32753264295911, -11.1045637570802], [-65.2857811429202, -11.091814257068336], [-65.28031214291514, -11.063190757041639], [-65.30070514293402, -11.031737257012423], [-65.25031414288719, -10.984154256968054], [-65.28528514291975, -10.927278756915143], [-65.26606764290182, -10.921416256909652], [-65.2750111429101, -10.870768756862503], [-65.32031214295239, -10.821633256816767], [-65.36642014299525, -10.795865256792695], [-65.34467214297501, -10.758572756757985], [-65.34820514297826, -10.672319756677666], [-65.37522814300348, -10.64618975665337], [-65.40370114303005, -10.641873756649261], [-65.41620314304168, -10.61829725662733], [-65.39754364302428, -10.578761756590552], [-65.41975114304489, -10.534136256549004], [-65.41025614303612, -10.508226256524836], [-65.42920164305372, -10.480559256499077], [-65.4228066430478, -10.463930256483536], [-65.38988914301717, -10.447208756468058], [-65.37980964300777, -10.400552756424531], [-65.39125714301838, -10.374047756399932], [-65.32383814295565, -10.300843756331687], [-65.28828514292252, -10.21948175625596], [-65.30648114293945, -10.16460875620487], [-65.30058914293397, -10.098504756143257], [-65.3267816429584, -10.062257256109547], [-65.31950814295158, -10.00056675605208], [-65.33246614296365, -9.943893755999284], [-65.28550264291994, -9.845102755907305], [-65.31997764295204, -9.814143755878376], [-65.35405714298372, -9.723294755793859], [-65.39439364302132, -9.685386755758486], [-65.44625664306966, -9.669308255743545], [-65.44653014306994, -9.696716755769103], [-65.47131214309297, -9.71329675578454], [-65.48603614310673, -9.707471255779069], [-65.4823971431033, -9.72720825579745], [-65.50047514312007, -9.729451755799573], [-65.5015071431211, -9.785449755851687], [-65.51298014313181, -9.792782755858525], [-65.53163464314912, -9.781219755847815], [-65.53875814315575, -9.801577755866674], [-65.56378014317909, -9.809865755874398], [-65.55245164316852, -9.835012755897878], [-65.55981114317535, -9.84427475590644], [-65.59640764320943, -9.841524255903892], [-65.60056314321332, -9.823781755887353], [-65.63003014324079, -9.833993255896871], [-65.63486614324529, -9.804890755869792], [-65.65034064325971, -9.81456025587886], [-65.6436391432535, -9.793752255859431], [-65.6683421432765, -9.780756255847336], [-65.68914314329584, -9.812320255876784], [-65.71000164331531, -9.806931755871688], [-65.69947314330545, -9.787791755853846], [-65.707561143313, -9.765665255833255], [-65.68092264328823, -9.766934255834485], [-65.68442364329144, -9.748621755817453], [-65.72853814333257, -9.759274255827336], [-65.74370014334659, -9.781695755848204], [-65.77211314337308, -9.757800755825997], [-65.76742414336877, -9.735153255804903], [-65.77736414337801, -9.73643925580609], [-65.77481314337558, -9.766467755834014], [-65.79398014339347, -9.791405255857285], [-65.81258364341079, -9.772027255839248], [-65.79933714339847, -9.756285255824537], [-65.81858914341638, -9.755072755823448], [-65.84089764343719, -9.789408755855447], [-65.86011514345512, -9.79475125586032], [-65.87167614346583, -9.788586255854625], [-65.86130964345614, -9.767388755834872], [-65.88536514347857, -9.75209575582062], [-65.90253614349456, -9.76643925583403], [-65.92259014351328, -9.753740255822208], [-65.93349864352342, -9.768542255835996], [-65.94264814353198, -9.759705255827726], [-65.96661314355424, -9.77026425583756], [-65.97358614356074, -9.797528755862913], [-65.96322064355104, -9.802191755867284], [-65.98158964356821, -9.808394255873054], [-65.99919814358464, -9.794021255859661], [-66.02361964360739, -9.811862255876349], [-66.03430764361724, -9.787137255853281], [-66.07056314365104, -9.78391075585023], [-66.08658714366595, -9.789650255855577], [-66.07778314365783, -9.795701755861273], [-66.09297864367193, -9.813608255877966], [-66.09964714367811, -9.78434275585073], [-66.15147614372643, -9.785231755851555], [-66.19450914376648, -9.805922755870824], [-66.18527914375784, -9.821968255885736], [-66.20312064377447, -9.834236255897167], [-66.23711314380614, -9.814210255878493], [-66.25452714382243, -9.832920255895942], [-66.27917014384536, -9.828322255891635], [-66.28564564385135, -9.844331255906582], [-66.31525914387896, -9.83103025589412], [-66.34994614391121, -9.840338755902849], [-66.3590631439198, -9.865764755926534], [-66.4025646439602, -9.86317575592409], [-66.42317414397951, -9.890505755949562], [-66.41175864396882, -9.893555755952434], [-66.42569714398178, -9.899242255957688], [-66.42434214398054, -9.87334125593361], [-66.43525264399068, -9.86562725592637], [-66.4557541440098, -9.87949625593933], [-66.48048414403286, -9.868059755928698], [-66.49425614404561, -9.883971755943435], [-66.50003414405103, -9.874972755935119], [-66.52745114407662, -9.886644755945895], [-66.559000144106, -9.880551755940246], [-66.58178314412714, -9.905482755963476], [-66.62441814416684, -9.89873625595726], [-66.80970014433944, -9.817660755881661]]]}}, {"type": "Feature", "id": "RR", "properties": {"id": "RR", "sigla": "RR", "name": "Roraima", "regiao": "Norte", "pop_total": 659178, "qtd_equipes_esf": 719, "capacidade_pnab": 2543500, "cobertura_pnab_pct": 385.9, "sobrecarga_media": 0.24, "pop_critica": 70916, "pct_pop_critica": 10.76, "n_polos_critica": 7, "hab_por_esf": 917, "densidade": 0.9}, "geometry": {"type": "Polygon", "coordinates": [[[-64.18388814189393, 3.489671756511711], [-64.18527014189522, 3.559946256577177], [-64.27527514197902, 3.661616756671833], [-64.28860864199146, 3.699948756707499], [-64.42805064212132, 3.780226756782326], [-64.48499764217433, 3.787723756789319], [-64.56782914225153, 3.882080756877144], [-64.5797186422626, 3.928619756920511], [-64.67333314234975, 4.004946756991558], [-64.73165914240406, 4.120499757099196], [-64.80999264247703, 4.174940757149898], [-64.82471614249073, 4.239108757209692], [-64.79915914246692, 4.284392257251852], [-64.77999564244908, 4.286888257254191], [-64.68416514235992, 4.239665257210163], [-64.65805414233557, 4.211890257184336], [-64.62305114230298, 4.135220257112906], [-64.55997214224419, 4.101891257081888], [-64.43110514212424, 4.134948257112683], [-64.33498414203473, 4.129389757107447], [-64.28916414199205, 4.144110257121156], [-64.21832714192601, 4.1157792570948], [-64.16388414187531, 4.126607757104921], [-64.11221614182716, 4.091610757072317], [-64.09666114181277, 4.025500257010776], [-64.05027014176949, 3.950496756940879], [-64.03516614175544, 3.934585756926026], [-64.00138214172398, 3.933281756924885], [-63.99666114171964, 3.903834756897481], [-63.97832814170249, 3.900778256894569], [-63.96360814168884, 3.868280256864296], [-63.9277701416554, 3.925221256917325], [-63.849718141582684, 3.950226756940651], [-63.79610664153279, 3.932998256924634], [-63.75471714149421, 3.940503256931606], [-63.73749814147823, 3.928833756920767], [-63.73832614147898, 3.915495756908285], [-63.71249614145495, 3.903553756897168], [-63.7097221414524, 3.913551756906486], [-63.68221814142669, 3.90772275690108], [-63.66277564140864, 3.92161425691404], [-63.6999991414433, 3.944664756935481], [-63.684159141428495, 4.01855375700427], [-63.66027514140626, 4.010230756996521], [-63.591666641342385, 3.9285512569204], [-63.59138214134214, 3.885777756880657], [-63.55415914130742, 3.891332756885845], [-63.551386141304874, 3.865220256861448], [-63.496940141254186, 3.840220756838221], [-63.502494141259376, 3.868282756864346], [-63.49083514124845, 3.873833256869489], [-63.45222414121258, 3.858558256855304], [-63.43416614119576, 3.865222756861499], [-63.43805314119936, 3.883553756878541], [-63.41138914117448, 3.912162256905162], [-63.41722214117999, 3.935217756926704], [-63.43916414120042, 3.937445756928696], [-63.45166414121206, 3.955775256945799], [-63.42832914119026, 3.977444756965951], [-63.39277014115714, 3.98077475696914], [-63.33804814110624, 3.957166756947117], [-63.3122181410821, 3.960782756950493], [-63.31054914108063, 3.982168756970395], [-63.286105141057874, 3.972997756961831], [-63.28027114105237, 3.955502756945521], [-63.20444514098176, 3.951606756941942], [-63.233052641008385, 3.88188625687701], [-63.22610614100199, 3.835775756834096], [-63.20388864098129, 3.811886256811817], [-63.10277714088704, 3.79355475679472], [-63.05860564084594, 3.747724256752008], [-63.06304614085013, 3.705225256712424], [-63.08083164086668, 3.69355775670158], [-63.03194114082112, 3.666056256676029], [-62.990277640782324, 3.612448756626009], [-62.95971814075381, 3.608003756621883], [-62.92860814072492, 3.639670256651357], [-62.918604140715615, 3.672721756682222], [-62.88637914068556, 3.683836756692585], [-62.83527814063791, 3.738833756743816], [-62.80388714060871, 3.729949256735495], [-62.784438640590565, 3.699946756707504], [-62.743329140552305, 3.673556256683014], [-62.7305516405404, 3.708001756715021], [-62.7430511405521, 3.787444756789], [-62.72860614053866, 3.804942756805303], [-62.77082514057793, 3.834393256832755], [-62.75333314056161, 3.849956756847291], [-62.78833014059421, 3.893559256887897], [-62.78610714059221, 3.929668256921445], [-62.761384140569135, 3.941886756932831], [-62.74277514055177, 3.974667256963357], [-62.76194114056966, 3.984390756972402], [-62.768330140575586, 4.006607256993107], [-62.749160140557706, 4.021050757006606], [-62.75305564056134, 4.031612757016433], [-62.60916314042743, 4.044384757028297], [-62.580829140400965, 4.018559257004313], [-62.55527014037716, 4.018555757004265], [-62.561938140383404, 4.036885257021368], [-62.532778140356186, 4.046330757030091], [-62.54110414036404, 4.079106757060686], [-62.5580511403798, 4.080500757061941], [-62.544161140366896, 4.098002257078292], [-62.552213140374306, 4.10910475708863], [-62.52277764034693, 4.117994757096881], [-62.53111014035471, 4.136610757114227], [-62.507777140332905, 4.126886257105184], [-62.498327140324136, 4.142720757119946], [-62.47777414030497, 4.131050257108996], [-62.4647181402928, 4.138829257116299], [-62.454714640283555, 4.156049757132337], [-62.470275140297986, 4.163273757139109], [-62.46222214029058, 4.178274257153021], [-62.38916514022253, 4.178280757153061], [-62.353054140188874, 4.165498757141108], [-62.32915714016656, 4.134943757112637], [-62.29166314013173, 4.141610757118883], [-62.2441621400875, 4.117163257096081], [-62.19666014004315, 4.113271757092434], [-62.193330140040075, 4.098552257078836], [-62.14554663999559, 4.074387257056287], [-62.11388913996609, 4.088279757069245], [-62.11694413996895, 4.117716757096673], [-62.07138663992657, 4.12550075710385], [-62.07638663993123, 4.154106757130535], [-62.02860713988673, 4.150497757127141], [-61.98250013984375, 4.180771757155298], [-61.97471713983646, 4.151327257127946], [-61.93027513979507, 4.103548257083389], [-61.922502139787866, 4.156043257132296], [-61.87277913974151, 4.151607257128148], [-61.86888413973793, 4.172996757148098], [-61.823605139695815, 4.16383025713958], [-61.82138813969368, 4.199937257173247], [-61.80832913968152, 4.202717257175777], [-61.80194063967565, 4.228554757199845], [-61.76360613963993, 4.232438757203454], [-61.774436639649934, 4.2499422572198], [-61.723604139602685, 4.269663757238163], [-61.72527113960416, 4.245215257215364], [-61.67027813955292, 4.26271875723171], [-61.64194113952658, 4.238276257208895], [-61.60777413949472, 4.261326257230394], [-61.59027713947842, 4.244384757214561], [-61.55971713944996, 4.252159757221875], [-61.50777813940158, 4.322167257286992], [-61.52694313941947, 4.342439757305897], [-61.516383639409696, 4.349672257312704], [-61.51305513940656, 4.405767257364914], [-61.48583313938116, 4.410773757369611], [-61.44777263934577, 4.439385757396167], [-61.43527313933407, 4.432713257389992], [-61.44083113933925, 4.42466825738245], [-61.421658639321436, 4.433826757390989], [-61.338053139243584, 4.421046757379145], [-61.31888213922571, 4.430492757387924], [-61.32471563923116, 4.44271775739935], [-61.31277513921998, 4.457995257413586], [-61.28777713919669, 4.457712757413219], [-61.27832963918797, 4.478271257432425], [-61.32174913922836, 4.503774757456199], [-61.32269463922921, 4.535208757485407], [-61.30493763921277, 4.541003257490843], [-61.275521639185285, 4.528287757479006], [-61.269278139179505, 4.539977257489909], [-61.2524431391638, 4.522724757473839], [-61.24383213915587, 4.533834757484215], [-61.21983313913347, 4.522903257474013], [-61.2168056391306, 4.535583257485769], [-61.146267639064945, 4.481997257435864], [-61.09229463901465, 4.522752757473882], [-60.99582813892482, 4.517715757469205], [-60.98332763891324, 4.542720257492419], [-60.95749913888915, 4.550769757499893], [-60.95582313888758, 4.584380257531279], [-60.93166513886513, 4.586606757533332], [-60.94915813888133, 4.652991757595146], [-60.916659638851115, 4.665215757606575], [-60.899440138835075, 4.716606757654404], [-60.852496138791366, 4.703823757642454], [-60.83138213877169, 4.727987757665005], [-60.81166563875331, 4.731603257668326], [-60.80610713874819, 4.748551257684085], [-60.751104138696974, 4.755769257690872], [-60.72055813866848, 4.778823757712303], [-60.71916613866722, 4.799942257732027], [-60.658609138610814, 4.849381757778019], [-60.65193713860458, 4.884939757811139], [-60.628330138582555, 4.889106757815057], [-60.6155541385707, 4.918268757842156], [-60.591386638548215, 4.927157757850523], [-60.58361213854096, 4.956048757877397], [-60.59861113855493, 4.999654757918051], [-60.64388763859711, 5.057154757971603], [-60.64039163859377, 5.110075758020798], [-60.65555663860789, 5.114653258025101], [-60.66071613861277, 5.164046258071153], [-60.6861681386365, 5.194626258099561], [-60.73583113868267, 5.202160258106574], [-60.7227751386705, 5.220208758123363], [-60.650276138602976, 5.230487758132995], [-60.624446138578946, 5.21548575811903], [-60.594441638551075, 5.219935258123201], [-60.56888313852721, 5.196047258100862], [-60.545277138505185, 5.194376258099396], [-60.52666713848794, 5.208262258112313], [-60.45138413841778, 5.203265258107649], [-60.433890138401466, 5.181603258087421], [-60.41305413838211, 5.213816758117446], [-60.38360763835465, 5.222151758125165], [-60.366658138338835, 5.204652258108922], [-60.32777313830263, 5.205769258109967], [-60.21193913819479, 5.272155758171834], [-60.19277013817691, 5.253265758154157], [-60.1947181381787, 5.238543758140509], [-60.17193213815756, 5.226873258129558], [-60.13554563812363, 5.249376758150561], [-60.09359013808455, 5.140585758049269], [-60.073332138065666, 5.139100758047903], [-60.05249763804625, 5.110769758021434], [-59.99633013799394, 5.084813757997267], [-60.00771713800464, 5.059217757973443], [-59.99539013799313, 5.048790257963788], [-60.003911638001, 5.024147257940854], [-59.98915813798726, 4.970772757891154], [-60.03943813803414, 4.783827757716949], [-60.026663138022286, 4.77327325770716], [-60.04305113803753, 4.717439257655201], [-60.02972013802514, 4.700771257639644], [-60.078311138070376, 4.648844757591291], [-60.07470963806702, 4.608820757553985], [-60.12527663811409, 4.597046757543012], [-60.14026513812803, 4.556050257504808], [-60.156938638143515, 4.565773757513966], [-60.16360413814982, 4.509106257461099], [-60.104432638094636, 4.501328257453906], [-60.10804163809803, 4.517987257469372], [-60.0911031380823, 4.52355275747459], [-60.08943863808065, 4.508828257460891], [-60.068045138060825, 4.511882757463695], [-60.07054713806315, 4.494101257447142], [-60.003051638000215, 4.496328757449191], [-59.97221763797154, 4.476603757430894], [-59.96194113796196, 4.503545757455981], [-59.92222263792496, 4.48493325743857], [-59.904446137908394, 4.454660757410466], [-59.87110513787741, 4.483823257437621], [-59.858327137865444, 4.448550757404746], [-59.831113137840134, 4.454936257410736], [-59.811666137822044, 4.445499757401876], [-59.794715637806235, 4.464943257420032], [-59.79388213780544, 4.446052257402471], [-59.779166137791776, 4.446880257403222], [-59.69610813771442, 4.379382757340295], [-59.671945137691864, 4.373550757334897], [-59.70250113772033, 4.303547757269712], [-59.73138413774723, 4.284667757252123], [-59.7288831377449, 4.271603257239917], [-59.70750013772499, 4.268278757236885], [-59.736111637751605, 4.233276757204294], [-59.72500163774134, 4.182443257156933], [-59.68027713769959, 4.146885757123755], [-59.6161131376399, 4.132717257110585], [-59.649162137670714, 4.070778257052893], [-59.61444713763831, 4.0541077570374], [-59.61416163763806, 4.038825757023119], [-59.59749513762256, 4.03022175701517], [-59.596385137621496, 4.017996757003743], [-59.6091626376334, 4.016611757002465], [-59.59944113762435, 4.009388256995749], [-59.589995137615574, 4.019667257005267], [-59.58721513761293, 3.99383625698124], [-59.57443813760108, 4.001888756988706], [-59.58444513761037, 3.967724756956954], [-59.5455491375742, 3.979112256967596], [-59.51582913754646, 3.944391256935205], [-59.52805713755788, 3.924109756916323], [-59.53861013756773, 3.932439256924113], [-59.56444163759181, 3.9199447569124], [-59.56777913759481, 3.890777256885258], [-59.577498137603925, 3.90216075689591], [-59.57610563760261, 3.890495756885002], [-59.591938137617376, 3.888275256882935], [-59.5788831376052, 3.816613756816196], [-59.598335637623336, 3.814669756814396], [-59.595549137620765, 3.796055256797104], [-59.61087413763505, 3.80376525680424], [-59.629443637652344, 3.784667256786406], [-59.628052137651025, 3.799113256799956], [-59.66444013768489, 3.782439756784356], [-59.67972013769918, 3.759671756763169], [-59.66388213768437, 3.733835256739098], [-59.66805213768828, 3.703282256710622], [-59.743334137758325, 3.659666256669993], [-59.76416413777781, 3.625781256638447], [-59.850000137857705, 3.604943756619036], [-59.86583113787242, 3.578005756593939], [-59.85833163786549, 3.570780756587283], [-59.87139063787765, 3.563540256580495], [-59.84194413785019, 3.55272025657041], [-59.837500137846064, 3.529682256548995], [-59.80360713781454, 3.507173756528005], [-59.80138313781242, 3.492449256514305], [-59.82527713783463, 3.477725256500548], [-59.810555637820926, 3.469393756492877], [-59.823582637833056, 3.469418756492814], [-59.84131763784967, 3.425331756451783], [-59.813609137823846, 3.428282756454564], [-59.81972413782955, 3.411061256438529], [-59.803330137814214, 3.361899756392745], [-59.83303263784194, 3.353583756384978], [-59.82722213783654, 3.334673756367351], [-59.888057137893156, 3.242449756281417], [-59.87499213788101, 3.223842256264106], [-59.90694013791074, 3.21244725625354], [-59.8994436379038, 3.153842756198969], [-59.920557637923366, 3.148838756194323], [-59.90807013791175, 3.144401256190122], [-59.91888813792184, 3.132170756178766], [-59.90749813791126, 3.114395256162197], [-59.920832637923695, 3.121066756168375], [-59.955542137955945, 3.081338256131403], [-59.961264637961335, 3.014908256069589], [-59.94657513794766, 3.000023756055725], [-59.95803813795828, 2.953841256012652], [-59.982210137980815, 2.930507755990902], [-59.97637313797543, 2.89689575595969], [-59.98832113798653, 2.881901755945705], [-59.99220663799019, 2.786070755856485], [-59.98998863798806, 2.685512755762829], [-59.97276263797198, 2.668289255746799], [-59.97393913797316, 2.638127755718642], [-59.95610213795658, 2.610513755692978], [-59.970269137969694, 2.593851255677464], [-59.92748113792982, 2.57078875565594], [-59.936374137938174, 2.553018255639358], [-59.89498613789965, 2.481904755573169], [-59.898597137902925, 2.438569755532853], [-59.88859413789362, 2.424957255520098], [-59.90665413791044, 2.388571255486227], [-59.896098137900594, 2.363291755462683], [-59.87915213788483, 2.353019255453091], [-59.86998663787631, 2.36079375546035], [-59.841650637849966, 2.320517755422884], [-59.82747913783669, 2.328851755430605], [-59.78527413779739, 2.284405255389174], [-59.73833013775368, 2.291911255396258], [-59.72194413773843, 2.27718075538246], [-59.71860913773537, 2.237743755345718], [-59.739995637755214, 2.163015755276206], [-59.72166013773813, 2.098020755215657], [-59.740557137755786, 2.073851755193118], [-59.71972013773643, 2.028016755150475], [-59.73470613775032, 2.013026255136538], [-59.73554013775106, 1.96579525509253], [-59.75887113777287, 1.900800755031923], [-59.74553413776039, 1.852190254986681], [-59.691386637710025, 1.85386125498826], [-59.67721813769674, 1.838855754974247], [-59.66250013768308, 1.870801255004039], [-59.64944513767091, 1.843858754978896], [-59.65388313767505, 1.817186254954095], [-59.67833313769779, 1.80746275494505], [-59.68970013770843, 1.756634254897676], [-59.66581613768619, 1.754970254896193], [-59.66248113768302, 1.737186254879589], [-59.6324946376551, 1.741354254883504], [-59.61694213764065, 1.715522254859366], [-59.566108137593346, 1.736078254878521], [-59.53860663756768, 1.722746754866193], [-59.51083413754179, 1.668860254815968], [-59.49276913752499, 1.673834254820576], [-59.4825006375155, 1.626913754776865], [-59.44749513748286, 1.619690254770148], [-59.422500137459565, 1.556082754710928], [-59.39555613743448, 1.555522254710354], [-59.38138313742127, 1.507464754665648], [-59.3294401373729, 1.514132254671836], [-59.32665913737026, 1.464414254625581], [-59.286665637333044, 1.453305754615258], [-59.274443637321724, 1.41802375458235], [-59.28249863732913, 1.410807754575671], [-59.25277813730145, 1.388584754554927], [-59.20721763725908, 1.371636754539168], [-59.19606813724863, 1.378563254545611], [-59.1522231372079, 1.349138754518208], [-59.08944513714937, 1.346641254515816], [-59.0480526371108, 1.323024254493816], [-58.99333213705984, 1.32747125449805], [-58.97832963704593, 1.301921754474165], [-58.918049136989794, 1.31691575448815], [-58.92194313699338, 1.290248254463336], [-58.88638413696026, 1.260530754435649], [-58.911662636983806, 1.238579754415241], [-58.8949981369683, 1.228031754405379], [-58.89491913696827, 0.263853753507419], [-60.03745413803233, 0.263889753507442], [-60.05856863805195, 0.163341753413874], [-60.11575863810526, 0.133578753386132], [-60.137432138125405, 0.103038253357681], [-60.12301013811202, 0.081397753337569], [-60.13604213812414, 0.065817753323017], [-60.138053138126, 0.02911325328887], [-60.164987138151105, 0.000550753262246], [-60.184667638169344, -2.46738296e-07], [-60.202766138186234, -0.033246246769295], [-60.228323138210044, -0.100836246832159], [-60.22388463820596, -0.142509746871042], [-60.24888663822924, -0.174722246901069], [-60.26555213824474, -0.178052246904144], [-60.275549638254006, -0.202221746926625], [-60.29888113827576, -0.211391246935136], [-60.29110113826846, -0.228897746951475], [-60.304441138280936, -0.264456246984537], [-60.28943613826698, -0.292789747010943], [-60.302494138279144, -0.303624247021048], [-60.3016641382784, -0.327787247043602], [-60.32110213829651, -0.337230747052331], [-60.32165913829692, -0.377222247089662], [-60.34946913832289, -0.406934247117306], [-60.34418613831792, -0.440262247148326], [-60.381969138353156, -0.469981747176007], [-60.39944363836946, -0.509734747212974], [-60.38277513835385, -0.589725747287503], [-60.365274138337554, -0.587788247285744], [-60.3505531383239, -0.621952247317495], [-60.313050138288986, -0.641117747335329], [-60.301662638278344, -0.693063247383748], [-60.30916113828539, -0.724451247412958], [-60.34555113831925, -0.745561747432703], [-60.37694363834851, -0.74250524742979], [-60.38277513835385, -0.75944774744562], [-60.418606138387304, -0.763896747449735], [-60.42666213839482, -0.77805924746292], [-60.47861113844317, -0.770565747455976], [-60.497497138460744, -0.789173247473286], [-60.49833213846148, -0.821952747503815], [-60.51944463848122, -0.833338747514404], [-60.504161138467, -0.84889174752891], [-60.53055563849148, -0.874726247552985], [-60.59083013854763, -0.853056747532719], [-60.59389013855048, -0.871947247550338], [-60.620000138574824, -0.863061247542078], [-60.667499638619006, -0.89416724757109], [-60.675278138626254, -0.873062247551388], [-60.752213138697925, -0.860833747540028], [-60.75610863870156, -0.795282247479008], [-60.77333413871759, -0.790835247474774], [-60.760554638705685, -0.761119247447141], [-60.79666213873941, -0.744449247431589], [-60.79721663873988, -0.700559247390743], [-60.842774638782316, -0.690283747381159], [-60.854163138792956, -0.647507747341365], [-60.88222013881909, -0.648896247342577], [-60.90777013884281, -0.623624247319071], [-60.92027213885444, -0.5550147472552], [-60.97499713890545, -0.562230747261879], [-61.04554863897113, -0.545567247246368], [-61.063328138987686, -0.512784247215905], [-61.0869381390097, -0.499736747203656], [-61.148317139066876, -0.498897747202932], [-61.15706113907504, -0.514978247217869], [-61.21637363913021, -0.499730247203729], [-61.223594139136935, -0.559172747259026], [-61.29776063920599, -0.575838747274588], [-61.32553863923192, -0.597511747294789], [-61.347939639252786, -0.595172747292622], [-61.42831113932766, -0.633894247328612], [-61.43469813933359, -0.658062247351154], [-61.464134639360964, -0.664448247357086], [-61.48441713937984, -0.720284247409154], [-61.541632139433204, -0.763341247449262], [-61.5524696394433, -0.810564247493176], [-61.54302713943446, -0.85195074753176], [-61.557747139448225, -0.863622747542649], [-61.558301139448645, -0.892784747569749], [-61.57801713946708, -0.909725247585584], [-61.584688139473315, -0.936668747610611], [-61.58301813947173, -0.98222324765311], [-61.56018513945048, -0.987701247658151], [-61.543577139435, -1.061948747727342], [-61.576079139465264, -1.078895747743104], [-61.56579813945564, -1.099450747762262], [-61.57746663946648, -1.112779747774653], [-61.56607913945595, -1.13222774779274], [-61.58162613947036, -1.164168247822545], [-61.573301139462615, -1.184442247841389], [-61.60634913949343, -1.244165247897058], [-61.607220639494244, -1.277778747928323], [-61.62833413951387, -1.30111474795001], [-61.58166013947039, -1.353053747998388], [-61.618605639504835, -1.394444748037017], [-61.58139013947016, -1.409168748050661], [-61.573326139462665, -1.42833624806849], [-61.537749639429535, -1.433051248072957], [-61.51593863940923, -1.502076748137256], [-61.47275113936905, -1.527496248160901], [-61.47413763937027, -1.578612748208457], [-61.54416613943556, -1.525273248158783], [-61.60443913949166, -1.447777748086651], [-61.63499913952012, -1.43361074807342], [-61.78969513966422, -1.378612748022192], [-61.81666713968934, -1.399164248041416], [-61.89610713976333, -1.395001748037544], [-61.90861113977496, -1.348332247993994], [-61.94943913981297, -1.296667747945889], [-62.01694163987588, -1.141391747801322], [-62.06166113991753, -1.099448247762211], [-62.09916313995245, -1.096391747759412], [-62.11415913996632, -1.083054747746928], [-62.110828139963246, -1.060009247725475], [-62.12499913997647, -1.036951247703996], [-62.19944214004579, -1.000002747669669], [-62.20333414004938, -0.982502247653315], [-62.258604640100884, -0.975563247646846], [-62.2716661401131, -0.951670747624576], [-62.29332814013321, -0.947779247620929], [-62.37582714021005, -0.86584224754472], [-62.37554664020979, -0.836118747516934], [-62.39527714022813, -0.82000824750196], [-62.44221814027185, -0.801676747484862], [-62.44777914027702, -0.809723747492399], [-62.464992140293134, -0.788621247472747], [-62.480277140307294, -0.794727747478419], [-62.509717140334715, -0.758619247444813], [-62.494436140320545, -0.750285247437091], [-62.50777114033292, -0.713899747403161], [-62.486106640312755, -0.681118247372638], [-62.46915914029694, -0.693617247384282], [-62.42805664025866, -0.692508747383272], [-62.40638714023851, -0.726949747415347], [-62.38999314022328, -0.709175747398717], [-62.35833214019374, -0.706671747396399], [-62.37027264020492, -0.676397747368242], [-62.34083114017744, -0.67556174736751], [-62.32619014016382, -0.656033247349228], [-62.308688140147524, -0.660483747353396], [-62.290356640130426, -0.646310747340181], [-62.301192640140584, -0.618807747314577], [-62.290356640130426, -0.601865247298861], [-62.317856140156096, -0.552147247252492], [-62.3034116401426, -0.534365247235996], [-62.30868514014753, -0.51381074721678], [-62.274523140115775, -0.478260747183754], [-62.273416140114705, -0.453808747160906], [-62.22663614007115, -0.425478747134548], [-62.21663914006183, -0.399092247109934], [-62.201641140047855, -0.392696247104027], [-62.18775264003489, -0.330472747046088], [-62.21913814006416, -0.310753747027661], [-62.235247140079196, -0.316864747033378], [-62.247746140090726, -0.301586247019145], [-62.253023140095706, -0.271033246990669], [-62.237751640081456, -0.252425746973358], [-62.252464140095185, -0.236314746958328], [-62.24440914008767, -0.174369746900652], [-62.26746214010916, -0.163537246890655], [-62.31909314015718, -0.10217774683349], [-62.33156114016879, -0.060270246794403], [-62.32267814016052, -0.061657246795676], [-62.32209914016005, -0.023898746760551], [-62.34599464018231, 0.029952753289649], [-62.423735140254735, 0.091917753347275], [-62.42791214025863, 0.173879253423593], [-62.45207514028107, 0.207758753455209], [-62.4676191402956, 0.2760967535188], [-62.4579146402865, 0.31383725355397], [-62.46636914029443, 0.333311253572106], [-62.445851140275295, 0.379457253615101], [-62.484725140311525, 0.45442425368492], [-62.518141140342664, 0.44404375367526], [-62.53248814035601, 0.509150753735867], [-62.51777714034222, 0.584159253805751], [-62.53777014036086, 0.675538253890863], [-62.532789640356214, 0.701642753915166], [-62.45721414028583, 0.785538753993251], [-62.48555314031228, 0.866874754069045], [-62.44234864027203, 0.960406254156169], [-62.477210140304464, 1.02828675421938], [-62.4710996402988, 1.086622254273721], [-62.52056714034484, 1.08415625427142], [-62.544719140367306, 1.121102254305811], [-62.63498414045148, 1.432158254595493], [-62.72025414053087, 1.488881754648332], [-62.735827140545325, 1.529966754686598], [-62.804760140609574, 1.591684254744109], [-62.795805140601146, 1.631019754780709], [-62.72321014053364, 1.712735254856852], [-62.730551140540456, 1.818567754955325], [-62.70365714051536, 1.874282255007302], [-62.70550714051706, 1.940058755068549], [-62.729061640539044, 1.960884755087932], [-62.81272314061698, 1.992018755116874], [-62.838308640640776, 2.016803755140018], [-62.94795914074291, 2.03137575515359], [-63.02325314081304, 2.015013755138284], [-63.070339140856845, 2.040320755161929], [-63.1067156408908, 2.079678755198529], [-63.140991140922665, 2.172779755285319], [-63.193609140971716, 2.181546755293425], [-63.282258141054285, 2.154215755267956], [-63.359266141126, 2.197436255308276], [-63.4007131411646, 2.245915755353394], [-63.40092714116474, 2.297006755400957], [-63.42503414118721, 2.364596755463936], [-63.394341641158576, 2.407412755503742], [-63.40632014116977, 2.436272255530639], [-63.47606114123471, 2.439799255533899], [-63.68819414143229, 2.388339755486072], [-63.76398564150293, 2.388490255486204], [-64.00003414172272, 2.478518255569952], [-64.031528141752, 2.472542255564463], [-64.03833014175837, 2.494403255584757], [-64.058328141777, 2.502739755592529], [-64.04388414176356, 2.573568755658584], [-64.02861114174937, 2.576351755661108], [-63.98526864170901, 2.645790255725842], [-63.98499864170867, 2.686344255763515], [-64.00305114172556, 2.707460255783189], [-63.98360914170746, 2.716349255791556], [-63.998608141721434, 2.738843755812468], [-63.99277414171593, 2.768013755839661], [-64.00888214173096, 2.778567255849453], [-64.01277614173455, 2.819403755887492], [-64.05722114177604, 2.850785255916662], [-64.07110164178891, 2.93800675599789], [-64.1108261418259, 2.960786756019161], [-64.17276964188363, 3.058004756109653], [-64.23471914194124, 3.114680256162501], [-64.20777814191615, 3.189121256231829], [-64.21333214192134, 3.246620256285382], [-64.24082914194696, 3.315210256349246], [-64.23388314194051, 3.384395256413654], [-64.25471614195988, 3.411334756438805], [-64.2394371419457, 3.443282256468478], [-64.18388814189393, 3.489671756511711]]]}}, {"type": "Feature", "id": "RS", "properties": {"id": "RS", "sigla": "RS", "name": "Rio Grande do Sul", "regiao": "Sul", "pop_total": 10884307, "qtd_equipes_esf": 5747, "capacidade_pnab": 23306000, "cobertura_pnab_pct": 214.1, "sobrecarga_media": 0.37, "pop_critica": 1597236, "pct_pop_critica": 14.67, "n_polos_critica": 157, "hab_por_esf": 1894, "densidade": 40.5}, "geometry": {"type": "Polygon", "coordinates": [[[-57.32786063550873, -29.97159827465157], [-57.32756013550852, -29.879740774566017], [-57.29427213547751, -29.831159774520756], [-57.22678563541467, -29.77928177447245], [-57.170342135362034, -29.780600274473613], [-57.12098913531611, -29.764962774459036], [-57.0456351352459, -29.70153777439998], [-56.902992135113095, -29.534526774244455], [-56.79873213501594, -29.465130774179784], [-56.77995713499854, -29.4397097741562], [-56.76789863498732, -29.377290774098014], [-56.70508763492876, -29.360936774082802], [-56.654513134881654, -29.277476774005095], [-56.65281013488004, -29.22613277395726], [-56.63648063486494, -29.191671773925123], [-56.59003163482157, -29.11993977385839], [-56.542331134777214, -29.114146773853008], [-56.500103134737856, -29.08705577382773], [-56.41802313466144, -29.07507677381659], [-56.39731813464209, -29.020791773766064], [-56.4150061346586, -28.99922777374593], [-56.40952613465356, -28.975492773723772], [-56.38031513462636, -28.94968877369979], [-56.33722563458616, -28.937053773688035], [-56.297814134549526, -28.89018527364442], [-56.29317563454515, -28.79717127355775], [-56.262799134516854, -28.777679773539603], [-56.188890134448, -28.772004773534263], [-56.12462363438817, -28.68682777345498], [-56.00159913427365, -28.598106773372365], [-56.02536263429579, -28.538562773316926], [-56.01074813428215, -28.50663227328721], [-55.88558113416559, -28.47993827326229], [-55.90157513418046, -28.4063372731938], [-55.87192013415279, -28.358042273148726], [-55.75337613404247, -28.369312773159322], [-55.73542713402571, -28.37865577316802], [-55.710450134002485, -28.426152773212266], [-55.696357133989295, -28.425347773211456], [-55.66751513396241, -28.3407277731327], [-55.67308713396767, -28.32760877312046], [-55.73520513402548, -28.284175773079937], [-55.77224313405998, -28.273462773070037], [-55.77708613406446, -28.24661077304495], [-55.69815513399101, -28.222103773022127], [-55.629542633927144, -28.17572177297893], [-55.604285133903545, -28.115214772922627], [-55.587815133888284, -28.118646772925786], [-55.58602413388655, -28.147461772952624], [-55.55689863385942, -28.165394772969307], [-55.53710113384102, -28.119939272927013], [-55.511226133816876, -28.113654772921223], [-55.49369513380054, -28.076876772886976], [-55.44552313375573, -28.097576772906223], [-55.41429363372663, -28.05527977286681], [-55.36781913368338, -28.029013772842404], [-55.38399813369847, -27.983716772800108], [-55.343414633660586, -27.972132772789337], [-55.316171633635236, -27.924261272744843], [-55.26406913358676, -27.931730272751793], [-55.196021133523345, -27.85613927268139], [-55.1689896334982, -27.861689772686532], [-55.1332091334649, -27.896652772719108], [-55.122472133454835, -27.884253772707552], [-55.12572663345793, -27.859520772684505], [-55.1060321334395, -27.846181772672026], [-55.034637633372995, -27.858309272683414], [-55.02433613336348, -27.83371677266041], [-55.080320133415626, -27.797975772627183], [-55.080695633415985, -27.778862772609386], [-55.049298633386684, -27.769308272600483], [-55.01018463335026, -27.797312772626583], [-54.9889226333305, -27.772615772603558], [-54.935903133281045, -27.772207772603224], [-54.90297663325043, -27.725652772559783], [-54.90598213325325, -27.640706272480656], [-54.849921633201006, -27.62362427246478], [-54.81440213316796, -27.53342627238078], [-54.794328633149235, -27.536387272383536], [-54.77462513313094, -27.585542772429335], [-54.741514133100054, -27.561321772406814], [-54.68198113304459, -27.574273772418792], [-54.672607133035854, -27.569670272414555], [-54.671285133034644, -27.50475477235409], [-54.643225133008514, -27.54239277238912], [-54.621366632988156, -27.54092427238777], [-54.58481713295407, -27.454186772307025], [-54.56684713293737, -27.457563772310095], [-54.52980413290288, -27.505456772354705], [-54.50320563287812, -27.481047772331976], [-54.44360613282265, -27.47231777232389], [-54.44136013282048, -27.459680272312085], [-54.46941213284663, -27.428361772282983], [-54.43479013281444, -27.42345377227832], [-54.41373613279484, -27.406421772262547], [-54.39027863277295, -27.416527772271934], [-54.346103132731855, -27.466758772318713], [-54.332308132718936, -27.447054272300306], [-54.33830913272459, -27.40420577226041], [-54.28344813267347, -27.44744577230074], [-54.266879132658005, -27.437077772291104], [-54.260543632652116, -27.397224772253935], [-54.21610163261073, -27.38520527224273], [-54.1848391325816, -27.265302772131122], [-54.17197713256962, -27.254273272120827], [-54.15550463255431, -27.262780772128735], [-54.154414132553256, -27.296204272159912], [-54.07745413248165, -27.29685377216049], [-54.054141132459904, -27.263700772129596], [-54.02533113243305, -27.253909772120437], [-54.00710313241609, -27.19803777206846], [-53.95953713237179, -27.193902272064634], [-53.95247613236518, -27.153326772026844], [-53.90261213231872, -27.174149772046235], [-53.87607913229408, -27.125737772001116], [-53.860083132279215, -27.12786177200303], [-53.843719132263914, -27.160388772033343], [-53.81904713224094, -27.174948772046946], [-53.7685581321939, -27.148470272022223], [-53.739029132166365, -27.192452272063292], [-53.66624663209859, -27.161668772034545], [-53.65039113208388, -27.176464772048348], [-53.641986632076055, -27.22041077208928], [-53.61863313205424, -27.188377772059425], [-53.56407863200354, -27.17298977204507], [-53.49327713193759, -27.203232772073306], [-53.50532113194879, -27.137024772011614], [-53.48143013192646, -27.13429877200906], [-53.457740131904416, -27.15558177202888], [-53.4096426318597, -27.14001477201441], [-53.37348913182598, -27.090128771967898], [-53.348010631802254, -27.117123271993137], [-53.310026631766846, -27.118099771994025], [-53.29273113175077, -27.133877772008645], [-53.31827313177462, -27.19475877206537], [-53.310435131767235, -27.217963772087046], [-53.242444131703905, -27.170241772042573], [-53.18817313165334, -27.19105877206198], [-53.15711113162445, -27.138192272012702], [-53.133513631602455, -27.177768772049603], [-53.07146613154475, -27.156894272030172], [-53.076074131549035, -27.103140771980065], [-53.028479131504696, -27.080114271958564], [-53.0178991314948, -27.090362771968216], [-53.04260213151781, -27.145529772019586], [-53.02611913150247, -27.156722272029924], [-53.002977131480975, -27.132957772007785], [-52.99332813147191, -27.137804272012318], [-52.98206313146147, -27.156192272029443], [-53.00216363148013, -27.18955427206049], [-52.999665131477855, -27.206756772076574], [-52.977183131456854, -27.22070577208956], [-52.95439913143571, -27.161286272034204], [-52.93653713141907, -27.171422772043684], [-52.93708113141952, -27.196894772067367], [-52.924126131407434, -27.202048772072203], [-52.85811113134605, -27.16725377203977], [-52.84349763133241, -27.177622772049403], [-52.84233613133131, -27.20798477207768], [-52.81697063130764, -27.200904772071112], [-52.75923313125395, -27.213170272082493], [-52.75696713125183, -27.255341772121824], [-52.714417131212144, -27.23645977210424], [-52.706326131204605, -27.272445772137758], [-52.69106463119044, -27.283731272148202], [-52.66764513116857, -27.237978772105635], [-52.628665131132266, -27.265224772130978], [-52.54960613105868, -27.238051772105678], [-52.5357746310458, -27.25965777212582], [-52.48556913099901, -27.266483772132233], [-52.47722713099131, -27.233592772101588], [-52.43955913095624, -27.21629977208545], [-52.43145913094861, -27.22731027209568], [-52.439975130956554, -27.26223827212823], [-52.39536063091498, -27.292175772156156], [-52.39116513091108, -27.251602772118304], [-52.380539130901184, -27.258491772124785], [-52.37488163089597, -27.30380377216693], [-52.34624313086931, -27.28779927215203], [-52.29340613082013, -27.315830772178174], [-52.301267130827455, -27.259589772125764], [-52.25342513078283, -27.2570362721234], [-52.234651130765315, -27.270250772135682], [-52.27763613080538, -27.299575772163053], [-52.238912130769336, -27.305744272168795], [-52.22420013075566, -27.329991772191306], [-52.209668630742044, -27.33042477219169], [-52.179745130714196, -27.276463772141483], [-52.16610513070157, -27.272905772138188], [-52.16678313070213, -27.311167772173803], [-52.11857813065728, -27.302743772165968], [-52.09750313063762, -27.347943772208055], [-52.07262913061447, -27.337883272198724], [-52.03836513058252, -27.34447777220487], [-52.01777813056333, -27.33128777219258], [-52.00825113055453, -27.342915772203355], [-52.02139113056671, -27.36035877221957], [-52.009143130555344, -27.37145877222997], [-51.950519130500766, -27.380867272238675], [-51.95396913050399, -27.39448427225136], [-52.00808513055438, -27.400085772256602], [-51.93696863048808, -27.426570772281252], [-51.940949130491845, -27.448220772301397], [-51.962813130512245, -27.462174772314484], [-51.95706913050685, -27.474215272325637], [-51.900488130454164, -27.462736772314997], [-51.90189963045543, -27.495558772345476], [-51.88819913044267, -27.520269272368523], [-51.87275363042829, -27.513069272361804], [-51.87453813042998, -27.480684772331642], [-51.857241130413854, -27.47512777232646], [-51.8422361303999, -27.48567677233632], [-51.84853613040582, -27.525066772373066], [-51.821642130380724, -27.51233677236121], [-51.79663113035747, -27.530121772377697], [-51.78536363034698, -27.521151272369366], [-51.798134630358845, -27.4905717723409], [-51.7529586303167, -27.486981772337572], [-51.71973513028581, -27.51325477236196], [-51.69933663026677, -27.4790447723301], [-51.683998130252576, -27.479018772330164], [-51.658682130228954, -27.519492772367812], [-51.631733630203826, -27.488433772338908], [-51.619196630192164, -27.500307272349914], [-51.62942713020175, -27.540343772387246], [-51.61803813019105, -27.546093772392624], [-51.5799811301556, -27.523065772371183], [-51.585083130160456, -27.569193272414054], [-51.567500130144026, -27.58435977242823], [-51.54862263012649, -27.559575772405196], [-51.48957863007149, -27.559013272404627], [-51.4773621300601, -27.56964577241456], [-51.47687213005963, -27.59536777243852], [-51.43548313002111, -27.63206177247264], [-51.433749130019464, -27.654516772493594], [-51.38137412997071, -27.62474177246588], [-51.369585629959715, -27.636059772476415], [-51.36908162995928, -27.672116272509925], [-51.31760112991128, -27.672714772510517], [-51.30159012989634, -27.702026772537806], [-51.30829912990259, -27.71894977255363], [-51.27562012987221, -27.7235342725578], [-51.27315412986991, -27.749257772581814], [-51.24710612984563, -27.7588917725908], [-51.242645129841435, -27.775140772605937], [-51.191582129793915, -27.775834772606572], [-51.13257812973893, -27.805849772634474], [-51.130769129737246, -27.8298602726569], [-51.08189412969182, -27.834252272660933], [-51.077634129687794, -27.86253827268729], [-51.05146612966348, -27.869699772693934], [-51.054693129666475, -27.904023772725964], [-51.015620129630065, -27.9278117727481], [-51.01867312963293, -27.95595377277425], [-51.000724129616174, -27.962883772780742], [-50.9858661296023, -27.94142427276074], [-50.928348129548795, -27.968618772786044], [-50.92242962954322, -28.011408772825916], [-50.89337212951625, -28.019599772833544], [-50.874458129498635, -28.040901272853375], [-50.88145812950506, -28.067594272878296], [-50.90310612952521, -28.086441272895854], [-50.87558712949965, -28.094334772903153], [-50.86733812949194, -28.138983272944756], [-50.83007612945721, -28.117357772924606], [-50.81803312944601, -28.14004177294578], [-50.78456412941489, -28.14267777294822], [-50.78817662941822, -28.19793227299965], [-50.76573212939729, -28.188258772990707], [-50.74871612938148, -28.24844277304669], [-50.69781812933411, -28.266200773063247], [-50.69405412933054, -28.288263773083827], [-50.65889812929788, -28.321566273114854], [-50.66461412930312, -28.33747377312966], [-50.62785012926895, -28.363552773153856], [-50.624614129265865, -28.390987773179518], [-50.59118912923475, -28.38167177317075], [-50.5363901291837, -28.428629273214483], [-50.530881129178624, -28.40566777319316], [-50.51444712916327, -28.403839773191407], [-50.45557812910852, -28.410288273197466], [-50.43048912908512, -28.43217777321786], [-50.3936501290508, -28.433265773218864], [-50.37820112903637, -28.445736773230465], [-50.3602621290197, -28.419599773206073], [-50.347881129008215, -28.42816877321411], [-50.34776612900805, -28.461808773245366], [-50.3300551289916, -28.435032773220428], [-50.27115812893669, -28.456263773240266], [-50.251270128918236, -28.44853277323307], [-50.26319912892927, -28.442485773227418], [-50.247096128914336, -28.428432773214354], [-50.22256262889141, -28.462464773245983], [-50.203216128873464, -28.44365127322851], [-50.17667112884874, -28.452035773236275], [-50.156690128830064, -28.497254273278486], [-50.13887912881353, -28.494217773275636], [-50.15965712883292, -28.46005477324377], [-50.12134112879721, -28.42528377321139], [-50.11086712878739, -28.444709773229533], [-50.124846128800414, -28.47463477325732], [-50.10734812878411, -28.472630273255504], [-50.09936512877675, -28.485113273267075], [-50.084061128762414, -28.4726312732555], [-50.03585212871758, -28.477383273259875], [-50.01588912869897, -28.449690273234182], [-49.98713312867221, -28.455454773239467], [-49.98800912867296, -28.444380773229227], [-49.9710601286572, -28.438687773223933], [-49.96636512865291, -28.455023773239077], [-49.95183812863934, -28.449962773234347], [-49.9437246286318, -28.481969773264154], [-49.927832128616956, -28.469459773252538], [-49.93642912862492, -28.457136773241018], [-49.92824612861739, -28.45066377323508], [-49.89501212858636, -28.46263677324623], [-49.892590128584175, -28.439585773224735], [-49.854338128548534, -28.443510773228354], [-49.87691612856952, -28.454183773238356], [-49.86318512855678, -28.462410773246006], [-49.86804012856123, -28.48323677326539], [-49.84090712853606, -28.484387773266462], [-49.83932462853454, -28.49575677327698], [-49.82541912852162, -28.477747773260262], [-49.81054262850773, -28.483353773265435], [-49.8094871285067, -28.467263773250465], [-49.782915128482045, -28.495772773277054], [-49.78133412848058, -28.47169427325457], [-49.764227128464654, -28.4595657732433], [-49.770534128470445, -28.49248777327398], [-49.76221412846269, -28.501711773282636], [-49.744862128446584, -28.493433773274887], [-49.74555712844722, -28.506189773286792], [-49.72649412842941, -28.516779773296662], [-49.748202128449634, -28.543904773321856], [-49.72992062843264, -28.551971773329342], [-49.71945612842285, -28.57647677335217], [-49.711002128414975, -28.572891273348887], [-49.7093811284135, -28.604213773378092], [-49.691142128396564, -28.618464773391338], [-49.706673628410954, -28.629705773401838], [-49.75417812845524, -28.628474273400684], [-49.7577306284586, -28.615065273388154], [-49.780416128479715, -28.62979177340185], [-49.78163312848085, -28.60904427338255], [-49.81683712851361, -28.64016677341158], [-49.81227012850934, -28.658040773428183], [-49.83706512853246, -28.666693773436236], [-49.83569512853114, -28.68486177345312], [-49.82026812851677, -28.69343477346115], [-49.84179712853688, -28.715381773481568], [-49.845919128540686, -28.704978773471908], [-49.85996812855376, -28.699569773466806], [-49.871170128564245, -28.703852773470885], [-49.8751711285679, -28.74440177350857], [-49.89135312858298, -28.73914177350366], [-49.88234612857457, -28.71784277348388], [-49.91415062860426, -28.724433273490035], [-49.903309128594174, -28.705943773472768], [-49.93489412862357, -28.727628273492996], [-49.92150912861109, -28.74566677350981], [-49.949621128637204, -28.754745773518266], [-49.95852612864553, -28.778828273540626], [-49.946439128634324, -28.805741773565728], [-49.96231712864903, -28.801146773561413], [-49.97077112865691, -28.826056773584696], [-49.960792128647654, -28.832218773590398], [-49.97163612865779, -28.88025977363509], [-49.954686128641924, -28.874777273630002], [-49.97049062865665, -28.923401773675323], [-49.95604712864326, -28.96132777371065], [-49.91940112860914, -28.977920773726055], [-49.93801412862649, -28.978262773726442], [-49.94140812862963, -29.00103077374763], [-49.964289128650876, -29.0221252737673], [-49.938555128626945, -29.02106677376628], [-49.95871612864573, -29.04892377379224], [-50.00695412869061, -29.0717252738134], [-49.939570128627906, -29.05670677379942], [-49.95974812864665, -29.070509273812263], [-49.95400912864136, -29.08503777382589], [-49.966987128653386, -29.08349077382445], [-49.962367128649134, -29.117486773856058], [-49.99168112867642, -29.11835677385693], [-49.98637212867152, -29.136165273873416], [-50.013555128696794, -29.127795273865672], [-50.00474012868858, -29.150439273886718], [-50.02765112870998, -29.170611773905534], [-50.01527312869837, -29.18153077391571], [-50.034208128716045, -29.176560773911092], [-50.065352128745076, -29.19102677392459], [-50.06033312874035, -29.176617773911175], [-50.07608912875503, -29.189855773923455], [-50.09195912876987, -29.167022773902204], [-50.066513128746124, -29.15898927389469], [-50.09854512877598, -29.163359773898833], [-50.08346312876188, -29.22752977395851], [-50.111500128788066, -29.239833773969963], [-50.11107962878759, -29.2221062739535], [-50.09330712877113, -29.212878773944908], [-50.13875812881338, -29.192205773925707], [-50.152284128825954, -29.200867773933737], [-50.13339512880839, -29.208390273940722], [-50.15005812882396, -29.229500773960353], [-50.14116812881571, -29.237748773968065], [-50.17447212884667, -29.249224773978767], [-50.13801912881274, -29.254530773983674], [-50.14724912882127, -29.287778274014613], [-50.12839912880372, -29.303214774029016], [-50.123052128798804, -29.28137477400867], [-50.08627812876455, -29.322995274047457], [-50.05726862873746, -29.32724177405146], [-50.0645341287443, -29.340879774064092], [-50.036782128718414, -29.350937774073486], [-50.062724128742616, -29.31158577403687], [-50.107989128784766, -29.280333774007772], [-50.114173128790526, -29.258811773987645], [-49.996358128680754, -29.22746777395855], [-49.97002412865629, -29.20366777393633], [-49.96215512864899, -29.198706273931748], [-49.95429412864166, -29.199077773932004], [-49.86870012856184, -29.224131773955378], [-49.8382801285336, -29.278662774006193], [-49.738267128440384, -29.301102774027072], [-49.74334312844519, -29.310927274036203], [-49.730330128433025, -29.318078774042874], [-49.74430512844606, -29.32814327405231], [-49.71120712841525, -29.325360774049614], [-49.9225511286121, -29.60655277431158], [-50.01749912870048, -29.771820774465482], [-50.11746612879358, -29.975452774655082], [-50.30833712897129, -30.455408775102114], [-50.369093129027874, -30.557314775197028], [-50.76880412940022, -31.10957977571138], [-50.88696962951019, -31.235939775829024], [-51.173353129776956, -31.472304776049214], [-51.24983512984818, -31.56680427613719], [-51.40169112998956, -31.6784077762411], [-51.884576130439314, -31.957676776501216], [-52.07445413061612, -32.14231277667318], [-52.07596113061754, -32.18203077671012], [-52.078268130619676, -32.13733777666857], [-52.092767130633206, -32.128334776660154], [-52.04854413059206, -32.0728237766084], [-52.039599630583666, -32.03642877657455], [-52.05429663059738, -31.982060776523895], [-52.02243213056772, -31.96947577651224], [-52.013337130559194, -31.93887227648372], [-52.09161563063219, -31.860897276411038], [-52.09779213063791, -31.83538377638729], [-52.08144513062268, -31.826370776378894], [-52.110488630649684, -31.79276377634767], [-52.093496130633866, -31.7926957763475], [-52.1008311306407, -31.801092276355348], [-52.08017413062146, -31.82567677637826], [-52.047917130591486, -31.813549776366926], [-52.00354913055014, -31.818558776371674], [-51.90794763046108, -31.868583776418177], [-51.85173363040872, -31.867046776416828], [-51.80780713036779, -31.838222776389898], [-51.812727630372365, -31.817219276370338], [-51.79128063035239, -31.81444477636785], [-51.78665613034809, -31.8057907763598], [-51.81317513037288, -31.81628877636956], [-51.86480013042092, -31.79888877635335], [-51.66415513023401, -31.770470776326874], [-51.59292213016772, -31.705398776266293], [-51.49079113007258, -31.568808776139008], [-51.47385513005679, -31.559037776129912], [-51.46959813005287, -31.58924177615802], [-51.43580363002138, -31.624369776190747], [-51.46456613004818, -31.564125776134688], [-51.44836213003305, -31.5273187761004], [-51.46603413004948, -31.55418977612544], [-51.42899813001509, -31.480360776056614], [-51.4158081300028, -31.472916776049715], [-51.40946012999689, -31.512155276086332], [-51.37034312996036, -31.529139276102114], [-51.26362112986101, -31.480095776056373], [-51.202944129804564, -31.41189877599288], [-51.17196362977563, -31.339422775925414], [-51.15717662976192, -31.257248275848838], [-51.179766629782875, -31.133968775734047], [-51.164976129769116, -31.061446775666468], [-51.1555491297604, -31.081348775685], [-51.11023712971814, -31.099518775701995], [-51.048006129660166, -31.06109077566623], [-50.980037129596894, -31.04054877564704], [-50.954057129572675, -31.002684775611783], [-50.95092312956979, -30.959047775571207], [-50.96624162958403, -30.89560577551208], [-50.91077012953235, -30.905265775521116], [-50.81883962944676, -30.8400607754603], [-50.75325662938576, -30.81843527544015], [-50.70146912933751, -30.745824775372625], [-50.67902412931653, -30.608670775244832], [-50.699996129336114, -30.424260775073094], [-50.7289771293631, -30.367635775020403], [-50.71702412935201, -30.35148477500536], [-50.69858512933479, -30.345487774999697], [-50.647362629287045, -30.394963775045767], [-50.623479129264865, -30.391601275042717], [-50.6374031292778, -30.37842977503044], [-50.6245511292658, -30.327908274983315], [-50.59258312923612, -30.399840775050393], [-50.64966812928924, -30.413069775062695], [-50.65389012929313, -30.44246027509007], [-50.61288312925501, -30.483510775128252], [-50.58214412922632, -30.48963277513394], [-50.573904129218704, -30.480973775125904], [-50.56695112921216, -30.395211275045995], [-50.54480112919157, -30.355477775009035], [-50.55525012920134, -30.319611274975614], [-50.53726512918456, -30.27336477493259], [-50.54211112918904, -30.251832774912486], [-50.57256212921743, -30.242526274903867], [-50.59597712923926, -30.194442774859112], [-50.65837312929739, -30.199422774863706], [-50.66837712930669, -30.25438077491492], [-50.65445012929365, -30.280966774939657], [-50.67272812931071, -30.296141774953753], [-50.771505129402726, -30.296116774953703], [-50.78149212941196, -30.28427177494268], [-50.794350629424, -30.31184777496844], [-50.78838362941838, -30.33286827498796], [-50.785605129415785, -30.32444777498017], [-50.77535012940632, -30.333470274988485], [-50.79646312942589, -30.33788177499264], [-50.843499129469706, -30.3202567749762], [-50.92160312954252, -30.33167127498689], [-50.93869112955838, -30.393631775044582], [-50.931422129551606, -30.425118775073884], [-50.901427129523654, -30.442458775090017], [-50.92951812954982, -30.435270275083326], [-51.01248612962718, -30.38916327504046], [-51.05907312967054, -30.38508527503666], [-51.04077612965352, -30.365873775018713], [-51.06821812967905, -30.354519775008157], [-51.0393141296521, -30.342435774996943], [-51.02915512964262, -30.32674477498233], [-51.03972412965254, -30.324715774980405], [-51.02527012963901, -30.32079677497677], [-51.019283129633436, -30.296008774953634], [-51.03024412964362, -30.273975774933092], [-51.06420012967533, -30.27573627493473], [-51.06732012967825, -30.250295774911024], [-51.08593912969559, -30.241029774902472], [-51.1056081297138, -30.243162774904476], [-51.10028112970895, -30.25897277491913], [-51.11910212972646, -30.245918274907012], [-51.13206112973853, -30.252439774913114], [-51.133149129739536, -30.269427274928944], [-51.1690386297729, -30.264147774924027], [-51.15119712975627, -30.245985774907012], [-51.192137129794446, -30.24205727490346], [-51.176954129780256, -30.219451774882373], [-51.198893129800695, -30.210414774873925], [-51.19768312979966, -30.19393527485863], [-51.2481641298466, -30.185843274851095], [-51.2261141298261, -30.176377774842194], [-51.22529712982532, -30.144421774812486], [-51.24462912984336, -30.1264172747957], [-51.28809912988379, -30.119966774789646], [-51.26110412985872, -30.11894177478871], [-51.2661871298634, -30.102289774773226], [-51.24988812984827, -30.09474977476623], [-51.22980662982957, -30.04324827471828], [-51.25020012984851, -30.03454977471017], [-51.26611112986336, -30.05668777473079], [-51.291836129887315, -30.06436777473789], [-51.29451612988976, -30.053610774727872], [-51.26409212986141, -30.052440774726847], [-51.25965512985738, -30.034009774709602], [-51.279119129875426, -30.037341774712786], [-51.26763912986473, -30.01598177469282], [-51.277127129873634, -30.010419774687648], [-51.282096129878255, -30.021432274697986], [-51.29525312989051, -29.999958274677965], [-51.303674129898354, -30.027021774703144], [-51.291856129887265, -30.047097774721806], [-51.29972112989469, -30.041281774716367], [-51.31396412990796, -30.08228177475462], [-51.30558112990013, -30.135170774803896], [-51.323610129916915, -30.170184274836515], [-51.3069251299014, -30.180264274845854], [-51.328086129921076, -30.226152774888646], [-51.31280712990679, -30.239640774901204], [-51.291815129887254, -30.230879274893027], [-51.29433412988965, -30.246450274907488], [-51.27268112986951, -30.249268774910092], [-51.297435129892506, -30.259149774919365], [-51.293121129888505, -30.303583774960657], [-51.256676129854554, -30.305271774962307], [-51.246696129845304, -30.328027774983525], [-51.21020312981125, -30.297420774954958], [-51.20683612980815, -30.340316774994903], [-51.18048112978363, -30.38547327503693], [-51.12806812973474, -30.35875227501208], [-51.0941371297032, -30.36422977501718], [-51.09477512970375, -30.38113577503293], [-51.10520012971347, -30.376872775028914], [-51.12154112972871, -30.39641777504721], [-51.11870612972609, -30.408126275058066], [-51.152070129757135, -30.49976677514337], [-51.13523462974149, -30.436287275084283], [-51.1532976297583, -30.41321677506278], [-51.202151129803724, -30.408684775058646], [-51.244391129843166, -30.44229177508987], [-51.297891129892946, -30.55858827519819], [-51.3017071298965, -30.633948775268436], [-51.28191112987804, -30.81203877543419], [-51.29812512989315, -30.815844775437768], [-51.28677412988259, -30.797013775420282], [-51.3306841299235, -30.77798177540251], [-51.304963129899534, -30.783818775408008], [-51.29343212988874, -30.770390775395413], [-51.316075129909905, -30.703647775333252], [-51.317142629910904, -30.6476647752811], [-51.33408912992661, -30.633288775267715], [-51.36357362995409, -30.63274077526728], [-51.386441129975424, -30.654523775287544], [-51.40530612999294, -30.75625077538234], [-51.39005412997881, -30.839793775460066], [-51.36848412995869, -30.873853775491853], [-51.44716313003198, -30.873122775491083], [-51.483420130065724, -30.896618275512992], [-51.499410130080605, -30.929550775543703], [-51.485190130067394, -31.025782775633274], [-51.4594811300434, -31.074742775678942], [-51.44006213002535, -31.087307775690647], [-51.617462130190574, -31.139058775738818], [-51.64248613021391, -31.202169275797587], [-51.63088513020307, -31.260939275852365], [-51.61619063018941, -31.267187775858133], [-51.706140630273126, -31.265121775856187], [-51.75661713032014, -31.285632775875342], [-51.789944630351215, -31.27276777586337], [-51.85471713041147, -31.33585977592213], [-51.86947013042527, -31.294351775883456], [-51.87829763043351, -31.323953775911036], [-51.91893113047138, -31.31026727589824], [-51.93129863048284, -31.320582275907896], [-51.92245713047464, -31.33136427591785], [-51.95975113050929, -31.352775275937802], [-51.96188913051128, -31.369528775953427], [-51.947928130498326, -31.375038775958615], [-51.981929130530034, -31.385557775968323], [-51.99315713054045, -31.413069775994018], [-52.01740113056303, -31.539839276112048], [-52.00951263055572, -31.61365877618084], [-52.03011813057492, -31.691845776253672], [-52.06908213061115, -31.676623776239467], [-52.14936713068596, -31.69784677625921], [-52.22523113075658, -31.751398776309088], [-52.21288513074512, -31.809371276363095], [-52.23561513076629, -31.804487776358542], [-52.222473130754, -31.842874776394297], [-52.25290463078238, -31.841980776393484], [-52.249524630779206, -31.874942776424177], [-52.22841213075958, -31.895096276442928], [-52.23768713076822, -31.87926777642815], [-52.22088013075256, -31.8720122764214], [-52.195968130729284, -31.89624077644396], [-52.132484130670264, -31.92322777646916], [-52.11238213065144, -31.942599776487214], [-52.11256763065171, -31.955430776499156], [-52.12122713065969, -31.944477776488952], [-52.14368913068063, -31.951011776494965], [-52.15012813068665, -31.927776776473365], [-52.149966630686436, -31.950215776494247], [-52.16644813070184, -31.943649776488087], [-52.186992630720965, -31.963208276506407], [-52.21809613074993, -31.95949777650287], [-52.238862130769235, -31.984736276526405], [-52.233621630764446, -32.016035776555555], [-52.24769313077752, -32.051224776588356], [-52.225739130757006, -32.03529477657344], [-52.20096813073394, -32.039730776577585], [-52.19314413072675, -32.05842977659506], [-52.23756863076812, -32.07834077661357], [-52.21661813074854, -32.08413077661896], [-52.11000413064926, -32.02390427656292], [-52.112103130651235, -32.017076776556564], [-52.12821363066621, -32.02533877656424], [-52.13169213066942, -32.02062677655988], [-52.105916630645424, -32.014721776554325], [-52.098063630638194, -32.021520276560636], [-52.09829363063841, -32.00384977654426], [-52.15373613069005, -32.02604777656484], [-52.200999130733976, -32.02350377656251], [-52.20528013073806, -32.0097977765497], [-52.18513113071924, -31.98106877652299], [-52.122411130660794, -31.98019677652212], [-52.121769130660255, -31.97177977651438], [-52.135915130673425, -31.97198427651449], [-52.148975130685585, -31.956815776500434], [-52.127678130665686, -31.958222276501715], [-52.134020130671615, -31.97045677651306], [-52.119667130658286, -31.968030776510886], [-52.095606130635815, -31.99568177653657], [-52.08927313062998, -32.02219177656127], [-52.108290130647674, -32.02695877656572], [-52.067899130610044, -32.029658776568226], [-52.063087130605595, -32.04609077658358], [-52.0752251306169, -32.03093677656943], [-52.071385130613294, -32.05178177658888], [-52.08714213062797, -32.05885777659546], [-52.10006113064003, -32.04567177658316], [-52.13814963067546, -32.0614417765978], [-52.15722913069328, -32.11231127664519], [-52.14757513068423, -32.11553427664819], [-52.08441563062547, -32.06128377659775], [-52.10453463064414, -32.10693977664016], [-52.09888413063891, -32.15883377668854], [-52.08295213062411, -32.18340227671138], [-52.09815713063824, -32.16162577669115], [-52.15592963069207, -32.190119776717665], [-52.231331130762214, -32.25657077677954], [-52.306406130832215, -32.36103177687687], [-52.41553813093378, -32.606782777105764], [-52.467486630982194, -32.797847777283664], [-52.51145813102312, -32.902677777381314], [-52.628685631132385, -33.11567877757966], [-52.79519063128737, -33.30204927775321], [-53.246606131707836, -33.66011477808672], [-53.39661563184757, -33.75158277817195], [-53.43277413188116, -33.73819977815947], [-53.4406291318885, -33.69406877811832], [-53.53210113197372, -33.68901477811369], [-53.52429863196642, -33.6742117780999], [-53.53563613197696, -33.64906477807642], [-53.53096513197261, -33.60062427803132], [-53.523481131965696, -33.616029778045686], [-53.51217963195518, -33.59831277802914], [-53.50846213195166, -33.52756377796322], [-53.49807663194201, -33.543217777977816], [-53.471949131917654, -33.54827577798255], [-53.487931131932555, -33.56514377799829], [-53.46077813190732, -33.5748127780073], [-53.449899131897155, -33.56975977800255], [-53.456859131903684, -33.55069777798485], [-53.465246131911385, -33.5539917779879], [-53.45088713189807, -33.51198477794878], [-53.44228713189011, -33.50239877793979], [-53.449233631896504, -33.51428977795092], [-53.44070313188854, -33.51895277795529], [-53.43409713188248, -33.4999042779375], [-53.42823213187694, -33.42012177786319], [-53.47028613191617, -33.260361777714365], [-53.42694013187577, -33.140334777602675], [-53.41057413186047, -33.10786777757244], [-53.40583913185617, -33.107718777572245], [-53.424674131873644, -33.15579977761706], [-53.40656413185684, -33.16256277762329], [-53.39166413184296, -33.15069527761227], [-53.31921313177543, -33.054343777522604], [-53.32575313178154, -33.079629777546074], [-53.31342513177003, -33.09314027755863], [-53.26121063172138, -33.10904877757355], [-53.159438131626644, -32.96917977744329], [-53.16488113163166, -32.879321777359564], [-53.14154913160996, -32.80573977729102], [-53.12615613159562, -32.79328977727937], [-53.072228631545386, -32.832547777315995], [-52.987952131466955, -32.74331027723292], [-53.00072363147888, -32.79394977728009], [-52.985074131464216, -32.816321777300914], [-52.86237213134996, -32.90856927738673], [-52.80411363129576, -32.905681777384075], [-52.750122631245404, -32.86189577734331], [-52.611131631115995, -32.61997677711804], [-52.58567013109223, -32.52624177703069], [-52.62880213113249, -32.417415776929374], [-52.694361131193546, -32.3174377768363], [-52.68154413118157, -32.26451577678699], [-52.62187513112599, -32.14348077667421], [-52.718931131216436, -32.173909776702544], [-52.73944413123547, -32.16580827669509], [-52.74824413124372, -32.17397477670261], [-52.72607913122306, -32.188093776715846], [-52.73180763122832, -32.19882177672582], [-52.735263631231646, -32.19017677671775], [-52.773605131267345, -32.20510677673167], [-52.76008813125475, -32.21327477673924], [-52.7364441312327, -32.201670776728406], [-52.72855863122538, -32.21258677673859], [-52.739804131235815, -32.221536776746916], [-52.75412363124917, -32.211923276737934], [-52.773414131267145, -32.23125677675603], [-52.813125131304105, -32.32060477683922], [-52.7986681312907, -32.33288177685063], [-52.814207131305125, -32.32437377684266], [-52.81934413130989, -32.33940277685667], [-52.807960131299296, -32.35235177686877], [-52.787822131280564, -32.34369227686068], [-52.80201413129373, -32.35871327687471], [-52.78713213127992, -32.37904977689368], [-52.75990913125452, -32.36745227688289], [-52.76999713126395, -32.351886776868355], [-52.75462913124966, -32.356690776872824], [-52.758032131252776, -32.367855776883175], [-52.742987131238806, -32.36543277688099], [-52.750757631246074, -32.35923527687521], [-52.72104813121837, -32.372136776887146], [-52.721605131218894, -32.3846307768988], [-52.78904213128169, -32.44382777695398], [-52.94719563142894, -32.48042277698801], [-52.98212213146155, -32.510071777015696], [-53.00025213147842, -32.597375277096944], [-53.06947413154285, -32.621715777119675], [-53.08409413155641, -32.6577447771532], [-53.127829131597196, -32.63796627713475], [-53.181596131647325, -32.6559407771515], [-53.24226563170373, -32.62600777712362], [-53.249404131710435, -32.603559277102704], [-53.27070213173022, -32.60490977710401], [-53.28723513174566, -32.62214777712006], [-53.332346631787686, -32.58543977708587], [-53.35505213180886, -32.590906777090936], [-53.369631131822416, -32.57119427707255], [-53.38807713183962, -32.587089777087385], [-53.4205221318698, -32.5585807770608], [-53.43179313188034, -32.56580077706758], [-53.45760363190436, -32.52194977702675], [-53.463188631909475, -32.48504277699237], [-53.52617813196821, -32.487490776994605], [-53.55702413199697, -32.471279776979486], [-53.61249613204859, -32.418156776930005], [-53.611097132047234, -32.40220127691521], [-53.64410913207803, -32.38419377689843], [-53.63234763206708, -32.35000277686663], [-53.655385132088554, -32.31922127683788], [-53.64214813207616, -32.29673777681694], [-53.676415132108104, -32.259412776782256], [-53.69369513212416, -32.20450477673103], [-53.710460132139815, -32.19923577672614], [-53.7018811321318, -32.18948477671711], [-53.72282613215134, -32.17304477670177], [-53.716603132145565, -32.15404677668414], [-53.733915132161655, -32.152224776682374], [-53.72613813215446, -32.137898276669034], [-53.74364613217074, -32.11635377664902], [-53.739270132166666, -32.10045677663413], [-53.72487213215322, -32.09782277663169], [-53.74379813217081, -32.09207027662637], [-53.74513563217215, -32.07868577661395], [-53.832737632253725, -32.05517777659202], [-53.8370616322577, -32.03333777657167], [-53.851694132271405, -32.02955877656814], [-53.8494366322692, -32.00101377654153], [-53.89022213230726, -31.994192776535215], [-53.91218413232764, -31.966794776509687], [-53.96008763237228, -31.95572277649933], [-53.96948213238102, -31.918408776464616], [-54.003372132412665, -31.914959276461445], [-54.03040413243775, -31.895882776443614], [-54.08747763249096, -31.93581077648082], [-54.09987563250252, -31.927887776473426], [-54.10856963251058, -31.90851277645538], [-54.45396013283221, -31.652919776217345], [-54.46653963284393, -31.6130127761802], [-54.45256713283095, -31.60042077616845], [-54.49313213286871, -31.55999577613079], [-54.5134821328877, -31.513583776087557], [-54.574040132944106, -31.48185577605807], [-54.585778132955056, -31.456694776034624], [-54.66958413303303, -31.453958776032096], [-54.70084713306221, -31.435419776014783], [-54.75924413311657, -31.425159776005216], [-54.83565113318775, -31.442012776020988], [-54.890995133239244, -31.375133775958716], [-54.93975313328474, -31.38101977596409], [-54.93417563327944, -31.3569717759417], [-54.95911463330276, -31.35193277593703], [-54.952379133296404, -31.332305775918826], [-54.977778133320044, -31.317579775905074], [-55.006033133346364, -31.266932275857926], [-55.03083963336951, -31.269758275860568], [-55.04229113338022, -31.308348775896434], [-55.05907763339576, -31.315390775902983], [-55.05636363339329, -31.331898775918376], [-55.073454633409256, -31.33217977591869], [-55.15130213348175, -31.29308477588222], [-55.168339133497625, -31.269330775860112], [-55.239102133563506, -31.260547775851933], [-55.2490641335728, -31.205922275801072], [-55.28181713360323, -31.193919775789936], [-55.26996063359218, -31.17684327577399], [-55.28992013361085, -31.163651775761764], [-55.28995313361088, -31.143717775743198], [-55.33770713365527, -31.13363677573375], [-55.326782633645166, -31.088129275691358], [-55.358882133675024, -31.067612775672274], [-55.35075113366747, -31.03756977564433], [-55.36855163368398, -31.034386775641337], [-55.37318163368832, -31.01915777562715], [-55.399405133712776, -31.028586775635972], [-55.4239551337356, -31.016514775624728], [-55.436411633747184, -31.004615775613615], [-55.42373313373537, -30.98558477559584], [-55.44035513375093, -30.959792775571827], [-55.485683133793145, -30.947604775560535], [-55.485551633792966, -30.928247775542445], [-55.50324213380952, -30.924883775539342], [-55.50931163381517, -30.90188177551795], [-55.544948133848266, -30.890621775507384], [-55.576788133877926, -30.833838775454524], [-55.65712513395283, -30.86363427548224], [-55.64143113393823, -30.911672775526995], [-55.665359133960465, -30.95391577556643], [-55.694173133987306, -30.94340777555658], [-55.70905113400113, -30.954645775567087], [-55.72330613401448, -30.94280277555606], [-55.72747913401827, -30.979312775590074], [-55.74570913403534, -30.97940477559007], [-55.753083134042186, -30.998210275607676], [-55.772813134060584, -30.997051775606565], [-55.76550963405373, -31.009658275618335], [-55.775966134063424, -31.015391275623642], [-55.81272113409773, -31.015428275623663], [-55.82881713411268, -31.043736775650018], [-55.854524634136624, -31.04488077565111], [-55.87015713415121, -31.071497275675938], [-55.89008763416973, -31.076929775680924], [-55.89808313417723, -31.06627877567098], [-55.93240113420916, -31.086804775690098], [-55.97737613425102, -31.0733887756777], [-56.00955713428107, -31.080986775684664], [-56.014557134285724, -30.9448207755579], [-55.98933963426214, -30.858697775477708], [-56.02287513429337, -30.786417775410428], [-56.06310213433085, -30.77312927539799], [-56.069329134336726, -30.747151775373823], [-56.088362134354384, -30.757457775383386], [-56.10775013437251, -30.73297377536062], [-56.12883513439215, -30.737709775365033], [-56.13035513439354, -30.716925775345658], [-56.149991134411835, -30.705814775335284], [-56.13774313440035, -30.685299275316197], [-56.1665316344272, -30.664349775296728], [-56.16574213442652, -30.640317775274298], [-56.182888134442464, -30.625990775261016], [-56.16984863443031, -30.615084775250807], [-56.219076134476154, -30.60793527524413], [-56.2345121344905, -30.591726775229063], [-56.225380134482066, -30.5785952752168], [-56.2375461344933, -30.573899775212453], [-56.259713634514014, -30.58612877522387], [-56.25844613451284, -30.56141177520078], [-56.28062063453342, -30.561558275200923], [-56.291431134543586, -30.520116775162364], [-56.32883613457841, -30.529656775171247], [-56.35405163460189, -30.49268377513681], [-56.383062634628914, -30.498260275142], [-56.405142134649395, -30.468663775114464], [-56.39623813464118, -30.44950877509666], [-56.41504713465861, -30.431052775079365], [-56.45196813469306, -30.42247677507146], [-56.44367213468536, -30.41512277506456], [-56.46135113470177, -30.3847997750363], [-56.48857113472718, -30.39928977504985], [-56.50603713474345, -30.368197775020917], [-56.544651134779315, -30.35976477501299], [-56.53992513477499, -30.314301274970717], [-56.55596663478991, -30.319356774975404], [-56.57564013480817, -30.288908774947004], [-56.6165316348463, -30.300857774958217], [-56.6053621348359, -30.282747274941357], [-56.61244913484245, -30.261988774921974], [-56.62653063485561, -30.26723777492691], [-56.63835813486662, -30.257867774918168], [-56.62397063485321, -30.247737274908673], [-56.64803113487562, -30.22191877488467], [-56.666566134892946, -30.220607774883433], [-56.64564263487341, -30.204627274868585], [-56.6815231349068, -30.195144774859727], [-56.696206134920544, -30.205407774869286], [-56.70591063492952, -30.176354774842252], [-56.77638563499522, -30.164050774830798], [-56.77947913499804, -30.127606774796845], [-56.80027563501744, -30.121358274790964], [-56.80588113502267, -30.104825274775635], [-56.884528135095934, -30.08782277475973], [-56.90381813511385, -30.113969274784154], [-56.917248635126384, -30.09665577476801], [-56.95599713516242, -30.10176177477274], [-56.99160513519564, -30.08636727475846], [-57.02264913522458, -30.088217774760096], [-57.043532135243936, -30.10537677477612], [-57.067206635266075, -30.101266774772284], [-57.06050413525975, -30.090039274761807], [-57.06936213526808, -30.086609274758644], [-57.08823213528558, -30.120076774789823], [-57.11419713530984, -30.114484774784614], [-57.10506813530128, -30.1358327748045], [-57.12844413532309, -30.142005774810173], [-57.167388135359374, -30.198602774862934], [-57.15560063534838, -30.2358957748977], [-57.21744863540596, -30.289906774948008], [-57.24727613543371, -30.290364774948443], [-57.25901313544466, -30.267127774926735], [-57.283714135467676, -30.294204274951994], [-57.313964135495894, -30.25831227491858], [-57.35344263553259, -30.28529427494368], [-57.36837313554656, -30.273091774932254], [-57.39514713557139, -30.304969774962046], [-57.41906013559367, -30.302997774960204], [-57.41351013558858, -30.280704274939353], [-57.46084463563261, -30.266781274926416], [-57.48877813565866, -30.269378774928896], [-57.49733413566662, -30.287964774946204], [-57.52214913568969, -30.2861627749445], [-57.56570213573025, -30.25860477491881], [-57.56288913572769, -30.20923077487282], [-57.606580135768354, -30.19043877485535], [-57.64331613580259, -30.19300877485773], [-57.63532763579508, -30.17600627484194], [-57.58494063574824, -30.176792774842625], [-57.48165813565197, -30.12326077479281], [-57.4298346356037, -30.052114774726533], [-57.345149635524876, -30.002781774680557], [-57.32786063550873, -29.97159827465157]]]}}, {"type": "Feature", "id": "SC", "properties": {"id": "SC", "sigla": "SC", "name": "Santa Catarina", "regiao": "Sul", "pop_total": 7627544, "qtd_equipes_esf": 4901, "capacidade_pnab": 18177000, "cobertura_pnab_pct": 238.3, "sobrecarga_media": 0.36, "pop_critica": 678327, "pct_pop_critica": 8.89, "n_polos_critica": 68, "hab_por_esf": 1556, "densidade": 79.3}, "geometry": {"type": "MultiPolygon", "coordinates": [[[[-53.73114213215911, -27.004308771887963], [-53.742449132169554, -26.990561771875264], [-53.71644613214539, -26.987741771872606], [-53.7358401321635, -26.97387027185971], [-53.725220132153595, -26.95775927184468], [-53.703820132133615, -26.95949777184626], [-53.7071696321367, -26.932259771820895], [-53.67029663210246, -26.94180377182977], [-53.696189132126506, -26.927998771816988], [-53.672366632104286, -26.91263677180268], [-53.67129963210334, -26.892556771783916], [-53.694647132125056, -26.886033771777875], [-53.678864132110334, -26.868761771761797], [-53.695166132125564, -26.857583771751365], [-53.65889113209175, -26.86080677175437], [-53.67628113210799, -26.842940771737744], [-53.694220132124656, -26.846202771740764], [-53.6874681321184, -26.836317771731615], [-53.709751132139104, -26.811795771708717], [-53.697507132127726, -26.81349077171035], [-53.6994426321296, -26.796841771694744], [-53.714944132143955, -26.778579771677755], [-53.69880613212899, -26.767383271667313], [-53.72869263215682, -26.773010771672602], [-53.74300613217008, -26.762198271662555], [-53.72356213215198, -26.76260477166295], [-53.71393513214309, -26.748754771650056], [-53.73122813215912, -26.730259771632745], [-53.74946913217616, -26.739780771641676], [-53.74172213216889, -26.729866771632373], [-53.75683163218298, -26.71886477162218], [-53.7533361321797, -26.709398771613337], [-53.73307813216093, -26.715624771619105], [-53.74261713216981, -26.68062327158657], [-53.728665632156776, -26.691391771596614], [-53.71544613214451, -26.68230377158818], [-53.72982813215788, -26.676129771582396], [-53.71797813214687, -26.66645077157341], [-53.724142132152565, -26.64745477155566], [-53.7249986321533, -26.657736271565227], [-53.7583641321844, -26.640638771549334], [-53.73900413216643, -26.643206771551718], [-53.7311441321591, -26.586152771498632], [-53.721194132149776, -26.561936771475985], [-53.7060561321357, -26.55934477147366], [-53.7180561321469, -26.556887771471338], [-53.73522813216289, -26.565873271479745], [-53.72369213215211, -26.553672771468314], [-53.740442132167686, -26.544914771460185], [-53.722617132151186, -26.54200277145742], [-53.715533132144515, -26.52586827144239], [-53.72555813215388, -26.525066271441688], [-53.72885963215697, -26.502633771420847], [-53.702866132132726, -26.507809771425627], [-53.694337132124815, -26.489846771408907], [-53.69464013212507, -26.474772771394896], [-53.70611413213578, -26.480782771400413], [-53.71411413214321, -26.470482271390892], [-53.69675013212702, -26.46838677138885], [-53.70302613213289, -26.44132277136373], [-53.68752513211848, -26.443403771365638], [-53.70852363213805, -26.387349271313383], [-53.64469563207854, -26.287184771220154], [-53.64323313207717, -26.252646771187983], [-53.58647613202436, -26.255553771190648], [-53.57986463201814, -26.27381677120775], [-53.54988713199032, -26.293086771225603], [-53.49670813194075, -26.302364771234238], [-53.42006613186936, -26.27472677120852], [-53.375091631827445, -26.2415672711777], [-53.30544913176266, -26.25928477119419], [-53.281049131739906, -26.246021271181803], [-53.25188013171271, -26.298603771230773], [-53.18396613164953, -26.343385771272438], [-53.14530813161343, -26.34523077127426], [-53.123928131593516, -26.37389477130091], [-53.09018013156208, -26.39003577131598], [-53.04631613152128, -26.38024077130683], [-52.98984413146866, -26.34736377127615], [-52.94995613143158, -26.36185227128965], [-52.87748813136409, -26.360037771288034], [-52.847498131336124, -26.3435017712726], [-52.7592306312539, -26.352639771281133], [-52.73726913123346, -26.3416987712709], [-52.71836413121582, -26.35688877128507], [-52.67809513117834, -26.35220677128075], [-52.59400313110007, -26.415043771339242], [-52.52231963103327, -26.40013277132539], [-52.4607721309759, -26.43938277136192], [-52.421370130939295, -26.437356771359987], [-52.40060363091993, -26.422702771346394], [-52.37626263089726, -26.440070271362515], [-52.304545130830434, -26.440268271362697], [-52.28197713080942, -26.4630077713839], [-52.248457130778206, -26.454624771376075], [-52.219918130751694, -26.465477271386135], [-52.185165630719325, -26.444934771367116], [-52.157389130693446, -26.47139027139167], [-52.099197630639196, -26.48234777140192], [-52.09339513063378, -26.51283677143033], [-52.03232613057696, -26.54045177145599], [-52.01074813055686, -26.566076771479857], [-51.89921313045295, -26.580309771493148], [-51.87312263042861, -26.599760771511228], [-51.81816513037745, -26.579571771492397], [-51.78581363034732, -26.589780771501978], [-51.733648130298775, -26.574840771488084], [-51.69457013026238, -26.58296077149555], [-51.66457813023442, -26.565605771479454], [-51.61464013018792, -26.590481771502596], [-51.51107463009146, -26.583274771495894], [-51.49376913007541, -26.58916427150143], [-51.48564063006779, -26.62227877153225], [-51.46772513005112, -26.621573271531588], [-51.434860130020525, -26.687648771593103], [-51.40666212999429, -26.700145771604753], [-51.41103912999836, -26.716808771620208], [-51.392550129981146, -26.697781771602536], [-51.405416129993114, -26.675684771581928], [-51.38105412997038, -26.658982771566457], [-51.331414129924156, -26.64681027155507], [-51.323312129916644, -26.656442771564002], [-51.282933129878984, -26.653515271561332], [-51.27709262987355, -26.6358157715448], [-51.22818012982805, -26.615534271525917], [-51.23734512983651, -26.604039771515204], [-51.21548212981622, -26.56964877148323], [-51.273806129870536, -26.496610771415135], [-51.25046812984874, -26.47386277139401], [-51.26009312985775, -26.470266771390698], [-51.25349812985155, -26.463029271383903], [-51.2774281298739, -26.45785427137912], [-51.2740776298707, -26.44547577136757], [-51.29828312989332, -26.419472771343294], [-51.25222212985045, -26.37587177130274], [-51.261400129859, -26.363553271291266], [-51.24259412984145, -26.324237771254616], [-51.22368212982383, -26.320632771251326], [-51.207900129809104, -26.296634771228923], [-51.104483129712776, -26.274951771208748], [-51.07954612968956, -26.227773771164834], [-51.05471012966643, -26.244503771180348], [-50.99998912961553, -26.23000577116693], [-50.94420812956355, -26.282031771215316], [-50.93133962955153, -26.267860771202095], [-50.943282629562646, -26.241743771177767], [-50.93453112955456, -26.233398771170073], [-50.90762462952944, -26.251107771186525], [-50.908735129530555, -26.284401771217517], [-50.89952112952187, -26.288646771221465], [-50.881549129505174, -26.277589771211183], [-50.868563129493054, -26.241812771177933], [-50.83852812946509, -26.270829771204944], [-50.82554112945297, -26.245963771181778], [-50.79281512942259, -26.227258771164315], [-50.757956129390095, -26.221236771158715], [-50.74501212937798, -26.245869771181674], [-50.718017129352916, -26.24430327118023], [-50.731321129365256, -26.202934771141713], [-50.652110129291486, -26.13282177107635], [-50.656790129295814, -26.102561271048216], [-50.62799812926903, -26.062641771011045], [-50.59414012923753, -26.07064277101847], [-50.55314162919933, -26.05777377100651], [-50.55491412920094, -26.041490770991345], [-50.59167012923524, -26.04208877099188], [-50.591199129234724, -26.021653770972875], [-50.57131612921626, -26.00331477095574], [-50.548185129194735, -26.03931027098929], [-50.49972612914962, -26.02330977097438], [-50.47560312912708, -26.03402377098439], [-50.47104912912289, -26.020861770972147], [-50.4586701291114, -26.036742770986848], [-50.44404212909774, -26.034469770984742], [-50.44970612910299, -26.043496770993215], [-50.43315012908761, -26.060612271009177], [-50.402935129059415, -26.057261771005983], [-50.36100012902034, -26.09423477104042], [-50.36797112902684, -26.111116771056118], [-50.32312212898512, -26.1344597710779], [-50.33351312899481, -26.12526827106933], [-50.32484012898669, -26.123388271067597], [-50.331587128992965, -26.083224771030245], [-50.26782712893362, -26.042090270991935], [-50.251536128918474, -26.050844771000015], [-50.25104412891801, -26.029749770980402], [-50.22363112889241, -26.060289271008855], [-50.20937612887917, -26.056689771005495], [-50.18205012885369, -26.07849277102582], [-50.155397128828895, -26.04157727099141], [-50.182051128853686, -26.033959770984325], [-50.17138412884378, -26.024684270975627], [-50.141528128815935, -26.027127770977927], [-50.14909312882298, -26.057928771006686], [-50.134267128809256, -26.04300577099275], [-50.12059012879649, -26.063874771012138], [-50.08434012876273, -26.0230657709742], [-50.077683128756576, -26.045920770995394], [-50.03878912872028, -26.02619877097709], [-50.00585612868963, -26.0447837709944], [-50.01106812869443, -26.013525770965316], [-49.993075128677674, -26.011148270963076], [-49.964217628650886, -26.02415977097519], [-49.97230712865837, -26.05785577100653], [-49.94752812863533, -26.03049677098113], [-49.95972412864671, -26.019718770971053], [-49.941361128629524, -26.008012770960136], [-49.934845128623465, -26.03168727098216], [-49.86504112855846, -26.034666770984927], [-49.86177812855544, -26.054769771003635], [-49.84164912853669, -26.064084771012404], [-49.83209762852778, -26.05271927100182], [-49.84314212853815, -26.072474271020155], [-49.83018312852607, -26.069066771016992], [-49.82422412852043, -26.092627771038906], [-49.80794812850536, -26.087757771034376], [-49.8040626285017, -26.10721977105254], [-49.792533628491014, -26.11268627105767], [-49.78717712848595, -26.10038577104615], [-49.777925128477364, -26.118910771063383], [-49.767869128467964, -26.109915771055057], [-49.775115128474795, -26.100294271046096], [-49.767563128467714, -26.104312771049877], [-49.74811812844962, -26.13950377108256], [-49.72442012842748, -26.143264771086137], [-49.73653012843886, -26.15661777109858], [-49.72617512842919, -26.170608771111574], [-49.710201628414325, -26.153907771095987], [-49.67625112838266, -26.175485771116087], [-49.68935612839482, -26.18797777112775], [-49.65272512836077, -26.18672577112659], [-49.64521262835376, -26.209118771147473], [-49.6299216283395, -26.19050577113012], [-49.63475812834406, -26.208151771146504], [-49.6056661283169, -26.211360771149543], [-49.60125662831285, -26.22754277116462], [-49.58711712829961, -26.2169727711547], [-49.59035412830269, -26.229679771166616], [-49.57743512829063, -26.21352577115158], [-49.55460612826937, -26.236847771173302], [-49.55206262826698, -26.22483527116208], [-49.535721128251794, -26.226734271163878], [-49.53969012825553, -26.213291771151376], [-49.51947212823666, -26.226750771163893], [-49.49608262821482, -26.22082877115838], [-49.48644362820585, -26.18007377112042], [-49.47900712819899, -26.185421771125334], [-49.45868112818005, -26.162251771103797], [-49.43609012815898, -26.171844271112718], [-49.41677112814102, -26.164987771106325], [-49.41616512814039, -26.152732771094975], [-49.36981112809724, -26.155474771097488], [-49.34681512807583, -26.12762477107151], [-49.28930412802231, -26.10222177104788], [-49.294047128026705, -26.084547771031453], [-49.26549362800017, -26.07854127102587], [-49.23753412797407, -26.030870770981437], [-49.17480512791565, -26.00136627095401], [-49.140782127883995, -26.01507777096674], [-49.125082127869405, -25.995760770948777], [-49.09301912783951, -26.009811770961846], [-49.070611127818665, -25.999229770951956], [-49.054748127803805, -26.020065770971314], [-49.04045612779055, -26.003549770955942], [-49.00664612775904, -26.015200770966885], [-48.97802712773239, -25.988826770942296], [-48.95023512770649, -25.98968427094303], [-48.96032012771593, -25.980531270934534], [-48.680190127455035, -25.980576270934648], [-48.643181127420576, -25.955462770911254], [-48.63317162741123, -25.977175770931467], [-48.59410212737487, -25.976604770930862], [-48.60613312738599, -26.066342771014433], [-48.58050512736213, -26.16478277110616], [-48.52590062731133, -26.164727771106072], [-48.52111112730688, -26.21411627115208], [-48.508268127294855, -26.226249271163397], [-48.49233412728006, -26.218766771156425], [-48.59180512737271, -26.406308771331055], [-48.593107127373855, -26.453409271374994], [-48.66166562743774, -26.572314771485708], [-48.68658212746095, -26.668994271575684], [-48.670897127446324, -26.76193977166224], [-48.65191112742866, -26.77093977167067], [-48.64693262742401, -26.76131477166166], [-48.6197616273987, -26.788628771687172], [-48.605687127385636, -26.788497771687048], [-48.598500127378884, -26.771472771671142], [-48.584884127366195, -26.782800271681708], [-48.6021451273823, -26.82660227172255], [-48.62771512740619, -26.83517477173052], [-48.642787127420206, -26.90120177179199], [-48.640362127417916, -26.919592771809107], [-48.620911127399836, -26.92526027181441], [-48.63399912741204, -26.977818771863326], [-48.620762127399644, -26.999277771883385], [-48.60003362738041, -27.002914771886708], [-48.58658712736781, -26.99152077187614], [-48.56674212734936, -27.007361771890828], [-48.591728127372676, -27.061358271941117], [-48.58679212736797, -27.0802687719588], [-48.61186512739141, -27.099944771977107], [-48.60215512738239, -27.124630772000046], [-48.58405412736545, -27.145218772019234], [-48.54883112733262, -27.157085772030314], [-48.5067791272935, -27.110828771987258], [-48.512202127298565, -27.132000772006904], [-48.50148112728857, -27.145434772019485], [-48.48398762727231, -27.148677272022496], [-48.478666127267275, -27.134818772009567], [-48.46515212725478, -27.144690272018806], [-48.497978127285364, -27.16913977204149], [-48.49868812728596, -27.192218272062973], [-48.47854512726724, -27.205648772075506], [-48.51699612730306, -27.220491772089304], [-48.500150127287384, -27.200927772071168], [-48.51456312730079, -27.184950772056254], [-48.539885127324396, -27.182233772053678], [-48.603453127383546, -27.217602772086707], [-48.616190127395384, -27.2507722721175], [-48.595760127376366, -27.316098772178407], [-48.55423712733773, -27.313260772175795], [-48.53994912732435, -27.29782277216134], [-48.53848712732304, -27.323999772185743], [-48.523654127309214, -27.333640772194713], [-48.53689112732161, -27.356949772216467], [-48.52580712731128, -27.375687772233846], [-48.53493912731972, -27.383055272240767], [-48.54688812733082, -27.36477777222376], [-48.557840127341024, -27.36760227222635], [-48.566247627348844, -27.423050272278033], [-48.625939127404536, -27.43373077228796], [-48.6466986274238, -27.48253577233345], [-48.63097012740923, -27.52937377237697], [-48.61174262739121, -27.546866772393287], [-48.616753127395896, -27.558159272403827], [-48.56702412734967, -27.595265272438382], [-48.58786312736902, -27.618995772460494], [-48.59704712737755, -27.602820772445398], [-48.61972712739873, -27.60284177244546], [-48.62787062740631, -27.63608027247642], [-48.64349412742081, -27.64275477248259], [-48.601075127381364, -27.661298272499835], [-48.58818512736934, -27.750967772583408], [-48.601332127381625, -27.776916772607592], [-48.57524762735727, -27.844482772670517], [-48.59746712737797, -27.85275777267816], [-48.60187212738208, -27.867475772691932], [-48.591413127372334, -27.884802772707985], [-48.57442512735656, -27.876823772700618], [-48.57348912735563, -27.88957677271253], [-48.62413562740278, -27.958494772776703], [-48.629768127408056, -28.010667772825286], [-48.598363127378775, -28.02990077284312], [-48.631244127409445, -28.083355772893015], [-48.636015627413826, -28.138821772944652], [-48.66309912743907, -28.1814307729843], [-48.667101627442776, -28.215281773015818], [-48.645960627423165, -28.233486773032723], [-48.67669562745175, -28.256524773054252], [-48.70126812747469, -28.297824273092715], [-48.70966112748249, -28.3275427731204], [-48.69795912747156, -28.337047773129257], [-48.740591127511266, -28.386312273175122], [-48.74751662751771, -28.412908773199888], [-48.73864512750947, -28.422698273208994], [-48.766719127535566, -28.464317773247785], [-48.76372012753279, -28.490961773272602], [-48.742368627512974, -28.507345773287852], [-48.75705212752655, -28.518450273298185], [-48.75715212752664, -28.537696773316043], [-48.78144512754932, -28.55162477332908], [-48.78318512755095, -28.568988773345268], [-48.814236127579875, -28.592146773366835], [-48.80929112757519, -28.60502927337882], [-48.90800412766714, -28.63770477340927], [-48.996411127749525, -28.684572773452942], [-49.183606127923895, -28.799802773560145], [-49.2905871280235, -28.882528773637205], [-49.42089112814483, -28.996099773743026], [-49.711614628415646, -29.32492777404923], [-49.72922212843196, -29.328694774052792], [-49.74609712844767, -29.324270774048614], [-49.730330128433025, -29.318078774042874], [-49.74334312844519, -29.310927274036203], [-49.738267128440384, -29.301102774027072], [-49.84668512854137, -29.272878774000787], [-49.8415981285367, -29.260151773988923], [-49.854372628548504, -29.256577773985555], [-49.84846212854302, -29.24663277397633], [-49.86870012856184, -29.224131773955378], [-49.95429412864166, -29.199077773932004], [-49.996358128680754, -29.22746777395855], [-50.114173128790526, -29.258811773987645], [-50.107989128784766, -29.280333774007772], [-50.062724128742616, -29.31158577403687], [-50.036782128718414, -29.350937774073486], [-50.0645341287443, -29.340879774064092], [-50.05726862873746, -29.32724177405146], [-50.08627812876455, -29.322995274047457], [-50.123052128798804, -29.28137477400867], [-50.12839912880372, -29.303214774029016], [-50.14724912882127, -29.287778274014613], [-50.13801912881274, -29.254530773983674], [-50.17447212884667, -29.249224773978767], [-50.14116812881571, -29.237748773968065], [-50.15005812882396, -29.229500773960353], [-50.13339512880839, -29.208390273940722], [-50.152284128825954, -29.200867773933737], [-50.13875812881338, -29.192205773925707], [-50.09330712877113, -29.212878773944908], [-50.11107962878759, -29.2221062739535], [-50.111500128788066, -29.239833773969963], [-50.08346312876188, -29.22752977395851], [-50.09854512877598, -29.163359773898833], [-50.08011912875884, -29.155375773891365], [-50.066513128746124, -29.15898927389469], [-50.09195912876987, -29.167022773902204], [-50.07608912875503, -29.189855773923455], [-50.06033312874035, -29.176617773911175], [-50.065352128745076, -29.19102677392459], [-50.034208128716045, -29.176560773911092], [-50.01527312869837, -29.18153077391571], [-50.02765112870998, -29.170611773905534], [-50.00474012868858, -29.150439273886718], [-50.013555128696794, -29.127795273865672], [-49.98637212867152, -29.136165273873416], [-49.99168112867642, -29.11835677385693], [-49.962367128649134, -29.117486773856058], [-49.966987128653386, -29.08349077382445], [-49.95400912864136, -29.08503777382589], [-49.95974812864665, -29.070509273812263], [-49.939570128627906, -29.05670677379942], [-50.00695412869061, -29.0717252738134], [-49.95871612864573, -29.04892377379224], [-49.938555128626945, -29.02106677376628], [-49.964289128650876, -29.0221252737673], [-49.94140812862963, -29.00103077374763], [-49.93801412862649, -28.978262773726442], [-49.91940112860914, -28.977920773726055], [-49.95604712864326, -28.96132777371065], [-49.97049062865665, -28.923401773675323], [-49.954686128641924, -28.874777273630002], [-49.97163612865779, -28.88025977363509], [-49.960792128647654, -28.832218773590398], [-49.97077112865691, -28.826056773584696], [-49.96231712864903, -28.801146773561413], [-49.946439128634324, -28.805741773565728], [-49.95852612864553, -28.778828273540626], [-49.949621128637204, -28.754745773518266], [-49.92150912861109, -28.74566677350981], [-49.93489412862357, -28.727628273492996], [-49.903309128594174, -28.705943773472768], [-49.91415062860426, -28.724433273490035], [-49.88234612857457, -28.71784277348388], [-49.89135312858298, -28.73914177350366], [-49.8751711285679, -28.74440177350857], [-49.871170128564245, -28.703852773470885], [-49.845919128540686, -28.704978773471908], [-49.84179712853688, -28.715381773481568], [-49.82026812851677, -28.69343477346115], [-49.83569512853114, -28.68486177345312], [-49.83706512853246, -28.666693773436236], [-49.81227012850934, -28.658040773428183], [-49.81683712851361, -28.64016677341158], [-49.78163312848085, -28.60904427338255], [-49.780416128479715, -28.62979177340185], [-49.7577306284586, -28.615065273388154], [-49.75417812845524, -28.628474273400684], [-49.69309912839833, -28.62452777339695], [-49.7093811284135, -28.604213773378092], [-49.711002128414975, -28.572891273348887], [-49.71945612842285, -28.57647677335217], [-49.72992062843264, -28.551971773329342], [-49.748202128449634, -28.543904773321856], [-49.72649412842941, -28.516779773296662], [-49.74555712844722, -28.506189773286792], [-49.744862128446584, -28.493433773274887], [-49.76221412846269, -28.501711773282636], [-49.770534128470445, -28.49248777327398], [-49.764227128464654, -28.4595657732433], [-49.78133412848058, -28.47169427325457], [-49.782915128482045, -28.495772773277054], [-49.8094871285067, -28.467263773250465], [-49.81054262850773, -28.483353773265435], [-49.82541912852162, -28.477747773260262], [-49.83932462853454, -28.49575677327698], [-49.84090712853606, -28.484387773266462], [-49.86804012856123, -28.48323677326539], [-49.86318512855678, -28.462410773246006], [-49.87691612856952, -28.454183773238356], [-49.854338128548534, -28.443510773228354], [-49.892590128584175, -28.439585773224735], [-49.89501212858636, -28.46263677324623], [-49.92824612861739, -28.45066377323508], [-49.93642912862492, -28.457136773241018], [-49.927832128616956, -28.469459773252538], [-49.9437246286318, -28.481969773264154], [-49.95183812863934, -28.449962773234347], [-49.96636512865291, -28.455023773239077], [-49.9710601286572, -28.438687773223933], [-49.98800912867296, -28.444380773229227], [-49.98713312867221, -28.455454773239467], [-50.01588912869897, -28.449690273234182], [-50.03585212871758, -28.477383273259875], [-50.084061128762414, -28.4726312732555], [-50.09936512877675, -28.485113273267075], [-50.10734812878411, -28.472630273255504], [-50.124846128800414, -28.47463477325732], [-50.11086712878739, -28.444709773229533], [-50.12134112879721, -28.42528377321139], [-50.15965712883292, -28.46005477324377], [-50.13887912881353, -28.494217773275636], [-50.156690128830064, -28.497254273278486], [-50.17667112884874, -28.452035773236275], [-50.203216128873464, -28.44365127322851], [-50.22256262889141, -28.462464773245983], [-50.247096128914336, -28.428432773214354], [-50.26319912892927, -28.442485773227418], [-50.251270128918236, -28.44853277323307], [-50.27115812893669, -28.456263773240266], [-50.3300551289916, -28.435032773220428], [-50.34776612900805, -28.461808773245366], [-50.347881129008215, -28.42816877321411], [-50.3602621290197, -28.419599773206073], [-50.37820112903637, -28.445736773230465], [-50.3936501290508, -28.433265773218864], [-50.43048912908512, -28.43217777321786], [-50.45557812910852, -28.410288273197466], [-50.51444712916327, -28.403839773191407], [-50.530881129178624, -28.40566777319316], [-50.5363901291837, -28.428629273214483], [-50.59118912923475, -28.38167177317075], [-50.624614129265865, -28.390987773179518], [-50.62785012926895, -28.363552773153856], [-50.66461412930312, -28.33747377312966], [-50.65889812929788, -28.321566273114854], [-50.69405412933054, -28.288263773083827], [-50.69781812933411, -28.266200773063247], [-50.74871612938148, -28.24844277304669], [-50.76573212939729, -28.188258772990707], [-50.78817662941822, -28.19793227299965], [-50.78456412941489, -28.14267777294822], [-50.81803312944601, -28.14004177294578], [-50.83007612945721, -28.117357772924606], [-50.86733812949194, -28.138983272944756], [-50.87558712949965, -28.094334772903153], [-50.90310612952521, -28.086441272895854], [-50.88145812950506, -28.067594272878296], [-50.874458129498635, -28.040901272853375], [-50.89337212951625, -28.019599772833544], [-50.92242962954322, -28.011408772825916], [-50.928348129548795, -27.968618772786044], [-50.9858661296023, -27.94142427276074], [-51.000724129616174, -27.962883772780742], [-51.01867312963293, -27.95595377277425], [-51.015620129630065, -27.9278117727481], [-51.054693129666475, -27.904023772725964], [-51.05146612966348, -27.869699772693934], [-51.077634129687794, -27.86253827268729], [-51.08189412969182, -27.834252272660933], [-51.130769129737246, -27.8298602726569], [-51.13257812973893, -27.805849772634474], [-51.191582129793915, -27.775834772606572], [-51.242645129841435, -27.775140772605937], [-51.24710612984563, -27.7588917725908], [-51.27315412986991, -27.749257772581814], [-51.27562012987221, -27.7235342725578], [-51.30829912990259, -27.71894977255363], [-51.30159012989634, -27.702026772537806], [-51.31760112991128, -27.672714772510517], [-51.36908162995928, -27.672116272509925], [-51.369585629959715, -27.636059772476415], [-51.38137412997071, -27.62474177246588], [-51.433749130019464, -27.654516772493594], [-51.43548313002111, -27.63206177247264], [-51.47687213005963, -27.59536777243852], [-51.4773621300601, -27.56964577241456], [-51.48957863007149, -27.559013272404627], [-51.54862263012649, -27.559575772405196], [-51.567500130144026, -27.58435977242823], [-51.585083130160456, -27.569193272414054], [-51.5799811301556, -27.523065772371183], [-51.61803813019105, -27.546093772392624], [-51.62942713020175, -27.540343772387246], [-51.619196630192164, -27.500307272349914], [-51.631733630203826, -27.488433772338908], [-51.658682130228954, -27.519492772367812], [-51.683998130252576, -27.479018772330164], [-51.69933663026677, -27.4790447723301], [-51.71973513028581, -27.51325477236196], [-51.7529586303167, -27.486981772337572], [-51.798134630358845, -27.4905717723409], [-51.78536363034698, -27.521151272369366], [-51.79663113035747, -27.530121772377697], [-51.821642130380724, -27.51233677236121], [-51.84853613040582, -27.525066772373066], [-51.8422361303999, -27.48567677233632], [-51.857241130413854, -27.47512777232646], [-51.87453813042998, -27.480684772331642], [-51.87275363042829, -27.513069272361804], [-51.88819913044267, -27.520269272368523], [-51.90189963045543, -27.495558772345476], [-51.900488130454164, -27.462736772314997], [-51.95706913050685, -27.474215272325637], [-51.962813130512245, -27.462174772314484], [-51.940949130491845, -27.448220772301397], [-51.93696863048808, -27.426570772281252], [-52.00808513055438, -27.400085772256602], [-51.95396913050399, -27.39448427225136], [-51.950519130500766, -27.380867272238675], [-52.009143130555344, -27.37145877222997], [-52.02139113056671, -27.36035877221957], [-52.00825113055453, -27.342915772203355], [-52.01777813056333, -27.33128777219258], [-52.03836513058252, -27.34447777220487], [-52.07262913061447, -27.337883272198724], [-52.09750313063762, -27.347943772208055], [-52.11857813065728, -27.302743772165968], [-52.16678313070213, -27.311167772173803], [-52.16610513070157, -27.272905772138188], [-52.179745130714196, -27.276463772141483], [-52.209668630742044, -27.33042477219169], [-52.22420013075566, -27.329991772191306], [-52.238912130769336, -27.305744272168795], [-52.27763613080538, -27.299575772163053], [-52.234651130765315, -27.270250772135682], [-52.25342513078283, -27.2570362721234], [-52.301267130827455, -27.259589772125764], [-52.29340613082013, -27.315830772178174], [-52.34624313086931, -27.28779927215203], [-52.37488163089597, -27.30380377216693], [-52.380539130901184, -27.258491772124785], [-52.39116513091108, -27.251602772118304], [-52.39536063091498, -27.292175772156156], [-52.439975130956554, -27.26223827212823], [-52.43145913094861, -27.22731027209568], [-52.43955913095624, -27.21629977208545], [-52.47722713099131, -27.233592772101588], [-52.48556913099901, -27.266483772132233], [-52.5357746310458, -27.25965777212582], [-52.54960613105868, -27.238051772105678], [-52.628665131132266, -27.265224772130978], [-52.66764513116857, -27.237978772105635], [-52.69106463119044, -27.283731272148202], [-52.706326131204605, -27.272445772137758], [-52.714417131212144, -27.23645977210424], [-52.75696713125183, -27.255341772121824], [-52.75923313125395, -27.213170272082493], [-52.81697063130764, -27.200904772071112], [-52.84233613133131, -27.20798477207768], [-52.84349763133241, -27.177622772049403], [-52.85811113134605, -27.16725377203977], [-52.924126131407434, -27.202048772072203], [-52.93708113141952, -27.196894772067367], [-52.93653713141907, -27.171422772043684], [-52.95439913143571, -27.161286272034204], [-52.977183131456854, -27.22070577208956], [-52.999665131477855, -27.206756772076574], [-53.00216363148013, -27.18955427206049], [-52.98206313146147, -27.156192272029443], [-52.99332813147191, -27.137804272012318], [-53.002977131480975, -27.132957772007785], [-53.02611913150247, -27.156722272029924], [-53.04260213151781, -27.145529772019586], [-53.0178991314948, -27.090362771968216], [-53.028479131504696, -27.080114271958564], [-53.076074131549035, -27.103140771980065], [-53.07146613154475, -27.156894272030172], [-53.126500131596, -27.178256772049963], [-53.15711113162445, -27.138192272012702], [-53.18817313165334, -27.19105877206198], [-53.242444131703905, -27.170241772042573], [-53.31848013177478, -27.216077272085272], [-53.29273113175077, -27.133877772008645], [-53.310026631766846, -27.118099771994025], [-53.348010631802254, -27.117123271993137], [-53.37348913182598, -27.090128771967898], [-53.4096426318597, -27.14001477201441], [-53.457740131904416, -27.15558177202888], [-53.48143013192646, -27.13429877200906], [-53.50532113194879, -27.137024772011614], [-53.49327713193759, -27.203232772073306], [-53.56407863200354, -27.17298977204507], [-53.61863313205424, -27.188377772059425], [-53.641986632076055, -27.22041077208928], [-53.65039113208388, -27.176464772048348], [-53.66624663209859, -27.161668772034545], [-53.739029132166365, -27.192452272063292], [-53.7685581321939, -27.148470272022223], [-53.808477632231074, -27.172279772044476], [-53.83333913225431, -27.169045772041386], [-53.82738813224876, -27.145872772019857], [-53.797558132220956, -27.14445527201849], [-53.824387132245874, -27.13027477200535], [-53.80647313222926, -27.12522577200059], [-53.81464513223682, -27.098376271975667], [-53.79458813221811, -27.109457771985944], [-53.7749181321999, -27.10167477197865], [-53.803390132226355, -27.0821392719605], [-53.79741613222075, -27.066070771945533], [-53.78127713220579, -27.077381771956084], [-53.77050013219571, -27.07321227195223], [-53.79628113221975, -27.058800771938763], [-53.80127313222442, -27.039999771921202], [-53.76716363219259, -27.066858271946217], [-53.757842132183896, -27.061458271941206], [-53.78386713220823, -27.025524771907726], [-53.76302913218876, -27.044508771925507], [-53.746368632173244, -27.03031827191228], [-53.76130463218715, -27.00634577188987], [-53.739746132167056, -27.01379777189686], [-53.73114213215911, -27.004308771887963]]], [[[-48.41603912720905, -27.38132777223916], [-48.38911312718392, -27.43703627229104], [-48.37117112716726, -27.44454077229807], [-48.36503912716148, -27.43349477228776], [-48.35940012715628, -27.44820777230143], [-48.425240127217535, -27.541727772388526], [-48.42726512721947, -27.569311772414267], [-48.41277412720592, -27.57290027241754], [-48.43173312722365, -27.616915772458583], [-48.463966127253684, -27.646647272486234], [-48.50071512728789, -27.714185772549172], [-48.50629712729301, -27.744711772577602], [-48.47516112726407, -27.769336772600468], [-48.49879212728604, -27.793963772623442], [-48.506613627293405, -27.782369772612697], [-48.52617312731161, -27.785946772615944], [-48.54394812732812, -27.830008772657038], [-48.56966612735209, -27.835819772662376], [-48.55941012734252, -27.790791772620537], [-48.58082612736246, -27.761401772593103], [-48.55955412734261, -27.75085477258324], [-48.563762127346536, -27.71719877255191], [-48.55024512733394, -27.69829977253437], [-48.57097012735335, -27.68724177252409], [-48.571440627353695, -27.673000772510818], [-48.5536351273372, -27.649367772488745], [-48.52360112730912, -27.650169772489562], [-48.52774312731299, -27.614274772456042], [-48.544734127328866, -27.616367772458034], [-48.563934627346725, -27.593198772436494], [-48.53643912732116, -27.57071777241549], [-48.51769112730369, -27.574310772418926], [-48.52341112730903, -27.561502772406925], [-48.50788212729458, -27.547682272394127], [-48.53018912731534, -27.539063772386044], [-48.51494412730108, -27.514074772362733], [-48.53901712732352, -27.49054677234085], [-48.533109127318085, -27.470764772322468], [-48.518092127304044, -27.46547477231752], [-48.52322612730882, -27.45173327230475], [-48.54730112733125, -27.45852927231101], [-48.51941512730525, -27.429130772283656], [-48.48474712727295, -27.438153272292084], [-48.42817112722025, -27.416661272271995], [-48.43485212722658, -27.3929012722499], [-48.41603912720905, -27.38132777223916]]], [[[-48.565413127348165, -27.704808772540446], [-48.567822627350324, -27.698901772534896], [-48.562532127345435, -27.69983777253583], [-48.565413127348165, -27.704808772540446]]], [[[-48.56561312734834, -27.477660772328818], [-48.56227712734517, -27.471553772323205], [-48.56412362734693, -27.481214772332123], [-48.56561312734834, -27.477660772328818]]], [[[-48.56645012734907, -27.489942772340328], [-48.56877612735127, -27.49187777234215], [-48.56725912734987, -27.489049772339513], [-48.56645012734907, -27.489942772340328]]]]}}, {"type": "Feature", "id": "SE", "properties": {"id": "SE", "sigla": "SE", "name": "Sergipe", "regiao": "Nordeste", "pop_total": 2210135, "qtd_equipes_esf": 1588, "capacidade_pnab": 5760500, "cobertura_pnab_pct": 260.6, "sobrecarga_media": 0.35, "pop_critica": 321670, "pct_pop_critica": 14.55, "n_polos_critica": 30, "hab_por_esf": 1392, "densidade": 100.7}, "geometry": {"type": "Polygon", "coordinates": [[[-38.245299617736805, -10.822301256817354], [-38.212673117706345, -10.758588256758003], [-38.211538117705345, -10.708611256711492], [-38.179320117675275, -10.702081756705411], [-38.12495611762472, -10.718381756720532], [-38.09239311759438, -10.701901756705183], [-38.05794211756222, -10.708148756711012], [-38.028666117534954, -10.737780256738688], [-38.02292411752967, -10.76339175676253], [-37.999516117507824, -10.763949756763054], [-37.8135841173347, -10.690617756694678], [-37.82553611734579, -10.57992125659166], [-37.84022761735946, -10.549133256562982], [-37.81917661733985, -10.539008756553471], [-37.812703117333854, -10.508055256524699], [-37.85877011737682, -10.426041756448285], [-37.85303411737141, -10.406078256429737], [-37.836941117356446, -10.400598756424642], [-37.83864311735806, -10.378781756404237], [-37.78363211730675, -10.345793256373554], [-37.735436117261884, -10.334234756362775], [-37.7653561172898, -10.195790256233863], [-37.78258611730587, -10.180214256219415], [-37.7761181172998, -10.136091756178303], [-37.82062511734125, -10.05686475610446], [-37.831416117351296, -10.000545256052078], [-37.92699011744037, -9.965159256019092], [-37.9597401174708, -9.969854256023496], [-37.99730611750579, -9.916289255973538], [-37.96632311747692, -9.81562775587986], [-38.027854117534275, -9.775654255842596], [-38.04230711754769, -9.719567255790366], [-38.0395521175451, -9.686169755759238], [-38.024637117531256, -9.682455755755768], [-38.00666011751446, -9.65130675572675], [-37.99164811750052, -9.656265755731397], [-37.98752811749671, -9.646968755722696], [-38.04015811754573, -9.60216125568104], [-38.04046111754599, -9.572891255653758], [-38.01862211752564, -9.56343525564489], [-38.02150711752836, -9.54058225562369], [-38.002941117511, -9.514607255599458], [-37.916795117430866, -9.548531755631075], [-37.89379311740936, -9.539105255622303], [-37.83276211735256, -9.59446425567387], [-37.817900117338695, -9.592470755672025], [-37.78488511730802, -9.638152255714544], [-37.746930117272655, -9.625298255702546], [-37.711421117239524, -9.630875755707734], [-37.58147511711854, -9.733553255803372], [-37.466511617011406, -9.749099755817838], [-37.34796811690103, -9.792695755858404], [-37.32077811687577, -9.820036755883962], [-37.28507811684244, -9.830537755893715], [-37.235199116796025, -9.895611755954292], [-37.152623116719155, -9.900426755958733], [-37.04934511662293, -9.986186756038705], [-36.99168711656921, -9.976778256029888], [-36.96726361654646, -9.992456256044534], [-36.95408911653419, -10.070217756116904], [-36.91054711649372, -10.137517256179649], [-36.848267116435636, -10.162359756202704], [-36.836646116424845, -10.20175125623939], [-36.75583711634954, -10.231308756266912], [-36.75581711634959, -10.245916756280508], [-36.7200551163163, -10.264515256297841], [-36.68219511628104, -10.274457756307129], [-36.64196011624358, -10.251548756285843], [-36.62519161622788, -10.255850256289818], [-36.56574511617259, -10.327706256356691], [-36.56411011617104, -10.41690975643985], [-36.545165116153385, -10.429019756451112], [-36.51242311612293, -10.420373756443041], [-36.52189211613177, -10.432666756454523], [-36.50969111612039, -10.432385256454154], [-36.45620311607058, -10.407022256430537], [-36.43012211604628, -10.424880756447237], [-36.39354411601221, -10.498490756515821], [-36.3996141160178, -10.519496756535318], [-36.49733911610883, -10.538034256552578], [-36.62009711622318, -10.589012756600027], [-36.85372411644073, -10.74316225674363], [-36.9937311165711, -10.902772756892318], [-37.13055311669859, -11.104866757080458], [-37.1515101167181, -11.162258257133999], [-37.260884116819966, -11.28840575725144], [-37.32961111688394, -11.444667257396986], [-37.37062311692216, -11.451543257403387], [-37.44392711699038, -11.516049757463406], [-37.50513811704741, -11.525497257472239], [-37.51762261705903, -11.547608257492811], [-37.555896117094676, -11.551424257496365], [-37.5688791171068, -11.539395757485181], [-37.57775911711508, -11.551654757496635], [-37.58539211712218, -11.529245757475792], [-37.61270611714758, -11.538473257484384], [-37.63170211716533, -11.518048757465294], [-37.65132411718355, -11.517863257465137], [-37.66990011720088, -11.563541257507723], [-37.699626117228604, -11.562017257506227], [-37.70306711723174, -11.540207757485973], [-37.72719011725428, -11.552516757497415], [-37.73009611725695, -11.537656257483604], [-37.81343411733451, -11.513828757461397], [-37.808339117329865, -11.496750257445456], [-37.864081117381716, -11.464775257415681], [-37.84834211736711, -11.442824257395273], [-37.88041011739688, -11.433013257386165], [-37.86529111738287, -11.428001257381425], [-37.899491117414755, -11.43715425738992], [-37.91557011742964, -11.403974757359038], [-37.92884911744204, -11.402987257358177], [-37.9435221174557, -11.423221257377008], [-37.95256511746413, -11.395195257350906], [-37.97753711748737, -11.393211757349036], [-37.969482117479856, -11.37242775732966], [-37.99950511750785, -11.340120757299587], [-37.98786811749699, -11.331176257291304], [-38.00303211751111, -11.289068257252097], [-37.985971117495296, -11.269446257233767], [-37.993287117502064, -11.240190757206506], [-37.97402711748407, -11.194815757164292], [-38.04768911755275, -11.176955757147653], [-38.07254111757584, -11.152098757124463], [-38.069228117572834, -11.12103975709556], [-38.095571117597274, -11.101974257077813], [-38.079152117582, -11.074267757051985], [-38.10549111760656, -11.039452257019548], [-38.10748611760846, -11.010798756992926], [-38.13980111763851, -11.011691756993741], [-38.175708117672, -10.984841756968763], [-38.1884376176838, -10.964114256949415], [-38.1840521176797, -10.941938256928779], [-38.229186117721724, -10.915499756904183], [-38.24140211773317, -10.860294756852682], [-38.23187311772426, -10.847246256840549], [-38.245299617736805, -10.822301256817354]]]}}, {"type": "Feature", "id": "SP", "properties": {"id": "SP", "sigla": "SP", "name": "São Paulo", "regiao": "Sudeste", "pop_total": 44448858, "qtd_equipes_esf": 14875, "capacidade_pnab": 62793500, "cobertura_pnab_pct": 141.3, "sobrecarga_media": 0.49, "pop_critica": 14636291, "pct_pop_critica": 32.93, "n_polos_critica": 1083, "hab_por_esf": 2988, "densidade": 174.3}, "geometry": {"type": "MultiPolygon", "coordinates": [[[[-53.077484131550364, -22.55287226774226], [-53.01386213149101, -22.520199767711915], [-52.9980791314764, -22.49271526768632], [-52.85426163134241, -22.438645767635876], [-52.79783313128985, -22.377806767579273], [-52.69463713119376, -22.31414376751991], [-52.49253613100552, -22.219461767431767], [-52.37672413089763, -22.106212267326327], [-52.34494113086805, -22.06150926728469], [-52.30831913083398, -21.951453767182215], [-52.190070130723825, -21.84567926708371], [-52.1607711306965, -21.77030776701349], [-52.1023746306422, -21.744826266989776], [-52.049372130592815, -21.662636266913182], [-52.06838613061052, -21.59764176685269], [-52.10167413064153, -21.56934876682635], [-52.09547163063576, -21.541598766800462], [-52.065963130608225, -21.50412676676558], [-51.99768413054471, -21.515156766775817], [-51.96741413051643, -21.501296766762948], [-51.92819313047994, -21.455351766720128], [-51.90509413045845, -21.383538266653318], [-51.8682741304242, -21.353065766624923], [-51.84802563040523, -21.266173766543943], [-51.879233130434386, -21.19745326648001], [-51.87537513043071, -21.135683766422403], [-51.82310213038204, -21.12637576641373], [-51.78918513035046, -21.101655766390763], [-51.770772130333285, -21.042196766335337], [-51.72248613028842, -20.97697376627457], [-51.66450613023437, -20.969849766268], [-51.61848213019152, -20.931870766232578], [-51.612993130186396, -20.88961476619329], [-51.63249313020458, -20.821094766129477], [-51.62191463019474, -20.776408766087798], [-51.63441413020632, -20.754385766067344], [-51.59366513016835, -20.6433847659639], [-51.49973963008097, -20.567753765893485], [-51.46330113004694, -20.500990765831375], [-51.40878012999622, -20.459084265792285], [-51.35038812994185, -20.36271776570254], [-51.29520012989042, -20.328019265670264], [-51.16028712976481, -20.304762265648606], [-51.113508629721196, -20.28313076562847], [-51.05800212966949, -20.23306276558185], [-50.999998129615506, -20.08492276544382], [-50.96535912958325, -20.033128765395645], [-50.783127129413515, -19.93676776530583], [-50.65763112929665, -19.90668576527787], [-50.577476129221964, -19.815912765193275], [-50.47144612912325, -19.779193765159107], [-50.412347129068166, -19.804217265182388], [-50.352287129012325, -19.864140265238234], [-50.24468462891207, -19.876294765249554], [-50.10406412878115, -19.86945026524313], [-50.04677012872776, -19.914926265285544], [-50.011718128695065, -19.926255765296105], [-49.961686128648466, -19.91976026529005], [-49.85510512854921, -19.946360765314807], [-49.78198912848109, -19.923999265294015], [-49.633939128343286, -19.931468265300964], [-49.55101862826598, -19.90537576527663], [-49.50298812822132, -19.919464765289717], [-49.49232062821136, -19.94995626531818], [-49.43407512815713, -19.981919765347925], [-49.35602212808442, -19.986252265351936], [-49.29707412802952, -19.96008026532752], [-49.264710127999365, -19.96157326532898], [-49.24858262798432, -19.972055765338723], [-49.24787512798366, -19.999170765363942], [-49.29679312802932, -20.017051265380587], [-49.30807512803972, -20.10342676546111], [-49.29878212803112, -20.166609765519866], [-49.22820412796534, -20.30289026564685], [-49.17190212791297, -20.311535765654867], [-49.11999012786464, -20.26944876561572], [-49.06701662781529, -20.154275765508373], [-49.01864712777024, -20.153052765507255], [-48.98363412773756, -20.17325426552611], [-48.97156112772632, -20.20732276555782], [-48.96132412771681, -20.262832765609573], [-48.96843612772341, -20.393271765731015], [-48.898913127658716, -20.440703765775197], [-48.87813712763932, -20.42918476576449], [-48.866577627628544, -20.397880765735295], [-48.88544612764622, -20.27217676561827], [-48.85541712761824, -20.222822765572232], [-48.8549316276177, -20.179675765532124], [-48.831993127596434, -20.16448726551789], [-48.72907412750055, -20.149827265504314], [-48.64576412742292, -20.16647476551975], [-48.581760127363395, -20.131740765487393], [-48.49065812727849, -20.137655765492923], [-48.40532012719905, -20.11304176547003], [-48.368157627164464, -20.1222782654786], [-48.31590812711579, -20.11325776547028], [-48.280451127082756, -20.13905526549422], [-48.24593612705053, -20.140485265495613], [-48.21822312702477, -20.125900765482015], [-48.2529691270571, -20.077451765436876], [-48.24042712704545, -20.028815765391528], [-48.213575127020476, -20.03493776539733], [-48.17815112698747, -20.09571126545393], [-48.11162812692555, -20.143425765498364], [-48.0699876268867, -20.146147265500872], [-48.03774012685665, -20.11652826547322], [-48.01940012683963, -20.11968626547616], [-47.9901031268123, -20.074499765434098], [-47.9895361268118, -20.043060265404847], [-47.975516126798766, -20.034902765397305], [-47.94802862677318, -20.05528776541621], [-47.933650126759744, -20.107384265464702], [-47.89887412672738, -20.12519676548129], [-47.859855626691, -20.052928765414094], [-47.874943126705034, -20.019962765383298], [-47.852109126683786, -19.989356265354786], [-47.703785126545654, -19.97943376534556], [-47.63539512648197, -20.048000265409428], [-47.59429812644373, -20.025421265388445], [-47.58065012643101, -19.995390765360412], [-47.46593712632409, -19.963747765330936], [-47.42523412628623, -20.01215426537601], [-47.44344712630323, -20.029290265391978], [-47.43868212629877, -20.04919476541056], [-47.40551212626792, -20.080845765440017], [-47.3741221262386, -20.08319226544222], [-47.256597126129236, -20.16573126551907], [-47.25541912612812, -20.190299265541967], [-47.230626126104994, -20.218679765568368], [-47.297759126167534, -20.347963265688804], [-47.28500712615562, -20.405266765742226], [-47.29167212616187, -20.448566765782516], [-47.2110401260868, -20.501822765832117], [-47.15406912603373, -20.519082765848225], [-47.122874126004604, -20.61224826593491], [-47.10828712599107, -20.62033026594247], [-47.112234125994746, -20.63761026595853], [-47.09693412598051, -20.64385626596436], [-47.11485312599723, -20.706730266022987], [-47.16476312604368, -20.70115576601779], [-47.18580962606325, -20.730659266045222], [-47.17474412605293, -20.738787266052782], [-47.188369126065595, -20.770148766082002], [-47.224305126099125, -20.79962376610945], [-47.214035126089584, -20.82674426613471], [-47.23959362611333, -20.884805766188833], [-47.14329012602366, -20.981909766279273], [-47.15658112603603, -21.018347766313127], [-47.14183562602227, -21.08775426637783], [-47.11270262599521, -21.104444766393385], [-47.13305612601414, -21.132979266419966], [-47.11685612599899, -21.153219266438782], [-47.11833912600048, -21.185274766468638], [-47.098237125981655, -21.21299876649448], [-47.062489125948446, -21.209343266491032], [-47.07684012596178, -21.23974626651932], [-47.05183412593851, -21.246040766525198], [-47.02934612591753, -21.299001266574578], [-47.03473312592257, -21.310543766585283], [-46.99779212588817, -21.3503002666223], [-47.01571812590487, -21.396024766664937], [-47.01079312590025, -21.421764766688852], [-46.920327125816016, -21.42665276669345], [-46.84163612574275, -21.388629766658028], [-46.83229212573406, -21.367321766638156], [-46.79131412569586, -21.373203766643655], [-46.76425812567061, -21.359584766630974], [-46.753376125660566, -21.381166766651063], [-46.70551512561599, -21.4043652666727], [-46.665085125578344, -21.36067926663202], [-46.64675312556119, -21.363714766634757], [-46.64828412556267, -21.39124226666047], [-46.61797612553437, -21.420827766688035], [-46.614811125531446, -21.440988766706823], [-46.57606812549534, -21.42647726669327], [-46.56096812548128, -21.441330766707097], [-46.51860712544192, -21.44847326671379], [-46.50880712543278, -21.46941876673327], [-46.52372712544661, -21.521377766781598], [-46.49960312542419, -21.554051266812053], [-46.52154812544461, -21.584027766839995], [-46.51778212544116, -21.612340766866396], [-46.552532125473476, -21.637593766889836], [-46.54782212546911, -21.649386766900875], [-46.565468125485495, -21.658240766909103], [-46.56542812548548, -21.678843766928253], [-46.62114812553739, -21.675061766924728], [-46.62558312554154, -21.76574476700921], [-46.65354312556758, -21.7787652670213], [-46.690521625601946, -21.836482267075098], [-46.66628312557941, -21.848571767086355], [-46.64708762556154, -21.879979267115573], [-46.672014125584724, -21.90868726714234], [-46.6668541255799, -21.932078267164115], [-46.61281412552967, -22.014479767240914], [-46.639896125554856, -22.008401767235227], [-46.67477112558731, -22.02175176724768], [-46.68497612559679, -22.036822767261697], [-46.6759171255884, -22.054956267278612], [-46.657635125571346, -22.05951476728285], [-46.721714125631024, -22.07449526729681], [-46.71838812562794, -22.08819676730957], [-46.651095125565234, -22.09082776731202], [-46.59808212551593, -22.13590676735396], [-46.64000912555491, -22.157236767373774], [-46.6455181255601, -22.179934767395025], [-46.67385212558645, -22.175821767391085], [-46.677718125590104, -22.22355976743563], [-46.71044212562049, -22.263463767472786], [-46.70483412561532, -22.29533976750247], [-46.72281012563201, -22.30613976751249], [-46.70074912561154, -22.321008767526337], [-46.6747986255873, -22.368927767570995], [-46.660474125573955, -22.365556767567796], [-46.665950125579116, -22.414760767613643], [-46.57220512549179, -22.452654767648937], [-46.554365125475215, -22.446164767642927], [-46.54941612547054, -22.469063267664296], [-46.53021912545273, -22.470368267665435], [-46.54169762546337, -22.493870767687326], [-46.50484012542904, -22.51656176770848], [-46.490730125415894, -22.50990176770233], [-46.45293812538068, -22.52194276771354], [-46.425860125355484, -22.547082767736924], [-46.40671012533767, -22.540111267730367], [-46.43330612536249, -22.573389767761455], [-46.412199125342795, -22.585214767772413], [-46.422606125352445, -22.598152767784427], [-46.40430912533543, -22.620408267805146], [-46.42417112535395, -22.63311276781701], [-46.395864125327535, -22.645495767828606], [-46.392610125324495, -22.662487767844368], [-46.469268125395956, -22.672970767854167], [-46.48018712540613, -22.677829767858725], [-46.469526625396156, -22.693489767873302], [-46.477484125403635, -22.69891076787826], [-46.45774212538515, -22.706609267885483], [-46.452273625380144, -22.72709576790453], [-46.33409312526999, -22.759812767935045], [-46.361247125295336, -22.788455267961695], [-46.376362125309356, -22.82733276799786], [-46.37213012530549, -22.85961026802795], [-46.3837431253163, -22.869478768037197], [-46.34475912528001, -22.90398026806929], [-46.31355212525091, -22.886506768052982], [-46.29458012523321, -22.897331768063054], [-46.266416125207, -22.875199768042535], [-46.25808312519928, -22.890086768056335], [-46.237722625180254, -22.893667768059686], [-46.23369712517649, -22.881335268048247], [-46.191750125137446, -22.864742768032784], [-46.143659125092654, -22.857521268026062], [-46.136439125085985, -22.890053768056305], [-46.15354212510192, -22.911912768076718], [-46.13864712508803, -22.92226726808633], [-46.09477212504714, -22.893940768059906], [-46.00799712496632, -22.888735268055143], [-45.90936112487452, -22.816618267987906], [-45.89058612485701, -22.844184268013578], [-45.888470124855075, -22.875327768042553], [-45.86340812483172, -22.868222268035993], [-45.836801124806925, -22.83158326800185], [-45.80935812478128, -22.828897767999365], [-45.79041012476364, -22.858117268026604], [-45.766521124741416, -22.841857768011437], [-45.770501124745124, -22.80543826797748], [-45.75447412473022, -22.79242426796543], [-45.71313812469168, -22.814296767985752], [-45.72954662470704, -22.799355267971805], [-45.71196612469066, -22.768502267943063], [-45.72770112470528, -22.723193767900966], [-45.75602012473166, -22.720552267898483], [-45.79519012476817, -22.73853326791516], [-45.81948512479073, -22.722230767899987], [-45.81120212478311, -22.69822876787771], [-45.74236412471896, -22.6586777678408], [-45.69355012467349, -22.65122176783393], [-45.736986124713894, -22.608051267793712], [-45.71646712469487, -22.57806426776574], [-45.69499712467484, -22.58584976777297], [-45.67827512465931, -22.57280276776089], [-45.66013212464236, -22.577353267765147], [-45.658418124640775, -22.597622767783946], [-45.68063612466142, -22.63584776781954], [-45.665742124647636, -22.650712767833397], [-45.617685624602814, -22.63742626782107], [-45.576078124564106, -22.60121476778727], [-45.554914124544325, -22.62595326781036], [-45.58392912457134, -22.651199767833873], [-45.53946662452995, -22.652090767834693], [-45.48888612448286, -22.628453267812688], [-45.47686712447171, -22.58931976777626], [-45.41205612441138, -22.622514267807105], [-45.41008112440943, -22.651181767833805], [-45.399689124399856, -22.653208767835736], [-45.332523124337285, -22.617150267802117], [-45.27542612428408, -22.616468767801507], [-45.26096812427056, -22.606626767792363], [-45.260479124270205, -22.582869267770207], [-45.177607124192946, -22.549388267739005], [-45.15957212417618, -22.516427767708365], [-45.12802262414675, -22.496622267689872], [-45.02796712405359, -22.462709267658283], [-44.96542312399538, -22.47470376766944], [-44.93963412397136, -22.452180267648487], [-44.89895212393344, -22.453250267649537], [-44.87123312390759, -22.423788767622113], [-44.832914123872, -22.430392267628235], [-44.808806123849536, -22.404805267604388], [-44.73999012378545, -22.425243267623387], [-44.71732812376433, -22.467845767663107], [-44.715267123762374, -22.51375026770586], [-44.700715123748864, -22.51063176770299], [-44.66946112371977, -22.538150767728553], [-44.67699212372679, -22.56100976774985], [-44.66109912371189, -22.55044576774003], [-44.64129612369345, -22.55887976774784], [-44.64491512369682, -22.602157767788185], [-44.6342091236869, -22.609085267794626], [-44.6093631236638, -22.61658476780167], [-44.60188012365677, -22.607145767792872], [-44.58371712363987, -22.62549976780997], [-44.5727451236296, -22.601410267787514], [-44.54852112360709, -22.60569326779148], [-44.52563212358575, -22.619023767803924], [-44.53702212359633, -22.631880767815915], [-44.53485212359442, -22.63704676782072], [-44.514490123575456, -22.629731267813895], [-44.508156123569506, -22.640455767823823], [-44.48804012355072, -22.60603626779175], [-44.464445123528776, -22.6154777678006], [-44.42979512349655, -22.59804076778437], [-44.406456123474754, -22.607880267793576], [-44.398080123467025, -22.602526267788562], [-44.40915512347726, -22.587864267774876], [-44.38398512345384, -22.573280767761275], [-44.35976812343131, -22.581434767768883], [-44.36985112344064, -22.589373767776237], [-44.35597412342781, -22.613774267799045], [-44.34287412341553, -22.58776976777483], [-44.28526012336192, -22.609239267794806], [-44.22637712330709, -22.604085767790025], [-44.18384712326747, -22.636806267820475], [-44.189697123272936, -22.648092267830975], [-44.160518123245765, -22.677836267858652], [-44.17807512326203, -22.70743276788619], [-44.20328912328557, -22.71588376789407], [-44.20154912328394, -22.731942767909118], [-44.22639212330705, -22.73317576791021], [-44.25004212332908, -22.757074767932522], [-44.25611512333478, -22.78736076796065], [-44.24129412332093, -22.795038767967867], [-44.26115812333944, -22.804732767976816], [-44.27095412334859, -22.830708768001045], [-44.296210123372134, -22.827355267997973], [-44.32171112339586, -22.847804768017], [-44.3259876233999, -22.837686268007587], [-44.373791123444335, -22.857594268026105], [-44.417763123485315, -22.847619768016784], [-44.46579012353004, -22.88503176805159], [-44.48220962354537, -22.846946268016154], [-44.49429662355658, -22.845978768015243], [-44.5436281236025, -22.884855268051524], [-44.60663112366126, -22.885197268051797], [-44.65893712370996, -22.92724426809093], [-44.67345962372349, -22.917806768082187], [-44.68734512373635, -22.935869768098996], [-44.71237912375966, -22.93018076809369], [-44.74310712378826, -22.94699926810938], [-44.75485312379931, -22.97981576813993], [-44.79204512383387, -22.981673768141604], [-44.82396012386357, -23.161259768308923], [-44.87263712390893, -23.183822768329946], [-44.88849412392369, -23.224012268367346], [-44.874625123910846, -23.24867376839029], [-44.8365151238753, -23.256316768397483], [-44.826347123865844, -23.291456268430125], [-44.80696012384783, -23.282885768422148], [-44.787026123829264, -23.29908126843725], [-44.77788112382075, -23.338527268473968], [-44.72391512377044, -23.367698768501214], [-44.78395912382632, -23.378407268511182], [-44.79193412383381, -23.36960676850299], [-44.84320512388149, -23.388209768520255], [-44.83799012387669, -23.3694117685028], [-44.853516123891154, -23.361012768494902], [-44.89118112392623, -23.372587768505696], [-44.887187123922445, -23.337038768472553], [-44.90762312394156, -23.33370776846948], [-44.97810012400714, -23.40043726853162], [-44.99360312402166, -23.39767076852911], [-45.043627124068166, -23.42526826855476], [-45.060912124084325, -23.419604768549448], [-45.06870912409158, -23.438378768566963], [-45.0592661240828, -23.456602768583934], [-45.03793112406288, -23.447769268575712], [-45.01837712404472, -23.461322268588333], [-45.06335912408656, -23.468619768595204], [-45.08159812410361, -23.52139926864436], [-45.08360212410548, -23.495273768619995], [-45.10439612412483, -23.49784976862236], [-45.106487124126716, -23.488608768613744], [-45.12404812414309, -23.50221126862641], [-45.10770912412784, -23.507367268631242], [-45.113766124133576, -23.52544176864808], [-45.16554812418178, -23.491713768616705], [-45.17493212419049, -23.500078268624407], [-45.16200812417844, -23.54197576866352], [-45.18549662420037, -23.54104426866263], [-45.195116124209335, -23.519752768642775], [-45.227809124239684, -23.537598268659394], [-45.211130124224155, -23.582634268701327], [-45.26315912427265, -23.596911768714676], [-45.28118012428945, -23.573007768692378], [-45.29689612430411, -23.571570768691004], [-45.33632612434076, -23.591701768709754], [-45.358043124361075, -23.624413768740283], [-45.389571124390386, -23.633492268748682], [-45.406133124405756, -23.622860768738747], [-45.42978112442779, -23.655355268769085], [-45.432271124430144, -23.68369776879547], [-45.420492124419184, -23.725958268834802], [-45.39676812439711, -23.724407768833316], [-45.41101812441036, -23.749639268856868], [-45.39643512439682, -23.797843268901715], [-45.40462312440445, -23.819640268922058], [-45.42895562442709, -23.830875768932515], [-45.4646801244603, -23.818260768920823], [-45.51307712450546, -23.841131268942036], [-45.512880624505215, -23.831062768932725], [-45.53726312452795, -23.82915776893094], [-45.53356262452451, -23.818525268921007], [-45.56121212455025, -23.791138268895565], [-45.62313012460788, -23.803566268907048], [-45.62509262460969, -23.786737768891385], [-45.64264112462604, -23.777739768883066], [-45.66617212464803, -23.785657268890418], [-45.6708801246524, -23.774502768879984], [-45.694738124674586, -23.781792768886817], [-45.697710124677315, -23.77263576887833], [-45.76821512474305, -23.762017768868418], [-45.80240512477485, -23.76927376887511], [-45.81032112478226, -23.757494268864207], [-45.9026851248683, -23.7649912688712], [-46.03174112498846, -23.808791768911988], [-46.044047124999906, -23.830441268932077], [-46.06204712501665, -23.81307176891596], [-46.11832812506907, -23.83506626893643], [-46.142382125091444, -23.860016768959667], [-46.1241021250745, -23.859403268959113], [-46.147132125095936, -23.90438326900096], [-46.179324125125845, -23.923852269019108], [-46.17762512512434, -23.938576769032807], [-46.16129712510906, -23.943708769037585], [-46.18282262512912, -23.961570269054278], [-46.18133112512771, -23.99004626908072], [-46.20274512514766, -23.999940769090017], [-46.211369125155784, -23.985192769076207], [-46.24407662518615, -23.990893769081595], [-46.27376712521391, -24.015232769104273], [-46.28685812522599, -24.044776269131717], [-46.29435712523298, -24.016109269105073], [-46.311212125248744, -24.027612269115707], [-46.32369012526033, -24.021754769110316], [-46.32118712525801, -23.998868769088972], [-46.30496612524291, -23.99229176908284], [-46.31260612525, -23.980725769072137], [-46.34524212528038, -23.96844526906068], [-46.36829612530187, -23.98072376907203], [-46.384268125316794, -23.969890769061976], [-46.37462912530782, -23.98577576907678], [-46.39216112532415, -23.995832269086122], [-46.3831751253158, -24.01721476910609], [-46.39897112533049, -24.033139769120908], [-46.39913012533066, -24.01779076910657], [-46.41660312534691, -24.013281769102377], [-46.497809125422464, -24.03986576912712], [-46.822987125725376, -24.205417769281325], [-47.00015412589039, -24.329203269396658], [-47.00020812589037, -24.35457476942031], [-47.01828712590725, -24.375095769439326], [-47.00089412589102, -24.396812769459643], [-47.009253125898795, -24.41357876947518], [-47.07751212596236, -24.442838769502487], [-47.13746912601823, -24.485829269542478], [-47.22808412610266, -24.558560769610267], [-47.22633812610104, -24.56935976962029], [-47.583218126433394, -24.769625269806852], [-47.77211312660927, -24.912864769940256], [-47.873252126703505, -25.012082770032634], [-47.88761012671682, -25.05318377007086], [-47.909465126737246, -25.052894770070566], [-47.89430612672311, -25.10640277012044], [-47.918439126745625, -25.145223770156576], [-47.90838612673622, -25.16701277017694], [-47.91672412674393, -25.15954777016998], [-47.94285812676833, -25.173099770182603], [-48.099002126913774, -25.311828770311763], [-48.082637126898476, -25.281504770283505], [-48.02306612684299, -25.230438770235992], [-48.05697512687459, -25.217841770224254], [-48.06163512687897, -25.239592770244485], [-48.11441162692813, -25.2502097702544], [-48.19225812700063, -25.193588270201644], [-48.156414126967206, -25.144161270155564], [-48.18116912699031, -25.13334377014553], [-48.21172412701867, -25.084954770100467], [-48.20913412701634, -25.028262770047718], [-48.23108212703676, -25.020295770040207], [-48.222885127029144, -25.008632770029408], [-48.249978127054305, -24.976980769999955], [-48.25433212705843, -24.99600677001763], [-48.26911262707222, -24.99704377001865], [-48.277445127079886, -25.032483770051613], [-48.28705212708883, -25.03947777005817], [-48.29671312709786, -25.022989770042727], [-48.33319812713182, -25.07008277008663], [-48.32366812712303, -25.03625777005516], [-48.350755127148204, -25.035999270054845], [-48.3781651271737, -24.996537770018108], [-48.410680127204046, -24.979740770002536], [-48.473574627262565, -25.012061770032574], [-48.482817627271174, -25.052702270070426], [-48.52810812731332, -25.10029877011482], [-48.55586812733918, -25.08380877009938], [-48.568595127351045, -25.050571770068473], [-48.58218662736374, -25.051155770069045], [-48.59758112737802, -25.00277177002397], [-48.56689562734948, -24.97177676999513], [-48.57158612735384, -24.894523769923126], [-48.55883312734204, -24.900694269928863], [-48.54636512733043, -24.873280769903317], [-48.5662021273489, -24.863469269894154], [-48.567340127349894, -24.847009769878923], [-48.55528012733873, -24.805715269840448], [-48.516251127302326, -24.779692769816165], [-48.49883312728616, -24.73847876977777], [-48.531309127316376, -24.73627776977571], [-48.568724127351175, -24.70032276974223], [-48.5815621273631, -24.670213269714168], [-48.58877912736989, -24.680041769723402], [-48.60355612738363, -24.667809269711938], [-48.637337127415094, -24.677179769720738], [-48.66086012743699, -24.70597926974756], [-48.67672112745174, -24.697923269740045], [-48.67649912745162, -24.67112276971511], [-48.69361312746753, -24.670195269714213], [-48.689889127464085, -24.692906769735373], [-48.703337127476516, -24.679893769723208], [-48.75335612752315, -24.693676769736044], [-48.75681112752636, -24.679366269722777], [-48.77817612754632, -24.69624376973843], [-48.82832112759297, -24.655157769700168], [-48.839925127603806, -24.664489269708838], [-48.858029127620625, -24.65721276970214], [-48.850980627614035, -24.674146769717936], [-48.900703127660336, -24.6695822697136], [-48.91478412767344, -24.682425269725627], [-48.94589712770244, -24.67319576971704], [-48.957976127713664, -24.68479576972777], [-48.990138627743704, -24.655842769700826], [-49.00911212776134, -24.658776769703536], [-48.999213127752114, -24.63663326968299], [-49.03358712778413, -24.633654269680164], [-49.03692212778719, -24.659933269704652], [-49.06859012781672, -24.684380769727454], [-49.082730127829905, -24.67175676971567], [-49.10846312785384, -24.676062269719637], [-49.11111662785629, -24.687865769730706], [-49.185172127925284, -24.672264269716152], [-49.207438127946034, -24.700419769742325], [-49.27520212800914, -24.693890269736244], [-49.30491812803689, -24.67316426971695], [-49.31153612804303, -24.66304726970759], [-49.29914612803145, -24.65447126969957], [-49.31594912804712, -24.638513269684722], [-49.30311812803518, -24.59646276964554], [-49.31608612804723, -24.58748876963716], [-49.31551012804675, -24.55502276960692], [-49.29205212802481, -24.552403769604553], [-49.279793128013466, -24.536779769589998], [-49.295195128027785, -24.499824269555575], [-49.24644512798238, -24.46861226952649], [-49.252184127987675, -24.433666769493925], [-49.2349836279717, -24.410555769472353], [-49.253482127988946, -24.40717576946929], [-49.200201127939295, -24.343928769410354], [-49.2833311280167, -24.307577769376508], [-49.304895628036775, -24.250947269323774], [-49.35548012808397, -24.214028269289315], [-49.34106612807045, -24.202637769278795], [-49.33648412806622, -24.136561769217224], [-49.370369128097764, -24.11389976919611], [-49.38885512811498, -24.11888026920076], [-49.40858312813339, -24.107807769190458], [-49.4044041281295, -24.095365769178898], [-49.429532128152914, -24.08805276917201], [-49.429308128152684, -24.068225769153628], [-49.45706212817856, -24.049001769135657], [-49.46296512818401, -24.026952769115155], [-49.48667612820611, -24.02411676911254], [-49.4800931282, -24.005689269095342], [-49.497646128216275, -23.993325769083867], [-49.49320612821214, -23.977113269068695], [-49.516278128233694, -23.969639769061814], [-49.49918912821772, -23.958727269051565], [-49.520621128237735, -23.945618769039356], [-49.51112612822885, -23.925417269020613], [-49.52185712823882, -23.91608176901184], [-49.531730128248114, -23.929623769024488], [-49.556511128271154, -23.922248269017587], [-49.576899128290165, -23.896956768994073], [-49.57312262828657, -23.877473268975905], [-49.58487012829755, -23.8899472689875], [-49.61025812832122, -23.851213268951483], [-49.595003128306985, -23.846317268946905], [-49.60755912831871, -23.83889776894], [-49.58619412829876, -23.841779268942673], [-49.592529128304704, -23.8298202689316], [-49.56195012827618, -23.818003268920506], [-49.56998312828364, -23.778222268883496], [-49.56002712827444, -23.76082526886728], [-49.571466128285124, -23.754620768861514], [-49.56357212827777, -23.731738268840218], [-49.54831512826354, -23.735810768843976], [-49.549149128264276, -23.70333976881375], [-49.61666712832721, -23.639104768753896], [-49.60579712831702, -23.62446626874032], [-49.62069412833091, -23.60656676872361], [-49.60153912831311, -23.582215768700962], [-49.599729128311424, -23.53514376865712], [-49.62889312833852, -23.511346768634894], [-49.61322612832396, -23.509650768633378], [-49.62090212833107, -23.492844768617715], [-49.61440312832508, -23.47172076859806], [-49.598099128309855, -23.476677268602657], [-49.59516312830715, -23.4399032685684], [-49.57247412828599, -23.443463768571746], [-49.566623128280526, -23.426753268556126], [-49.58032412829334, -23.43123726856038], [-49.57984312829285, -23.41463776854482], [-49.6031991283146, -23.407332268538084], [-49.59795712830976, -23.398214268529614], [-49.61784712832832, -23.397721268529153], [-49.620813128331065, -23.389990268521956], [-49.5899251283023, -23.382313268514736], [-49.611329128322154, -23.354173768488522], [-49.63741312834645, -23.34905276848383], [-49.62121712833141, -23.331409768467324], [-49.625326128335246, -23.286170768425222], [-49.6778431283841, -23.164583268311958], [-49.73001062843275, -23.140968268289953], [-49.725074128428105, -23.108959768260206], [-49.73976212844184, -23.098689768250665], [-49.789484128488084, -23.10179576825351], [-49.83318012852885, -23.065464768219726], [-49.87081562856383, -23.069914268223783], [-49.91112412860139, -23.05064076820588], [-49.899880128590894, -22.99995876815865], [-49.971456128657564, -22.95878476812038], [-49.960899128647725, -22.93038726809391], [-49.98568712867086, -22.8970277680628], [-49.99760012868194, -22.899758268065398], [-49.99439462867895, -22.92924226809282], [-50.04737412872828, -22.90148826806694], [-50.06699112874662, -22.927039268090766], [-50.15095312882477, -22.934681768097903], [-50.18291312885458, -22.95329676811525], [-50.240501128908136, -22.952563268114545], [-50.24612712891337, -22.938001768101003], [-50.2729081289383, -22.93052476809396], [-50.33970612900055, -22.94759676810986], [-50.378593129036744, -22.904929768070133], [-50.41846562907392, -22.913458268078102], [-50.426871129081746, -22.944963768107414], [-50.48686412913764, -22.93657276809961], [-50.50559612915504, -22.9449022681074], [-50.54111312918815, -22.911615768076445], [-50.57657412922117, -22.903469768068817], [-50.60804112925041, -22.923678768087598], [-50.66188512930057, -22.895241268061113], [-50.67696112931469, -22.90056826806608], [-50.709354129344774, -22.95296726811489], [-50.740133129373476, -22.962034768123317], [-50.75817712939033, -22.94718026810949], [-50.795450129425035, -22.950704768112814], [-50.8056611294345, -22.939824768102653], [-50.79246712942222, -22.893878768059835], [-50.81652812944458, -22.87906726804613], [-50.84190212946828, -22.830924768001296], [-50.888234129511375, -22.79605776796882], [-50.94410312956347, -22.804187267976317], [-50.96112962957932, -22.78575526795919], [-51.00389112961909, -22.79323626796611], [-51.05712912966874, -22.76558376794037], [-51.15618112976097, -22.7520557679278], [-51.23486112983426, -22.708213267887004], [-51.264712129862005, -22.667226267848832], [-51.31135112990546, -22.673068267854205], [-51.37316112996302, -22.657660767839843], [-51.4015281299894, -22.66743426784899], [-51.44574113003068, -22.652435767835073], [-51.49841163007966, -22.690058267870086], [-51.55907913013618, -22.696707767876205], [-51.62738813019985, -22.657769767840023], [-51.717683130283945, -22.66855076784998], [-51.73385413029894, -22.624995767809423], [-51.7527451303165, -22.617293267802324], [-51.87317113042866, -22.62774576781203], [-51.94001963049095, -22.566872767755285], [-52.10535813064496, -22.516192767708162], [-52.13182113066955, -22.52419276771559], [-52.14826813068487, -22.54878526773848], [-52.161998130697725, -22.600707267786788], [-52.15618413069228, -22.644250267827374], [-52.223883130755326, -22.674043767855096], [-52.227605130758775, -22.642047767825375], [-52.24991813077963, -22.614957767800092], [-52.30487913083073, -22.63634876781998], [-52.43255013094972, -22.60669876779241], [-52.502179131014486, -22.6340882678179], [-52.588847131095235, -22.56562876775422], [-52.696607131195606, -22.62653876781087], [-52.81494063130583, -22.596576267783007], [-52.85556013134362, -22.60774276779341], [-52.92424313140759, -22.56515826775376], [-52.97192513145205, -22.570018267758314], [-53.08728513155938, -22.657978767840177], [-53.10841413157914, -22.597850767784166], [-53.077484131550364, -22.55287226774226]]], [[[-45.37509612437691, -23.818662768921172], [-45.341049124345204, -23.727085768835877], [-45.316291124322106, -23.723363768832428], [-45.261546624271205, -23.742065768849784], [-45.25840312426817, -23.758703768865303], [-45.22959812424142, -23.776301768881694], [-45.248273124258844, -23.82436676892644], [-45.227818124239775, -23.83817276893933], [-45.27231912428124, -23.838297268939414], [-45.28982312429753, -23.86583876896509], [-45.26893112427808, -23.87450576897311], [-45.27185162428077, -23.891537768988997], [-45.224211124236376, -23.90272926899945], [-45.238126124249334, -23.90804976900438], [-45.23573612424707, -23.94188376903594], [-45.22670912423871, -23.94075476903481], [-45.23810112424928, -23.95791076905084], [-45.26729612427653, -23.963268769055844], [-45.285459124293425, -23.94158226903562], [-45.290300124297914, -23.910019769006226], [-45.30369012431038, -23.907859769004176], [-45.40690812440653, -23.938314269032617], [-45.443184124440336, -23.934012269028585], [-45.46015612445615, -23.913268769009278], [-45.46171212445756, -23.887815268985605], [-45.37509612437691, -23.818662768921172]]], [[[-45.07796412410016, -23.56425776868423], [-45.08052062410252, -23.525366268647986], [-45.070715124093454, -23.538842768660516], [-45.059296124082834, -23.52614026864876], [-45.03937612406423, -23.534370768656345], [-45.07796412410016, -23.56425776868423]]], [[[-45.160668124177164, -23.804268268907776], [-45.13828912415636, -23.792448768896747], [-45.11481612413445, -23.807066268910376], [-45.14615612416367, -23.820944268923313], [-45.160668124177164, -23.804268268907776]]], [[[-45.02028812404649, -23.76340476886969], [-45.01982312404607, -23.74349476885118], [-45.008724124035666, -23.759604768866097], [-45.02028812404649, -23.76340476886969]]], [[[-45.15762312417439, -23.572826768692153], [-45.15807112417474, -23.559209768679466], [-45.14468162416233, -23.56887326868855], [-45.15762312417439, -23.572826768692153]]], [[[-45.295534124302776, -23.601975268719343], [-45.29234212429981, -23.593257768711283], [-45.28083812428906, -23.593084268711095], [-45.28289462429109, -23.60141076871878], [-45.295534124302776, -23.601975268719343]]], [[[-45.78175512475559, -23.87051876896942], [-45.78489812475857, -23.858441768958187], [-45.775503124749775, -23.858672268958458], [-45.78175512475559, -23.87051876896942]]], [[[-44.861238123898374, -23.423921768553555], [-44.85537412389283, -23.41501576854523], [-44.855235123892726, -23.426501268555967], [-44.861238123898374, -23.423921768553555]]], [[[-45.15165112416878, -23.833166268934633], [-45.159738624176384, -23.830743768932393], [-45.154041124171044, -23.82717776892912], [-45.15165112416878, -23.833166268934633]]], [[[-45.7253886247031, -23.802866768906483], [-45.716304124694716, -23.79985726890368], [-45.71539512469383, -23.806257268909576], [-45.7253886247031, -23.802866768906483]]], [[[-45.52220912451389, -23.85443576895443], [-45.5261431245176, -23.849461768949823], [-45.52091612451272, -23.84635226894693], [-45.52220912451389, -23.85443576895443]]], [[[-46.90564812580237, -24.379431269443444], [-46.90941712580582, -24.373844769438165], [-46.904544125801294, -24.373844769438165], [-46.90564812580237, -24.379431269443444]]], [[[-46.97630762586812, -24.37315976943762], [-46.97850362587019, -24.36617076943105], [-46.973632125865606, -24.3661742694311], [-46.97630762586812, -24.37315976943762]]], [[[-46.90665912580323, -24.38969926945299], [-46.901991125798986, -24.38809376945153], [-46.90340412580019, -24.396640269459454], [-46.90665912580323, -24.38969926945299]]], [[[-45.71350412469212, -23.789823268894338], [-45.70869612468755, -23.78864176889317], [-45.71702112469529, -23.793945268898142], [-45.71350412469212, -23.789823268894338]]], [[[-44.90389312393802, -23.42601976855542], [-44.907347123941236, -23.423038768552715], [-44.90397112393816, -23.422627768552275], [-44.90389312393802, -23.42601976855542]]], [[[-44.9060646239401, -23.354542768488955], [-44.90588612393992, -23.350194768484812], [-44.90032512393475, -23.35052526848517], [-44.9060646239401, -23.354542768488955]]], [[[-44.94407812397549, -23.38754476851966], [-44.9475096239787, -23.38576826851795], [-44.94307262397456, -23.384761768517023], [-44.94407812397549, -23.38754476851966]]], [[[-44.89046412392554, -23.38335626851574], [-44.88662112392194, -23.38284476851527], [-44.88755612392288, -23.385356768517568], [-44.89046412392554, -23.38335626851574]]], [[[-45.67066812465214, -23.804854768908285], [-45.66739012464916, -23.805354768908728], [-45.67065512465217, -23.807475768910763], [-45.67066812465214, -23.804854768908285]]], [[[-44.85168512388941, -23.399474268530753], [-44.85383612389148, -23.397865268529245], [-44.85172212388943, -23.397728268529136], [-44.85168512388941, -23.399474268530753]]], [[[-45.04074912406554, -23.5157822686391], [-45.041797124066534, -23.518078768641203], [-45.04251362406717, -23.517045768640287], [-45.04074912406554, -23.5157822686391]]], [[[-45.70488812468409, -23.786898268891605], [-45.70374362468294, -23.788888768893457], [-45.707485124686514, -23.789486768893994], [-45.70488812468409, -23.786898268891605]]], [[[-45.27847412428696, -23.851359768951625], [-45.27955112428788, -23.85395276895406], [-45.280527124288824, -23.85267576895285], [-45.27847412428696, -23.851359768951625]]], [[[-48.001524126822915, -25.248498270252753], [-48.001914126823294, -25.245672770250167], [-47.99965712682126, -25.247836770252206], [-48.001524126822915, -25.248498270252753]]], [[[-44.90440612393854, -23.378664768511385], [-44.90657612394057, -23.37705526850982], [-44.90223612393652, -23.376972768509745], [-44.90440612393854, -23.378664768511385]]], [[[-45.447027124443935, -23.83469076893607], [-45.44511212444206, -23.8360497689373], [-45.44786212444467, -23.836569268937865], [-45.447027124443935, -23.83469076893607]]], [[[-45.22876812424067, -23.81442376891721], [-45.22741812423942, -23.816093268918735], [-45.229090124240884, -23.81605026891873], [-45.22876812424067, -23.81442376891721]]], [[[-45.31288712431899, -23.58188076870067], [-45.311439124317644, -23.58368476870237], [-45.313379124319454, -23.58283476870156], [-45.31288712431899, -23.58188076870067]]], [[[-45.29704812430418, -23.91793076901365], [-45.29485812430221, -23.919200769014765], [-45.29744212430455, -23.919216269014782], [-45.29704812430418, -23.91793076901365]]], [[[-45.30907812431542, -23.58567376870417], [-45.308864124315164, -23.587629268705996], [-45.310866124317045, -23.58646726870495], [-45.30907812431542, -23.58567376870417]]], [[[-45.26002012426977, -23.88864676898629], [-45.26283362427239, -23.888663768986362], [-45.26181112427139, -23.887546768985317], [-45.26002012426977, -23.88864676898629]]], [[[-45.32604012433126, -23.916834769012553], [-45.32349612432881, -23.917848269013575], [-45.32607912433127, -23.917653769013327], [-45.32604012433126, -23.916834769012553]]], [[[-45.40982162440923, -23.82887176893064], [-45.411083124410425, -23.830379768932062], [-45.411360124410635, -23.82898476893081], [-45.40982162440923, -23.82887176893064]]], [[[-45.39232512439298, -23.827543768929445], [-45.393083124393684, -23.829161268930875], [-45.39317112439369, -23.82829276893017], [-45.39232512439298, -23.827543768929445]]], [[[-44.862107123899136, -23.42234076855209], [-44.86293662389994, -23.423711268553348], [-44.86445412390128, -23.42318026855287], [-44.862107123899136, -23.42234076855209]]], [[[-45.216904124229586, -23.548773768669776], [-45.215797124228516, -23.550104768671076], [-45.21768612423034, -23.549759768670697], [-45.216904124229586, -23.548773768669776]]], [[[-44.8510771238889, -23.405480768536336], [-44.85286562389058, -23.40509226853601], [-44.851410123889195, -23.40402126853496], [-44.8510771238889, -23.405480768536336]]], [[[-44.93740812396925, -23.387318768519435], [-44.93737512396922, -23.38844226852052], [-44.93821612397005, -23.388401768520453], [-44.93740812396925, -23.387318768519435]]], [[[-46.026231624983325, -23.82603926892807], [-46.02496012498216, -23.82662326892853], [-46.0261741249833, -23.82673676892864], [-46.026231624983325, -23.82603926892807]]], [[[-45.023526124049454, -23.740907268848787], [-45.02465012405048, -23.742069268849832], [-45.02535912405119, -23.740754268848605], [-45.023526124049454, -23.740907268848787]]], [[[-45.2128191242258, -23.532765268654884], [-45.21122112422427, -23.532201768654318], [-45.2111581242242, -23.53290176865505], [-45.2128191242258, -23.532765268654884]]], [[[-45.030102624055644, -23.547339768668508], [-45.02917712405474, -23.548008768669092], [-45.03026212405575, -23.547930268669006], [-45.030102624055644, -23.547339768668508]]], [[[-45.79993812477255, -23.772454768878106], [-45.798333124771034, -23.773292768878946], [-45.800343124772894, -23.77303926887862], [-45.79993812477255, -23.772454768878106]]], [[[-45.023473124049474, -23.54463176866591], [-45.02462412405055, -23.545266268666524], [-45.02403812404998, -23.543917768665324], [-45.023473124049474, -23.54463176866591]]], [[[-45.025520124051354, -23.5493817686704], [-45.02465112405048, -23.550267768671233], [-45.025752124051564, -23.550215268671195], [-45.025520124051354, -23.5493817686704]]]]}}, {"type": "Feature", "id": "TO", "properties": {"id": "TO", "sigla": "TO", "name": "Tocantins", "regiao": "Norte", "pop_total": 1511460, "qtd_equipes_esf": 1395, "capacidade_pnab": 4993500, "cobertura_pnab_pct": 330.4, "sobrecarga_media": 0.26, "pop_critica": 151872, "pct_pop_critica": 10.05, "n_polos_critica": 15, "hab_por_esf": 1083, "densidade": 5.4}, "geometry": {"type": "Polygon", "coordinates": [[[-50.69823512933442, -11.310135257271668], [-50.66965312930779, -11.284166757247476], [-50.65558312929477, -11.239819257206136], [-50.658647129297606, -11.130370257104232], [-50.60900412925139, -11.067029257045306], [-50.63249212927326, -10.935527256922796], [-50.59895112924198, -10.884048256874848], [-50.61858962926033, -10.863678756855847], [-50.62155312926302, -10.839003256832939], [-50.570135129215146, -10.752089256752015], [-50.60293862924573, -10.659591756665804], [-50.5627151292083, -10.610907256620521], [-50.536778129184086, -10.603995256613985], [-50.51927712916779, -10.56206525657501], [-50.5163361291651, -10.50513225652196], [-50.48216762913319, -10.489625256507566], [-50.473273129125005, -10.404493256428282], [-50.418677129074126, -10.356965756383943], [-50.4242821290793, -10.334195256362818], [-50.38190312903987, -10.221334256257705], [-50.39758312905451, -10.168037756208037], [-50.39169712904902, -10.13362025617596], [-50.35422212901403, -10.076758256122957], [-50.302194628965594, -10.034999756084062], [-50.26383112892984, -9.908087255965938], [-50.225000128893726, -9.853548255915143], [-50.19744812886802, -9.758424755826582], [-50.1505571288244, -9.695198755767706], [-50.13855662881326, -9.627050755704204], [-50.106921628783766, -9.593872255673318], [-50.089114128767164, -9.545284755628018], [-50.10750212878429, -9.508221755593468], [-50.1048901287819, -9.475002755562627], [-50.05238612873302, -9.372266255466911], [-50.050306128730995, -9.312660755411343], [-50.00455912868847, -9.268352755370074], [-49.99361312867825, -9.23369025533782], [-49.9657021286522, -9.230457755334783], [-49.90725012859775, -9.17341725528172], [-49.909608128599984, -9.15311625526283], [-49.86688612856017, -9.096686255210216], [-49.84214412853714, -9.026919755145286], [-49.793219128491614, -8.979029255100613], [-49.74464412844634, -8.905759255032422], [-49.6839151283898, -8.856070254986207], [-49.59196812830419, -8.839087254970309], [-49.48935812820855, -8.691633754832992], [-49.453584128175294, -8.61498825476167], [-49.40943612813419, -8.579573754728699], [-49.376571628103534, -8.454882754612527], [-49.3489681280779, -8.417973754578156], [-49.28288312801635, -8.379154754542014], [-49.24822012798404, -8.254974754426371], [-49.21541412795352, -8.193810754369338], [-49.1989191279381, -8.087167754270013], [-49.17627912791704, -8.06111075424576], [-49.18158912792194, -7.976564254167101], [-49.16387812790549, -7.926507754120394], [-49.16447412790603, -7.832472254032837], [-49.148005127890656, -7.806915754009083], [-49.327638628058025, -7.677396753888388], [-49.38351512811005, -7.545762753765871], [-49.37752812810447, -7.496630253720127], [-49.226781127964045, -7.317716253553499], [-49.18484612792497, -7.23477675347624], [-49.1930871279327, -7.04030775329511], [-49.21700612795496, -6.961076253221336], [-49.20909012794755, -6.925028253187747], [-49.171503127912615, -6.892541753157502], [-49.11483312785981, -6.869556753136067], [-49.01844712777006, -6.783818253056211], [-48.9632761277187, -6.779067253051835], [-48.91341712767223, -6.756976753031267], [-48.82096912758607, -6.75353875302801], [-48.774876127543166, -6.734212253010014], [-48.73644512750741, -6.692389252971111], [-48.664422127440275, -6.662370752943161], [-48.65152612742827, -6.63956025292191], [-48.66350412743952, -6.562249252849824], [-48.612721127392206, -6.453339252748492], [-48.54014312732454, -6.400451752699155], [-48.505562127292364, -6.352723752654697], [-48.44727512723807, -6.350788752652875], [-48.38088812717626, -6.375234752675738], [-48.380163627175534, -6.330018752633578], [-48.41669112720956, -6.298197252603927], [-48.43150512722343, -6.176906252490994], [-48.407838627201386, -6.153013752468723], [-48.331436127130246, -6.134959752451891], [-48.29169212709314, -6.103679252422808], [-48.2857871270877, -6.069393752390852], [-48.30155312710235, -6.046918252369892], [-48.33382912713239, -6.035645752359414], [-48.33428512713283, -6.003887252329832], [-48.3066511271071, -5.974452752302454], [-48.2311991270368, -5.945750752275671], [-48.23233862703796, -5.916690752248655], [-48.28846412709015, -5.842550752179591], [-48.29411912709543, -5.756291252099231], [-48.272112127074934, -5.725105252070193], [-48.22474712703081, -5.727515252072408], [-48.17316512698278, -5.709558752055727], [-48.13911312695109, -5.647168751997583], [-48.13772312694982, -5.602304751955899], [-48.21217112701913, -5.553854751910762], [-48.261083127064694, -5.54768625190502], [-48.30027612710114, -5.522622251881671], [-48.327657627126655, -5.496247751857027], [-48.34811462714572, -5.433288251798444], [-48.38928212718406, -5.393315751761179], [-48.51115412729757, -5.429033751794464], [-48.557103627340325, -5.416326751782663], [-48.59092562737192, -5.421360751787347], [-48.62869112740702, -5.409674751776492], [-48.65005512742698, -5.38453525175305], [-48.7422361275128, -5.370514251740019], [-48.75471662752443, -5.348781751719685], [-48.711693127484295, -5.352631251723324], [-48.69877712747234, -5.319739751692737], [-48.679005127453934, -5.305436751679395], [-48.605699127385606, -5.336117751707889], [-48.5681401273506, -5.282549751658053], [-48.55847812734169, -5.227336751606686], [-48.53117012731627, -5.199686751580884], [-48.363479127160076, -5.167997751551411], [-48.32047412711995, -5.201004751582104], [-48.234498127039956, -5.227923751607136], [-48.17811512698745, -5.260392751637369], [-48.078836126895, -5.274681251650691], [-48.00363062682493, -5.234237251613081], [-47.933556626759696, -5.240565751618988], [-47.88515012671462, -5.260317251637389], [-47.86734312669796, -5.297761751672169], [-47.86532212669613, -5.345063751716225], [-47.843338126675576, -5.375825251744914], [-47.82711912666048, -5.386204751754576], [-47.74389062658304, -5.379748251748538], [-47.61819612646593, -5.459342251822704], [-47.554944626407064, -5.465350751828282], [-47.49969012635563, -5.525231251884065], [-47.48283662633992, -5.564512751920688], [-47.473282126331014, -5.661597752011062], [-47.49295012634934, -5.730144252074865], [-47.430639126291226, -5.868822752204096], [-47.43008212629081, -5.937409752267968], [-47.44756012630705, -5.992595752319289], [-47.42813412628891, -6.037563752361166], [-47.431013126291646, -6.119848752437861], [-47.37839612624259, -6.270468252578098], [-47.408972126271124, -6.331667252635157], [-47.43147512629207, -6.425076752722134], [-47.41644912627805, -6.484289252777216], [-47.456073126315005, -6.537882752827159], [-47.46210912632057, -6.601354252886267], [-47.49821912635423, -6.670838752950999], [-47.493906126350225, -6.752106753026737], [-47.5282021263821, -6.830420253099646], [-47.50477812636029, -6.893292753158221], [-47.52914612638301, -6.945617753206875], [-47.52948612638329, -6.976133253235275], [-47.557425126409385, -7.030845753286258], [-47.61800512646573, -7.090765253342056], [-47.64403112649006, -7.14321625339096], [-47.65995012650478, -7.150971753398153], [-47.70709212654879, -7.137125753385249], [-47.74123312658048, -7.159606253406196], [-47.74322812658238, -7.207932753451246], [-47.69058362653334, -7.23790175347915], [-47.649037126494704, -7.302059753538856], [-47.63181612647861, -7.302411753539218], [-47.587109126436985, -7.263322253502793], [-47.54247212639541, -7.264987253504387], [-47.502514126358165, -7.291044753528581], [-47.47777712633513, -7.336356253570784], [-47.48393112634096, -7.362745253595335], [-47.577063126427674, -7.4156667536447], [-47.59051262644016, -7.439117253666495], [-47.56284012641436, -7.449604253676284], [-47.50428512635983, -7.436235753663823], [-47.474787126332444, -7.532965753753956], [-47.461046126319616, -7.518882753740854], [-47.42722412628814, -7.525365253746827], [-47.43796212629809, -7.557351253776574], [-47.397809126260654, -7.571886253790126], [-47.40374812626624, -7.586735253804022], [-47.381670126245695, -7.599569253815957], [-47.38148112624549, -7.653660253866292], [-47.35298912621897, -7.647280253860345], [-47.37219312623688, -7.623570753838294], [-47.35938812622487, -7.615742253831058], [-47.31378312618244, -7.660224753872399], [-47.33729712620436, -7.666623753878412], [-47.33109312619854, -7.684817253895289], [-47.30211612617154, -7.688653253898906], [-47.30225512617176, -7.701608753910932], [-47.31561412618419, -7.701098253910459], [-47.30549912617471, -7.713033253921594], [-47.312282126181, -7.729707753937191], [-47.27313512614455, -7.730627253937996], [-47.2718791261434, -7.744341753950721], [-47.26083512613309, -7.740755753947383], [-47.2663361261383, -7.760880753966148], [-47.24580712611919, -7.758117753963575], [-47.25461312612731, -7.764746253969747], [-47.24664062611987, -7.800524254003108], [-47.23473112610884, -7.803667754006028], [-47.244585126117954, -7.81510425401666], [-47.196087126072825, -7.848887254048122], [-47.18683012606425, -7.842708754042405], [-47.18672612606406, -7.857379754056069], [-47.174568626052746, -7.85639675405514], [-47.17486562605302, -7.870677254068482], [-47.14236612602281, -7.894432754090531], [-47.14067312602117, -7.924876254118885], [-47.12111212600303, -7.921565254115876], [-47.11608612599832, -7.938500254131554], [-47.10681112598968, -7.936579754129866], [-47.11550312599775, -7.952182254144304], [-47.10159312598478, -7.954136754146134], [-47.10605912598896, -7.990396254179927], [-47.08401212596846, -7.988067754177791], [-47.06352612594935, -8.004168754192733], [-47.043083125930366, -8.05318575423837], [-46.997010125887414, -8.066825254251057], [-46.9888141258798, -8.047468754233137], [-46.9623981258552, -8.039085254225256], [-46.95298212584646, -8.006240754194664], [-46.92097712581665, -7.994931254184166], [-46.917865125813705, -7.981360254171477], [-46.89579112579315, -7.986503754176283], [-46.87233612577131, -7.955160254147131], [-46.865890125765304, -7.96892375415996], [-46.85036162575091, -7.956964754148771], [-46.83952412574081, -7.965116254156442], [-46.782998125688096, -7.950960754143239], [-46.75575212566275, -7.921960254116243], [-46.614965125531626, -7.896381254092375], [-46.56196812548228, -7.920131254114494], [-46.549035125470255, -7.949099754141457], [-46.48989012541517, -7.982839754172915], [-46.47654412540271, -8.011812754199923], [-46.46709012539395, -8.07840625426195], [-46.488749125414074, -8.097320754279508], [-46.51421712543777, -8.166194754343678], [-46.48714212541256, -8.199505754374627], [-46.50869112543262, -8.236995254409635], [-46.51708812544041, -8.288354754457373], [-46.55838212547894, -8.324831754491356], [-46.63481512555006, -8.31891675448594], [-46.6778601255902, -8.336135754501925], [-46.706390125616736, -8.351126754515917], [-46.727678125636544, -8.385980254548372], [-46.782012125687174, -8.367678754531312], [-46.78659612569152, -8.398693754560213], [-46.80641312570992, -8.398565754560082], [-46.796142125700385, -8.446226254604426], [-46.815111125717976, -8.469951254626608], [-46.840118125741355, -8.465219754622126], [-46.85066512575111, -8.475750754631918], [-46.84675262574751, -8.533826254686005], [-46.862421125762125, -8.5586812547092], [-46.875030625773775, -8.55489325470569], [-46.87833812577685, -8.57211675472172], [-46.89261312579015, -8.570148254719811], [-46.8986141257958, -8.590445254738825], [-46.91339612580953, -8.586172754734775], [-46.915975125812, -8.59537275474338], [-46.89730512579456, -8.600609754748234], [-46.91597112581201, -8.64800025479235], [-46.89527312579264, -8.659333754802901], [-46.88652712578448, -8.686082754827794], [-46.91394612581007, -8.708175754848412], [-46.916834125812784, -8.725704254864695], [-46.930857625825865, -8.72634525486535], [-46.90330612580021, -8.78349575491859], [-46.913028125809205, -8.84741925497815], [-46.95646712584971, -8.874080755002979], [-46.977695125869445, -8.86736075499664], [-46.99316912588381, -8.87983175500824], [-46.969870125862144, -8.914084255040166], [-46.9966401258871, -8.932226255057117], [-46.994257125884815, -8.945117755069077], [-47.01785912590685, -8.95252675507595], [-47.02114412590993, -8.988231755109268], [-47.03527912592301, -8.978534755100213], [-47.04361212593085, -9.006458255126176], [-47.06807912595366, -9.011612755131068], [-47.043062125930305, -9.026139755144527], [-47.06831112595387, -9.063466255179264], [-47.00978512589927, -9.069891255185325], [-47.00692112589661, -9.081783755196398], [-46.92291512581846, -9.065253755180947], [-46.911726125807945, -9.082314755196876], [-46.93111512582607, -9.085479255199857], [-46.92313512581859, -9.097479755210998], [-46.93137912582631, -9.127655755239061], [-46.90631112580297, -9.135079255245955], [-46.89313512579065, -9.121892255233774], [-46.88991412578764, -9.140502755251077], [-46.851997125752405, -9.15404025526368], [-46.85028212575082, -9.19142925529843], [-46.827390125729494, -9.193859255300708], [-46.818523125721185, -9.259647255361983], [-46.8466401257474, -9.292012255392137], [-46.83488912573648, -9.307808255406826], [-46.812858125715934, -9.304351255403617], [-46.798749125702784, -9.33843225543535], [-46.76789212567405, -9.365093255460238], [-46.760683125667356, -9.409752755501813], [-46.66555412557875, -9.39150725548484], [-46.63236212554784, -9.411176755503107], [-46.64750312556191, -9.42673325551766], [-46.63959712555459, -9.457290755546069], [-46.592808625511, -9.482100255569208], [-46.56055512548096, -9.483621255570597], [-46.57526762549469, -9.517136255601827], [-46.53633362545838, -9.556696755638654], [-46.59196712551022, -9.586788255666647], [-46.61263562552949, -9.665395255739895], [-46.65291412556701, -9.693032255765615], [-46.646997625561426, -9.729936755800054], [-46.63180712554731, -9.748463255817228], [-46.57466462549405, -9.758160755826339], [-46.576584125495856, -9.804763755869658], [-46.54196912546365, -9.809897255874489], [-46.510849125434675, -9.798893755864242], [-46.49554012542035, -9.844836255907012], [-46.47991262540586, -9.854839755916373], [-46.49122412541635, -9.869654755930128], [-46.47247812539888, -9.877024755936986], [-46.47819112540424, -9.923453255980235], [-46.46530312539221, -9.936641755992468], [-46.47716312540331, -9.987885756040214], [-46.456664125384236, -10.017602256067903], [-46.457000125384525, -10.046864756095147], [-46.444780125373086, -10.07697075612316], [-46.41702062534728, -10.083155256128975], [-46.38354912531611, -10.119725756163007], [-46.36746912530111, -10.168397256208323], [-46.32710512526353, -10.183276756222199], [-46.312662125250085, -10.172405756212129], [-46.2725841252128, -10.181197756220286], [-46.21045012515492, -10.169317756209239], [-46.16528012511287, -10.212725756249597], [-46.09930812505138, -10.212482756249415], [-46.02786012498484, -10.176452256215839], [-46.00363412496222, -10.261241256294852], [-45.995831124954975, -10.249896756284215], [-45.94590112490846, -10.258410756292164], [-45.87744312484472, -10.238918256274019], [-45.79332712476639, -10.267254756300417], [-45.73343612471058, -10.228177756264017], [-45.72753412470513, -10.15883725619949], [-45.69886412467838, -10.16643575620651], [-45.69711412467677, -10.263148256296631], [-45.738023124714914, -10.34202425637011], [-45.82696712479776, -10.36782175639405], [-45.82730412479805, -10.435538756457163], [-45.88722112485391, -10.448764256469417], [-45.97077012493162, -10.528155756543356], [-46.01612712497388, -10.536103756550801], [-46.02594312498309, -10.564145756576977], [-46.0594641250143, -10.574073756586131], [-46.06408512501855, -10.602343756612527], [-46.155944125104156, -10.629519256637764], [-46.16916712511647, -10.619452756628448], [-46.210554125155, -10.649250756656215], [-46.18646912513259, -10.686697256691104], [-46.19214212513782, -10.719296256721464], [-46.25101012519269, -10.75665325675618], [-46.2271991251705, -10.766385756765317], [-46.22689212517025, -10.788776756786092], [-46.23343812517635, -10.804363256800684], [-46.279095625218815, -10.824572756819407], [-46.29694412523543, -10.86683575685879], [-46.28299712522244, -10.906327756895621], [-46.39851612533005, -10.993969756977208], [-46.44713812537532, -11.091895257068472], [-46.452955125380754, -11.15576625712788], [-46.471938625398366, -11.190759257160494], [-46.609208125526266, -11.255499757220832], [-46.599232125517005, -11.264996757229596], [-46.616673125533225, -11.289025757252034], [-46.60125512551883, -11.346760757305788], [-46.54888612547006, -11.38029475733697], [-46.54847212546974, -11.407965257362775], [-46.527755125450426, -11.422085257375898], [-46.519638625442894, -11.483124257432792], [-46.47889012540486, -11.515965257463336], [-46.44510912537339, -11.514234757461736], [-46.41091112534161, -11.541525257487137], [-46.313031125250404, -11.53906475748488], [-46.23585962517859, -11.564915257508915], [-46.20235262514734, -11.602164757543619], [-46.126641125076844, -11.603850257545218], [-46.0862551250392, -11.621709757561803], [-46.08657512503953, -11.642207257580935], [-46.15358112510194, -11.656551757594343], [-46.19946362514463, -11.651978757590086], [-46.25585612519717, -11.62074575756094], [-46.31451962525182, -11.630310257569818], [-46.293642125232395, -11.692331757627585], [-46.32894612526525, -11.73687375766906], [-46.373052125306344, -11.750698757682017], [-46.32229812525907, -11.770314257700306], [-46.337472125273166, -11.816004757742803], [-46.350495125285306, -11.821808757748158], [-46.34710312528216, -11.835523757760939], [-46.37299812530625, -11.836245757761617], [-46.374158125307304, -11.868174757791394], [-46.3650591252989, -11.884007757806103], [-46.317554125254674, -11.898059257819227], [-46.2845781252239, -11.885510757807538], [-46.23771362518028, -11.902181257823031], [-46.18896812513492, -11.8834642578056], [-46.17083912511805, -11.900568757821588], [-46.192137625137775, -11.929068757848086], [-46.322929125259634, -11.957340757874476], [-46.35577412529028, -11.981045757896482], [-46.39744212532901, -12.039911757951359], [-46.379376125312206, -12.061002757970982], [-46.38519412531764, -12.091994757999828], [-46.36594912529972, -12.110807758017359], [-46.39057312532259, -12.193446758094296], [-46.36821362530179, -12.199370258099862], [-46.359432125293665, -12.223610258122449], [-46.38071312531349, -12.24844125814559], [-46.365711125299526, -12.266222258162088], [-46.37394812530715, -12.289375758183724], [-46.32394262526054, -12.301106258194636], [-46.35111012528591, -12.320359258212534], [-46.35197212528669, -12.336973258228], [-46.28524512522449, -12.378619758266836], [-46.3006071252388, -12.415347758300982], [-46.2645231252053, -12.412232258298104], [-46.25598012519731, -12.423890758308971], [-46.24741212518927, -12.438504758322551], [-46.254378125195785, -12.493877258374141], [-46.2274351251707, -12.497921758377856], [-46.159298125107284, -12.474061258355619], [-46.15346412510178, -12.482922758363884], [-46.160223625108074, -12.528136758406049], [-46.25838112519955, -12.547179758423795], [-46.279520125219165, -12.584466758458461], [-46.272790125212964, -12.593541758466927], [-46.28977212522875, -12.631317258502122], [-46.256421125197676, -12.655647758524765], [-46.292829125231606, -12.692386758558996], [-46.264497625205195, -12.716514758581525], [-46.282830625222346, -12.783104258643448], [-46.26188612520275, -12.8312387586883], [-46.29230012523112, -12.858981258714152], [-46.285775125225086, -12.894779758747518], [-46.30436612524238, -12.949436758798356], [-46.26632612520689, -12.931914758782113], [-46.22009512516388, -12.940125258789749], [-46.13853812508796, -12.908953758760731], [-46.11389412506492, -12.917530758768635], [-46.194130125139736, -12.956237758804718], [-46.36344912529739, -12.99078375883687], [-46.376501125309574, -12.962958258811], [-46.36027412529438, -12.908401258760136], [-46.36577012529949, -12.864419758719237], [-46.375853125308936, -12.849819258705566], [-46.40775512533867, -12.844889258701073], [-46.41720012534745, -12.823025258680673], [-46.43236912536156, -12.930284758780545], [-46.445593125373875, -12.9358077587857], [-46.454226125381865, -12.97071875881818], [-46.750182625657544, -12.968720758816403], [-46.819270125721914, -13.002036258847397], [-46.85413112575441, -13.066874258907774], [-46.86841312576769, -13.068082758908872], [-46.878610125777186, -13.048398758890585], [-46.89249412579011, -13.052790758894616], [-46.97844312587017, -13.13114125896766], [-47.00071412589091, -13.120944258958161], [-47.018965125907926, -13.145345758980852], [-47.080415125965146, -13.161526258995877], [-47.08691762597118, -13.18198675901499], [-47.09688412598041, -13.171352259005062], [-47.104939125987926, -13.181261259014263], [-47.108532125991246, -13.170605259004333], [-47.132163126013324, -13.178066259011302], [-47.13547812601644, -13.202974759034532], [-47.152617126032396, -13.209533759040596], [-47.18399712606163, -13.204269759035697], [-47.174804126053004, -13.194702759026768], [-47.182419126060154, -13.187672259020246], [-47.228721626103265, -13.194434759026535], [-47.28171912615255, -13.264475259091796], [-47.29410612616414, -13.248494759076948], [-47.32256012619064, -13.257870259085621], [-47.35199112621808, -13.248399759076847], [-47.37267012623727, -13.228120759057902], [-47.42525712628628, -13.289301759114892], [-47.45466412631367, -13.24894325907735], [-47.43085412629148, -13.237601259066764], [-47.435328126295644, -13.226666259056628], [-47.48541712634233, -13.220241259050567], [-47.47845362633586, -13.184706759017558], [-47.56264112641418, -13.183795759016675], [-47.56091312641263, -13.124239258961211], [-47.63434912648097, -13.104062758942405], [-47.650280126495886, -13.132917758969256], [-47.64407612649006, -13.149424758984651], [-47.66955512651373, -13.167866759001868], [-47.6549141265001, -13.177441759010776], [-47.668463126512734, -13.208969759040087], [-47.64005212648635, -13.26277275909024], [-47.661774626506485, -13.303413759128034], [-47.64969512649532, -13.350814259172239], [-47.622298126469786, -13.367228259187527], [-47.67855412652216, -13.467277759280705], [-47.8235541266572, -13.31143175913553], [-47.883142126712755, -13.320074759143608], [-47.93544412676147, -13.290289259115866], [-47.96588612678977, -13.314824759138673], [-47.98571512680826, -13.277892759104247], [-48.02213012684217, -13.279402759105665], [-48.03268712685201, -13.253543259081653], [-48.05202612687003, -13.255388259083361], [-48.06202012687925, -13.234964259064327], [-48.07869212689479, -13.242518759071345], [-48.07186112688851, -13.267181759094342], [-48.08258012689839, -13.28834425911407], [-48.16496462697512, -13.305356259129894], [-48.15329812696427, -13.278761759105123], [-48.15605112696687, -13.24984225907815], [-48.16820912697824, -13.243184759071937], [-48.15288912696394, -13.219236759049636], [-48.16345712697375, -13.183651759016584], [-48.14621512695771, -13.151579258986658], [-48.19016412699864, -13.154039258988973], [-48.19318812700146, -13.172148759005836], [-48.23144412703709, -13.167736259001686], [-48.250452127054814, -13.196558759028562], [-48.287472127089245, -13.203556259035054], [-48.30666412710718, -13.235010259064325], [-48.34168812713972, -13.227965759057838], [-48.33649562713492, -13.24664975907524], [-48.3606661271574, -13.242662259071494], [-48.38524212718028, -13.265639759092892], [-48.429414127221435, -13.27114725909803], [-48.44127112723254, -13.291935259117395], [-48.45980112724976, -13.280327759106513], [-48.456666127246876, -13.248260759076743], [-48.47483612726376, -13.235299259064618], [-48.46929962725858, -13.149153758984426], [-48.47549712726436, -13.134155258970395], [-48.48758412727568, -13.142346258978023], [-48.508330127294926, -13.12847625896518], [-48.52163712730737, -13.140529258976358], [-48.52994312731505, -13.19212725902446], [-48.554168127337675, -13.204535259035993], [-48.553168127336676, -13.301549259126318], [-48.58596812736721, -13.317181259140852], [-48.6002971273806, -13.292101759117486], [-48.58719712736843, -13.254317259082313], [-48.60013112738045, -13.238196259067308], [-48.582870127364345, -13.22171625905196], [-48.577491127359394, -13.187033759019641], [-48.596324127376874, -13.152196758987202], [-48.57665912735854, -13.125242758962145], [-48.585210627366564, -13.1056542589439], [-48.59619212737675, -13.106438758944591], [-48.58849312736959, -13.09913925893784], [-48.60096912738118, -13.060451758901763], [-48.62728812740579, -13.051724258893614], [-48.63983162741738, -13.013516758858032], [-48.67412812744942, -12.994840758840724], [-48.706961127479985, -13.004264758849445], [-48.73030512750165, -12.989357758835581], [-48.73613412750706, -12.920595258771527], [-48.81410912757974, -12.863696258718505], [-48.82049912758566, -12.843873758700056], [-48.84191762760565, -12.843974758700142], [-48.8463261276097, -12.80937325866796], [-48.87358212763513, -12.806955758665708], [-48.86811512763006, -12.815450758673592], [-48.97518512772979, -12.95676375880521], [-49.02257712777384, -12.90669475875859], [-49.07764512782512, -12.903275758755399], [-49.08741012783423, -12.887993758741118], [-49.06707812781531, -12.84690575870286], [-49.10577612785141, -12.835675758692446], [-49.120282127864925, -12.790902758650759], [-49.19608012793549, -12.866826758721459], [-49.23696712797357, -12.883645758737089], [-49.27841612801217, -12.988583758834807], [-49.33702212806668, -13.065861758906863], [-49.35394812808249, -13.102554758940983], [-49.341501128070945, -13.126775258963562], [-49.35438412808287, -13.153348758988272], [-49.33988612806945, -13.253462259081516], [-49.36908112809658, -13.274189259100808], [-49.9129221286031, -12.96556375881346], [-50.017501128700474, -12.928791758779198], [-50.044007128725184, -12.933062258783139], [-50.07844312875727, -12.905510258757431], [-50.10926412878598, -12.910975258762619], [-50.18297412885454, -12.896342258748973], [-50.22466812889343, -12.873869758728006], [-50.23108812889939, -12.85372625870923], [-50.29219712895633, -12.839489758696004], [-50.31082912897364, -12.798119758657435], [-50.30180612896527, -12.745277258608212], [-50.28378412894847, -12.717754258582659], [-50.299142128962785, -12.706225258571862], [-50.299386128962965, -12.681144758548498], [-50.2663681289323, -12.682025258549402], [-50.261972128928164, -12.637286758507685], [-50.236526128904416, -12.623604258494993], [-50.23775312890564, -12.579162258453607], [-50.22677612889538, -12.586089758460048], [-50.19272212886369, -12.563882758439377], [-50.2030551288733, -12.553157758429279], [-50.21160712888127, -12.56104425843671], [-50.22927612889771, -12.531935758409531], [-50.21549512888487, -12.484388758365299], [-50.161076128834225, -12.432608758317087], [-50.142225128816676, -12.395504758282527], [-50.170952128843396, -12.407637758293845], [-50.174641128846815, -12.423305758308402], [-50.19613212886679, -12.412916258298765], [-50.183553128855124, -12.431026758315625], [-50.31438962897698, -12.498496258378395], [-50.324719128986544, -12.508379758387605], [-50.3136911289763, -12.521114258399507], [-50.32979112899136, -12.514600758393385], [-50.33083112899226, -12.535061258412497], [-50.36452812902371, -12.546622758423268], [-50.36825462902709, -12.57408975844885], [-50.39835962905522, -12.601739758474537], [-50.39196312904926, -12.61151175848363], [-50.41819562907369, -12.624174758495428], [-50.41288912906873, -12.649714258519225], [-50.42691512908175, -12.642036258512121], [-50.44041612909439, -12.652846258522231], [-50.42749812908232, -12.652540258521867], [-50.4321071290866, -12.689569758556331], [-50.477611129128945, -12.70952375857496], [-50.46577412911802, -12.73106075859505], [-50.48555812913639, -12.748143758610922], [-50.468079129120156, -12.75497175861733], [-50.49341912914372, -12.785230758645525], [-50.48438612913526, -12.811534258670008], [-50.51061012915977, -12.86034125871538], [-50.519885129168415, -12.835968258692674], [-50.56649762921177, -12.842997258699256], [-50.60083012924372, -12.822546758680232], [-50.58146012922566, -12.79895325865823], [-50.60285712924565, -12.800035758659305], [-50.6222751292637, -12.819309258677208], [-50.61130862925347, -12.775471258636344], [-50.63553662927609, -12.771434758632608], [-50.62250462926397, -12.734213258597947], [-50.63675312927717, -12.719356258584071], [-50.629668629270554, -12.704104758569883], [-50.64466512928459, -12.701814258567765], [-50.65430912929355, -12.67875375854635], [-50.64647312928628, -12.650696258520156], [-50.69923112933543, -12.647349758517066], [-50.70568812934141, -12.613094758485204], [-50.69397112933052, -12.592250258465697], [-50.667525129305886, -12.59558375846882], [-50.68602212932308, -12.568778758443841], [-50.64556262928545, -12.481686758362798], [-50.65258262929194, -12.459650258342208], [-50.62311662926447, -12.454859758337761], [-50.61779912925954, -12.428567758313307], [-50.632219129272926, -12.41667975830228], [-50.62641612926757, -12.38360775827141], [-50.64384712928381, -12.347244758237593], [-50.637360129277795, -12.324862758216682], [-50.648459129288085, -12.298665758192328], [-50.62908312927004, -12.280546758175433], [-50.64947712928904, -12.24872625814578], [-50.643254129283264, -12.222541758121451], [-50.67822112931583, -12.21842675811763], [-50.68641512932345, -12.201731258102086], [-50.66682212930516, -12.080746757989345], [-50.68614112932323, -12.04471075795584], [-50.68178212931912, -11.990465757905326], [-50.65637812929549, -11.966427757882911], [-50.66744012930576, -11.927346257846466], [-50.640116129280386, -11.902268757823094], [-50.63883312927919, -11.884146257806265], [-50.685849129322946, -11.858574757782435], [-50.68758912932458, -11.82462025775078], [-50.72158562935624, -11.7392787576714], [-50.66324712930191, -11.677107757613499], [-50.657127629296156, -11.59602275753798], [-50.66963212930784, -11.581166757524102], [-50.71553112935055, -11.578534257521596], [-50.74050312937379, -11.53446225748064], [-50.738804129372284, -11.434967257387939], [-50.69823512933442, -11.310135257271668]]]}}]}